left_iris-362,left_iris-382,left_iris-381,left_iris-380,left_iris-374,left_iris-373,left_iris-390,left_iris-249,left_iris-263,left_iris-466,left_iris-388,left_iris-387,left_iris-386,left_iris-385,left_iris-384,left_iris-398,right_iris-133,right_iris-33,right_iris-7,right_iris-163,right_iris-144,right_iris-145,right_iris-153,right_iris-154,right_iris-155,right_iris-173,right_iris-157,right_iris-158,right_iris-159,right_iris-160,right_iris-161,right_iris-246,middle_left_right,center_edge_top_left,center_edge_top_right,center_edge_bottom_left,center_edge_bottom_right
40.01249804748511,35.014282800023196,27.294688127912362,16.55294535724685,9.486832980505138,13.45362404707371,18.35755975068582,23.08679276123039,27.294688127912362,24.020824298928627,20.09975124224178,13.0,8.0,15.0,25.96150997149434,35.22782990761707,36.6742416417845,32.0,28.160255680657446,22.80350850198276,16.1245154965971,10.198039027185569,14.866068747318506,24.698178070456937,32.28002478313795,32.14031735997639,23.08679276123039,12.529964086141668,7.0710678118654755,15.652475842498529,23.345235059857504,28.071337695236398,719.0278158736281,682.6426590830666,703.56307464221,560.9821744048558,89.80534505250787
