left_iris-362,left_iris-382,left_iris-381,left_iris-380,left_iris-374,left_iris-373,left_iris-390,left_iris-249,left_iris-263,left_iris-466,left_iris-388,left_iris-387,left_iris-386,left_iris-385,left_iris-384,left_iris-398,right_iris-133,right_iris-33,right_iris-7,right_iris-163,right_iris-144,right_iris-145,right_iris-153,right_iris-154,right_iris-155,right_iris-173,right_iris-157,right_iris-158,right_iris-159,right_iris-160,right_iris-161,right_iris-246,middle_left_right,center_edge_top_left,center_edge_top_right,center_edge_bottom_left,center_edge_bottom_right
37.05401462729781,33.13608305156178,26.476404589747453,16.64331697709324,12.165525060596439,17.029386365926403,21.95449840010015,26.570660511172846,31.400636936215164,29.274562336608895,25.079872407968907,18.027756377319946,7.810249675906654,9.219544457292887,21.587033144922902,32.01562118716424,39.84971769034255,28.071337695236398,23.08679276123039,18.681541692269406,13.601470508735444,11.045361017187261,18.439088914585774,28.635642126552707,36.05551275463989,34.92849839314596,25.019992006393608,13.601470508735444,6.0,13.416407864998739,20.615528128088304,25.179356624028344,736.0332872907312,658.3654000629134,707.5627180681582,587.5755270601389,84.5931439302264
