left_iris-362,left_iris-382,left_iris-381,left_iris-380,left_iris-374,left_iris-373,left_iris-390,left_iris-249,left_iris-263,left_iris-466,left_iris-388,left_iris-387,left_iris-386,left_iris-385,left_iris-384,left_iris-398,right_iris-133,right_iris-33,right_iris-7,right_iris-163,right_iris-144,right_iris-145,right_iris-153,right_iris-154,right_iris-155,right_iris-173,right_iris-157,right_iris-158,right_iris-159,right_iris-160,right_iris-161,right_iris-246,middle_left_right,center_edge_top_left,center_edge_top_right,center_edge_bottom_left,center_edge_bottom_right
23.194827009486403,20.396078054371138,14.866068747318506,9.219544457292887,8.246211251235321,13.038404810405298,17.08800749063506,20.615528128088304,23.194827009486403,20.024984394500787,17.0,12.165525060596439,4.242640687119285,5.830951894845301,14.142135623730951,20.0,28.160255680657446,22.090722034374522,18.439088914585774,14.317821063276353,9.899494936611665,8.246211251235321,13.038404810405298,19.6468827043885,25.317977802344327,25.019992006393608,18.24828759089466,10.295630140987,5.0,9.848857801796104,15.132745950421556,19.0,635.4163989070474,599.4614249474273,619.6402181911694,477.44528482329787,66.03029607687671
