left_iris-362,left_iris-382,left_iris-381,left_iris-380,left_iris-374,left_iris-373,left_iris-390,left_iris-249,left_iris-263,left_iris-466,left_iris-388,left_iris-387,left_iris-386,left_iris-385,left_iris-384,left_iris-398,right_iris-133,right_iris-33,right_iris-7,right_iris-163,right_iris-144,right_iris-145,right_iris-153,right_iris-154,right_iris-155,right_iris-173,right_iris-157,right_iris-158,right_iris-159,right_iris-160,right_iris-161,right_iris-246,middle_left_right,center_edge_top_left,center_edge_top_right,center_edge_bottom_left,center_edge_bottom_right
34.20526275297414,30.675723300355934,23.706539182259394,15.620499351813308,11.180339887498949,15.811388300841896,20.8806130178211,25.079872407968907,29.068883707497267,26.30589287593181,22.80350850198276,17.4928556845359,10.44030650891055,12.041594578792296,20.09975124224178,29.427877939124322,31.144823004794873,26.1725046566048,22.80350850198276,19.235384061671343,14.142135623730951,10.0,14.212670403551895,21.840329667841555,28.442925306655784,27.0,19.6468827043885,11.313708498984761,8.94427190999916,15.231546211727817,20.09975124224178,24.0,624.872787053493,585.2059466546799,607.8371492431176,467.18946905939566,70.11419257183242
