left_iris-362,left_iris-382,left_iris-381,left_iris-380,left_iris-374,left_iris-373,left_iris-390,left_iris-249,left_iris-263,left_iris-466,left_iris-388,left_iris-387,left_iris-386,left_iris-385,left_iris-384,left_iris-398,right_iris-133,right_iris-33,right_iris-7,right_iris-163,right_iris-144,right_iris-145,right_iris-153,right_iris-154,right_iris-155,right_iris-173,right_iris-157,right_iris-158,right_iris-159,right_iris-160,right_iris-161,right_iris-246,middle_left_right,center_edge_top_left,center_edge_top_right,center_edge_bottom_left,center_edge_bottom_right
35.510561809129406,31.78049716414141,25.298221281347036,16.401219466856727,13.038404810405298,17.69180601295413,23.706539182259394,28.160255680657446,33.24154027718932,30.066592756745816,26.019223662515376,19.6468827043885,10.63014581273465,10.816653826391969,20.615528128088304,30.066592756745816,38.27531841800928,29.017236257093817,24.331050121192877,20.248456731316587,15.620499351813308,12.0,18.384776310850235,28.178005607210743,34.539832078341085,32.984845004941285,24.0,13.416407864998739,8.06225774829855,15.652475842498529,21.587033144922902,26.1725046566048,704.8524668325989,628.1058827936577,676.5478549223255,556.3425203954844,88.45903006477066
