left_iris-362,left_iris-382,left_iris-381,left_iris-380,left_iris-374,left_iris-373,left_iris-390,left_iris-249,left_iris-263,left_iris-466,left_iris-388,left_iris-387,left_iris-386,left_iris-385,left_iris-384,left_iris-398,right_iris-133,right_iris-33,right_iris-7,right_iris-163,right_iris-144,right_iris-145,right_iris-153,right_iris-154,right_iris-155,right_iris-173,right_iris-157,right_iris-158,right_iris-159,right_iris-160,right_iris-161,right_iris-246,middle_left_right,center_edge_top_left,center_edge_top_right,center_edge_bottom_left,center_edge_bottom_right
37.36308338453881,33.83784863137726,26.832815729997478,17.69180601295413,14.035668847618199,16.278820596099706,21.540659228538015,24.331050121192877,28.0178514522438,25.179356624028344,21.587033144922902,16.1245154965971,9.219544457292887,13.038404810405298,23.021728866442675,32.38826948140329,33.13608305156178,28.160255680657446,25.0,21.470910553583888,16.278820596099706,13.0,15.620499351813308,23.08679276123039,30.4138126514911,29.017236257093817,20.8806130178211,12.806248474865697,10.770329614269007,16.55294535724685,22.20360331117452,25.0,656.8112362010869,626.4191887226955,642.9626738777299,498.69930820084363,73.02739212103907
