left_iris-362,left_iris-382,left_iris-381,left_iris-380,left_iris-374,left_iris-373,left_iris-390,left_iris-249,left_iris-263,left_iris-466,left_iris-388,left_iris-387,left_iris-386,left_iris-385,left_iris-384,left_iris-398,right_iris-133,right_iris-33,right_iris-7,right_iris-163,right_iris-144,right_iris-145,right_iris-153,right_iris-154,right_iris-155,right_iris-173,right_iris-157,right_iris-158,right_iris-159,right_iris-160,right_iris-161,right_iris-246,middle_left_right,center_edge_top_left,center_edge_top_right,center_edge_bottom_left,center_edge_bottom_right
27.294688127912362,24.73863375370596,18.384776310850235,12.041594578792296,10.198039027185569,15.0,19.313207915827967,23.53720459187964,27.16615541441225,24.020824298928627,20.024984394500787,14.317821063276353,7.0710678118654755,7.0710678118654755,16.278820596099706,24.020824298928627,29.427877939124322,24.020824298928627,20.396078054371138,17.08800749063506,12.806248474865697,9.0,12.806248474865697,20.8806130178211,26.68332812825267,26.076809620810597,18.110770276274835,8.94427190999916,5.385164807134504,12.649110640673518,18.110770276274835,21.0,753.2994092656651,680.7055163578448,726.4709216479349,602.5446041580657,71.25307010929424
