left_iris-362,left_iris-382,left_iris-381,left_iris-380,left_iris-374,left_iris-373,left_iris-390,left_iris-249,left_iris-263,left_iris-466,left_iris-388,left_iris-387,left_iris-386,left_iris-385,left_iris-384,left_iris-398,right_iris-133,right_iris-33,right_iris-7,right_iris-163,right_iris-144,right_iris-145,right_iris-153,right_iris-154,right_iris-155,right_iris-173,right_iris-157,right_iris-158,right_iris-159,right_iris-160,right_iris-161,right_iris-246,middle_left_right,center_edge_top_left,center_edge_top_right,center_edge_bottom_left,center_edge_bottom_right
22.360679774997898,19.235384061671343,15.033296378372908,8.06225774829855,3.1622776601683795,8.602325267042627,12.083045973594572,15.811388300841896,18.681541692269406,16.278820596099706,12.165525060596439,7.0710678118654755,3.0,8.06225774829855,14.866068747318506,19.6468827043885,22.80350850198276,24.515301344262525,21.213203435596427,17.029386365926403,12.041594578792296,5.656854249492381,7.0710678118654755,14.317821063276353,19.924858845171276,20.396078054371138,14.035668847618199,6.324555320336759,4.47213595499958,11.180339887498949,16.76305461424021,20.615528128088304,747.4122022017034,679.2827099227537,721.959140118054,595.0840276801251,57.271284253105414
