left_iris-362,left_iris-382,left_iris-381,left_iris-380,left_iris-374,left_iris-373,left_iris-390,left_iris-249,left_iris-263,left_iris-466,left_iris-388,left_iris-387,left_iris-386,left_iris-385,left_iris-384,left_iris-398,right_iris-133,right_iris-33,right_iris-7,right_iris-163,right_iris-144,right_iris-145,right_iris-153,right_iris-154,right_iris-155,right_iris-173,right_iris-157,right_iris-158,right_iris-159,right_iris-160,right_iris-161,right_iris-246,middle_left_right,center_edge_top_left,center_edge_top_right,center_edge_bottom_left,center_edge_bottom_right
37.36308338453881,33.83784863137726,26.40075756488817,16.278820596099706,13.341664064126334,18.867962264113206,25.0,30.14962686336267,34.058772731852805,32.2490309931942,28.635642126552707,21.540659228538015,12.206555615733702,10.63014581273465,21.213203435596427,31.400636936215164,39.293765408777,33.015148038438355,27.892651361962706,23.706539182259394,17.029386365926403,14.317821063276353,20.0,29.732137494637012,36.40054944640259,34.36568055487916,24.186773244895647,13.45362404707371,10.770329614269007,19.697715603592208,26.30589287593181,30.01666203960727,653.1194377753582,604.7024061470237,633.4548129109131,496.45241463810004,81.00617260431454
