left_iris-362,left_iris-382,left_iris-381,left_iris-380,left_iris-374,left_iris-373,left_iris-390,left_iris-249,left_iris-263,left_iris-466,left_iris-388,left_iris-387,left_iris-386,left_iris-385,left_iris-384,left_iris-398,right_iris-133,right_iris-33,right_iris-7,right_iris-163,right_iris-144,right_iris-145,right_iris-153,right_iris-154,right_iris-155,right_iris-173,right_iris-157,right_iris-158,right_iris-159,right_iris-160,right_iris-161,right_iris-246,middle_left_right,center_edge_top_left,center_edge_top_right,center_edge_bottom_left,center_edge_bottom_right
28.071337695236398,25.179356624028344,19.6468827043885,12.041594578792296,9.055385138137417,13.45362404707371,18.384776310850235,22.80350850198276,26.1725046566048,23.021728866442675,20.024984394500787,14.317821063276353,6.4031242374328485,7.810249675906654,17.46424919657298,25.019992006393608,30.4138126514911,27.073972741361768,23.021728866442675,19.4164878389476,13.416407864998739,8.246211251235321,12.041594578792296,21.18962010041709,26.68332812825267,26.076809620810597,19.1049731745428,9.433981132056603,7.615773105863909,14.317821063276353,20.615528128088304,24.186773244895647,774.6437891056767,702.1203600523204,747.9124280288435,623.6769997362417,68.73136110975832
