left_iris-362,left_iris-382,left_iris-381,left_iris-380,left_iris-374,left_iris-373,left_iris-390,left_iris-249,left_iris-263,left_iris-466,left_iris-388,left_iris-387,left_iris-386,left_iris-385,left_iris-384,left_iris-398,right_iris-133,right_iris-33,right_iris-7,right_iris-163,right_iris-144,right_iris-145,right_iris-153,right_iris-154,right_iris-155,right_iris-173,right_iris-157,right_iris-158,right_iris-159,right_iris-160,right_iris-161,right_iris-246,middle_left_right,center_edge_top_left,center_edge_top_right,center_edge_bottom_left,center_edge_bottom_right
29.427877939124322,27.294688127912362,21.213203435596427,11.0,3.1622776601683795,13.341664064126334,22.090722034374522,29.017236257093817,35.014282800023196,31.016124838541646,25.179356624028344,17.46424919657298,7.0710678118654755,7.280109889280518,19.1049731745428,26.476404589747453,25.179356624028344,34.0,29.068883707497267,22.20360331117452,14.317821063276353,3.1622776601683795,9.055385138137417,18.110770276274835,23.194827009486403,22.090722034374522,16.0,7.0710678118654755,9.433981132056603,18.384776310850235,25.495097567963924,30.14962686336267,833.1416446199289,746.5420282877582,802.200099725748,688.058863760943,83.00602387778854
