left_iris-362,left_iris-382,left_iris-381,left_iris-380,left_iris-374,left_iris-373,left_iris-390,left_iris-249,left_iris-263,left_iris-466,left_iris-388,left_iris-387,left_iris-386,left_iris-385,left_iris-384,left_iris-398,right_iris-133,right_iris-33,right_iris-7,right_iris-163,right_iris-144,right_iris-145,right_iris-153,right_iris-154,right_iris-155,right_iris-173,right_iris-157,right_iris-158,right_iris-159,right_iris-160,right_iris-161,right_iris-246,middle_left_right,center_edge_top_left,center_edge_top_right,center_edge_bottom_left,center_edge_bottom_right
33.13608305156178,29.427877939124322,22.135943621178654,13.45362404707371,11.40175425099138,17.804493814764857,24.166091947189145,28.160255680657446,31.400636936215164,28.071337695236398,24.020824298928627,17.72004514666935,8.602325267042627,9.899494936611665,19.6468827043885,29.0,38.2099463490856,26.30589287593181,22.847319317591726,19.4164878389476,15.264337522473747,13.341664064126334,18.601075237738275,27.202941017470888,34.52535300326414,34.0,26.476404589747453,16.1245154965971,8.246211251235321,11.661903789690601,18.110770276274835,22.02271554554524,696.0208330215411,628.2873546395789,670.4811705036914,544.0082719959321,82.09750300709517
