left_iris-362,left_iris-382,left_iris-381,left_iris-380,left_iris-374,left_iris-373,left_iris-390,left_iris-249,left_iris-263,left_iris-466,left_iris-388,left_iris-387,left_iris-386,left_iris-385,left_iris-384,left_iris-398,right_iris-133,right_iris-33,right_iris-7,right_iris-163,right_iris-144,right_iris-145,right_iris-153,right_iris-154,right_iris-155,right_iris-173,right_iris-157,right_iris-158,right_iris-159,right_iris-160,right_iris-161,right_iris-246,middle_left_right,center_edge_top_left,center_edge_top_right,center_edge_bottom_left,center_edge_bottom_right
33.734255586866,31.04834939252005,24.698178070456937,16.278820596099706,12.0,17.029386365926403,21.540659228538015,25.317977802344327,30.0,27.018512172212592,23.194827009486403,16.76305461424021,7.810249675906654,9.433981132056603,21.02379604162864,29.274562336608895,36.345563690772494,27.018512172212592,22.80350850198276,19.235384061671343,14.212670403551895,12.36931687685298,18.027756377319946,26.92582403567252,33.54101966249684,32.01562118716424,23.345235059857504,12.806248474865697,8.246211251235321,14.317821063276353,20.223748416156685,24.020824298928627,690.0384047283166,644.6340046879315,671.5303418312534,532.7785656349174,77.02596964660685
