left_iris-362,left_iris-382,left_iris-381,left_iris-380,left_iris-374,left_iris-373,left_iris-390,left_iris-249,left_iris-263,left_iris-466,left_iris-388,left_iris-387,left_iris-386,left_iris-385,left_iris-384,left_iris-398,right_iris-133,right_iris-33,right_iris-7,right_iris-163,right_iris-144,right_iris-145,right_iris-153,right_iris-154,right_iris-155,right_iris-173,right_iris-157,right_iris-158,right_iris-159,right_iris-160,right_iris-161,right_iris-246,middle_left_right,center_edge_top_left,center_edge_top_right,center_edge_bottom_left,center_edge_bottom_right
27.85677655436824,24.351591323771842,18.027756377319946,9.219544457292887,1.0,9.848857801796104,15.811388300841896,19.924858845171276,22.80350850198276,19.6468827043885,15.297058540778355,9.055385138137417,2.23606797749979,11.180339887498949,20.12461179749811,26.0,30.066592756745816,39.319206502675,33.13608305156178,26.019223662515376,17.029386365926403,5.0,8.54400374531753,19.1049731745428,26.076809620810597,27.018512172212592,19.0,7.0,4.0,17.11724276862369,27.16615541441225,33.24154027718932,704.6928408888514,669.546114916665,689.5592795402002,546.6186970823446,76.6550715869472
