left_iris-362,left_iris-382,left_iris-381,left_iris-380,left_iris-374,left_iris-373,left_iris-390,left_iris-249,left_iris-263,left_iris-466,left_iris-388,left_iris-387,left_iris-386,left_iris-385,left_iris-384,left_iris-398,right_iris-133,right_iris-33,right_iris-7,right_iris-163,right_iris-144,right_iris-145,right_iris-153,right_iris-154,right_iris-155,right_iris-173,right_iris-157,right_iris-158,right_iris-159,right_iris-160,right_iris-161,right_iris-246,middle_left_right,center_edge_top_left,center_edge_top_right,center_edge_bottom_left,center_edge_bottom_right
32.7566787083184,29.614185789921695,24.331050121192877,14.0,5.0,11.180339887498949,20.396078054371138,29.154759474226502,36.013886210738214,30.01666203960727,24.020824298928627,14.142135623730951,1.4142135623730951,10.04987562112089,21.840329667841555,28.861739379323623,24.186773244895647,23.021728866442675,20.09975124224178,16.278820596099706,11.180339887498949,4.123105625617661,8.246211251235321,16.0312195418814,21.095023109728988,21.587033144922902,16.55294535724685,10.63014581273465,8.246211251235321,13.038404810405298,17.72004514666935,20.223748416156685,555.5582777711084,497.73989191142795,532.3016062346609,401.92661021634285,89.26925562588724
