left_iris-362,left_iris-382,left_iris-381,left_iris-380,left_iris-374,left_iris-373,left_iris-390,left_iris-249,left_iris-263,left_iris-466,left_iris-388,left_iris-387,left_iris-386,left_iris-385,left_iris-384,left_iris-398,right_iris-133,right_iris-33,right_iris-7,right_iris-163,right_iris-144,right_iris-145,right_iris-153,right_iris-154,right_iris-155,right_iris-173,right_iris-157,right_iris-158,right_iris-159,right_iris-160,right_iris-161,right_iris-246,middle_left_right,center_edge_top_left,center_edge_top_right,center_edge_bottom_left,center_edge_bottom_right
38.897300677553446,35.4682957019364,27.294688127912362,17.804493814764857,14.142135623730951,18.027756377319946,23.769728648009426,29.017236257093817,34.36568055487916,30.59411708155671,26.248809496813376,19.72308292331602,11.40175425099138,13.601470508735444,24.020824298928627,33.734255586866,34.23448553724738,39.05124837953327,34.713109915419565,30.083217912982647,23.600847442411894,16.15549442140351,14.422205101855956,22.47220505424423,29.614185789921695,29.017236257093817,19.697715603592208,12.36931687685298,16.278820596099706,26.248809496813376,32.14031735997639,36.0,829.2189095769585,748.0,799.9399977498313,681.4719363260676,94.04786015641186
