left_iris-362,left_iris-382,left_iris-381,left_iris-380,left_iris-374,left_iris-373,left_iris-390,left_iris-249,left_iris-263,left_iris-466,left_iris-388,left_iris-387,left_iris-386,left_iris-385,left_iris-384,left_iris-398,right_iris-133,right_iris-33,right_iris-7,right_iris-163,right_iris-144,right_iris-145,right_iris-153,right_iris-154,right_iris-155,right_iris-173,right_iris-157,right_iris-158,right_iris-159,right_iris-160,right_iris-161,right_iris-246,middle_left_right,center_edge_top_left,center_edge_top_right,center_edge_bottom_left,center_edge_bottom_right
38.01315561749642,34.0147027033899,26.1725046566048,15.652475842498529,10.04987562112089,15.556349186104045,21.02379604162864,25.0,28.160255680657446,25.019992006393608,21.02379604162864,14.560219778561036,7.280109889280518,13.038404810405298,24.73863375370596,34.132096331752024,36.345563690772494,35.014282800023196,30.265491900843113,25.0,18.35755975068582,11.40175425099138,14.142135623730951,24.351591323771842,32.55764119219941,32.01562118716424,22.561028345356956,11.313708498984761,9.433981132056603,18.973665961010276,26.1725046566048,31.016124838541646,852.6927934490827,791.0025284409652,829.6294353505064,697.8431055760313,79.00632886041473
