left_iris-362,left_iris-382,left_iris-381,left_iris-380,left_iris-374,left_iris-373,left_iris-390,left_iris-249,left_iris-263,left_iris-466,left_iris-388,left_iris-387,left_iris-386,left_iris-385,left_iris-384,left_iris-398,right_iris-133,right_iris-33,right_iris-7,right_iris-163,right_iris-144,right_iris-145,right_iris-153,right_iris-154,right_iris-155,right_iris-173,right_iris-157,right_iris-158,right_iris-159,right_iris-160,right_iris-161,right_iris-246,middle_left_right,center_edge_top_left,center_edge_top_right,center_edge_bottom_left,center_edge_bottom_right
30.675723300355934,27.313000567495326,21.095023109728988,14.422205101855956,12.36931687685298,16.401219466856727,21.18962010041709,25.317977802344327,28.0178514522438,25.179356624028344,22.561028345356956,17.0,9.848857801796104,9.899494936611665,18.110770276274835,25.495097567963924,29.614185789921695,25.179356624028344,22.135943621178654,19.235384061671343,14.866068747318506,11.0,14.142135623730951,21.540659228538015,26.92582403567252,25.179356624028344,17.11724276862369,8.602325267042627,6.4031242374328485,14.317821063276353,20.024984394500787,23.021728866442675,752.3629443293975,692.567686222798,729.5546586788408,597.5366097570926,70.25667228100119
