left_iris-362,left_iris-382,left_iris-381,left_iris-380,left_iris-374,left_iris-373,left_iris-390,left_iris-249,left_iris-263,left_iris-466,left_iris-388,left_iris-387,left_iris-386,left_iris-385,left_iris-384,left_iris-398,right_iris-133,right_iris-33,right_iris-7,right_iris-163,right_iris-144,right_iris-145,right_iris-153,right_iris-154,right_iris-155,right_iris-173,right_iris-157,right_iris-158,right_iris-159,right_iris-160,right_iris-161,right_iris-246,middle_left_right,center_edge_top_left,center_edge_top_right,center_edge_bottom_left,center_edge_bottom_right
30.364452901377952,26.92582403567252,20.591260281974,13.601470508735444,11.40175425099138,15.811388300841896,20.8806130178211,24.186773244895647,28.0178514522438,25.179356624028344,22.561028345356956,16.55294535724685,8.94427190999916,9.899494936611665,18.110770276274835,26.30589287593181,28.861739379323623,26.1725046566048,23.08679276123039,20.12461179749811,15.556349186104045,11.045361017187261,13.45362404707371,20.615528128088304,25.96150997149434,25.179356624028344,17.11724276862369,7.211102550927978,7.0710678118654755,15.297058540778355,20.0,24.08318915758459,780.235861775143,721.711853858588,757.9366728164035,624.9543983363906,73.06161783043132
