left_iris-362,left_iris-382,left_iris-381,left_iris-380,left_iris-374,left_iris-373,left_iris-390,left_iris-249,left_iris-263,left_iris-466,left_iris-388,left_iris-387,left_iris-386,left_iris-385,left_iris-384,left_iris-398,right_iris-133,right_iris-33,right_iris-7,right_iris-163,right_iris-144,right_iris-145,right_iris-153,right_iris-154,right_iris-155,right_iris-173,right_iris-157,right_iris-158,right_iris-159,right_iris-160,right_iris-161,right_iris-246,middle_left_right,center_edge_top_left,center_edge_top_right,center_edge_bottom_left,center_edge_bottom_right
29.274562336608895,25.495097567963924,18.973665961010276,12.041594578792296,10.198039027185569,15.0,20.248456731316587,24.515301344262525,28.071337695236398,25.019992006393608,21.02379604162864,15.297058540778355,7.0710678118654755,7.810249675906654,17.26267650163207,25.019992006393608,30.59411708155671,26.0,22.20360331117452,18.681541692269406,13.038404810405298,9.055385138137417,12.041594578792296,21.18962010041709,27.892651361962706,27.16615541441225,19.1049731745428,9.433981132056603,6.708203932499369,13.92838827718412,19.235384061671343,23.021728866442675,688.5063543642862,642.2935465968812,669.7320359666245,531.3576949663945,70.06425622241343
