left_iris-362,left_iris-382,left_iris-381,left_iris-380,left_iris-374,left_iris-373,left_iris-390,left_iris-249,left_iris-263,left_iris-466,left_iris-388,left_iris-387,left_iris-386,left_iris-385,left_iris-384,left_iris-398,right_iris-133,right_iris-33,right_iris-7,right_iris-163,right_iris-144,right_iris-145,right_iris-153,right_iris-154,right_iris-155,right_iris-173,right_iris-157,right_iris-158,right_iris-159,right_iris-160,right_iris-161,right_iris-246,middle_left_right,center_edge_top_left,center_edge_top_right,center_edge_bottom_left,center_edge_bottom_right
29.410882339705484,26.0,21.095023109728988,14.422205101855956,11.045361017187261,14.212670403551895,18.027756377319946,21.213203435596427,25.019992006393608,21.213203435596427,17.46424919657298,11.661903789690601,6.0,11.180339887498949,19.0,25.709920264364882,23.0,20.223748416156685,18.027756377319946,15.264337522473747,12.806248474865697,10.0,10.63014581273465,15.524174696260024,20.09975124224178,20.223748416156685,14.317821063276353,9.433981132056603,7.615773105863909,12.083045973594572,16.1245154965971,18.027756377319946,752.3416776970421,670.5356068099591,722.646524934563,605.6550173159635,64.4980619863884
