left_iris-362,left_iris-382,left_iris-381,left_iris-380,left_iris-374,left_iris-373,left_iris-390,left_iris-249,left_iris-263,left_iris-466,left_iris-388,left_iris-387,left_iris-386,left_iris-385,left_iris-384,left_iris-398,right_iris-133,right_iris-33,right_iris-7,right_iris-163,right_iris-144,right_iris-145,right_iris-153,right_iris-154,right_iris-155,right_iris-173,right_iris-157,right_iris-158,right_iris-159,right_iris-160,right_iris-161,right_iris-246,middle_left_right,center_edge_top_left,center_edge_top_right,center_edge_bottom_left,center_edge_bottom_right
30.265491900843113,27.459060435491963,21.18962010041709,14.142135623730951,11.0,14.142135623730951,18.35755975068582,22.135943621178654,25.317977802344327,22.090722034374522,19.0,13.341664064126334,5.830951894845301,8.602325267042627,18.24828759089466,26.019223662515376,29.614185789921695,27.0,24.186773244895647,19.6468827043885,14.7648230602334,9.486832980505138,12.041594578792296,19.313207915827967,25.96150997149434,25.079872407968907,18.24828759089466,9.219544457292887,8.06225774829855,15.231546211727817,21.213203435596427,25.079872407968907,765.0522857948991,695.6328054368914,739.2597648999978,613.0293630814107,67.60177512462228
