left_iris-362,left_iris-382,left_iris-381,left_iris-380,left_iris-374,left_iris-373,left_iris-390,left_iris-249,left_iris-263,left_iris-466,left_iris-388,left_iris-387,left_iris-386,left_iris-385,left_iris-384,left_iris-398,right_iris-133,right_iris-33,right_iris-7,right_iris-163,right_iris-144,right_iris-145,right_iris-153,right_iris-154,right_iris-155,right_iris-173,right_iris-157,right_iris-158,right_iris-159,right_iris-160,right_iris-161,right_iris-246,middle_left_right,center_edge_top_left,center_edge_top_right,center_edge_bottom_left,center_edge_bottom_right
34.52535300326414,31.04834939252005,23.769728648009426,14.866068747318506,12.165525060596439,16.64331697709324,22.80350850198276,27.073972741361768,31.144823004794873,28.284271247461902,24.515301344262525,18.384776310850235,9.433981132056603,10.63014581273465,20.223748416156685,30.066592756745816,35.22782990761707,33.015148038438355,27.65863337187866,23.769728648009426,17.029386365926403,12.0,15.620499351813308,25.0,32.38826948140329,31.0,20.615528128088304,10.0,9.899494936611665,19.6468827043885,26.1725046566048,30.01666203960727,727.8275894743205,652.4055487195062,700.0235710317189,578.474718548702,76.05918747922567
