left_iris-362,left_iris-382,left_iris-381,left_iris-380,left_iris-374,left_iris-373,left_iris-390,left_iris-249,left_iris-263,left_iris-466,left_iris-388,left_iris-387,left_iris-386,left_iris-385,left_iris-384,left_iris-398,right_iris-133,right_iris-33,right_iris-7,right_iris-163,right_iris-144,right_iris-145,right_iris-153,right_iris-154,right_iris-155,right_iris-173,right_iris-157,right_iris-158,right_iris-159,right_iris-160,right_iris-161,right_iris-246,middle_left_right,center_edge_top_left,center_edge_top_right,center_edge_bottom_left,center_edge_bottom_right
31.400636936215164,27.892651361962706,20.248456731316587,12.041594578792296,9.848857801796104,15.652475842498529,21.587033144922902,26.1725046566048,31.0,28.071337695236398,24.331050121192877,18.384776310850235,9.433981132056603,9.219544457292887,18.439088914585774,27.073972741361768,31.25699921617557,33.13608305156178,28.442925306655784,23.08679276123039,17.4928556845359,10.770329614269007,12.041594578792296,20.248456731316587,27.65863337187866,27.018512172212592,18.24828759089466,8.48528137423857,7.810249675906654,17.46424919657298,24.020824298928627,29.017236257093817,695.0179853787957,615.8327695080865,665.9204156654157,547.768199149969,84.0
