left_iris-362,left_iris-382,left_iris-381,left_iris-380,left_iris-374,left_iris-373,left_iris-390,left_iris-249,left_iris-263,left_iris-466,left_iris-388,left_iris-387,left_iris-386,left_iris-385,left_iris-384,left_iris-398,right_iris-133,right_iris-33,right_iris-7,right_iris-163,right_iris-144,right_iris-145,right_iris-153,right_iris-154,right_iris-155,right_iris-173,right_iris-157,right_iris-158,right_iris-159,right_iris-160,right_iris-161,right_iris-246,middle_left_right,center_edge_top_left,center_edge_top_right,center_edge_bottom_left,center_edge_bottom_right
30.59411708155671,27.892651361962706,21.18962010041709,13.601470508735444,8.06225774829855,10.816653826391969,16.492422502470642,20.223748416156685,25.0,22.090722034374522,18.439088914585774,12.529964086141668,7.280109889280518,10.0,19.1049731745428,26.1725046566048,32.0624390837628,23.53720459187964,19.313207915827967,15.264337522473747,11.40175425099138,9.486832980505138,14.7648230602334,23.53720459187964,29.154759474226502,28.0178514522438,20.396078054371138,10.816653826391969,5.0990195135927845,10.44030650891055,16.0312195418814,20.223748416156685,618.4529084740406,582.223324850525,602.4815349867579,460.5257864658612,77.1621668954417
