left_iris-362,left_iris-382,left_iris-381,left_iris-380,left_iris-374,left_iris-373,left_iris-390,left_iris-249,left_iris-263,left_iris-466,left_iris-388,left_iris-387,left_iris-386,left_iris-385,left_iris-384,left_iris-398,right_iris-133,right_iris-33,right_iris-7,right_iris-163,right_iris-144,right_iris-145,right_iris-153,right_iris-154,right_iris-155,right_iris-173,right_iris-157,right_iris-158,right_iris-159,right_iris-160,right_iris-161,right_iris-246,middle_left_right,center_edge_top_left,center_edge_top_right,center_edge_bottom_left,center_edge_bottom_right
20.024984394500787,17.11724276862369,13.341664064126334,7.810249675906654,6.0,8.602325267042627,13.0,15.524174696260024,18.110770276274835,16.0,13.152946437965905,9.848857801796104,5.385164807134504,7.0710678118654755,12.649110640673518,17.029386365926403,22.090722034374522,17.029386365926403,14.317821063276353,10.770329614269007,8.48528137423857,6.324555320336759,10.295630140987,15.524174696260024,20.223748416156685,20.0,15.297058540778355,8.602325267042627,5.0,8.06225774829855,12.36931687685298,14.035668847618199,745.469650623015,684.6349392194354,722.3053370978232,590.9526207742884,54.00925846556311
