left_iris-362,left_iris-382,left_iris-381,left_iris-380,left_iris-374,left_iris-373,left_iris-390,left_iris-249,left_iris-263,left_iris-466,left_iris-388,left_iris-387,left_iris-386,left_iris-385,left_iris-384,left_iris-398,right_iris-133,right_iris-33,right_iris-7,right_iris-163,right_iris-144,right_iris-145,right_iris-153,right_iris-154,right_iris-155,right_iris-173,right_iris-157,right_iris-158,right_iris-159,right_iris-160,right_iris-161,right_iris-246,middle_left_right,center_edge_top_left,center_edge_top_right,center_edge_bottom_left,center_edge_bottom_right
33.015148038438355,30.14962686336267,23.53720459187964,16.1245154965971,11.40175425099138,13.038404810405298,17.804493814764857,21.02379604162864,24.73863375370596,22.360679774997898,18.027756377319946,12.36931687685298,7.280109889280518,11.40175425099138,20.615528128088304,29.017236257093817,32.28002478313795,35.510561809129406,31.064449134018133,27.018512172212592,20.396078054371138,11.313708498984761,11.180339887498949,19.72308292331602,27.85677655436824,27.459060435491963,19.026297590440446,9.219544457292887,10.816653826391969,21.02379604162864,28.160255680657446,32.7566787083184,730.8542946442882,674.7206829496188,709.1177617293196,575.2808010006939,76.48529270389177
