left_iris-362,left_iris-382,left_iris-381,left_iris-380,left_iris-374,left_iris-373,left_iris-390,left_iris-249,left_iris-263,left_iris-466,left_iris-388,left_iris-387,left_iris-386,left_iris-385,left_iris-384,left_iris-398,right_iris-133,right_iris-33,right_iris-7,right_iris-163,right_iris-144,right_iris-145,right_iris-153,right_iris-154,right_iris-155,right_iris-173,right_iris-157,right_iris-158,right_iris-159,right_iris-160,right_iris-161,right_iris-246,middle_left_right,center_edge_top_left,center_edge_top_right,center_edge_bottom_left,center_edge_bottom_right
34.20526275297414,31.32091952673165,24.166091947189145,16.278820596099706,13.038404810405298,18.439088914585774,23.769728648009426,27.459060435491963,32.0,30.066592756745816,26.30589287593181,21.540659228538015,12.806248474865697,10.816653826391969,19.4164878389476,28.284271247461902,34.785054261852174,31.0,26.68332812825267,22.360679774997898,17.69180601295413,14.035668847618199,17.69180601295413,25.942243542145693,32.31098884280702,30.59411708155671,21.213203435596427,12.727922061357855,11.40175425099138,18.35755975068582,24.515301344262525,28.071337695236398,688.776451397694,646.7712114805358,671.3516217303717,531.1431068930482,77.05841939723393
