left_iris-362,left_iris-382,left_iris-381,left_iris-380,left_iris-374,left_iris-373,left_iris-390,left_iris-249,left_iris-263,left_iris-466,left_iris-388,left_iris-387,left_iris-386,left_iris-385,left_iris-384,left_iris-398,right_iris-133,right_iris-33,right_iris-7,right_iris-163,right_iris-144,right_iris-145,right_iris-153,right_iris-154,right_iris-155,right_iris-173,right_iris-157,right_iris-158,right_iris-159,right_iris-160,right_iris-161,right_iris-246,middle_left_right,center_edge_top_left,center_edge_top_right,center_edge_bottom_left,center_edge_bottom_right
34.713109915419565,32.01562118716424,24.351591323771842,15.0,9.055385138137417,12.806248474865697,18.027756377319946,23.345235059857504,27.018512172212592,24.0,20.09975124224178,13.601470508735444,4.123105625617661,10.44030650891055,22.0,30.265491900843113,30.14962686336267,26.076809620810597,21.587033144922902,17.46424919657298,12.041594578792296,9.055385138137417,13.038404810405298,20.615528128088304,27.294688127912362,26.0,18.24828759089466,9.433981132056603,5.830951894845301,13.341664064126334,19.026297590440446,23.021728866442675,782.9648778840593,697.4482059622779,752.2193828930493,637.8354019651151,81.05553651663777
