left_iris-362,left_iris-382,left_iris-381,left_iris-380,left_iris-374,left_iris-373,left_iris-390,left_iris-249,left_iris-263,left_iris-466,left_iris-388,left_iris-387,left_iris-386,left_iris-385,left_iris-384,left_iris-398,right_iris-133,right_iris-33,right_iris-7,right_iris-163,right_iris-144,right_iris-145,right_iris-153,right_iris-154,right_iris-155,right_iris-173,right_iris-157,right_iris-158,right_iris-159,right_iris-160,right_iris-161,right_iris-246,middle_left_right,center_edge_top_left,center_edge_top_right,center_edge_bottom_left,center_edge_bottom_right
29.017236257093817,26.1725046566048,20.396078054371138,13.038404810405298,8.06225774829855,12.727922061357855,17.4928556845359,21.540659228538015,24.515301344262525,22.20360331117452,19.0,14.560219778561036,8.06225774829855,10.0,18.027756377319946,25.079872407968907,31.04834939252005,28.0,23.345235059857504,20.248456731316587,14.212670403551895,10.04987562112089,14.142135623730951,21.93171219946131,27.51363298439521,27.294688127912362,20.09975124224178,11.40175425099138,9.219544457292887,14.7648230602334,20.396078054371138,25.079872407968907,737.4944067584513,660.6799527759262,709.2940152010307,588.6408072840346,72.69112738154499
