left_iris-362,left_iris-382,left_iris-381,left_iris-380,left_iris-374,left_iris-373,left_iris-390,left_iris-249,left_iris-263,left_iris-466,left_iris-388,left_iris-387,left_iris-386,left_iris-385,left_iris-384,left_iris-398,right_iris-133,right_iris-33,right_iris-7,right_iris-163,right_iris-144,right_iris-145,right_iris-153,right_iris-154,right_iris-155,right_iris-173,right_iris-157,right_iris-158,right_iris-159,right_iris-160,right_iris-161,right_iris-246,middle_left_right,center_edge_top_left,center_edge_top_right,center_edge_bottom_left,center_edge_bottom_right
32.31098884280702,28.635642126552707,22.47220505424423,15.264337522473747,13.601470508735444,17.4928556845359,23.53720459187964,28.0,33.37663853655727,29.832867780352597,26.570660511172846,21.095023109728988,13.0,11.40175425099138,19.235384061671343,26.68332812825267,33.24154027718932,27.16615541441225,24.041630560342615,20.12461179749811,15.556349186104045,11.045361017187261,15.0,24.041630560342615,30.4138126514911,28.0178514522438,20.615528128088304,11.313708498984761,10.295630140987,17.08800749063506,22.090722034374522,25.0,589.9644057059713,537.2690201379565,568.5578246757317,434.5779561827774,66.12110101926616
