left_iris-362,left_iris-382,left_iris-381,left_iris-380,left_iris-374,left_iris-373,left_iris-390,left_iris-249,left_iris-263,left_iris-466,left_iris-388,left_iris-387,left_iris-386,left_iris-385,left_iris-384,left_iris-398,right_iris-133,right_iris-33,right_iris-7,right_iris-163,right_iris-144,right_iris-145,right_iris-153,right_iris-154,right_iris-155,right_iris-173,right_iris-157,right_iris-158,right_iris-159,right_iris-160,right_iris-161,right_iris-246,middle_left_right,center_edge_top_left,center_edge_top_right,center_edge_bottom_left,center_edge_bottom_right
20.09975124224178,17.26267650163207,12.649110640673518,7.810249675906654,6.324555320336759,10.295630140987,13.601470508735444,17.26267650163207,20.024984394500787,18.0,15.132745950421556,11.704699910719626,5.830951894845301,6.4031242374328485,12.36931687685298,17.0,23.194827009486403,17.029386365926403,14.317821063276353,12.083045973594572,9.219544457292887,7.280109889280518,11.40175425099138,16.76305461424021,20.396078054371138,20.024984394500787,15.132745950421556,8.06225774829855,5.0,8.06225774829855,12.165525060596439,15.033296378372908,740.6227109669268,673.5888953954036,715.4872465669811,587.9812922194038,52.009614495783374
