left_iris-362,left_iris-382,left_iris-381,left_iris-380,left_iris-374,left_iris-373,left_iris-390,left_iris-249,left_iris-263,left_iris-466,left_iris-388,left_iris-387,left_iris-386,left_iris-385,left_iris-384,left_iris-398,right_iris-133,right_iris-33,right_iris-7,right_iris-163,right_iris-144,right_iris-145,right_iris-153,right_iris-154,right_iris-155,right_iris-173,right_iris-157,right_iris-158,right_iris-159,right_iris-160,right_iris-161,right_iris-246,middle_left_right,center_edge_top_left,center_edge_top_right,center_edge_bottom_left,center_edge_bottom_right
24.0,21.02379604162864,16.1245154965971,9.486832980505138,4.123105625617661,8.06225774829855,12.649110640673518,16.492422502470642,20.223748416156685,17.029386365926403,14.035668847618199,8.54400374531753,4.0,8.94427190999916,16.278820596099706,22.02271554554524,23.194827009486403,21.02379604162864,19.026297590440446,16.1245154965971,11.40175425099138,5.0,7.810249675906654,14.560219778561036,20.396078054371138,20.024984394500787,15.033296378372908,6.708203932499369,5.385164807134504,10.770329614269007,16.278820596099706,19.1049731745428,689.8304139424414,621.1811330038928,663.9774092542607,538.2062801565958,59.033888572581766
