left_iris-362,left_iris-382,left_iris-381,left_iris-380,left_iris-374,left_iris-373,left_iris-390,left_iris-249,left_iris-263,left_iris-466,left_iris-388,left_iris-387,left_iris-386,left_iris-385,left_iris-384,left_iris-398,right_iris-133,right_iris-33,right_iris-7,right_iris-163,right_iris-144,right_iris-145,right_iris-153,right_iris-154,right_iris-155,right_iris-173,right_iris-157,right_iris-158,right_iris-159,right_iris-160,right_iris-161,right_iris-246,middle_left_right,center_edge_top_left,center_edge_top_right,center_edge_bottom_left,center_edge_bottom_right
29.017236257093817,26.076809620810597,19.6468827043885,12.806248474865697,11.0,16.278820596099706,21.095023109728988,24.698178070456937,27.459060435491963,25.179356624028344,22.0,16.492422502470642,10.0,9.848857801796104,17.46424919657298,24.186773244895647,33.24154027718932,28.160255680657446,24.020824298928627,19.4164878389476,13.892443989449804,10.198039027185569,13.45362404707371,22.360679774997898,29.732137494637012,29.427877939124322,21.0,12.083045973594572,8.0,13.601470508735444,19.924858845171276,24.515301344262525,665.622265252598,628.0549339030782,649.5021170096369,507.69380535909636,74.33034373659252
