left_iris-362,left_iris-382,left_iris-381,left_iris-380,left_iris-374,left_iris-373,left_iris-390,left_iris-249,left_iris-263,left_iris-466,left_iris-388,left_iris-387,left_iris-386,left_iris-385,left_iris-384,left_iris-398,right_iris-133,right_iris-33,right_iris-7,right_iris-163,right_iris-144,right_iris-145,right_iris-153,right_iris-154,right_iris-155,right_iris-173,right_iris-157,right_iris-158,right_iris-159,right_iris-160,right_iris-161,right_iris-246,middle_left_right,center_edge_top_left,center_edge_top_right,center_edge_bottom_left,center_edge_bottom_right
23.08679276123039,20.396078054371138,15.231546211727817,10.295630140987,11.180339887498949,18.027756377319946,23.40939982143925,27.65863337187866,32.2490309931942,28.071337695236398,24.0,18.110770276274835,8.54400374531753,5.0,13.341664064126334,20.0,28.635642126552707,22.0,19.235384061671343,16.15549442140351,12.041594578792296,9.0,13.45362404707371,20.615528128088304,25.96150997149434,25.179356624028344,18.027756377319946,9.433981132056603,6.082762530298219,12.083045973594572,16.278820596099706,20.024984394500787,723.9143595757719,654.0275223566666,697.8194608922855,572.4089447239622,71.11258679024411
