left_iris-362,left_iris-382,left_iris-381,left_iris-380,left_iris-374,left_iris-373,left_iris-390,left_iris-249,left_iris-263,left_iris-466,left_iris-388,left_iris-387,left_iris-386,left_iris-385,left_iris-384,left_iris-398,right_iris-133,right_iris-33,right_iris-7,right_iris-163,right_iris-144,right_iris-145,right_iris-153,right_iris-154,right_iris-155,right_iris-173,right_iris-157,right_iris-158,right_iris-159,right_iris-160,right_iris-161,right_iris-246,middle_left_right,center_edge_top_left,center_edge_top_right,center_edge_bottom_left,center_edge_bottom_right
31.400636936215164,29.614185789921695,24.041630560342615,17.4928556845359,11.661903789690601,10.44030650891055,12.041594578792296,15.231546211727817,17.11724276862369,15.0,12.36931687685298,9.219544457292887,7.280109889280518,13.416407864998739,21.213203435596427,28.071337695236398,27.65863337187866,25.179356624028344,20.8806130178211,17.88854381999832,14.142135623730951,11.0,13.45362404707371,19.697715603592208,25.0,24.186773244895647,17.26267650163207,9.219544457292887,7.280109889280518,13.0,18.110770276274835,22.02271554554524,741.923176616016,669.664094901317,715.1573253487654,591.1429607125505,67.06713054842886
