left_iris-362,left_iris-382,left_iris-381,left_iris-380,left_iris-374,left_iris-373,left_iris-390,left_iris-249,left_iris-263,left_iris-466,left_iris-388,left_iris-387,left_iris-386,left_iris-385,left_iris-384,left_iris-398,right_iris-133,right_iris-33,right_iris-7,right_iris-163,right_iris-144,right_iris-145,right_iris-153,right_iris-154,right_iris-155,right_iris-173,right_iris-157,right_iris-158,right_iris-159,right_iris-160,right_iris-161,right_iris-246,middle_left_right,center_edge_top_left,center_edge_top_right,center_edge_bottom_left,center_edge_bottom_right
38.600518131237564,35.73513677041127,28.635642126552707,19.849433241279208,14.317821063276353,15.811388300841896,19.72308292331602,22.80350850198276,27.018512172212592,24.020824298928627,20.396078054371138,14.7648230602334,8.06225774829855,13.892443989449804,24.020824298928627,33.54101966249684,32.7566787083184,35.0,30.4138126514911,25.298221281347036,18.867962264113206,12.649110640673518,13.601470508735444,21.93171219946131,29.120439557122072,27.073972741361768,18.439088914585774,10.295630140987,12.041594578792296,21.18962010041709,28.284271247461902,32.0624390837628,794.4236904826039,736.6199834378647,772.4046866766151,638.9123570568971,85.0
