left_iris-362,left_iris-382,left_iris-381,left_iris-380,left_iris-374,left_iris-373,left_iris-390,left_iris-249,left_iris-263,left_iris-466,left_iris-388,left_iris-387,left_iris-386,left_iris-385,left_iris-384,left_iris-398,right_iris-133,right_iris-33,right_iris-7,right_iris-163,right_iris-144,right_iris-145,right_iris-153,right_iris-154,right_iris-155,right_iris-173,right_iris-157,right_iris-158,right_iris-159,right_iris-160,right_iris-161,right_iris-246,middle_left_right,center_edge_top_left,center_edge_top_right,center_edge_bottom_left,center_edge_bottom_right
36.49657518178932,32.01562118716424,24.698178070456937,14.866068747318506,11.180339887498949,17.204650534085253,24.041630560342615,28.442925306655784,34.0147027033899,29.068883707497267,24.331050121192877,17.46424919657298,9.486832980505138,12.727922061357855,22.561028345356956,31.064449134018133,32.0624390837628,27.16615541441225,25.0,21.02379604162864,16.278820596099706,11.045361017187261,13.45362404707371,21.840329667841555,28.284271247461902,28.071337695236398,21.18962010041709,12.806248474865697,11.704699910719626,17.0,22.360679774997898,25.0,712.1179677553432,646.0742991328474,687.1768331368571,559.38537699872,84.48076704197234
