left_iris-362,left_iris-382,left_iris-381,left_iris-380,left_iris-374,left_iris-373,left_iris-390,left_iris-249,left_iris-263,left_iris-466,left_iris-388,left_iris-387,left_iris-386,left_iris-385,left_iris-384,left_iris-398,right_iris-133,right_iris-33,right_iris-7,right_iris-163,right_iris-144,right_iris-145,right_iris-153,right_iris-154,right_iris-155,right_iris-173,right_iris-157,right_iris-158,right_iris-159,right_iris-160,right_iris-161,right_iris-246,middle_left_right,center_edge_top_left,center_edge_top_right,center_edge_bottom_left,center_edge_bottom_right
28.861739379323623,25.298221281347036,18.35755975068582,13.0,14.7648230602334,22.825424421026653,29.120439557122072,34.23448553724738,39.01281840626232,35.12833614050059,31.400636936215164,24.351591323771842,14.866068747318506,10.198039027185569,15.811388300841896,24.08318915758459,36.49657518178932,28.0178514522438,23.769728648009426,20.12461179749811,15.620499351813308,13.038404810405298,17.029386365926403,26.570660511172846,32.7566787083184,32.0624390837628,22.360679774997898,12.806248474865697,8.246211251235321,15.652475842498529,21.37755832643195,25.019992006393608,651.4982732133677,581.4206738670375,625.0199996800102,500.8492787256462,84.0
