left_iris-362,left_iris-382,left_iris-381,left_iris-380,left_iris-374,left_iris-373,left_iris-390,left_iris-249,left_iris-263,left_iris-466,left_iris-388,left_iris-387,left_iris-386,left_iris-385,left_iris-384,left_iris-398,right_iris-133,right_iris-33,right_iris-7,right_iris-163,right_iris-144,right_iris-145,right_iris-153,right_iris-154,right_iris-155,right_iris-173,right_iris-157,right_iris-158,right_iris-159,right_iris-160,right_iris-161,right_iris-246,middle_left_right,center_edge_top_left,center_edge_top_right,center_edge_bottom_left,center_edge_bottom_right
32.0624390837628,29.154759474226502,22.80350850198276,15.811388300841896,12.165525060596439,15.0,19.72308292331602,23.40939982143925,27.294688127912362,25.079872407968907,21.02379604162864,15.811388300841896,8.94427190999916,11.40175425099138,19.924858845171276,28.071337695236398,35.17101079013795,33.24154027718932,29.0,24.186773244895647,18.384776310850235,11.180339887498949,13.601470508735444,23.259406699226016,30.675723300355934,30.4138126514911,21.095023109728988,10.63014581273465,11.180339887498949,20.12461179749811,25.96150997149434,30.4138126514911,705.3750775296785,649.5798642199434,683.6329424479192,549.8672567083805,74.54528824815154
