left_iris-362,left_iris-382,left_iris-381,left_iris-380,left_iris-374,left_iris-373,left_iris-390,left_iris-249,left_iris-263,left_iris-466,left_iris-388,left_iris-387,left_iris-386,left_iris-385,left_iris-384,left_iris-398,right_iris-133,right_iris-33,right_iris-7,right_iris-163,right_iris-144,right_iris-145,right_iris-153,right_iris-154,right_iris-155,right_iris-173,right_iris-157,right_iris-158,right_iris-159,right_iris-160,right_iris-161,right_iris-246,middle_left_right,center_edge_top_left,center_edge_top_right,center_edge_bottom_left,center_edge_bottom_right
29.410882339705484,26.0,19.72308292331602,12.529964086141668,11.180339887498949,18.788294228055936,25.709920264364882,31.144823004794873,36.0,32.14031735997639,27.65863337187866,21.93171219946131,13.038404810405298,10.295630140987,16.492422502470642,25.317977802344327,32.55764119219941,30.14962686336267,26.68332812825267,22.47220505424423,17.204650534085253,11.40175425099138,13.45362404707371,21.540659228538015,28.861739379323623,28.071337695236398,19.4164878389476,10.63014581273465,10.295630140987,18.027756377319946,24.08318915758459,28.0178514522438,648.8397336785101,562.6659755130037,617.4082927852525,506.0563209762328,86.09297300012354
