left_iris-362,left_iris-382,left_iris-381,left_iris-380,left_iris-374,left_iris-373,left_iris-390,left_iris-249,left_iris-263,left_iris-466,left_iris-388,left_iris-387,left_iris-386,left_iris-385,left_iris-384,left_iris-398,right_iris-133,right_iris-33,right_iris-7,right_iris-163,right_iris-144,right_iris-145,right_iris-153,right_iris-154,right_iris-155,right_iris-173,right_iris-157,right_iris-158,right_iris-159,right_iris-160,right_iris-161,right_iris-246,middle_left_right,center_edge_top_left,center_edge_top_right,center_edge_bottom_left,center_edge_bottom_right
30.14962686336267,28.160255680657446,23.53720459187964,16.55294535724685,10.0,8.54400374531753,11.40175425099138,13.601470508735444,17.029386365926403,15.033296378372908,12.36931687685298,8.602325267042627,6.324555320336759,12.529964086141668,20.223748416156685,27.0,29.274562336608895,23.021728866442675,18.681541692269406,15.652475842498529,12.041594578792296,10.198039027185569,14.212670403551895,20.8806130178211,26.476404589747453,26.019223662515376,19.4164878389476,10.816653826391969,7.0710678118654755,11.180339887498949,16.1245154965971,20.0,743.8904489237646,666.9130378092784,715.6626300150092,595.0403347673164,63.071388124885914
