left_iris-362,left_iris-382,left_iris-381,left_iris-380,left_iris-374,left_iris-373,left_iris-390,left_iris-249,left_iris-263,left_iris-466,left_iris-388,left_iris-387,left_iris-386,left_iris-385,left_iris-384,left_iris-398,right_iris-133,right_iris-33,right_iris-7,right_iris-163,right_iris-144,right_iris-145,right_iris-153,right_iris-154,right_iris-155,right_iris-173,right_iris-157,right_iris-158,right_iris-159,right_iris-160,right_iris-161,right_iris-246,middle_left_right,center_edge_top_left,center_edge_top_right,center_edge_bottom_left,center_edge_bottom_right
23.194827009486403,21.095023109728988,16.0,10.44030650891055,6.708203932499369,8.06225774829855,12.041594578792296,13.892443989449804,17.08800749063506,15.524174696260024,13.152946437965905,9.219544457292887,5.385164807134504,7.810249675906654,14.317821063276353,19.4164878389476,21.93171219946131,18.24828759089466,15.033296378372908,12.041594578792296,8.54400374531753,6.082762530298219,9.219544457292887,15.264337522473747,20.12461179749811,19.313207915827967,14.142135623730951,7.280109889280518,5.0,9.219544457292887,13.0,16.492422502470642,797.3970152941381,741.6481645632247,776.0425246080268,641.437448236381,52.20153254455275
