left_iris-362,left_iris-382,left_iris-381,left_iris-380,left_iris-374,left_iris-373,left_iris-390,left_iris-249,left_iris-263,left_iris-466,left_iris-388,left_iris-387,left_iris-386,left_iris-385,left_iris-384,left_iris-398,right_iris-133,right_iris-33,right_iris-7,right_iris-163,right_iris-144,right_iris-145,right_iris-153,right_iris-154,right_iris-155,right_iris-173,right_iris-157,right_iris-158,right_iris-159,right_iris-160,right_iris-161,right_iris-246,middle_left_right,center_edge_top_left,center_edge_top_right,center_edge_bottom_left,center_edge_bottom_right
29.068883707497267,26.019223662515376,21.02379604162864,12.649110640673518,6.708203932499369,10.0,15.264337522473747,19.313207915827967,23.769728648009426,20.396078054371138,17.11724276862369,11.180339887498949,5.385164807134504,9.219544457292887,18.973665961010276,25.317977802344327,27.892651361962706,27.018512172212592,22.02271554554524,18.110770276274835,11.704699910719626,6.082762530298219,11.40175425099138,19.313207915827967,25.298221281347036,24.515301344262525,18.027756377319946,8.246211251235321,4.47213595499958,12.649110640673518,19.235384061671343,23.08679276123039,685.1751600868205,638.0164574679873,666.0818268050856,528.1713737036494,76.6550715869472
