left_iris-362,left_iris-382,left_iris-381,left_iris-380,left_iris-374,left_iris-373,left_iris-390,left_iris-249,left_iris-263,left_iris-466,left_iris-388,left_iris-387,left_iris-386,left_iris-385,left_iris-384,left_iris-398,right_iris-133,right_iris-33,right_iris-7,right_iris-163,right_iris-144,right_iris-145,right_iris-153,right_iris-154,right_iris-155,right_iris-173,right_iris-157,right_iris-158,right_iris-159,right_iris-160,right_iris-161,right_iris-246,middle_left_right,center_edge_top_left,center_edge_top_right,center_edge_bottom_left,center_edge_bottom_right
40.01249804748511,37.05401462729781,30.265491900843113,19.697715603592208,12.529964086141668,13.416407864998739,17.804493814764857,21.93171219946131,26.476404589747453,24.331050121192877,20.024984394500787,14.142135623730951,6.324555320336759,13.038404810405298,25.495097567963924,35.014282800023196,37.36308338453881,34.058772731852805,29.068883707497267,24.515301344262525,17.88854381999832,10.770329614269007,14.866068747318506,25.079872407968907,32.89376840679705,31.575306807693888,21.095023109728988,9.899494936611665,10.816653826391969,20.615528128088304,27.65863337187866,31.25699921617557,759.6643995870808,687.5245450163943,733.0006821279227,608.6788972849314,79.40403012442127
