left_iris-362,left_iris-382,left_iris-381,left_iris-380,left_iris-374,left_iris-373,left_iris-390,left_iris-249,left_iris-263,left_iris-466,left_iris-388,left_iris-387,left_iris-386,left_iris-385,left_iris-384,left_iris-398,right_iris-133,right_iris-33,right_iris-7,right_iris-163,right_iris-144,right_iris-145,right_iris-153,right_iris-154,right_iris-155,right_iris-173,right_iris-157,right_iris-158,right_iris-159,right_iris-160,right_iris-161,right_iris-246,middle_left_right,center_edge_top_left,center_edge_top_right,center_edge_bottom_left,center_edge_bottom_right
30.59411708155671,27.892651361962706,21.18962010041709,14.212670403551895,10.04987562112089,12.041594578792296,16.55294535724685,19.6468827043885,23.021728866442675,20.0,17.11724276862369,12.083045973594572,6.082762530298219,10.816653826391969,19.235384061671343,26.076809620810597,29.068883707497267,16.278820596099706,13.416407864998739,11.313708498984761,10.44030650891055,11.661903789690601,16.1245154965971,22.561028345356956,27.294688127912362,26.0,19.4164878389476,12.529964086141668,6.324555320336759,7.211102550927978,11.045361017187261,14.035668847618199,683.9941520217844,598.1203892194279,652.800122549008,540.4146556117811,63.0317380372777
