left_iris-362,left_iris-382,left_iris-381,left_iris-380,left_iris-374,left_iris-373,left_iris-390,left_iris-249,left_iris-263,left_iris-466,left_iris-388,left_iris-387,left_iris-386,left_iris-385,left_iris-384,left_iris-398,right_iris-133,right_iris-33,right_iris-7,right_iris-163,right_iris-144,right_iris-145,right_iris-153,right_iris-154,right_iris-155,right_iris-173,right_iris-157,right_iris-158,right_iris-159,right_iris-160,right_iris-161,right_iris-246,middle_left_right,center_edge_top_left,center_edge_top_right,center_edge_bottom_left,center_edge_bottom_right
31.575306807693888,28.861739379323623,23.40939982143925,15.556349186104045,12.0,16.278820596099706,20.615528128088304,25.495097567963924,30.01666203960727,27.0,23.194827009486403,17.08800749063506,9.433981132056603,10.63014581273465,19.4164878389476,27.073972741361768,31.78049716414141,37.013511046643494,31.400636936215164,26.248809496813376,19.4164878389476,13.341664064126334,15.0,22.360679774997898,28.160255680657446,27.16615541441225,18.681541692269406,10.295630140987,12.806248474865697,21.540659228538015,28.284271247461902,33.06055050963308,756.7364138192373,689.5288246331694,731.6078184382668,604.0281450396166,85.0235261559999
