left_iris-362,left_iris-382,left_iris-381,left_iris-380,left_iris-374,left_iris-373,left_iris-390,left_iris-249,left_iris-263,left_iris-466,left_iris-388,left_iris-387,left_iris-386,left_iris-385,left_iris-384,left_iris-398,right_iris-133,right_iris-33,right_iris-7,right_iris-163,right_iris-144,right_iris-145,right_iris-153,right_iris-154,right_iris-155,right_iris-173,right_iris-157,right_iris-158,right_iris-159,right_iris-160,right_iris-161,right_iris-246,middle_left_right,center_edge_top_left,center_edge_top_right,center_edge_bottom_left,center_edge_bottom_right
39.293765408777,34.785054261852174,27.730849247724095,17.69180601295413,14.142135623730951,18.601075237738275,24.351591323771842,28.284271247461902,33.015148038438355,29.154759474226502,24.515301344262525,17.88854381999832,9.486832980505138,13.038404810405298,24.08318915758459,34.36568055487916,29.274562336608895,36.05551275463989,32.7566787083184,28.792360097775937,23.021728866442675,15.652475842498529,13.416407864998739,18.788294228055936,25.709920264364882,25.019992006393608,17.88854381999832,12.36931687685298,15.556349186104045,24.351591323771842,30.265491900843113,33.015148038438355,800.672842052233,718.9415831623596,771.15303280218,653.4347710368648,92.65527507918802
