left_iris-362,left_iris-382,left_iris-381,left_iris-380,left_iris-374,left_iris-373,left_iris-390,left_iris-249,left_iris-263,left_iris-466,left_iris-388,left_iris-387,left_iris-386,left_iris-385,left_iris-384,left_iris-398,right_iris-133,right_iris-33,right_iris-7,right_iris-163,right_iris-144,right_iris-145,right_iris-153,right_iris-154,right_iris-155,right_iris-173,right_iris-157,right_iris-158,right_iris-159,right_iris-160,right_iris-161,right_iris-246,middle_left_right,center_edge_top_left,center_edge_top_right,center_edge_bottom_left,center_edge_bottom_right
31.575306807693888,27.892651361962706,21.540659228538015,13.45362404707371,9.055385138137417,13.601470508735444,18.027756377319946,22.561028345356956,26.076809620810597,23.021728866442675,19.235384061671343,13.416407864998739,8.246211251235321,10.63014581273465,19.235384061671343,27.073972741361768,28.442925306655784,30.14962686336267,25.709920264364882,22.135943621178654,16.64331697709324,10.44030650891055,11.40175425099138,18.384776310850235,24.73863375370596,24.020824298928627,16.76305461424021,9.433981132056603,10.295630140987,17.08800749063506,23.194827009486403,26.0,695.5724261354816,628.7455765251951,670.3141054759328,543.2504026689718,74.02702209328699
