left_iris-362,left_iris-382,left_iris-381,left_iris-380,left_iris-374,left_iris-373,left_iris-390,left_iris-249,left_iris-263,left_iris-466,left_iris-388,left_iris-387,left_iris-386,left_iris-385,left_iris-384,left_iris-398,right_iris-133,right_iris-33,right_iris-7,right_iris-163,right_iris-144,right_iris-145,right_iris-153,right_iris-154,right_iris-155,right_iris-173,right_iris-157,right_iris-158,right_iris-159,right_iris-160,right_iris-161,right_iris-246,middle_left_right,center_edge_top_left,center_edge_top_right,center_edge_bottom_left,center_edge_bottom_right
25.317977802344327,21.840329667841555,16.55294535724685,10.63014581273465,9.219544457292887,12.806248474865697,17.08800749063506,20.396078054371138,24.020824298928627,21.02379604162864,17.26267650163207,12.083045973594572,6.324555320336759,9.219544457292887,15.297058540778355,22.02271554554524,25.019992006393608,20.396078054371138,18.384776310850235,15.264337522473747,12.041594578792296,9.0,10.63014581273465,16.76305461424021,22.20360331117452,22.02271554554524,15.297058540778355,8.06225774829855,4.123105625617661,10.198039027185569,15.033296378372908,18.24828759089466,696.287297026163,631.9145511855222,671.8005656442989,543.1537535541847,57.0350769263968
