left_iris-362,left_iris-382,left_iris-381,left_iris-380,left_iris-374,left_iris-373,left_iris-390,left_iris-249,left_iris-263,left_iris-466,left_iris-388,left_iris-387,left_iris-386,left_iris-385,left_iris-384,left_iris-398,right_iris-133,right_iris-33,right_iris-7,right_iris-163,right_iris-144,right_iris-145,right_iris-153,right_iris-154,right_iris-155,right_iris-173,right_iris-157,right_iris-158,right_iris-159,right_iris-160,right_iris-161,right_iris-246,middle_left_right,center_edge_top_left,center_edge_top_right,center_edge_bottom_left,center_edge_bottom_right
34.132096331752024,30.4138126514911,23.08679276123039,13.45362404707371,10.04987562112089,15.811388300841896,21.18962010041709,26.476404589747453,30.066592756745816,26.0,21.095023109728988,13.92838827718412,6.324555320336759,11.180339887498949,22.20360331117452,30.0,40.049968789001575,28.071337695236398,23.769728648009426,19.697715603592208,14.142135623730951,11.40175425099138,17.4928556845359,27.65863337187866,35.22782990761707,36.013886210738214,27.294688127912362,15.231546211727817,7.280109889280518,11.180339887498949,19.235384061671343,24.0,616.0235385113137,568.9332122490301,596.560977604134,459.3310353111359,87.00574693662483
