left_iris-362,left_iris-382,left_iris-381,left_iris-380,left_iris-374,left_iris-373,left_iris-390,left_iris-249,left_iris-263,left_iris-466,left_iris-388,left_iris-387,left_iris-386,left_iris-385,left_iris-384,left_iris-398,right_iris-133,right_iris-33,right_iris-7,right_iris-163,right_iris-144,right_iris-145,right_iris-153,right_iris-154,right_iris-155,right_iris-173,right_iris-157,right_iris-158,right_iris-159,right_iris-160,right_iris-161,right_iris-246,middle_left_right,center_edge_top_left,center_edge_top_right,center_edge_bottom_left,center_edge_bottom_right
26.30589287593181,23.53720459187964,17.08800749063506,10.63014581273465,8.54400374531753,14.7648230602334,20.615528128088304,24.331050121192877,29.068883707497267,25.0,21.095023109728988,14.560219778561036,6.4031242374328485,7.0710678118654755,15.297058540778355,23.021728866442675,28.284271247461902,22.20360331117452,18.973665961010276,15.652475842498529,12.041594578792296,9.0,12.727922061357855,20.248456731316587,25.709920264364882,25.019992006393608,18.110770276274835,9.848857801796104,4.123105625617661,10.44030650891055,16.0,19.1049731745428,625.8378384214237,594.3677312909913,611.4515516375766,467.73176073471853,67.0
