left_iris-362,left_iris-382,left_iris-381,left_iris-380,left_iris-374,left_iris-373,left_iris-390,left_iris-249,left_iris-263,left_iris-466,left_iris-388,left_iris-387,left_iris-386,left_iris-385,left_iris-384,left_iris-398,right_iris-133,right_iris-33,right_iris-7,right_iris-163,right_iris-144,right_iris-145,right_iris-153,right_iris-154,right_iris-155,right_iris-173,right_iris-157,right_iris-158,right_iris-159,right_iris-160,right_iris-161,right_iris-246,middle_left_right,center_edge_top_left,center_edge_top_right,center_edge_bottom_left,center_edge_bottom_right
27.294688127912362,24.515301344262525,18.027756377319946,10.63014581273465,9.219544457292887,14.422205101855956,18.973665961010276,22.360679774997898,26.019223662515376,23.0,20.09975124224178,14.866068747318506,7.211102550927978,8.48528137423857,16.278820596099706,24.020824298928627,32.38826948140329,26.0,22.20360331117452,17.72004514666935,13.038404810405298,8.0,12.806248474865697,22.135943621178654,28.635642126552707,29.068883707497267,21.095023109728988,10.770329614269007,5.0,12.083045973594572,18.24828759089466,23.021728866442675,693.238775603327,642.2460587656416,672.9635948548777,536.8239935025259,72.02777242147643
