left_iris-362,left_iris-382,left_iris-381,left_iris-380,left_iris-374,left_iris-373,left_iris-390,left_iris-249,left_iris-263,left_iris-466,left_iris-388,left_iris-387,left_iris-386,left_iris-385,left_iris-384,left_iris-398,right_iris-133,right_iris-33,right_iris-7,right_iris-163,right_iris-144,right_iris-145,right_iris-153,right_iris-154,right_iris-155,right_iris-173,right_iris-157,right_iris-158,right_iris-159,right_iris-160,right_iris-161,right_iris-246,middle_left_right,center_edge_top_left,center_edge_top_right,center_edge_bottom_left,center_edge_bottom_right
26.0,23.021728866442675,18.110770276274835,11.180339887498949,7.0710678118654755,9.899494936611665,14.317821063276353,16.76305461424021,20.223748416156685,18.027756377319946,16.0312195418814,11.704699910719626,7.615773105863909,9.219544457292887,16.15549442140351,22.090722034374522,26.92582403567252,21.02379604162864,18.110770276274835,14.317821063276353,9.433981132056603,6.0,11.40175425099138,18.384776310850235,24.041630560342615,23.345235059857504,17.0,8.94427190999916,6.0,10.295630140987,15.297058540778355,18.110770276274835,733.943458312696,666.9130378092784,708.7827593840019,581.3544529802795,60.530983801686226
