left_iris-362,left_iris-382,left_iris-381,left_iris-380,left_iris-374,left_iris-373,left_iris-390,left_iris-249,left_iris-263,left_iris-466,left_iris-388,left_iris-387,left_iris-386,left_iris-385,left_iris-384,left_iris-398,right_iris-133,right_iris-33,right_iris-7,right_iris-163,right_iris-144,right_iris-145,right_iris-153,right_iris-154,right_iris-155,right_iris-173,right_iris-157,right_iris-158,right_iris-159,right_iris-160,right_iris-161,right_iris-246,middle_left_right,center_edge_top_left,center_edge_top_right,center_edge_bottom_left,center_edge_bottom_right
33.06055050963308,29.0,23.08679276123039,13.92838827718412,6.324555320336759,11.40175425099138,17.46424919657298,22.135943621178654,26.476404589747453,23.194827009486403,18.0,11.40175425099138,6.0,12.206555615733702,21.840329667841555,29.274562336608895,28.0,29.614185789921695,25.0,19.924858845171276,13.416407864998739,5.0990195135927845,9.848857801796104,18.24828759089466,24.020824298928627,25.079872407968907,17.26267650163207,8.06225774829855,4.47213595499958,13.152946437965905,20.024984394500787,25.317977802344327,623.6553535407196,591.5623382197349,609.0533638360436,465.55987799637546,85.00588214941364
