left_iris-362,left_iris-382,left_iris-381,left_iris-380,left_iris-374,left_iris-373,left_iris-390,left_iris-249,left_iris-263,left_iris-466,left_iris-388,left_iris-387,left_iris-386,left_iris-385,left_iris-384,left_iris-398,right_iris-133,right_iris-33,right_iris-7,right_iris-163,right_iris-144,right_iris-145,right_iris-153,right_iris-154,right_iris-155,right_iris-173,right_iris-157,right_iris-158,right_iris-159,right_iris-160,right_iris-161,right_iris-246,middle_left_right,center_edge_top_left,center_edge_top_right,center_edge_bottom_left,center_edge_bottom_right
23.021728866442675,20.09975124224178,15.132745950421556,7.615773105863909,2.8284271247461903,10.198039027185569,16.0312195418814,20.024984394500787,23.021728866442675,20.024984394500787,16.1245154965971,10.198039027185569,2.23606797749979,7.280109889280518,15.033296378372908,21.0,23.0,23.08679276123039,20.223748416156685,16.278820596099706,11.704699910719626,5.0,6.708203932499369,14.142135623730951,20.0,20.09975124224178,14.317821063276353,6.708203932499369,3.605551275463989,10.198039027185569,16.0,20.024984394500787,692.0238435198602,617.3305435502118,664.3018892039973,542.7679061993257,60.29925372672534
