left_iris-362,left_iris-382,left_iris-381,left_iris-380,left_iris-374,left_iris-373,left_iris-390,left_iris-249,left_iris-263,left_iris-466,left_iris-388,left_iris-387,left_iris-386,left_iris-385,left_iris-384,left_iris-398,right_iris-133,right_iris-33,right_iris-7,right_iris-163,right_iris-144,right_iris-145,right_iris-153,right_iris-154,right_iris-155,right_iris-173,right_iris-157,right_iris-158,right_iris-159,right_iris-160,right_iris-161,right_iris-246,middle_left_right,center_edge_top_left,center_edge_top_right,center_edge_bottom_left,center_edge_bottom_right
26.68332812825267,23.08679276123039,17.0,10.295630140987,10.816653826391969,17.46424919657298,23.345235059857504,28.071337695236398,32.01562118716424,29.068883707497267,25.317977802344327,18.973665961010276,9.899494936611665,7.211102550927978,15.297058540778355,23.08679276123039,36.22154055254967,25.019992006393608,20.09975124224178,15.524174696260024,10.0,8.06225774829855,16.55294535724685,26.476404589747453,33.37663853655727,33.015148038438355,24.08318915758459,13.92838827718412,5.385164807134504,11.180339887498949,17.26267650163207,21.095023109728988,682.1356170146813,623.5455075613968,659.4004852894786,527.4552113687,75.02666192761077
