left_iris-362,left_iris-382,left_iris-381,left_iris-380,left_iris-374,left_iris-373,left_iris-390,left_iris-249,left_iris-263,left_iris-466,left_iris-388,left_iris-387,left_iris-386,left_iris-385,left_iris-384,left_iris-398,right_iris-133,right_iris-33,right_iris-7,right_iris-163,right_iris-144,right_iris-145,right_iris-153,right_iris-154,right_iris-155,right_iris-173,right_iris-157,right_iris-158,right_iris-159,right_iris-160,right_iris-161,right_iris-246,middle_left_right,center_edge_top_left,center_edge_top_right,center_edge_bottom_left,center_edge_bottom_right
35.6931365951495,32.28002478313795,25.079872407968907,16.401219466856727,15.297058540778355,19.209372712298546,24.351591323771842,28.284271247461902,33.06055050963308,30.14962686336267,26.476404589747453,20.615528128088304,11.40175425099138,11.40175425099138,21.587033144922902,31.064449134018133,37.8549864614954,33.0,28.635642126552707,24.166091947189145,18.384776310850235,14.0,18.384776310850235,27.85677655436824,34.20526275297414,32.14031735997639,22.360679774997898,11.313708498984761,10.816653826391969,20.248456731316587,26.30589287593181,30.066592756745816,678.7702114854482,603.9279758381789,650.9446981119056,529.7442779303992,82.0
