left_iris-362,left_iris-382,left_iris-381,left_iris-380,left_iris-374,left_iris-373,left_iris-390,left_iris-249,left_iris-263,left_iris-466,left_iris-388,left_iris-387,left_iris-386,left_iris-385,left_iris-384,left_iris-398,right_iris-133,right_iris-33,right_iris-7,right_iris-163,right_iris-144,right_iris-145,right_iris-153,right_iris-154,right_iris-155,right_iris-173,right_iris-157,right_iris-158,right_iris-159,right_iris-160,right_iris-161,right_iris-246,middle_left_right,center_edge_top_left,center_edge_top_right,center_edge_bottom_left,center_edge_bottom_right
25.0,22.47220505424423,17.4928556845359,11.661903789690601,11.704699910719626,17.204650534085253,22.847319317591726,26.92582403567252,30.265491900843113,27.073972741361768,24.020824298928627,18.439088914585774,10.0,5.830951894845301,13.038404810405298,20.396078054371138,29.068883707497267,23.08679276123039,19.6468827043885,15.231546211727817,11.313708498984761,8.06225774829855,13.038404810405298,20.615528128088304,26.1725046566048,25.019992006393608,18.681541692269406,9.899494936611665,6.708203932499369,12.649110640673518,17.11724276862369,20.0,772.800750517234,717.440589874869,751.4792079625357,616.8638423509681,62.00806399170998
