left_iris-362,left_iris-382,left_iris-381,left_iris-380,left_iris-374,left_iris-373,left_iris-390,left_iris-249,left_iris-263,left_iris-466,left_iris-388,left_iris-387,left_iris-386,left_iris-385,left_iris-384,left_iris-398,right_iris-133,right_iris-33,right_iris-7,right_iris-163,right_iris-144,right_iris-145,right_iris-153,right_iris-154,right_iris-155,right_iris-173,right_iris-157,right_iris-158,right_iris-159,right_iris-160,right_iris-161,right_iris-246,middle_left_right,center_edge_top_left,center_edge_top_right,center_edge_bottom_left,center_edge_bottom_right
26.92582403567252,23.40939982143925,17.88854381999832,12.041594578792296,9.055385138137417,12.206555615733702,15.524174696260024,19.1049731745428,22.090722034374522,19.235384061671343,15.811388300841896,10.816653826391969,6.0,8.94427190999916,17.029386365926403,23.345235059857504,26.0,26.30589287593181,23.08679276123039,19.697715603592208,15.620499351813308,10.44030650891055,10.63014581273465,16.492422502470642,22.090722034374522,22.20360331117452,16.15549442140351,8.602325267042627,7.211102550927978,14.317821063276353,20.0,23.08679276123039,791.6470173000085,717.2900389661075,764.3984563040405,641.2526803062892,66.48308055437865
