left_iris-362,left_iris-382,left_iris-381,left_iris-380,left_iris-374,left_iris-373,left_iris-390,left_iris-249,left_iris-263,left_iris-466,left_iris-388,left_iris-387,left_iris-386,left_iris-385,left_iris-384,left_iris-398,right_iris-133,right_iris-33,right_iris-7,right_iris-163,right_iris-144,right_iris-145,right_iris-153,right_iris-154,right_iris-155,right_iris-173,right_iris-157,right_iris-158,right_iris-159,right_iris-160,right_iris-161,right_iris-246,middle_left_right,center_edge_top_left,center_edge_top_right,center_edge_bottom_left,center_edge_bottom_right
25.495097567963924,21.840329667841555,16.55294535724685,11.40175425099138,9.219544457292887,13.601470508735444,17.08800749063506,20.396078054371138,23.021728866442675,20.024984394500787,17.26267650163207,13.0,6.708203932499369,7.810249675906654,15.132745950421556,22.090722034374522,26.1725046566048,22.20360331117452,18.973665961010276,16.55294535724685,12.041594578792296,9.055385138137417,10.63014581273465,17.08800749063506,22.360679774997898,23.0,16.492422502470642,9.219544457292887,6.324555320336759,11.704699910719626,16.0312195418814,19.026297590440446,719.4365851136569,655.0488531399776,695.0460416404081,566.1174789741084,57.0087712549569
