left_iris-362,left_iris-382,left_iris-381,left_iris-380,left_iris-374,left_iris-373,left_iris-390,left_iris-249,left_iris-263,left_iris-466,left_iris-388,left_iris-387,left_iris-386,left_iris-385,left_iris-384,left_iris-398,right_iris-133,right_iris-33,right_iris-7,right_iris-163,right_iris-144,right_iris-145,right_iris-153,right_iris-154,right_iris-155,right_iris-173,right_iris-157,right_iris-158,right_iris-159,right_iris-160,right_iris-161,right_iris-246,middle_left_right,center_edge_top_left,center_edge_top_right,center_edge_bottom_left,center_edge_bottom_right
32.31098884280702,29.068883707497267,23.021728866442675,15.652475842498529,14.560219778561036,19.4164878389476,25.0,29.154759474226502,34.058772731852805,30.265491900843113,26.92582403567252,21.470910553583888,13.892443989449804,11.661903789690601,18.24828759089466,27.65863337187866,34.52535300326414,26.1725046566048,23.08679276123039,19.72308292331602,15.0,12.165525060596439,17.804493814764857,25.298221281347036,31.78049716414141,30.01666203960727,22.80350850198276,14.142135623730951,11.180339887498949,16.1245154965971,21.37755832643195,24.0,590.1067700001416,544.0827142999491,570.8117027531933,433.3889707872133,72.17340230306452
