left_iris-362,left_iris-382,left_iris-381,left_iris-380,left_iris-374,left_iris-373,left_iris-390,left_iris-249,left_iris-263,left_iris-466,left_iris-388,left_iris-387,left_iris-386,left_iris-385,left_iris-384,left_iris-398,right_iris-133,right_iris-33,right_iris-7,right_iris-163,right_iris-144,right_iris-145,right_iris-153,right_iris-154,right_iris-155,right_iris-173,right_iris-157,right_iris-158,right_iris-159,right_iris-160,right_iris-161,right_iris-246,middle_left_right,center_edge_top_left,center_edge_top_right,center_edge_bottom_left,center_edge_bottom_right
34.17601498127012,30.870698080866262,23.853720883753127,15.811388300841896,12.36931687685298,16.1245154965971,21.37755832643195,26.019223662515376,30.265491900843113,27.65863337187866,23.40939982143925,17.4928556845359,9.486832980505138,10.816653826391969,20.0,29.120439557122072,30.01666203960727,23.194827009486403,19.313207915827967,16.64331697709324,13.038404810405298,10.44030650891055,13.892443989449804,21.213203435596427,27.018512172212592,26.30589287593181,19.697715603592208,12.206555615733702,9.848857801796104,14.317821063276353,18.110770276274835,21.02379604162864,599.4163828258284,552.268050859363,579.827560572969,442.83179650969055,70.8590149522275
