left_iris-362,left_iris-382,left_iris-381,left_iris-380,left_iris-374,left_iris-373,left_iris-390,left_iris-249,left_iris-263,left_iris-466,left_iris-388,left_iris-387,left_iris-386,left_iris-385,left_iris-384,left_iris-398,right_iris-133,right_iris-33,right_iris-7,right_iris-163,right_iris-144,right_iris-145,right_iris-153,right_iris-154,right_iris-155,right_iris-173,right_iris-157,right_iris-158,right_iris-159,right_iris-160,right_iris-161,right_iris-246,middle_left_right,center_edge_top_left,center_edge_top_right,center_edge_bottom_left,center_edge_bottom_right
34.48187929913333,31.016124838541646,25.059928172283335,17.204650534085253,14.317821063276353,19.209372712298546,25.298221281347036,29.274562336608895,33.06055050963308,31.400636936215164,28.160255680657446,23.323807579381203,15.652475842498529,13.892443989449804,20.615528128088304,29.274562336608895,41.23105625617661,33.13608305156178,28.160255680657446,23.706539182259394,17.804493814764857,15.132745950421556,20.518284528683193,30.463092423455635,37.64306044943742,35.35533905932738,25.317977802344327,14.866068747318506,11.40175425099138,18.788294228055936,25.317977802344327,29.0,675.6330364924439,640.7651675926212,660.4392477737828,517.5712511336,78.00640999302557
