left_iris-362,left_iris-382,left_iris-381,left_iris-380,left_iris-374,left_iris-373,left_iris-390,left_iris-249,left_iris-263,left_iris-466,left_iris-388,left_iris-387,left_iris-386,left_iris-385,left_iris-384,left_iris-398,right_iris-133,right_iris-33,right_iris-7,right_iris-163,right_iris-144,right_iris-145,right_iris-153,right_iris-154,right_iris-155,right_iris-173,right_iris-157,right_iris-158,right_iris-159,right_iris-160,right_iris-161,right_iris-246,middle_left_right,center_edge_top_left,center_edge_top_right,center_edge_bottom_left,center_edge_bottom_right
43.01162633521314,39.11521443121589,31.400636936215164,21.540659228538015,12.806248474865697,11.180339887498949,15.811388300841896,20.248456731316587,24.186773244895647,21.0,16.278820596099706,10.0,9.433981132056603,18.788294228055936,29.427877939124322,38.01315561749642,30.14962686336267,33.13608305156178,30.59411708155671,27.202941017470888,21.470910553583888,13.601470508735444,11.180339887498949,18.788294228055936,25.709920264364882,26.019223662515376,19.313207915827967,11.180339887498949,13.038404810405298,20.615528128088304,27.294688127912362,30.01666203960727,693.7326574408905,625.2719408385443,667.9558368634861,542.00092250844,80.05623023850174
