left_iris-362,left_iris-382,left_iris-381,left_iris-380,left_iris-374,left_iris-373,left_iris-390,left_iris-249,left_iris-263,left_iris-466,left_iris-388,left_iris-387,left_iris-386,left_iris-385,left_iris-384,left_iris-398,right_iris-133,right_iris-33,right_iris-7,right_iris-163,right_iris-144,right_iris-145,right_iris-153,right_iris-154,right_iris-155,right_iris-173,right_iris-157,right_iris-158,right_iris-159,right_iris-160,right_iris-161,right_iris-246,middle_left_right,center_edge_top_left,center_edge_top_right,center_edge_bottom_left,center_edge_bottom_right
37.12142238654117,33.015148038438355,25.079872407968907,15.652475842498529,11.40175425099138,14.422205101855956,18.601075237738275,22.360679774997898,25.0,22.360679774997898,18.027756377319946,11.40175425099138,6.0,13.601470508735444,24.351591323771842,32.55764119219941,39.293765408777,29.0,24.186773244895647,19.924858845171276,14.212670403551895,11.045361017187261,17.69180601295413,27.313000567495326,34.785054261852174,35.510561809129406,26.019223662515376,14.317821063276353,5.830951894845301,11.180339887498949,19.4164878389476,24.08318915758459,664.0820732409511,622.5793122165239,646.6877144340999,506.4632267006164,81.39410298049853
