left_iris-362,left_iris-382,left_iris-381,left_iris-380,left_iris-374,left_iris-373,left_iris-390,left_iris-249,left_iris-263,left_iris-466,left_iris-388,left_iris-387,left_iris-386,left_iris-385,left_iris-384,left_iris-398,right_iris-133,right_iris-33,right_iris-7,right_iris-163,right_iris-144,right_iris-145,right_iris-153,right_iris-154,right_iris-155,right_iris-173,right_iris-157,right_iris-158,right_iris-159,right_iris-160,right_iris-161,right_iris-246,middle_left_right,center_edge_top_left,center_edge_top_right,center_edge_bottom_left,center_edge_bottom_right
35.510561809129406,32.01562118716424,25.079872407968907,17.029386365926403,14.142135623730951,18.439088914585774,23.769728648009426,27.459060435491963,32.0,28.0178514522438,24.331050121192877,18.384776310850235,10.295630140987,12.041594578792296,21.587033144922902,30.066592756745816,34.92849839314596,34.058772731852805,29.832867780352597,26.0,20.615528128088304,15.297058540778355,17.204650534085253,24.596747752497688,31.32091952673165,29.154759474226502,19.4164878389476,10.0,12.041594578792296,21.18962010041709,28.160255680657446,31.0,667.4159123065616,599.9533315183774,641.8286375661341,515.6006206357786,80.02499609497022
