left_iris-362,left_iris-382,left_iris-381,left_iris-380,left_iris-374,left_iris-373,left_iris-390,left_iris-249,left_iris-263,left_iris-466,left_iris-388,left_iris-387,left_iris-386,left_iris-385,left_iris-384,left_iris-398,right_iris-133,right_iris-33,right_iris-7,right_iris-163,right_iris-144,right_iris-145,right_iris-153,right_iris-154,right_iris-155,right_iris-173,right_iris-157,right_iris-158,right_iris-159,right_iris-160,right_iris-161,right_iris-246,middle_left_right,center_edge_top_left,center_edge_top_right,center_edge_bottom_left,center_edge_bottom_right
25.019992006393608,22.0,17.029386365926403,8.54400374531753,4.123105625617661,10.770329614269007,17.26267650163207,22.20360331117452,26.019223662515376,22.090722034374522,18.110770276274835,11.180339887498949,1.4142135623730951,7.0,16.1245154965971,22.090722034374522,25.317977802344327,30.01666203960727,25.079872407968907,20.09975124224178,13.152946437965905,2.8284271247461903,7.0,16.1245154965971,22.20360331117452,22.360679774997898,16.278820596099706,7.0,3.1622776601683795,13.152946437965905,20.09975124224178,25.019992006393608,653.4370665947869,583.8492956234511,627.1204031125123,502.5733777270738,69.00724599634447
