left_iris-362,left_iris-382,left_iris-381,left_iris-380,left_iris-374,left_iris-373,left_iris-390,left_iris-249,left_iris-263,left_iris-466,left_iris-388,left_iris-387,left_iris-386,left_iris-385,left_iris-384,left_iris-398,right_iris-133,right_iris-33,right_iris-7,right_iris-163,right_iris-144,right_iris-145,right_iris-153,right_iris-154,right_iris-155,right_iris-173,right_iris-157,right_iris-158,right_iris-159,right_iris-160,right_iris-161,right_iris-246,middle_left_right,center_edge_top_left,center_edge_top_right,center_edge_bottom_left,center_edge_bottom_right
29.410882339705484,26.570660511172846,20.12461179749811,12.041594578792296,7.0,11.661903789690601,17.72004514666935,22.561028345356956,26.30589287593181,22.02271554554524,17.11724276862369,11.180339887498949,6.082762530298219,10.44030650891055,19.026297590440446,25.495097567963924,26.019223662515376,20.615528128088304,18.027756377319946,14.317821063276353,10.0,6.0,9.848857801796104,17.11724276862369,22.02271554554524,22.20360331117452,16.76305461424021,9.219544457292887,6.082762530298219,9.486832980505138,14.0,18.24828759089466,515.046599833452,448.74603062311314,488.84864733371205,365.20268345125834,74.10802925459562
