left_iris-362,left_iris-382,left_iris-381,left_iris-380,left_iris-374,left_iris-373,left_iris-390,left_iris-249,left_iris-263,left_iris-466,left_iris-388,left_iris-387,left_iris-386,left_iris-385,left_iris-384,left_iris-398,right_iris-133,right_iris-33,right_iris-7,right_iris-163,right_iris-144,right_iris-145,right_iris-153,right_iris-154,right_iris-155,right_iris-173,right_iris-157,right_iris-158,right_iris-159,right_iris-160,right_iris-161,right_iris-246,middle_left_right,center_edge_top_left,center_edge_top_right,center_edge_bottom_left,center_edge_bottom_right
36.87817782917155,34.20526275297414,27.51363298439521,18.439088914585774,13.152946437965905,16.278820596099706,21.02379604162864,25.495097567963924,30.01666203960727,27.073972741361768,23.345235059857504,17.08800749063506,8.06225774829855,10.816653826391969,22.090722034374522,32.2490309931942,35.510561809129406,31.064449134018133,26.1725046566048,20.8806130178211,14.212670403551895,10.04987562112089,15.811388300841896,25.96150997149434,32.55764119219941,31.064449134018133,21.37755832643195,10.63014581273465,8.602325267042627,18.027756377319946,24.331050121192877,28.160255680657446,796.2694267645845,730.2362631368015,771.6508277712142,642.919123996168,86.00581375697809
