left_iris-362,left_iris-382,left_iris-381,left_iris-380,left_iris-374,left_iris-373,left_iris-390,left_iris-249,left_iris-263,left_iris-466,left_iris-388,left_iris-387,left_iris-386,left_iris-385,left_iris-384,left_iris-398,right_iris-133,right_iris-33,right_iris-7,right_iris-163,right_iris-144,right_iris-145,right_iris-153,right_iris-154,right_iris-155,right_iris-173,right_iris-157,right_iris-158,right_iris-159,right_iris-160,right_iris-161,right_iris-246,middle_left_right,center_edge_top_left,center_edge_top_right,center_edge_bottom_left,center_edge_bottom_right
39.11521443121589,35.35533905932738,28.861739379323623,19.4164878389476,14.560219778561036,16.1245154965971,20.0,23.259406699226016,26.476404589747453,24.08318915758459,21.02379604162864,15.231546211727817,9.219544457292887,14.212670403551895,24.73863375370596,34.0147027033899,38.8329756778952,36.0,31.25699921617557,25.96150997149434,18.867962264113206,13.341664064126334,16.278820596099706,26.0,34.20526275297414,33.13608305156178,23.53720459187964,13.45362404707371,11.180339887498949,20.615528128088304,27.459060435491963,32.0624390837628,839.4909171634914,777.1389837088344,816.1770641227307,684.8686005358984,86.28441342444185
