left_iris-362,left_iris-382,left_iris-381,left_iris-380,left_iris-374,left_iris-373,left_iris-390,left_iris-249,left_iris-263,left_iris-466,left_iris-388,left_iris-387,left_iris-386,left_iris-385,left_iris-384,left_iris-398,right_iris-133,right_iris-33,right_iris-7,right_iris-163,right_iris-144,right_iris-145,right_iris-153,right_iris-154,right_iris-155,right_iris-173,right_iris-157,right_iris-158,right_iris-159,right_iris-160,right_iris-161,right_iris-246,middle_left_right,center_edge_top_left,center_edge_top_right,center_edge_bottom_left,center_edge_bottom_right
36.124783736376884,32.38826948140329,24.041630560342615,14.866068747318506,12.041594578792296,17.029386365926403,23.40939982143925,27.65863337187866,33.13608305156178,28.0178514522438,23.021728866442675,15.524174696260024,6.708203932499369,11.661903789690601,23.345235059857504,32.0,35.05709628591621,27.294688127912362,24.041630560342615,21.02379604162864,16.278820596099706,12.041594578792296,14.866068747318506,23.769728648009426,31.25699921617557,31.064449134018133,22.561028345356956,12.206555615733702,7.280109889280518,14.560219778561036,21.02379604162864,25.079872407968907,741.5827667900596,673.5317364460267,716.1319710779571,589.27497825718,85.21150157109074
