left_iris-362,left_iris-382,left_iris-381,left_iris-380,left_iris-374,left_iris-373,left_iris-390,left_iris-249,left_iris-263,left_iris-466,left_iris-388,left_iris-387,left_iris-386,left_iris-385,left_iris-384,left_iris-398,right_iris-133,right_iris-33,right_iris-7,right_iris-163,right_iris-144,right_iris-145,right_iris-153,right_iris-154,right_iris-155,right_iris-173,right_iris-157,right_iris-158,right_iris-159,right_iris-160,right_iris-161,right_iris-246,middle_left_right,center_edge_top_left,center_edge_top_right,center_edge_bottom_left,center_edge_bottom_right
36.49657518178932,32.984845004941285,24.698178070456937,16.278820596099706,13.152946437965905,17.804493814764857,23.40939982143925,27.294688127912362,32.0,29.068883707497267,25.495097567963924,19.697715603592208,11.180339887498949,12.806248474865697,21.587033144922902,31.016124838541646,34.713109915419565,35.014282800023196,30.59411708155671,26.92582403567252,21.400934559032695,15.524174696260024,15.811388300841896,24.166091947189145,31.32091952673165,30.14962686336267,20.396078054371138,10.816653826391969,12.041594578792296,22.135943621178654,28.284271247461902,32.01562118716424,672.7057306133195,605.33709617039,647.1730834946707,520.8003456220051,81.0
