left_iris-362,left_iris-382,left_iris-381,left_iris-380,left_iris-374,left_iris-373,left_iris-390,left_iris-249,left_iris-263,left_iris-466,left_iris-388,left_iris-387,left_iris-386,left_iris-385,left_iris-384,left_iris-398,right_iris-133,right_iris-33,right_iris-7,right_iris-163,right_iris-144,right_iris-145,right_iris-153,right_iris-154,right_iris-155,right_iris-173,right_iris-157,right_iris-158,right_iris-159,right_iris-160,right_iris-161,right_iris-246,middle_left_right,center_edge_top_left,center_edge_top_right,center_edge_bottom_left,center_edge_bottom_right
10.770329614269007,8.602325267042627,6.082762530298219,10.63014581273465,18.35755975068582,26.92582403567252,33.52610922848042,39.293765408777,43.93176527297759,40.44749683231337,36.124783736376884,30.066592756745816,20.615528128088304,11.661903789690601,3.0,6.082762530298219,40.11234224026316,20.248456731316587,15.811388300841896,12.206555615733702,10.04987562112089,15.0,23.08679276123039,31.400636936215164,37.21558813185679,36.0,29.427877939124322,20.12461179749811,11.40175425099138,7.810249675906654,12.041594578792296,16.278820596099706,644.4656701485347,602.358697123234,626.76630413576,486.9661179178691,83.00602387778854
