left_iris-362,left_iris-382,left_iris-381,left_iris-380,left_iris-374,left_iris-373,left_iris-390,left_iris-249,left_iris-263,left_iris-466,left_iris-388,left_iris-387,left_iris-386,left_iris-385,left_iris-384,left_iris-398,right_iris-133,right_iris-33,right_iris-7,right_iris-163,right_iris-144,right_iris-145,right_iris-153,right_iris-154,right_iris-155,right_iris-173,right_iris-157,right_iris-158,right_iris-159,right_iris-160,right_iris-161,right_iris-246,middle_left_right,center_edge_top_left,center_edge_top_right,center_edge_bottom_left,center_edge_bottom_right
24.020824298928627,22.0,17.029386365926403,10.198039027185569,4.47213595499958,7.810249675906654,11.704699910719626,15.524174696260024,19.235384061671343,17.11724276862369,14.0,9.219544457292887,5.385164807134504,7.810249675906654,15.524174696260024,21.095023109728988,23.769728648009426,27.294688127912362,23.08679276123039,20.0,14.142135623730951,7.0710678118654755,7.810249675906654,15.231546211727817,20.8806130178211,21.37755832643195,15.0,5.830951894845301,6.4031242374328485,15.231546211727817,20.615528128088304,24.515301344262525,787.5531728080333,727.9697795925323,764.9444424270301,632.4871540197477,58.42088667591412
