left_iris-362,left_iris-382,left_iris-381,left_iris-380,left_iris-374,left_iris-373,left_iris-390,left_iris-249,left_iris-263,left_iris-466,left_iris-388,left_iris-387,left_iris-386,left_iris-385,left_iris-384,left_iris-398,right_iris-133,right_iris-33,right_iris-7,right_iris-163,right_iris-144,right_iris-145,right_iris-153,right_iris-154,right_iris-155,right_iris-173,right_iris-157,right_iris-158,right_iris-159,right_iris-160,right_iris-161,right_iris-246,middle_left_right,center_edge_top_left,center_edge_top_right,center_edge_bottom_left,center_edge_bottom_right
30.364452901377952,27.51363298439521,21.540659228538015,13.601470508735444,7.0710678118654755,11.180339887498949,18.24828759089466,24.020824298928627,31.064449134018133,26.1725046566048,21.37755832643195,14.866068747318506,5.830951894845301,8.54400374531753,18.027756377319946,25.709920264364882,30.01666203960727,22.561028345356956,19.313207915827967,14.7648230602334,9.899494936611665,7.615773105863909,13.92838827718412,22.090722034374522,27.0,26.1725046566048,18.681541692269406,9.219544457292887,5.0,12.165525060596439,17.029386365926403,20.396078054371138,600.2166275604167,530.4337847460322,573.5503465259175,450.1777426750461,77.92945527847606
