left_iris-362,left_iris-382,left_iris-381,left_iris-380,left_iris-374,left_iris-373,left_iris-390,left_iris-249,left_iris-263,left_iris-466,left_iris-388,left_iris-387,left_iris-386,left_iris-385,left_iris-384,left_iris-398,right_iris-133,right_iris-33,right_iris-7,right_iris-163,right_iris-144,right_iris-145,right_iris-153,right_iris-154,right_iris-155,right_iris-173,right_iris-157,right_iris-158,right_iris-159,right_iris-160,right_iris-161,right_iris-246,middle_left_right,center_edge_top_left,center_edge_top_right,center_edge_bottom_left,center_edge_bottom_right
38.2099463490856,34.36568055487916,25.96150997149434,14.212670403551895,10.770329614269007,20.591260281974,28.160255680657446,33.54101966249684,38.118237105091836,34.0147027033899,30.01666203960727,22.360679774997898,10.0,8.602325267042627,22.20360331117452,33.015148038438355,35.22782990761707,36.124783736376884,30.4138126514911,25.709920264364882,17.88854381999832,9.486832980505138,12.806248474865697,23.769728648009426,31.400636936215164,31.0,22.360679774997898,10.816653826391969,8.06225774829855,18.681541692269406,26.076809620810597,32.01562118716424,643.0870858600723,602.3794485206148,625.8282511999598,485.4492764439968,90.00555538409837
