left_iris-362,left_iris-382,left_iris-381,left_iris-380,left_iris-374,left_iris-373,left_iris-390,left_iris-249,left_iris-263,left_iris-466,left_iris-388,left_iris-387,left_iris-386,left_iris-385,left_iris-384,left_iris-398,right_iris-133,right_iris-33,right_iris-7,right_iris-163,right_iris-144,right_iris-145,right_iris-153,right_iris-154,right_iris-155,right_iris-173,right_iris-157,right_iris-158,right_iris-159,right_iris-160,right_iris-161,right_iris-246,middle_left_right,center_edge_top_left,center_edge_top_right,center_edge_bottom_left,center_edge_bottom_right
33.83784863137726,30.083217912982647,23.706539182259394,14.866068747318506,9.055385138137417,12.206555615733702,17.46424919657298,22.090722034374522,26.019223662515376,22.20360331117452,17.72004514666935,12.206555615733702,7.0710678118654755,12.083045973594572,21.02379604162864,29.832867780352597,28.0178514522438,25.709920264364882,22.47220505424423,19.235384061671343,14.866068747318506,10.04987562112089,12.041594578792296,18.439088914585774,25.079872407968907,24.08318915758459,17.08800749063506,10.0,8.06225774829855,14.317821063276353,20.024984394500787,23.194827009486403,516.9487402054482,440.1545183228272,487.58178801099615,372.0698859085481,75.23961722390672
