left_iris-362,left_iris-382,left_iris-381,left_iris-380,left_iris-374,left_iris-373,left_iris-390,left_iris-249,left_iris-263,left_iris-466,left_iris-388,left_iris-387,left_iris-386,left_iris-385,left_iris-384,left_iris-398,right_iris-133,right_iris-33,right_iris-7,right_iris-163,right_iris-144,right_iris-145,right_iris-153,right_iris-154,right_iris-155,right_iris-173,right_iris-157,right_iris-158,right_iris-159,right_iris-160,right_iris-161,right_iris-246,middle_left_right,center_edge_top_left,center_edge_top_right,center_edge_bottom_left,center_edge_bottom_right
30.083217912982647,26.92582403567252,20.248456731316587,14.317821063276353,14.866068747318506,20.808652046684813,26.570660511172846,31.400636936215164,37.013511046643494,32.0624390837628,28.284271247461902,21.18962010041709,12.041594578792296,8.94427190999916,16.492422502470642,25.317977802344327,32.55764119219941,29.0,25.317977802344327,21.18962010041709,17.204650534085253,12.36931687685298,14.212670403551895,22.847319317591726,28.861739379323623,29.068883707497267,20.223748416156685,10.816653826391969,7.615773105863909,15.811388300841896,22.20360331117452,26.019223662515376,683.7733542629458,593.0817818817233,651.1113576032905,543.0893112555245,84.00595217006948
