left_iris-362,left_iris-382,left_iris-381,left_iris-380,left_iris-374,left_iris-373,left_iris-390,left_iris-249,left_iris-263,left_iris-466,left_iris-388,left_iris-387,left_iris-386,left_iris-385,left_iris-384,left_iris-398,right_iris-133,right_iris-33,right_iris-7,right_iris-163,right_iris-144,right_iris-145,right_iris-153,right_iris-154,right_iris-155,right_iris-173,right_iris-157,right_iris-158,right_iris-159,right_iris-160,right_iris-161,right_iris-246,middle_left_right,center_edge_top_left,center_edge_top_right,center_edge_bottom_left,center_edge_bottom_right
30.01666203960727,26.076809620810597,21.213203435596427,13.0,6.324555320336759,10.0,17.08800749063506,22.80350850198276,28.284271247461902,23.194827009486403,18.027756377319946,10.198039027185569,4.0,10.770329614269007,19.235384061671343,26.019223662515376,25.179356624028344,22.561028345356956,18.973665961010276,15.231546211727817,10.0,5.0,9.486832980505138,17.029386365926403,22.02271554554524,22.360679774997898,17.08800749063506,8.602325267042627,4.123105625617661,9.219544457292887,15.033296378372908,19.235384061671343,606.8014502289856,561.3448138176748,587.7992854708144,449.89776616471437,82.29823813423954
