left_iris-362,left_iris-382,left_iris-381,left_iris-380,left_iris-374,left_iris-373,left_iris-390,left_iris-249,left_iris-263,left_iris-466,left_iris-388,left_iris-387,left_iris-386,left_iris-385,left_iris-384,left_iris-398,right_iris-133,right_iris-33,right_iris-7,right_iris-163,right_iris-144,right_iris-145,right_iris-153,right_iris-154,right_iris-155,right_iris-173,right_iris-157,right_iris-158,right_iris-159,right_iris-160,right_iris-161,right_iris-246,middle_left_right,center_edge_top_left,center_edge_top_right,center_edge_bottom_left,center_edge_bottom_right
22.80350850198276,20.248456731316587,16.55294535724685,10.63014581273465,8.06225774829855,11.40175425099138,14.866068747318506,18.24828759089466,21.02379604162864,19.0,16.1245154965971,11.40175425099138,5.0,5.830951894845301,13.038404810405298,19.235384061671343,27.16615541441225,22.360679774997898,18.973665961010276,15.264337522473747,11.40175425099138,8.54400374531753,13.038404810405298,19.4164878389476,25.179356624028344,23.0,16.278820596099706,7.810249675906654,5.0,12.165525060596439,17.029386365926403,20.223748416156685,733.1425509408112,659.4679673797659,705.9022595232288,583.0077186453024,61.1310068623117
