left_iris-362,left_iris-382,left_iris-381,left_iris-380,left_iris-374,left_iris-373,left_iris-390,left_iris-249,left_iris-263,left_iris-466,left_iris-388,left_iris-387,left_iris-386,left_iris-385,left_iris-384,left_iris-398,right_iris-133,right_iris-33,right_iris-7,right_iris-163,right_iris-144,right_iris-145,right_iris-153,right_iris-154,right_iris-155,right_iris-173,right_iris-157,right_iris-158,right_iris-159,right_iris-160,right_iris-161,right_iris-246,middle_left_right,center_edge_top_left,center_edge_top_right,center_edge_bottom_left,center_edge_bottom_right
29.274562336608895,26.30589287593181,20.615528128088304,14.7648230602334,8.94427190999916,8.602325267042627,12.529964086141668,15.524174696260024,19.1049731745428,16.0,13.038404810405298,7.615773105863909,4.47213595499958,10.770329614269007,19.1049731745428,26.019223662515376,25.179356624028344,24.08318915758459,20.396078054371138,17.08800749063506,12.206555615733702,8.06225774829855,10.63014581273465,17.72004514666935,23.345235059857504,22.0,16.278820596099706,7.810249675906654,5.830951894845301,12.36931687685298,17.029386365926403,21.0,602.3221729274127,568.7635712666556,587.1047606688264,444.28819475651164,67.0
