left_iris-362,left_iris-382,left_iris-381,left_iris-380,left_iris-374,left_iris-373,left_iris-390,left_iris-249,left_iris-263,left_iris-466,left_iris-388,left_iris-387,left_iris-386,left_iris-385,left_iris-384,left_iris-398,right_iris-133,right_iris-33,right_iris-7,right_iris-163,right_iris-144,right_iris-145,right_iris-153,right_iris-154,right_iris-155,right_iris-173,right_iris-157,right_iris-158,right_iris-159,right_iris-160,right_iris-161,right_iris-246,middle_left_right,center_edge_top_left,center_edge_top_right,center_edge_bottom_left,center_edge_bottom_right
39.56008088970496,35.73513677041127,28.231188426986208,17.804493814764857,10.198039027185569,12.806248474865697,19.6468827043885,25.179356624028344,31.016124838541646,27.16615541441225,21.587033144922902,14.7648230602334,8.0,13.416407864998739,24.020824298928627,34.52535300326414,37.0,26.68332812825267,23.769728648009426,19.72308292331602,14.212670403551895,10.44030650891055,16.55294535724685,26.1725046566048,34.0147027033899,33.13608305156178,23.769728648009426,13.038404810405298,7.280109889280518,13.341664064126334,20.024984394500787,24.186773244895647,594.3475414267313,544.2876077957314,573.8022307380828,438.34803524140494,88.45903006477066
