left_iris-362,left_iris-382,left_iris-381,left_iris-380,left_iris-374,left_iris-373,left_iris-390,left_iris-249,left_iris-263,left_iris-466,left_iris-388,left_iris-387,left_iris-386,left_iris-385,left_iris-384,left_iris-398,right_iris-133,right_iris-33,right_iris-7,right_iris-163,right_iris-144,right_iris-145,right_iris-153,right_iris-154,right_iris-155,right_iris-173,right_iris-157,right_iris-158,right_iris-159,right_iris-160,right_iris-161,right_iris-246,middle_left_right,center_edge_top_left,center_edge_top_right,center_edge_bottom_left,center_edge_bottom_right
22.090722034374522,19.235384061671343,15.297058540778355,10.295630140987,6.324555320336759,7.810249675906654,10.295630140987,12.649110640673518,15.132745950421556,13.0,11.180339887498949,7.211102550927978,5.0,8.602325267042627,14.317821063276353,19.0,21.213203435596427,19.0,16.1245154965971,13.341664064126334,9.433981132056603,5.0990195135927845,7.810249675906654,13.601470508735444,18.439088914585774,18.0,13.341664064126334,7.810249675906654,6.324555320336759,10.295630140987,14.317821063276353,17.11724276862369,745.3710485389139,681.892953475837,721.3723033219393,591.5893846241665,50.00999900019995
