left_iris-362,left_iris-382,left_iris-381,left_iris-380,left_iris-374,left_iris-373,left_iris-390,left_iris-249,left_iris-263,left_iris-466,left_iris-388,left_iris-387,left_iris-386,left_iris-385,left_iris-384,left_iris-398,right_iris-133,right_iris-33,right_iris-7,right_iris-163,right_iris-144,right_iris-145,right_iris-153,right_iris-154,right_iris-155,right_iris-173,right_iris-157,right_iris-158,right_iris-159,right_iris-160,right_iris-161,right_iris-246,middle_left_right,center_edge_top_left,center_edge_top_right,center_edge_bottom_left,center_edge_bottom_right
32.01562118716424,29.068883707497267,22.360679774997898,13.416407864998739,7.280109889280518,11.313708498984761,16.55294535724685,20.8806130178211,24.186773244895647,22.02271554554524,18.027756377319946,12.649110640673518,7.0710678118654755,11.40175425099138,20.615528128088304,28.0178514522438,33.24154027718932,36.22154055254967,31.0,26.076809620810597,18.681541692269406,10.0,12.206555615733702,21.470910553583888,29.410882339705484,28.442925306655784,19.026297590440446,8.48528137423857,10.63014581273465,20.615528128088304,27.65863337187866,32.38826948140329,721.0249648937269,664.9639087950563,699.2689039275234,565.4882845824483,76.53103945458993
