left_iris-362,left_iris-382,left_iris-381,left_iris-380,left_iris-374,left_iris-373,left_iris-390,left_iris-249,left_iris-263,left_iris-466,left_iris-388,left_iris-387,left_iris-386,left_iris-385,left_iris-384,left_iris-398,right_iris-133,right_iris-33,right_iris-7,right_iris-163,right_iris-144,right_iris-145,right_iris-153,right_iris-154,right_iris-155,right_iris-173,right_iris-157,right_iris-158,right_iris-159,right_iris-160,right_iris-161,right_iris-246,middle_left_right,center_edge_top_left,center_edge_top_right,center_edge_bottom_left,center_edge_bottom_right
38.118237105091836,34.23448553724738,26.68332812825267,17.0,10.770329614269007,12.206555615733702,16.64331697709324,21.18962010041709,24.331050121192877,21.095023109728988,17.0,10.44030650891055,5.0990195135927845,13.92838827718412,25.179356624028344,34.0,27.459060435491963,29.068883707497267,25.495097567963924,21.18962010041709,16.64331697709324,10.770329614269007,10.816653826391969,18.384776310850235,24.73863375370596,24.020824298928627,16.278820596099706,7.810249675906654,7.0710678118654755,15.524174696260024,22.02271554554524,26.019223662515376,805.0155278005512,724.1892017974309,775.7899200170108,657.3051041943916,77.02596964660685
