left_iris-362,left_iris-382,left_iris-381,left_iris-380,left_iris-374,left_iris-373,left_iris-390,left_iris-249,left_iris-263,left_iris-466,left_iris-388,left_iris-387,left_iris-386,left_iris-385,left_iris-384,left_iris-398,right_iris-133,right_iris-33,right_iris-7,right_iris-163,right_iris-144,right_iris-145,right_iris-153,right_iris-154,right_iris-155,right_iris-173,right_iris-157,right_iris-158,right_iris-159,right_iris-160,right_iris-161,right_iris-246,middle_left_right,center_edge_top_left,center_edge_top_right,center_edge_bottom_left,center_edge_bottom_right
36.22154055254967,33.37663853655727,25.709920264364882,16.64331697709324,11.180339887498949,14.212670403551895,19.72308292331602,24.041630560342615,29.274562336608895,26.076809620810597,22.02271554554524,16.76305461424021,8.94427190999916,11.313708498984761,21.587033144922902,31.0,37.64306044943742,28.0,23.345235059857504,18.973665961010276,14.212670403551895,11.045361017187261,17.69180601295413,26.40075756488817,33.83784863137726,32.55764119219941,23.0,12.083045973594572,7.0710678118654755,14.317821063276353,20.396078054371138,25.079872407968907,686.7350289594962,617.2560246769568,660.6095669909723,535.4484102133463,81.2219182240853
