left_iris-362,left_iris-382,left_iris-381,left_iris-380,left_iris-374,left_iris-373,left_iris-390,left_iris-249,left_iris-263,left_iris-466,left_iris-388,left_iris-387,left_iris-386,left_iris-385,left_iris-384,left_iris-398,right_iris-133,right_iris-33,right_iris-7,right_iris-163,right_iris-144,right_iris-145,right_iris-153,right_iris-154,right_iris-155,right_iris-173,right_iris-157,right_iris-158,right_iris-159,right_iris-160,right_iris-161,right_iris-246,middle_left_right,center_edge_top_left,center_edge_top_right,center_edge_bottom_left,center_edge_bottom_right
30.066592756745816,26.30589287593181,20.615528128088304,13.038404810405298,8.246211251235321,11.313708498984761,15.652475842498529,19.924858845171276,23.194827009486403,20.09975124224178,16.0,10.198039027185569,4.0,10.44030650891055,19.1049731745428,26.0,28.0178514522438,23.345235059857504,19.924858845171276,15.652475842498529,10.63014581273465,8.54400374531753,13.416407864998739,20.396078054371138,25.179356624028344,25.019992006393608,18.24828759089466,10.295630140987,5.0,9.486832980505138,16.0,20.09975124224178,758.0402363990977,704.7162549565605,737.3092973779728,601.7682278086805,80.15609770940699
