left_iris-362,left_iris-382,left_iris-381,left_iris-380,left_iris-374,left_iris-373,left_iris-390,left_iris-249,left_iris-263,left_iris-466,left_iris-388,left_iris-387,left_iris-386,left_iris-385,left_iris-384,left_iris-398,right_iris-133,right_iris-33,right_iris-7,right_iris-163,right_iris-144,right_iris-145,right_iris-153,right_iris-154,right_iris-155,right_iris-173,right_iris-157,right_iris-158,right_iris-159,right_iris-160,right_iris-161,right_iris-246,middle_left_right,center_edge_top_left,center_edge_top_right,center_edge_bottom_left,center_edge_bottom_right
21.213203435596427,18.681541692269406,14.317821063276353,9.433981132056603,9.486832980505138,13.601470508735444,17.46424919657298,19.924858845171276,22.20360331117452,20.024984394500787,18.110770276274835,13.92838827718412,8.602325267042627,7.211102550927978,12.649110640673518,18.0,28.284271247461902,21.095023109728988,17.72004514666935,13.892443989449804,10.0,9.219544457292887,13.601470508735444,19.924858845171276,25.495097567963924,25.079872407968907,18.110770276274835,10.295630140987,6.082762530298219,8.94427190999916,14.142135623730951,18.0,747.9872993574155,687.8117475007242,725.041378129552,593.2832375855565,58.077534382926416
