left_iris-362,left_iris-382,left_iris-381,left_iris-380,left_iris-374,left_iris-373,left_iris-390,left_iris-249,left_iris-263,left_iris-466,left_iris-388,left_iris-387,left_iris-386,left_iris-385,left_iris-384,left_iris-398,right_iris-133,right_iris-33,right_iris-7,right_iris-163,right_iris-144,right_iris-145,right_iris-153,right_iris-154,right_iris-155,right_iris-173,right_iris-157,right_iris-158,right_iris-159,right_iris-160,right_iris-161,right_iris-246,middle_left_right,center_edge_top_left,center_edge_top_right,center_edge_bottom_left,center_edge_bottom_right
31.400636936215164,28.635642126552707,22.135943621178654,14.422205101855956,10.198039027185569,11.40175425099138,15.652475842498529,18.681541692269406,22.02271554554524,19.026297590440446,16.278820596099706,11.661903789690601,8.0,12.206555615733702,20.396078054371138,27.018512172212592,27.16615541441225,17.11724276862369,14.866068747318506,12.206555615733702,9.848857801796104,10.770329614269007,14.422205101855956,20.615528128088304,25.317977802344327,25.0,18.681541692269406,12.206555615733702,8.06225774829855,9.219544457292887,12.36931687685298,15.0,683.2642241475841,601.5396911260303,653.3375850201793,537.4476718714111,64.03124237432849
