left_iris-362,left_iris-382,left_iris-381,left_iris-380,left_iris-374,left_iris-373,left_iris-390,left_iris-249,left_iris-263,left_iris-466,left_iris-388,left_iris-387,left_iris-386,left_iris-385,left_iris-384,left_iris-398,right_iris-133,right_iris-33,right_iris-7,right_iris-163,right_iris-144,right_iris-145,right_iris-153,right_iris-154,right_iris-155,right_iris-173,right_iris-157,right_iris-158,right_iris-159,right_iris-160,right_iris-161,right_iris-246,middle_left_right,center_edge_top_left,center_edge_top_right,center_edge_bottom_left,center_edge_bottom_right
29.614185789921695,26.476404589747453,21.095023109728988,13.038404810405298,5.656854249492381,8.48528137423857,15.231546211727817,19.6468827043885,24.186773244895647,21.095023109728988,17.029386365926403,10.04987562112089,3.1622776601683795,9.433981132056603,19.313207915827967,26.92582403567252,29.274562336608895,26.019223662515376,21.095023109728988,17.46424919657298,11.661903789690601,8.0,12.206555615733702,19.924858845171276,25.495097567963924,25.079872407968907,19.026297590440446,8.54400374531753,4.123105625617661,11.704699910719626,18.24828759089466,22.090722034374522,734.0633487649415,665.9196648245193,708.5541616559739,581.8496369338044,72.83543093852057
