left_iris-362,left_iris-382,left_iris-381,left_iris-380,left_iris-374,left_iris-373,left_iris-390,left_iris-249,left_iris-263,left_iris-466,left_iris-388,left_iris-387,left_iris-386,left_iris-385,left_iris-384,left_iris-398,right_iris-133,right_iris-33,right_iris-7,right_iris-163,right_iris-144,right_iris-145,right_iris-153,right_iris-154,right_iris-155,right_iris-173,right_iris-157,right_iris-158,right_iris-159,right_iris-160,right_iris-161,right_iris-246,middle_left_right,center_edge_top_left,center_edge_top_right,center_edge_bottom_left,center_edge_bottom_right
24.020824298928627,21.095023109728988,16.1245154965971,8.54400374531753,3.1622776601683795,9.486832980505138,15.132745950421556,19.1049731745428,22.0,19.0,15.033296378372908,9.055385138137417,1.0,8.06225774829855,16.0312195418814,21.0,22.02271554554524,22.090722034374522,20.223748416156685,17.26267650163207,12.649110640673518,5.656854249492381,5.830951894845301,13.152946437965905,19.1049731745428,19.026297590440446,13.152946437965905,5.830951894845301,4.242640687119285,11.180339887498949,17.029386365926403,20.024984394500787,689.5244738223582,617.692480122593,662.6794096695626,539.1140881112271,57.21887800367987
