left_iris-362,left_iris-382,left_iris-381,left_iris-380,left_iris-374,left_iris-373,left_iris-390,left_iris-249,left_iris-263,left_iris-466,left_iris-388,left_iris-387,left_iris-386,left_iris-385,left_iris-384,left_iris-398,right_iris-133,right_iris-33,right_iris-7,right_iris-163,right_iris-144,right_iris-145,right_iris-153,right_iris-154,right_iris-155,right_iris-173,right_iris-157,right_iris-158,right_iris-159,right_iris-160,right_iris-161,right_iris-246,middle_left_right,center_edge_top_left,center_edge_top_right,center_edge_bottom_left,center_edge_bottom_right
29.017236257093817,26.1725046566048,19.6468827043885,12.806248474865697,10.04987562112089,14.212670403551895,18.867962264113206,22.847319317591726,26.68332812825267,24.186773244895647,21.0,15.524174696260024,8.602325267042627,9.433981132056603,17.08800749063506,25.019992006393608,30.083217912982647,33.24154027718932,29.017236257093817,24.08318915758459,18.681541692269406,10.63014581273465,10.295630140987,18.35755975068582,25.632011235952593,26.30589287593181,18.110770276274835,9.899494936611665,11.180339887498949,19.72308292331602,25.298221281347036,29.614185789921695,674.3923190547176,637.1067414491861,658.4109658868084,516.4348942509598,71.386273190299
