left_iris-362,left_iris-382,left_iris-381,left_iris-380,left_iris-374,left_iris-373,left_iris-390,left_iris-249,left_iris-263,left_iris-466,left_iris-388,left_iris-387,left_iris-386,left_iris-385,left_iris-384,left_iris-398,right_iris-133,right_iris-33,right_iris-7,right_iris-163,right_iris-144,right_iris-145,right_iris-153,right_iris-154,right_iris-155,right_iris-173,right_iris-157,right_iris-158,right_iris-159,right_iris-160,right_iris-161,right_iris-246,middle_left_right,center_edge_top_left,center_edge_top_right,center_edge_bottom_left,center_edge_bottom_right
32.55764119219941,29.120439557122072,22.847319317591726,15.0,13.341664064126334,18.601075237738275,24.041630560342615,28.284271247461902,32.01562118716424,29.274562336608895,25.709920264364882,20.591260281974,13.416407864998739,13.038404810405298,19.924858845171276,28.0178514522438,34.92849839314596,29.068883707497267,25.709920264364882,21.93171219946131,16.97056274847714,14.035668847618199,17.029386365926403,25.495097567963924,31.32091952673165,30.14962686336267,21.37755832643195,12.727922061357855,10.44030650891055,17.0,22.360679774997898,26.019223662515376,644.1009237689385,609.1518694053233,628.7018371215405,486.0720111259236,75.0066663703967
