left_iris-362,left_iris-382,left_iris-381,left_iris-380,left_iris-374,left_iris-373,left_iris-390,left_iris-249,left_iris-263,left_iris-466,left_iris-388,left_iris-387,left_iris-386,left_iris-385,left_iris-384,left_iris-398,right_iris-133,right_iris-33,right_iris-7,right_iris-163,right_iris-144,right_iris-145,right_iris-153,right_iris-154,right_iris-155,right_iris-173,right_iris-157,right_iris-158,right_iris-159,right_iris-160,right_iris-161,right_iris-246,middle_left_right,center_edge_top_left,center_edge_top_right,center_edge_bottom_left,center_edge_bottom_right
25.709920264364882,22.135943621178654,17.0,11.661903789690601,10.770329614269007,15.811388300841896,19.313207915827967,22.561028345356956,25.079872407968907,23.0,19.1049731745428,14.866068747318506,7.211102550927978,7.0710678118654755,15.132745950421556,22.090722034374522,29.274562336608895,24.0,20.223748416156685,15.811388300841896,11.40175425099138,9.055385138137417,12.806248474865697,20.8806130178211,26.476404589747453,26.019223662515376,19.235384061671343,10.816653826391969,7.0710678118654755,12.529964086141668,17.46424919657298,21.095023109728988,760.4340865584604,695.9597689522003,736.1793259797506,606.8442963396789,72.06247289678588
