left_iris-362,left_iris-382,left_iris-381,left_iris-380,left_iris-374,left_iris-373,left_iris-390,left_iris-249,left_iris-263,left_iris-466,left_iris-388,left_iris-387,left_iris-386,left_iris-385,left_iris-384,left_iris-398,right_iris-133,right_iris-33,right_iris-7,right_iris-163,right_iris-144,right_iris-145,right_iris-153,right_iris-154,right_iris-155,right_iris-173,right_iris-157,right_iris-158,right_iris-159,right_iris-160,right_iris-161,right_iris-246,middle_left_right,center_edge_top_left,center_edge_top_right,center_edge_bottom_left,center_edge_bottom_right
33.015148038438355,28.160255680657446,20.8806130178211,11.661903789690601,14.422205101855956,25.059928172283335,32.57299494980466,37.8549864614954,42.2965719651132,39.05124837953327,34.0,26.30589287593181,14.7648230602334,8.246211251235321,18.384776310850235,28.071337695236398,29.832867780352597,25.079872407968907,22.090722034374522,18.681541692269406,13.892443989449804,9.219544457292887,12.806248474865697,20.12461179749811,26.248809496813376,26.30589287593181,19.0,9.486832980505138,5.0,12.529964086141668,18.439088914585774,22.20360331117452,653.0926427391446,591.3797426358126,629.2296877929394,499.5297788921097,72.17340230306452
