left_iris-362,left_iris-382,left_iris-381,left_iris-380,left_iris-374,left_iris-373,left_iris-390,left_iris-249,left_iris-263,left_iris-466,left_iris-388,left_iris-387,left_iris-386,left_iris-385,left_iris-384,left_iris-398,right_iris-133,right_iris-33,right_iris-7,right_iris-163,right_iris-144,right_iris-145,right_iris-153,right_iris-154,right_iris-155,right_iris-173,right_iris-157,right_iris-158,right_iris-159,right_iris-160,right_iris-161,right_iris-246,middle_left_right,center_edge_top_left,center_edge_top_right,center_edge_bottom_left,center_edge_bottom_right
29.427877939124322,25.709920264364882,20.248456731316587,12.041594578792296,8.06225774829855,13.038404810405298,17.72004514666935,22.20360331117452,26.0,23.021728866442675,19.235384061671343,13.601470508735444,5.830951894845301,8.06225774829855,18.110770276274835,25.079872407968907,34.23448553724738,29.0,24.186773244895647,19.4164878389476,13.416407864998739,8.0,13.038404810405298,23.769728648009426,30.4138126514911,30.01666203960727,21.213203435596427,10.295630140987,5.385164807134504,13.601470508735444,21.213203435596427,25.019992006393608,699.6484831685123,643.1236273066012,677.6488766315488,544.3418043839735,73.02739212103907
