left_iris-362,left_iris-382,left_iris-381,left_iris-380,left_iris-374,left_iris-373,left_iris-390,left_iris-249,left_iris-263,left_iris-466,left_iris-388,left_iris-387,left_iris-386,left_iris-385,left_iris-384,left_iris-398,right_iris-133,right_iris-33,right_iris-7,right_iris-163,right_iris-144,right_iris-145,right_iris-153,right_iris-154,right_iris-155,right_iris-173,right_iris-157,right_iris-158,right_iris-159,right_iris-160,right_iris-161,right_iris-246,middle_left_right,center_edge_top_left,center_edge_top_right,center_edge_bottom_left,center_edge_bottom_right
33.015148038438355,29.017236257093817,22.360679774997898,13.892443989449804,10.198039027185569,13.45362404707371,17.4928556845359,20.248456731316587,22.360679774997898,20.09975124224178,17.029386365926403,11.704699910719626,7.0710678118654755,12.206555615733702,21.840329667841555,29.154759474226502,40.26164427839479,32.0624390837628,26.076809620810597,20.615528128088304,15.0,11.045361017187261,18.439088914585774,28.231188426986208,35.73513677041127,35.510561809129406,27.0,14.560219778561036,7.280109889280518,13.038404810405298,20.615528128088304,26.30589287593181,705.002836873725,661.5353354130073,687.1892024762903,547.4751135896498,78.64477096412705
