left_iris-362,left_iris-382,left_iris-381,left_iris-380,left_iris-374,left_iris-373,left_iris-390,left_iris-249,left_iris-263,left_iris-466,left_iris-388,left_iris-387,left_iris-386,left_iris-385,left_iris-384,left_iris-398,right_iris-133,right_iris-33,right_iris-7,right_iris-163,right_iris-144,right_iris-145,right_iris-153,right_iris-154,right_iris-155,right_iris-173,right_iris-157,right_iris-158,right_iris-159,right_iris-160,right_iris-161,right_iris-246,middle_left_right,center_edge_top_left,center_edge_top_right,center_edge_bottom_left,center_edge_bottom_right
34.20526275297414,30.364452901377952,24.166091947189145,16.278820596099706,11.045361017187261,14.142135623730951,17.46424919657298,20.396078054371138,24.020824298928627,22.20360331117452,18.681541692269406,14.422205101855956,9.055385138137417,12.206555615733702,21.095023109728988,29.274562336608895,31.25699921617557,30.14962686336267,25.96150997149434,22.360679774997898,17.69180601295413,12.041594578792296,14.142135623730951,22.135943621178654,28.442925306655784,27.018512172212592,18.973665961010276,11.661903789690601,11.661903789690601,18.384776310850235,24.186773244895647,27.0,672.1681337284593,634.9881888665332,656.2088082310386,514.2081290683764,73.0
