left_iris-362,left_iris-382,left_iris-381,left_iris-380,left_iris-374,left_iris-373,left_iris-390,left_iris-249,left_iris-263,left_iris-466,left_iris-388,left_iris-387,left_iris-386,left_iris-385,left_iris-384,left_iris-398,right_iris-133,right_iris-33,right_iris-7,right_iris-163,right_iris-144,right_iris-145,right_iris-153,right_iris-154,right_iris-155,right_iris-173,right_iris-157,right_iris-158,right_iris-159,right_iris-160,right_iris-161,right_iris-246,middle_left_right,center_edge_top_left,center_edge_top_right,center_edge_bottom_left,center_edge_bottom_right
27.459060435491963,24.73863375370596,17.46424919657298,11.180339887498949,13.601470508735444,23.706539182259394,31.32091952673165,36.6742416417845,42.1070065428546,39.01281840626232,34.0147027033899,27.294688127912362,16.15549442140351,7.0710678118654755,12.649110640673518,22.02271554554524,33.734255586866,32.01562118716424,26.476404589747453,21.540659228538015,15.620499351813308,11.045361017187261,15.556349186104045,23.769728648009426,30.083217912982647,29.154759474226502,20.09975124224178,9.219544457292887,8.602325267042627,16.76305461424021,24.08318915758459,28.0,750.826877515716,680.6181014342772,724.7351240280824,599.2003004004588,86.14522621712709
