left_iris-362,left_iris-382,left_iris-381,left_iris-380,left_iris-374,left_iris-373,left_iris-390,left_iris-249,left_iris-263,left_iris-466,left_iris-388,left_iris-387,left_iris-386,left_iris-385,left_iris-384,left_iris-398,right_iris-133,right_iris-33,right_iris-7,right_iris-163,right_iris-144,right_iris-145,right_iris-153,right_iris-154,right_iris-155,right_iris-173,right_iris-157,right_iris-158,right_iris-159,right_iris-160,right_iris-161,right_iris-246,middle_left_right,center_edge_top_left,center_edge_top_right,center_edge_bottom_left,center_edge_bottom_right
42.01190307520001,38.05259518088089,30.265491900843113,19.924858845171276,11.313708498984761,9.848857801796104,15.264337522473747,19.924858845171276,24.186773244895647,21.0,16.278820596099706,10.63014581273465,9.848857801796104,18.35755975068582,28.635642126552707,37.05401462729781,32.38826948140329,35.014282800023196,31.25699921617557,26.68332812825267,20.615528128088304,12.206555615733702,11.661903789690601,19.697715603592208,27.892651361962706,28.0178514522438,19.4164878389476,10.63014581273465,10.816653826391969,19.697715603592208,27.294688127912362,31.064449134018133,680.864891149485,647.9019987621584,666.3159911033202,522.759026703509,86.37129152675674
