left_iris-362,left_iris-382,left_iris-381,left_iris-380,left_iris-374,left_iris-373,left_iris-390,left_iris-249,left_iris-263,left_iris-466,left_iris-388,left_iris-387,left_iris-386,left_iris-385,left_iris-384,left_iris-398,right_iris-133,right_iris-33,right_iris-7,right_iris-163,right_iris-144,right_iris-145,right_iris-153,right_iris-154,right_iris-155,right_iris-173,right_iris-157,right_iris-158,right_iris-159,right_iris-160,right_iris-161,right_iris-246,middle_left_right,center_edge_top_left,center_edge_top_right,center_edge_bottom_left,center_edge_bottom_right
30.4138126514911,27.65863337187866,21.18962010041709,12.041594578792296,9.055385138137417,13.601470508735444,18.027756377319946,21.587033144922902,24.08318915758459,22.0,18.110770276274835,13.0,6.324555320336759,9.433981132056603,19.235384061671343,27.018512172212592,32.55764119219941,26.076809620810597,21.37755832643195,18.027756377319946,12.806248474865697,9.0,14.212670403551895,22.135943621178654,28.861739379323623,28.160255680657446,20.024984394500787,10.770329614269007,5.0990195135927845,11.704699910719626,18.110770276274835,22.0,694.1728891277734,643.7204362143553,674.0741798941716,537.6578837885668,69.06518659932803
