left_iris-362,left_iris-382,left_iris-381,left_iris-380,left_iris-374,left_iris-373,left_iris-390,left_iris-249,left_iris-263,left_iris-466,left_iris-388,left_iris-387,left_iris-386,left_iris-385,left_iris-384,left_iris-398,right_iris-133,right_iris-33,right_iris-7,right_iris-163,right_iris-144,right_iris-145,right_iris-153,right_iris-154,right_iris-155,right_iris-173,right_iris-157,right_iris-158,right_iris-159,right_iris-160,right_iris-161,right_iris-246,middle_left_right,center_edge_top_left,center_edge_top_right,center_edge_bottom_left,center_edge_bottom_right
33.0,30.01666203960727,24.186773244895647,16.1245154965971,11.40175425099138,14.422205101855956,18.027756377319946,21.93171219946131,24.515301344262525,22.360679774997898,19.026297590440446,13.152946437965905,5.830951894845301,11.40175425099138,20.8806130178211,29.154759474226502,34.17601498127012,27.294688127912362,24.020824298928627,19.6468827043885,15.0,11.045361017187261,15.620499351813308,24.186773244895647,31.38470965295043,29.832867780352597,21.02379604162864,9.848857801796104,7.280109889280518,14.7648230602334,20.8806130178211,24.515301344262525,711.4183017044192,666.7953209193957,693.2647401967015,554.0,73.97972695272672
