left_iris-362,left_iris-382,left_iris-381,left_iris-380,left_iris-374,left_iris-373,left_iris-390,left_iris-249,left_iris-263,left_iris-466,left_iris-388,left_iris-387,left_iris-386,left_iris-385,left_iris-384,left_iris-398,right_iris-133,right_iris-33,right_iris-7,right_iris-163,right_iris-144,right_iris-145,right_iris-153,right_iris-154,right_iris-155,right_iris-173,right_iris-157,right_iris-158,right_iris-159,right_iris-160,right_iris-161,right_iris-246,middle_left_right,center_edge_top_left,center_edge_top_right,center_edge_bottom_left,center_edge_bottom_right
35.11409973215888,31.38470965295043,24.186773244895647,15.0,11.704699910719626,17.0,23.53720459187964,27.018512172212592,32.14031735997639,28.442925306655784,25.0,19.235384061671343,10.295630140987,10.0,20.0,29.832867780352597,34.0147027033899,24.020824298928627,19.6468827043885,16.1245154965971,12.206555615733702,10.770329614269007,15.652475842498529,24.331050121192877,31.064449134018133,29.068883707497267,21.18962010041709,13.45362404707371,10.198039027185569,13.892443989449804,18.439088914585774,21.02379604162864,626.3321802366537,583.9452029086291,608.434055588607,468.9264334626488,71.34423592694787
