left_iris-362,left_iris-382,left_iris-381,left_iris-380,left_iris-374,left_iris-373,left_iris-390,left_iris-249,left_iris-263,left_iris-466,left_iris-388,left_iris-387,left_iris-386,left_iris-385,left_iris-384,left_iris-398,right_iris-133,right_iris-33,right_iris-7,right_iris-163,right_iris-144,right_iris-145,right_iris-153,right_iris-154,right_iris-155,right_iris-173,right_iris-157,right_iris-158,right_iris-159,right_iris-160,right_iris-161,right_iris-246,middle_left_right,center_edge_top_left,center_edge_top_right,center_edge_bottom_left,center_edge_bottom_right
20.223748416156685,17.46424919657298,12.529964086141668,8.54400374531753,10.295630140987,16.64331697709324,20.248456731316587,22.80350850198276,25.179356624028344,22.02271554554524,19.0,14.317821063276353,6.4031242374328485,5.0,11.40175425099138,17.0,28.442925306655784,20.09975124224178,16.492422502470642,12.529964086141668,8.602325267042627,8.94427190999916,13.892443989449804,20.8806130178211,25.709920264364882,25.079872407968907,19.1049731745428,12.083045973594572,6.324555320336759,8.06225774829855,13.152946437965905,17.0,597.5215477286154,574.222953215909,585.6039617352328,439.5816192699599,66.06814663663572
