left_iris-362,left_iris-382,left_iris-381,left_iris-380,left_iris-374,left_iris-373,left_iris-390,left_iris-249,left_iris-263,left_iris-466,left_iris-388,left_iris-387,left_iris-386,left_iris-385,left_iris-384,left_iris-398,right_iris-133,right_iris-33,right_iris-7,right_iris-163,right_iris-144,right_iris-145,right_iris-153,right_iris-154,right_iris-155,right_iris-173,right_iris-157,right_iris-158,right_iris-159,right_iris-160,right_iris-161,right_iris-246,middle_left_right,center_edge_top_left,center_edge_top_right,center_edge_bottom_left,center_edge_bottom_right
30.265491900843113,27.459060435491963,21.587033144922902,13.416407864998739,6.708203932499369,10.0,17.08800749063506,22.561028345356956,29.154759474226502,24.020824298928627,18.110770276274835,12.083045973594572,6.0,11.661903789690601,20.223748416156685,27.018512172212592,29.017236257093817,17.72004514666935,13.892443989449804,10.63014581273465,7.280109889280518,9.219544457292887,14.866068747318506,21.095023109728988,26.019223662515376,26.1725046566048,20.8806130178211,13.892443989449804,8.06225774829855,6.4031242374328485,11.045361017187261,14.142135623730951,581.4258336193877,539.9592577222841,563.521073252811,424.094329129735,88.56635930193812
