left_iris-362,left_iris-382,left_iris-381,left_iris-380,left_iris-374,left_iris-373,left_iris-390,left_iris-249,left_iris-263,left_iris-466,left_iris-388,left_iris-387,left_iris-386,left_iris-385,left_iris-384,left_iris-398,right_iris-133,right_iris-33,right_iris-7,right_iris-163,right_iris-144,right_iris-145,right_iris-153,right_iris-154,right_iris-155,right_iris-173,right_iris-157,right_iris-158,right_iris-159,right_iris-160,right_iris-161,right_iris-246,middle_left_right,center_edge_top_left,center_edge_top_right,center_edge_bottom_left,center_edge_bottom_right
33.734255586866,30.083217912982647,22.847319317591726,14.866068747318506,12.041594578792296,15.556349186104045,19.697715603592208,22.561028345356956,26.019223662515376,24.08318915758459,20.396078054371138,15.264337522473747,10.44030650891055,12.727922061357855,20.615528128088304,29.068883707497267,29.410882339705484,39.11521443121589,33.54101966249684,29.410882339705484,22.825424421026653,14.7648230602334,13.92838827718412,19.4164878389476,26.0,24.331050121192877,16.492422502470642,9.848857801796104,13.45362404707371,23.40939982143925,30.265491900843113,35.0,718.672387113906,641.942365014181,690.4274038593775,569.9912280026773,83.05419917138447
