left_iris-362,left_iris-382,left_iris-381,left_iris-380,left_iris-374,left_iris-373,left_iris-390,left_iris-249,left_iris-263,left_iris-466,left_iris-388,left_iris-387,left_iris-386,left_iris-385,left_iris-384,left_iris-398,right_iris-133,right_iris-33,right_iris-7,right_iris-163,right_iris-144,right_iris-145,right_iris-153,right_iris-154,right_iris-155,right_iris-173,right_iris-157,right_iris-158,right_iris-159,right_iris-160,right_iris-161,right_iris-246,middle_left_right,center_edge_top_left,center_edge_top_right,center_edge_bottom_left,center_edge_bottom_right
26.30589287593181,23.53720459187964,18.027756377319946,10.63014581273465,10.198039027185569,14.212670403551895,18.384776310850235,21.840329667841555,24.186773244895647,22.02271554554524,18.0,13.341664064126334,5.0,7.211102550927978,16.278820596099706,23.021728866442675,29.154759474226502,20.223748416156685,16.76305461424021,13.892443989449804,10.0,9.486832980505138,13.038404810405298,20.615528128088304,26.30589287593181,26.0,19.235384061671343,11.180339887498949,5.0990195135927845,8.54400374531753,14.035668847618199,17.029386365926403,697.1434572596949,632.8578039338695,672.6878919677387,543.9751832574718,71.00704190430693
