left_iris-362,left_iris-382,left_iris-381,left_iris-380,left_iris-374,left_iris-373,left_iris-390,left_iris-249,left_iris-263,left_iris-466,left_iris-388,left_iris-387,left_iris-386,left_iris-385,left_iris-384,left_iris-398,right_iris-133,right_iris-33,right_iris-7,right_iris-163,right_iris-144,right_iris-145,right_iris-153,right_iris-154,right_iris-155,right_iris-173,right_iris-157,right_iris-158,right_iris-159,right_iris-160,right_iris-161,right_iris-246,middle_left_right,center_edge_top_left,center_edge_top_right,center_edge_bottom_left,center_edge_bottom_right
25.317977802344327,22.561028345356956,18.027756377319946,11.40175425099138,8.0,11.313708498984761,14.317821063276353,16.76305461424021,20.09975124224178,17.029386365926403,14.035668847618199,9.486832980505138,4.0,8.54400374531753,16.0312195418814,22.02271554554524,27.459060435491963,24.186773244895647,20.615528128088304,17.08800749063506,12.206555615733702,8.06225774829855,12.041594578792296,18.027756377319946,23.769728648009426,24.08318915758459,17.029386365926403,7.615773105863909,4.47213595499958,11.180339887498949,17.0,21.02379604162864,644.6983790890124,610.0295074830398,629.3933587193306,486.65799079024686,65.00769185258002
