left_iris-362,left_iris-382,left_iris-381,left_iris-380,left_iris-374,left_iris-373,left_iris-390,left_iris-249,left_iris-263,left_iris-466,left_iris-388,left_iris-387,left_iris-386,left_iris-385,left_iris-384,left_iris-398,right_iris-133,right_iris-33,right_iris-7,right_iris-163,right_iris-144,right_iris-145,right_iris-153,right_iris-154,right_iris-155,right_iris-173,right_iris-157,right_iris-158,right_iris-159,right_iris-160,right_iris-161,right_iris-246,middle_left_right,center_edge_top_left,center_edge_top_right,center_edge_bottom_left,center_edge_bottom_right
28.635642126552707,25.0,19.313207915827967,12.041594578792296,9.486832980505138,14.422205101855956,19.924858845171276,23.345235059857504,27.018512172212592,24.020824298928627,20.09975124224178,14.560219778561036,6.4031242374328485,7.810249675906654,17.11724276862369,25.079872407968907,33.54101966249684,28.0178514522438,23.194827009486403,18.681541692269406,13.038404810405298,8.0,13.601470508735444,23.08679276123039,29.614185789921695,29.154759474226502,21.02379604162864,10.44030650891055,4.123105625617661,12.36931687685298,20.09975124224178,24.0,705.3750775296785,649.5798642199434,683.6329424479192,549.8672567083805,75.0066663703967
