left_iris-362,left_iris-382,left_iris-381,left_iris-380,left_iris-374,left_iris-373,left_iris-390,left_iris-249,left_iris-263,left_iris-466,left_iris-388,left_iris-387,left_iris-386,left_iris-385,left_iris-384,left_iris-398,right_iris-133,right_iris-33,right_iris-7,right_iris-163,right_iris-144,right_iris-145,right_iris-153,right_iris-154,right_iris-155,right_iris-173,right_iris-157,right_iris-158,right_iris-159,right_iris-160,right_iris-161,right_iris-246,middle_left_right,center_edge_top_left,center_edge_top_right,center_edge_bottom_left,center_edge_bottom_right
26.019223662515376,24.08318915758459,19.235384061671343,12.083045973594572,7.615773105863909,9.433981132056603,12.206555615733702,15.231546211727817,18.24828759089466,16.0312195418814,14.035668847618199,10.295630140987,7.280109889280518,10.63014581273465,16.76305461424021,23.021728866442675,25.0,22.02271554554524,19.1049731745428,15.524174696260024,11.661903789690601,7.0710678118654755,10.63014581273465,17.46424919657298,22.135943621178654,21.37755832643195,15.033296378372908,8.602325267042627,7.280109889280518,12.529964086141668,16.492422502470642,20.223748416156685,746.7081089689599,688.6022073737493,724.4121754912737,591.5006339810634,58.215118311311535
