left_iris-362,left_iris-382,left_iris-381,left_iris-380,left_iris-374,left_iris-373,left_iris-390,left_iris-249,left_iris-263,left_iris-466,left_iris-388,left_iris-387,left_iris-386,left_iris-385,left_iris-384,left_iris-398,right_iris-133,right_iris-33,right_iris-7,right_iris-163,right_iris-144,right_iris-145,right_iris-153,right_iris-154,right_iris-155,right_iris-173,right_iris-157,right_iris-158,right_iris-159,right_iris-160,right_iris-161,right_iris-246,middle_left_right,center_edge_top_left,center_edge_top_right,center_edge_bottom_left,center_edge_bottom_right
30.4138126514911,26.92582403567252,21.18962010041709,13.45362404707371,10.0,13.45362404707371,17.46424919657298,20.615528128088304,23.021728866442675,21.02379604162864,18.439088914585774,14.7648230602334,9.486832980505138,11.313708498984761,18.439088914585774,26.076809620810597,31.622776601683793,32.0,28.160255680657446,22.80350850198276,17.4928556845359,11.704699910719626,13.601470508735444,21.470910553583888,27.85677655436824,27.459060435491963,18.027756377319946,9.219544457292887,9.433981132056603,18.384776310850235,24.331050121192877,29.068883707497267,721.8032973047435,668.5057965343308,700.9279563550023,565.685424949238,73.10950690573696
