left_iris-362,left_iris-382,left_iris-381,left_iris-380,left_iris-374,left_iris-373,left_iris-390,left_iris-249,left_iris-263,left_iris-466,left_iris-388,left_iris-387,left_iris-386,left_iris-385,left_iris-384,left_iris-398,right_iris-133,right_iris-33,right_iris-7,right_iris-163,right_iris-144,right_iris-145,right_iris-153,right_iris-154,right_iris-155,right_iris-173,right_iris-157,right_iris-158,right_iris-159,right_iris-160,right_iris-161,right_iris-246,middle_left_right,center_edge_top_left,center_edge_top_right,center_edge_bottom_left,center_edge_bottom_right
23.194827009486403,20.396078054371138,14.866068747318506,9.899494936611665,7.280109889280518,11.661903789690601,16.76305461424021,20.223748416156685,23.021728866442675,20.024984394500787,17.11724276862369,11.704699910719626,5.385164807134504,7.810249675906654,14.317821063276353,20.024984394500787,25.179356624028344,21.587033144922902,19.313207915827967,16.1245154965971,12.727922061357855,9.0,11.313708498984761,17.08800749063506,22.360679774997898,22.02271554554524,16.1245154965971,7.615773105863909,3.605551275463989,10.04987562112089,15.033296378372908,19.235384061671343,604.400529450463,569.3856338194704,588.727441181401,446.4302857109943,68.0
