left_iris-362,left_iris-382,left_iris-381,left_iris-380,left_iris-374,left_iris-373,left_iris-390,left_iris-249,left_iris-263,left_iris-466,left_iris-388,left_iris-387,left_iris-386,left_iris-385,left_iris-384,left_iris-398,right_iris-133,right_iris-33,right_iris-7,right_iris-163,right_iris-144,right_iris-145,right_iris-153,right_iris-154,right_iris-155,right_iris-173,right_iris-157,right_iris-158,right_iris-159,right_iris-160,right_iris-161,right_iris-246,middle_left_right,center_edge_top_left,center_edge_top_right,center_edge_bottom_left,center_edge_bottom_right
39.20459156782532,34.52535300326414,25.96150997149434,15.620499351813308,11.045361017187261,17.204650534085253,23.40939982143925,28.442925306655784,33.06055050963308,29.0,24.186773244895647,16.15549442140351,8.246211251235321,13.038404810405298,24.515301344262525,34.0,35.12833614050059,30.066592756745816,26.68332812825267,23.769728648009426,17.804493814764857,11.40175425099138,14.142135623730951,23.08679276123039,30.4138126514911,30.01666203960727,21.840329667841555,12.041594578792296,9.848857801796104,18.384776310850235,24.186773244895647,28.0,754.2373631689164,685.0357654896568,728.473746953176,602.2242107388245,86.14522621712709
