left_iris-362,left_iris-382,left_iris-381,left_iris-380,left_iris-374,left_iris-373,left_iris-390,left_iris-249,left_iris-263,left_iris-466,left_iris-388,left_iris-387,left_iris-386,left_iris-385,left_iris-384,left_iris-398,right_iris-133,right_iris-33,right_iris-7,right_iris-163,right_iris-144,right_iris-145,right_iris-153,right_iris-154,right_iris-155,right_iris-173,right_iris-157,right_iris-158,right_iris-159,right_iris-160,right_iris-161,right_iris-246,middle_left_right,center_edge_top_left,center_edge_top_right,center_edge_bottom_left,center_edge_bottom_right
25.019992006393608,21.02379604162864,16.1245154965971,8.54400374531753,3.0,9.486832980505138,15.132745950421556,19.1049731745428,23.021728866442675,19.0,15.033296378372908,8.06225774829855,1.0,8.06225774829855,16.0312195418814,22.0,22.02271554554524,24.020824298928627,22.090722034374522,18.24828759089466,13.341664064126334,5.0,5.385164807134504,13.038404810405298,19.0,20.09975124224178,14.142135623730951,5.385164807134504,3.1622776601683795,11.045361017187261,17.0,21.02379604162864,681.7924904250559,607.0757778070214,654.0191128705644,532.6734459309944,59.07622195096772
