left_iris-362,left_iris-382,left_iris-381,left_iris-380,left_iris-374,left_iris-373,left_iris-390,left_iris-249,left_iris-263,left_iris-466,left_iris-388,left_iris-387,left_iris-386,left_iris-385,left_iris-384,left_iris-398,right_iris-133,right_iris-33,right_iris-7,right_iris-163,right_iris-144,right_iris-145,right_iris-153,right_iris-154,right_iris-155,right_iris-173,right_iris-157,right_iris-158,right_iris-159,right_iris-160,right_iris-161,right_iris-246,middle_left_right,center_edge_top_left,center_edge_top_right,center_edge_bottom_left,center_edge_bottom_right
25.179356624028344,22.360679774997898,16.492422502470642,9.433981132056603,5.0,9.848857801796104,14.142135623730951,18.027756377319946,22.02271554554524,19.1049731745428,15.297058540778355,9.486832980505138,3.0,8.246211251235321,16.0312195418814,22.02271554554524,20.09975124224178,20.223748416156685,17.46424919657298,14.560219778561036,11.180339887498949,5.0,5.830951894845301,12.041594578792296,17.029386365926403,18.439088914585774,12.649110640673518,5.656854249492381,5.0,10.198039027185569,15.0,18.027756377319946,641.3626119442885,556.1888168598862,610.201606028696,498.1425498790482,56.568542494923804
