left_iris-362,left_iris-382,left_iris-381,left_iris-380,left_iris-374,left_iris-373,left_iris-390,left_iris-249,left_iris-263,left_iris-466,left_iris-388,left_iris-387,left_iris-386,left_iris-385,left_iris-384,left_iris-398,right_iris-133,right_iris-33,right_iris-7,right_iris-163,right_iris-144,right_iris-145,right_iris-153,right_iris-154,right_iris-155,right_iris-173,right_iris-157,right_iris-158,right_iris-159,right_iris-160,right_iris-161,right_iris-246,middle_left_right,center_edge_top_left,center_edge_top_right,center_edge_bottom_left,center_edge_bottom_right
28.635642126552707,25.96150997149434,19.697715603592208,13.45362404707371,11.045361017187261,14.142135623730951,18.35755975068582,21.18962010041709,23.345235059857504,21.095023109728988,18.0,13.341664064126334,6.708203932499369,8.602325267042627,17.11724276862369,25.179356624028344,28.635642126552707,25.179356624028344,21.840329667841555,18.384776310850235,13.45362404707371,10.04987562112089,12.727922061357855,19.697715603592208,25.0,24.08318915758459,17.26267650163207,10.0,6.708203932499369,12.649110640673518,19.026297590440446,22.02271554554524,717.0453263218442,655.8612658177033,693.6526508274873,562.8090262247044,66.007575322837
