left_iris-362,left_iris-382,left_iris-381,left_iris-380,left_iris-374,left_iris-373,left_iris-390,left_iris-249,left_iris-263,left_iris-466,left_iris-388,left_iris-387,left_iris-386,left_iris-385,left_iris-384,left_iris-398,right_iris-133,right_iris-33,right_iris-7,right_iris-163,right_iris-144,right_iris-145,right_iris-153,right_iris-154,right_iris-155,right_iris-173,right_iris-157,right_iris-158,right_iris-159,right_iris-160,right_iris-161,right_iris-246,middle_left_right,center_edge_top_left,center_edge_top_right,center_edge_bottom_left,center_edge_bottom_right
28.635642126552707,25.709920264364882,19.313207915827967,12.041594578792296,9.055385138137417,13.601470508735444,18.384776310850235,22.561028345356956,26.1725046566048,23.08679276123039,20.024984394500787,14.317821063276353,6.4031242374328485,7.810249675906654,16.1245154965971,24.08318915758459,29.427877939124322,22.20360331117452,18.973665961010276,15.264337522473747,11.40175425099138,9.486832980505138,14.422205101855956,21.18962010041709,26.68332812825267,26.076809620810597,19.1049731745428,10.295630140987,6.082762530298219,10.770329614269007,16.0312195418814,20.024984394500787,679.3121521068205,615.1138106074354,654.8014966384851,526.2746431284714,75.0066663703967
