left_iris-362,left_iris-382,left_iris-381,left_iris-380,left_iris-374,left_iris-373,left_iris-390,left_iris-249,left_iris-263,left_iris-466,left_iris-388,left_iris-387,left_iris-386,left_iris-385,left_iris-384,left_iris-398,right_iris-133,right_iris-33,right_iris-7,right_iris-163,right_iris-144,right_iris-145,right_iris-153,right_iris-154,right_iris-155,right_iris-173,right_iris-157,right_iris-158,right_iris-159,right_iris-160,right_iris-161,right_iris-246,middle_left_right,center_edge_top_left,center_edge_top_right,center_edge_bottom_left,center_edge_bottom_right
31.064449134018133,27.294688127912362,21.587033144922902,14.422205101855956,9.486832980505138,11.40175425099138,15.652475842498529,19.924858845171276,24.186773244895647,20.024984394500787,16.0312195418814,9.848857801796104,6.0,10.816653826391969,19.4164878389476,27.0,28.160255680657446,20.024984394500787,17.46424919657298,14.7648230602334,11.40175425099138,9.055385138137417,12.806248474865697,19.924858845171276,25.317977802344327,25.0,18.24828759089466,10.295630140987,5.0,9.848857801796104,14.142135623730951,18.0,682.4221567329126,609.2618484691127,655.133574166368,532.634959423431,67.47592163134935
