left_iris-362,left_iris-382,left_iris-381,left_iris-380,left_iris-374,left_iris-373,left_iris-390,left_iris-249,left_iris-263,left_iris-466,left_iris-388,left_iris-387,left_iris-386,left_iris-385,left_iris-384,left_iris-398,right_iris-133,right_iris-33,right_iris-7,right_iris-163,right_iris-144,right_iris-145,right_iris-153,right_iris-154,right_iris-155,right_iris-173,right_iris-157,right_iris-158,right_iris-159,right_iris-160,right_iris-161,right_iris-246,middle_left_right,center_edge_top_left,center_edge_top_right,center_edge_bottom_left,center_edge_bottom_right
35.12833614050059,32.2490309931942,26.30589287593181,17.08800749063506,9.219544457292887,8.602325267042627,13.892443989449804,18.027756377319946,22.360679774997898,20.223748416156685,16.0312195418814,9.219544457292887,3.1622776601683795,12.36931687685298,23.08679276123039,31.016124838541646,32.2490309931942,28.071337695236398,22.360679774997898,17.72004514666935,12.206555615733702,7.280109889280518,13.416407864998739,22.561028345356956,28.284271247461902,28.0178514522438,19.235384061671343,10.0,6.324555320336759,13.601470508735444,20.09975124224178,24.0,692.7582550933623,638.6814542477338,671.5013030516025,536.9487871296479,80.00624975587844
