left_iris-362,left_iris-382,left_iris-381,left_iris-380,left_iris-374,left_iris-373,left_iris-390,left_iris-249,left_iris-263,left_iris-466,left_iris-388,left_iris-387,left_iris-386,left_iris-385,left_iris-384,left_iris-398,right_iris-133,right_iris-33,right_iris-7,right_iris-163,right_iris-144,right_iris-145,right_iris-153,right_iris-154,right_iris-155,right_iris-173,right_iris-157,right_iris-158,right_iris-159,right_iris-160,right_iris-161,right_iris-246,middle_left_right,center_edge_top_left,center_edge_top_right,center_edge_bottom_left,center_edge_bottom_right
25.179356624028344,22.360679774997898,17.72004514666935,11.40175425099138,8.06225774829855,10.63014581273465,14.317821063276353,17.72004514666935,20.223748416156685,18.027756377319946,14.0,9.219544457292887,3.1622776601683795,7.615773105863909,16.1245154965971,22.02271554554524,25.317977802344327,23.08679276123039,19.4164878389476,16.15549442140351,11.40175425099138,8.0,11.40175425099138,18.027756377319946,22.561028345356956,22.090722034374522,16.1245154965971,8.06225774829855,4.47213595499958,11.40175425099138,17.029386365926403,20.024984394500787,634.606177089382,597.8503157145608,618.5668920981789,476.68123520860354,67.00746227100382
