left_iris-362,left_iris-382,left_iris-381,left_iris-380,left_iris-374,left_iris-373,left_iris-390,left_iris-249,left_iris-263,left_iris-466,left_iris-388,left_iris-387,left_iris-386,left_iris-385,left_iris-384,left_iris-398,right_iris-133,right_iris-33,right_iris-7,right_iris-163,right_iris-144,right_iris-145,right_iris-153,right_iris-154,right_iris-155,right_iris-173,right_iris-157,right_iris-158,right_iris-159,right_iris-160,right_iris-161,right_iris-246,middle_left_right,center_edge_top_left,center_edge_top_right,center_edge_bottom_left,center_edge_bottom_right
27.16615541441225,24.331050121192877,18.681541692269406,11.40175425099138,7.0710678118654755,11.661903789690601,15.811388300841896,20.396078054371138,24.020824298928627,21.0,17.029386365926403,11.40175425099138,4.47213595499958,8.06225774829855,17.26267650163207,24.0,29.274562336608895,27.16615541441225,23.769728648009426,19.313207915827967,15.0,9.219544457292887,11.313708498984761,18.973665961010276,25.495097567963924,25.019992006393608,18.110770276274835,8.06225774829855,5.0,13.152946437965905,20.0,24.08318915758459,676.970457257922,639.3660923133162,660.9001437433647,519.0269742508572,70.0
