left_iris-362,left_iris-382,left_iris-381,left_iris-380,left_iris-374,left_iris-373,left_iris-390,left_iris-249,left_iris-263,left_iris-466,left_iris-388,left_iris-387,left_iris-386,left_iris-385,left_iris-384,left_iris-398,right_iris-133,right_iris-33,right_iris-7,right_iris-163,right_iris-144,right_iris-145,right_iris-153,right_iris-154,right_iris-155,right_iris-173,right_iris-157,right_iris-158,right_iris-159,right_iris-160,right_iris-161,right_iris-246,middle_left_right,center_edge_top_left,center_edge_top_right,center_edge_bottom_left,center_edge_bottom_right
27.294688127912362,23.53720459187964,18.027756377319946,11.313708498984761,9.055385138137417,12.806248474865697,17.08800749063506,20.396078054371138,24.08318915758459,21.0,17.029386365926403,12.36931687685298,5.385164807134504,8.602325267042627,17.26267650163207,24.020824298928627,28.160255680657446,24.515301344262525,21.18962010041709,18.35755975068582,14.142135623730951,10.04987562112089,12.727922061357855,18.973665961010276,25.495097567963924,24.0,17.26267650163207,8.602325267042627,5.830951894845301,12.36931687685298,18.0,21.213203435596427,632.6404982294447,562.8800938032895,606.1633443223039,482.1140943801581,62.03224967708329
