left_iris-362,left_iris-382,left_iris-381,left_iris-380,left_iris-374,left_iris-373,left_iris-390,left_iris-249,left_iris-263,left_iris-466,left_iris-388,left_iris-387,left_iris-386,left_iris-385,left_iris-384,left_iris-398,right_iris-133,right_iris-33,right_iris-7,right_iris-163,right_iris-144,right_iris-145,right_iris-153,right_iris-154,right_iris-155,right_iris-173,right_iris-157,right_iris-158,right_iris-159,right_iris-160,right_iris-161,right_iris-246,middle_left_right,center_edge_top_left,center_edge_top_right,center_edge_bottom_left,center_edge_bottom_right
37.21558813185679,33.37663853655727,25.495097567963924,14.317821063276353,6.082762530298219,12.083045973594572,18.439088914585774,24.186773244895647,29.017236257093817,25.0,20.09975124224178,12.649110640673518,5.0,11.704699910719626,23.08679276123039,32.0624390837628,41.048751503547585,29.274562336608895,23.769728648009426,18.384776310850235,11.313708498984761,8.94427190999916,18.027756377319946,29.274562336608895,37.12142238654117,36.013886210738214,26.30589287593181,13.92838827718412,5.0990195135927845,11.40175425099138,20.0,25.079872407968907,674.6925225612034,632.4634376784163,657.122515213107,517.117008035899,92.0869154657707
