left_iris-362,left_iris-382,left_iris-381,left_iris-380,left_iris-374,left_iris-373,left_iris-390,left_iris-249,left_iris-263,left_iris-466,left_iris-388,left_iris-387,left_iris-386,left_iris-385,left_iris-384,left_iris-398,right_iris-133,right_iris-33,right_iris-7,right_iris-163,right_iris-144,right_iris-145,right_iris-153,right_iris-154,right_iris-155,right_iris-173,right_iris-157,right_iris-158,right_iris-159,right_iris-160,right_iris-161,right_iris-246,middle_left_right,center_edge_top_left,center_edge_top_right,center_edge_bottom_left,center_edge_bottom_right
32.01562118716424,28.160255680657446,22.47220505424423,13.601470508735444,7.0710678118654755,10.816653826391969,16.492422502470642,21.213203435596427,26.0,22.02271554554524,17.11724276862369,10.770329614269007,4.123105625617661,10.198039027185569,20.024984394500787,28.442925306655784,27.018512172212592,22.80350850198276,19.313207915827967,16.1245154965971,11.313708498984761,7.0710678118654755,11.180339887498949,18.110770276274835,24.0,24.186773244895647,17.72004514666935,8.602325267042627,4.47213595499958,10.198039027185569,16.0312195418814,19.4164878389476,512.0351550430888,437.12698383879257,483.1976821136459,366.30588310863914,72.3394774656273
