left_iris-362,left_iris-382,left_iris-381,left_iris-380,left_iris-374,left_iris-373,left_iris-390,left_iris-249,left_iris-263,left_iris-466,left_iris-388,left_iris-387,left_iris-386,left_iris-385,left_iris-384,left_iris-398,right_iris-133,right_iris-33,right_iris-7,right_iris-163,right_iris-144,right_iris-145,right_iris-153,right_iris-154,right_iris-155,right_iris-173,right_iris-157,right_iris-158,right_iris-159,right_iris-160,right_iris-161,right_iris-246,middle_left_right,center_edge_top_left,center_edge_top_right,center_edge_bottom_left,center_edge_bottom_right
30.14962686336267,26.30589287593181,20.615528128088304,12.206555615733702,8.06225774829855,11.40175425099138,16.15549442140351,19.4164878389476,24.08318915758459,21.0,17.029386365926403,11.704699910719626,5.385164807134504,9.433981132056603,18.24828759089466,26.019223662515376,27.459060435491963,28.071337695236398,24.515301344262525,19.924858845171276,15.264337522473747,8.54400374531753,10.63014581273465,18.027756377319946,24.73863375370596,24.08318915758459,16.1245154965971,7.0710678118654755,7.0710678118654755,15.297058540778355,21.02379604162864,25.019992006393608,669.8096744598423,630.353075664742,653.1041264607046,512.0009765615687,68.0
