left_iris-362,left_iris-382,left_iris-381,left_iris-380,left_iris-374,left_iris-373,left_iris-390,left_iris-249,left_iris-263,left_iris-466,left_iris-388,left_iris-387,left_iris-386,left_iris-385,left_iris-384,left_iris-398,right_iris-133,right_iris-33,right_iris-7,right_iris-163,right_iris-144,right_iris-145,right_iris-153,right_iris-154,right_iris-155,right_iris-173,right_iris-157,right_iris-158,right_iris-159,right_iris-160,right_iris-161,right_iris-246,middle_left_right,center_edge_top_left,center_edge_top_right,center_edge_bottom_left,center_edge_bottom_right
25.019992006393608,22.20360331117452,17.72004514666935,12.041594578792296,9.0,12.041594578792296,16.1245154965971,18.384776310850235,21.587033144922902,19.1049731745428,16.0,10.770329614269007,6.324555320336759,8.48528137423857,15.811388300841896,22.02271554554524,25.317977802344327,20.09975124224178,16.76305461424021,14.317821063276353,11.313708498984761,9.055385138137417,12.041594578792296,18.027756377319946,22.561028345356956,23.08679276123039,16.1245154965971,8.94427190999916,4.0,8.54400374531753,14.035668847618199,17.0,721.8711796435705,662.9464533429529,699.212414077439,567.0079364523922,59.413803110051795
