left_iris-362,left_iris-382,left_iris-381,left_iris-380,left_iris-374,left_iris-373,left_iris-390,left_iris-249,left_iris-263,left_iris-466,left_iris-388,left_iris-387,left_iris-386,left_iris-385,left_iris-384,left_iris-398,right_iris-133,right_iris-33,right_iris-7,right_iris-163,right_iris-144,right_iris-145,right_iris-153,right_iris-154,right_iris-155,right_iris-173,right_iris-157,right_iris-158,right_iris-159,right_iris-160,right_iris-161,right_iris-246,middle_left_right,center_edge_top_left,center_edge_top_right,center_edge_bottom_left,center_edge_bottom_right
27.16615541441225,24.020824298928627,18.0,11.40175425099138,5.385164807134504,8.602325267042627,14.317821063276353,18.027756377319946,21.587033144922902,18.110770276274835,15.0,9.486832980505138,6.0,10.63014581273465,18.027756377319946,24.515301344262525,32.0,22.20360331117452,17.46424919657298,13.0,7.0710678118654755,7.0710678118654755,14.560219778561036,23.08679276123039,29.017236257093817,29.068883707497267,22.20360331117452,12.649110640673518,5.656854249492381,6.324555320336759,13.0,18.110770276274835,671.53853202925,629.3361581857505,653.9602434399204,513.9688706526885,77.10382610480494
