left_iris-362,left_iris-382,left_iris-381,left_iris-380,left_iris-374,left_iris-373,left_iris-390,left_iris-249,left_iris-263,left_iris-466,left_iris-388,left_iris-387,left_iris-386,left_iris-385,left_iris-384,left_iris-398,right_iris-133,right_iris-33,right_iris-7,right_iris-163,right_iris-144,right_iris-145,right_iris-153,right_iris-154,right_iris-155,right_iris-173,right_iris-157,right_iris-158,right_iris-159,right_iris-160,right_iris-161,right_iris-246,middle_left_right,center_edge_top_left,center_edge_top_right,center_edge_bottom_left,center_edge_bottom_right
24.186773244895647,21.37755832643195,16.76305461424021,10.63014581273465,8.06225774829855,12.206555615733702,16.15549442140351,19.6468827043885,23.08679276123039,20.024984394500787,17.029386365926403,11.180339887498949,5.0,6.708203932499369,15.132745950421556,21.02379604162864,28.160255680657446,21.095023109728988,17.72004514666935,14.317821063276353,10.63014581273465,8.246211251235321,13.038404810405298,19.6468827043885,25.317977802344327,24.0,18.24828759089466,9.433981132056603,5.0,9.486832980505138,15.033296378372908,18.0,600.7869838803101,566.8730016502815,585.4442757427901,442.76969182634895,68.00735254367721
