left_iris-362,left_iris-382,left_iris-381,left_iris-380,left_iris-374,left_iris-373,left_iris-390,left_iris-249,left_iris-263,left_iris-466,left_iris-388,left_iris-387,left_iris-386,left_iris-385,left_iris-384,left_iris-398,right_iris-133,right_iris-33,right_iris-7,right_iris-163,right_iris-144,right_iris-145,right_iris-153,right_iris-154,right_iris-155,right_iris-173,right_iris-157,right_iris-158,right_iris-159,right_iris-160,right_iris-161,right_iris-246,middle_left_right,center_edge_top_left,center_edge_top_right,center_edge_bottom_left,center_edge_bottom_right
36.49657518178932,32.01562118716424,24.698178070456937,16.278820596099706,14.035668847618199,18.384776310850235,23.706539182259394,27.202941017470888,31.144823004794873,28.0,24.186773244895647,18.384776310850235,10.770329614269007,12.727922061357855,21.587033144922902,31.016124838541646,35.35533905932738,32.14031735997639,28.861739379323623,24.698178070456937,18.601075237738275,12.36931687685298,14.866068747318506,23.769728648009426,30.805843601498726,30.0,21.840329667841555,12.806248474865697,12.083045973594572,19.697715603592208,26.30589287593181,29.0,721.886417658623,660.9235961894536,698.5842826746104,567.556164621617,83.00602387778854
