left_iris-362,left_iris-382,left_iris-381,left_iris-380,left_iris-374,left_iris-373,left_iris-390,left_iris-249,left_iris-263,left_iris-466,left_iris-388,left_iris-387,left_iris-386,left_iris-385,left_iris-384,left_iris-398,right_iris-133,right_iris-33,right_iris-7,right_iris-163,right_iris-144,right_iris-145,right_iris-153,right_iris-154,right_iris-155,right_iris-173,right_iris-157,right_iris-158,right_iris-159,right_iris-160,right_iris-161,right_iris-246,middle_left_right,center_edge_top_left,center_edge_top_right,center_edge_bottom_left,center_edge_bottom_right
26.076809620810597,22.20360331117452,16.492422502470642,7.810249675906654,7.810249675906654,16.15549442140351,22.561028345356956,27.294688127912362,31.064449134018133,28.0178514522438,24.0,17.11724276862369,8.06225774829855,5.656854249492381,15.297058540778355,22.0,33.0,24.08318915758459,19.4164878389476,14.560219778561036,7.211102550927978,5.656854249492381,14.317821063276353,23.021728866442675,30.0,30.066592756745816,23.53720459187964,13.416407864998739,5.385164807134504,9.848857801796104,16.0312195418814,21.02379604162864,716.6847284545695,634.3004020178452,686.6855175405988,570.7337382703076,75.0066663703967
