left_iris-362,left_iris-382,left_iris-381,left_iris-380,left_iris-374,left_iris-373,left_iris-390,left_iris-249,left_iris-263,left_iris-466,left_iris-388,left_iris-387,left_iris-386,left_iris-385,left_iris-384,left_iris-398,right_iris-133,right_iris-33,right_iris-7,right_iris-163,right_iris-144,right_iris-145,right_iris-153,right_iris-154,right_iris-155,right_iris-173,right_iris-157,right_iris-158,right_iris-159,right_iris-160,right_iris-161,right_iris-246,middle_left_right,center_edge_top_left,center_edge_top_right,center_edge_bottom_left,center_edge_bottom_right
42.1070065428546,37.33630940518894,28.635642126552707,18.35755975068582,11.704699910719626,13.601470508735444,18.35755975068582,22.135943621178654,26.30589287593181,23.021728866442675,19.1049731745428,12.083045973594572,7.0710678118654755,15.652475842498529,27.294688127912362,37.0,35.12833614050059,30.14962686336267,27.65863337187866,23.40939982143925,18.027756377319946,11.704699910719626,12.806248474865697,22.135943621178654,30.4138126514911,30.01666203960727,21.840329667841555,12.041594578792296,11.180339887498949,18.384776310850235,24.186773244895647,28.0,700.2428150291869,632.9612942352794,674.862949049657,548.0328457309836,75.16648189186454
