left_iris-362,left_iris-382,left_iris-381,left_iris-380,left_iris-374,left_iris-373,left_iris-390,left_iris-249,left_iris-263,left_iris-466,left_iris-388,left_iris-387,left_iris-386,left_iris-385,left_iris-384,left_iris-398,right_iris-133,right_iris-33,right_iris-7,right_iris-163,right_iris-144,right_iris-145,right_iris-153,right_iris-154,right_iris-155,right_iris-173,right_iris-157,right_iris-158,right_iris-159,right_iris-160,right_iris-161,right_iris-246,middle_left_right,center_edge_top_left,center_edge_top_right,center_edge_bottom_left,center_edge_bottom_right
28.071337695236398,25.179356624028344,19.4164878389476,10.816653826391969,6.082762530298219,13.0,19.235384061671343,24.020824298928627,29.017236257093817,25.079872407968907,21.213203435596427,14.317821063276353,5.0,8.06225774829855,17.26267650163207,25.019992006393608,28.0178514522438,24.020824298928627,21.213203435596427,17.72004514666935,11.661903789690601,7.0710678118654755,10.816653826391969,18.24828759089466,25.079872407968907,25.019992006393608,17.26267650163207,8.06225774829855,5.0,12.36931687685298,18.027756377319946,22.0,642.0669746996804,595.0210080324896,622.7760432129676,485.23190332046386,69.00724599634447
