left_iris-362,left_iris-382,left_iris-381,left_iris-380,left_iris-374,left_iris-373,left_iris-390,left_iris-249,left_iris-263,left_iris-466,left_iris-388,left_iris-387,left_iris-386,left_iris-385,left_iris-384,left_iris-398,right_iris-133,right_iris-33,right_iris-7,right_iris-163,right_iris-144,right_iris-145,right_iris-153,right_iris-154,right_iris-155,right_iris-173,right_iris-157,right_iris-158,right_iris-159,right_iris-160,right_iris-161,right_iris-246,middle_left_right,center_edge_top_left,center_edge_top_right,center_edge_bottom_left,center_edge_bottom_right
32.55764119219941,29.614185789921695,23.53720459187964,14.317821063276353,6.324555320336759,10.295630140987,17.46424919657298,24.186773244895647,29.017236257093817,25.0,21.02379604162864,13.152946437965905,2.8284271247461903,9.219544457292887,20.0,28.160255680657446,28.160255680657446,29.614185789921695,25.96150997149434,21.18962010041709,14.7648230602334,7.280109889280518,10.816653826391969,19.4164878389476,25.317977802344327,24.0,16.492422502470642,7.211102550927978,8.602325267042627,17.11724276862369,23.021728866442675,27.294688127912362,640.7261505510759,578.7313711904686,616.7090075554272,487.37049561909265,80.50465825031493
