left_iris-362,left_iris-382,left_iris-381,left_iris-380,left_iris-374,left_iris-373,left_iris-390,left_iris-249,left_iris-263,left_iris-466,left_iris-388,left_iris-387,left_iris-386,left_iris-385,left_iris-384,left_iris-398,right_iris-133,right_iris-33,right_iris-7,right_iris-163,right_iris-144,right_iris-145,right_iris-153,right_iris-154,right_iris-155,right_iris-173,right_iris-157,right_iris-158,right_iris-159,right_iris-160,right_iris-161,right_iris-246,middle_left_right,center_edge_top_left,center_edge_top_right,center_edge_bottom_left,center_edge_bottom_right
36.87817782917155,33.24154027718932,26.92582403567252,17.69180601295413,14.035668847618199,18.439088914585774,22.847319317591726,26.30589287593181,30.066592756745816,28.442925306655784,26.248809496813376,21.633307652783937,15.231546211727817,15.0,22.80350850198276,31.064449134018133,39.293765408777,36.0,30.59411708155671,26.0,19.79898987322333,16.0,19.1049731745428,28.635642126552707,35.73513677041127,34.23448553724738,24.515301344262525,15.620499351813308,13.92838827718412,21.95449840010015,27.65863337187866,32.14031735997639,724.1684886820194,692.1849463835515,710.1549126775087,566.0565342790418,74.10802925459562
