left_iris-362,left_iris-382,left_iris-381,left_iris-380,left_iris-374,left_iris-373,left_iris-390,left_iris-249,left_iris-263,left_iris-466,left_iris-388,left_iris-387,left_iris-386,left_iris-385,left_iris-384,left_iris-398,right_iris-133,right_iris-33,right_iris-7,right_iris-163,right_iris-144,right_iris-145,right_iris-153,right_iris-154,right_iris-155,right_iris-173,right_iris-157,right_iris-158,right_iris-159,right_iris-160,right_iris-161,right_iris-246,middle_left_right,center_edge_top_left,center_edge_top_right,center_edge_bottom_left,center_edge_bottom_right
29.120439557122072,25.632011235952593,19.72308292331602,12.529964086141668,12.083045973594572,18.35755975068582,24.041630560342615,28.284271247461902,32.0,29.068883707497267,25.317977802344327,20.615528128088304,11.40175425099138,8.94427190999916,16.278820596099706,24.186773244895647,33.54101966249684,27.018512172212592,22.360679774997898,18.973665961010276,13.601470508735444,9.0,15.0,23.40939982143925,30.805843601498726,30.066592756745816,21.213203435596427,12.206555615733702,8.06225774829855,14.317821063276353,20.396078054371138,24.020824298928627,648.4566292359112,589.0636637919538,625.296729561254,494.2630878388553,76.00657866263946
