left_iris-362,left_iris-382,left_iris-381,left_iris-380,left_iris-374,left_iris-373,left_iris-390,left_iris-249,left_iris-263,left_iris-466,left_iris-388,left_iris-387,left_iris-386,left_iris-385,left_iris-384,left_iris-398,right_iris-133,right_iris-33,right_iris-7,right_iris-163,right_iris-144,right_iris-145,right_iris-153,right_iris-154,right_iris-155,right_iris-173,right_iris-157,right_iris-158,right_iris-159,right_iris-160,right_iris-161,right_iris-246,middle_left_right,center_edge_top_left,center_edge_top_right,center_edge_bottom_left,center_edge_bottom_right
37.36308338453881,32.89376840679705,25.495097567963924,16.278820596099706,11.045361017187261,15.264337522473747,21.587033144922902,27.073972741361768,33.13608305156178,28.284271247461902,23.769728648009426,15.652475842498529,8.06225774829855,12.529964086141668,23.021728866442675,32.55764119219941,37.21558813185679,23.53720459187964,20.248456731316587,16.1245154965971,11.40175425099138,8.94427190999916,15.524174696260024,26.0,33.06055050963308,33.54101966249684,25.298221281347036,14.422205101855956,7.0710678118654755,10.770329614269007,17.0,21.095023109728988,605.0933812230968,555.4619698953295,584.7546494043463,448.92983861623634,87.82368700982668
