left_iris-362,left_iris-382,left_iris-381,left_iris-380,left_iris-374,left_iris-373,left_iris-390,left_iris-249,left_iris-263,left_iris-466,left_iris-388,left_iris-387,left_iris-386,left_iris-385,left_iris-384,left_iris-398,right_iris-133,right_iris-33,right_iris-7,right_iris-163,right_iris-144,right_iris-145,right_iris-153,right_iris-154,right_iris-155,right_iris-173,right_iris-157,right_iris-158,right_iris-159,right_iris-160,right_iris-161,right_iris-246,middle_left_right,center_edge_top_left,center_edge_top_right,center_edge_bottom_left,center_edge_bottom_right
37.21558813185679,32.55764119219941,25.0,15.620499351813308,12.041594578792296,17.69180601295413,22.847319317591726,26.68332812825267,31.064449134018133,27.018512172212592,23.345235059857504,17.46424919657298,10.44030650891055,13.45362404707371,22.80350850198276,32.0,38.3275357934736,32.0624390837628,27.65863337187866,23.40939982143925,17.204650534085253,12.165525060596439,15.556349186104045,25.632011235952593,33.734255586866,33.015148038438355,23.53720459187964,13.45362404707371,10.44030650891055,17.88854381999832,24.331050121192877,28.0178514522438,789.4707087663228,729.2215026999684,766.6576811067636,634.5581139659314,85.0
