left_iris-362,left_iris-382,left_iris-381,left_iris-380,left_iris-374,left_iris-373,left_iris-390,left_iris-249,left_iris-263,left_iris-466,left_iris-388,left_iris-387,left_iris-386,left_iris-385,left_iris-384,left_iris-398,right_iris-133,right_iris-33,right_iris-7,right_iris-163,right_iris-144,right_iris-145,right_iris-153,right_iris-154,right_iris-155,right_iris-173,right_iris-157,right_iris-158,right_iris-159,right_iris-160,right_iris-161,right_iris-246,middle_left_right,center_edge_top_left,center_edge_top_right,center_edge_bottom_left,center_edge_bottom_right
23.021728866442675,19.026297590440446,13.341664064126334,6.708203932499369,10.63014581273465,18.788294228055936,23.08679276123039,26.68332812825267,30.4138126514911,27.16615541441225,23.021728866442675,17.11724276862369,9.433981132056603,6.324555320336759,13.416407864998739,19.4164878389476,34.36568055487916,22.02271554554524,18.110770276274835,13.601470508735444,9.219544457292887,8.94427190999916,16.1245154965971,25.0,30.59411708155671,31.144823004794873,24.020824298928627,13.341664064126334,5.656854249492381,8.06225774829855,14.317821063276353,18.110770276274835,730.6798204412107,649.8407497225762,701.2082429635293,583.7747853410594,62.64982043070834
