left_iris-362,left_iris-382,left_iris-381,left_iris-380,left_iris-374,left_iris-373,left_iris-390,left_iris-249,left_iris-263,left_iris-466,left_iris-388,left_iris-387,left_iris-386,left_iris-385,left_iris-384,left_iris-398,right_iris-133,right_iris-33,right_iris-7,right_iris-163,right_iris-144,right_iris-145,right_iris-153,right_iris-154,right_iris-155,right_iris-173,right_iris-157,right_iris-158,right_iris-159,right_iris-160,right_iris-161,right_iris-246,middle_left_right,center_edge_top_left,center_edge_top_right,center_edge_bottom_left,center_edge_bottom_right
38.07886552931954,35.17101079013795,28.792360097775937,19.209372712298546,13.152946437965905,16.278820596099706,21.02379604162864,25.317977802344327,31.064449134018133,28.160255680657446,24.331050121192877,17.08800749063506,7.211102550927978,10.295630140987,23.021728866442675,33.37663853655727,36.6742416417845,31.016124838541646,25.317977802344327,21.18962010041709,14.866068747318506,11.180339887498949,17.204650534085253,27.202941017470888,33.95585369269929,31.144823004794873,22.090722034374522,10.0,8.602325267042627,18.027756377319946,24.331050121192877,28.071337695236398,788.2436171641353,721.2683273234726,763.3007271056408,635.238537873766,86.00581375697809
