left_iris-362,left_iris-382,left_iris-381,left_iris-380,left_iris-374,left_iris-373,left_iris-390,left_iris-249,left_iris-263,left_iris-466,left_iris-388,left_iris-387,left_iris-386,left_iris-385,left_iris-384,left_iris-398,right_iris-133,right_iris-33,right_iris-7,right_iris-163,right_iris-144,right_iris-145,right_iris-153,right_iris-154,right_iris-155,right_iris-173,right_iris-157,right_iris-158,right_iris-159,right_iris-160,right_iris-161,right_iris-246,middle_left_right,center_edge_top_left,center_edge_top_right,center_edge_bottom_left,center_edge_bottom_right
35.17101079013795,31.622776601683793,25.079872407968907,16.278820596099706,11.0,14.212670403551895,18.973665961010276,23.194827009486403,27.073972741361768,24.331050121192877,21.840329667841555,16.64331697709324,9.219544457292887,12.206555615733702,22.090722034374522,30.4138126514911,31.144823004794873,28.071337695236398,24.73863375370596,21.93171219946131,17.029386365926403,11.180339887498949,14.142135623730951,21.18962010041709,27.459060435491963,27.0,18.681541692269406,10.816653826391969,10.816653826391969,18.027756377319946,23.194827009486403,26.0,637.496666657952,597.6637850832188,620.4852939433779,479.79370566942623,70.06425622241343
