left_iris-362,left_iris-382,left_iris-381,left_iris-380,left_iris-374,left_iris-373,left_iris-390,left_iris-249,left_iris-263,left_iris-466,left_iris-388,left_iris-387,left_iris-386,left_iris-385,left_iris-384,left_iris-398,right_iris-133,right_iris-33,right_iris-7,right_iris-163,right_iris-144,right_iris-145,right_iris-153,right_iris-154,right_iris-155,right_iris-173,right_iris-157,right_iris-158,right_iris-159,right_iris-160,right_iris-161,right_iris-246,middle_left_right,center_edge_top_left,center_edge_top_right,center_edge_bottom_left,center_edge_bottom_right
22.561028345356956,20.8806130178211,16.15549442140351,9.899494936611665,7.0710678118654755,11.40175425099138,14.866068747318506,17.26267650163207,20.0,18.110770276274835,16.278820596099706,12.083045973594572,6.324555320336759,7.810249675906654,14.035668847618199,20.09975124224178,21.213203435596427,17.029386365926403,14.560219778561036,11.661903789690601,9.219544457292887,7.0710678118654755,10.0,15.811388300841896,19.4164878389476,19.0,13.341664064126334,8.48528137423857,6.324555320336759,9.848857801796104,13.152946437965905,15.0,731.7383412122123,645.4773427472106,700.600456751207,587.6572130077193,55.14526271584895
