left_iris-362,left_iris-382,left_iris-381,left_iris-380,left_iris-374,left_iris-373,left_iris-390,left_iris-249,left_iris-263,left_iris-466,left_iris-388,left_iris-387,left_iris-386,left_iris-385,left_iris-384,left_iris-398,right_iris-133,right_iris-33,right_iris-7,right_iris-163,right_iris-144,right_iris-145,right_iris-153,right_iris-154,right_iris-155,right_iris-173,right_iris-157,right_iris-158,right_iris-159,right_iris-160,right_iris-161,right_iris-246,middle_left_right,center_edge_top_left,center_edge_top_right,center_edge_bottom_left,center_edge_bottom_right
26.0,23.08679276123039,18.24828759089466,10.295630140987,6.0,10.63014581273465,14.317821063276353,17.72004514666935,20.223748416156685,18.110770276274835,15.0,10.198039027185569,4.47213595499958,8.602325267042627,16.492422502470642,23.08679276123039,26.476404589747453,20.024984394500787,16.0312195418814,12.36931687685298,7.211102550927978,5.385164807134504,11.661903789690601,18.681541692269406,24.73863375370596,24.186773244895647,18.0,9.486832980505138,4.123105625617661,8.06225774829855,13.341664064126334,17.11724276862369,732.1488919611912,664.2604910725912,706.7121054573779,579.8637771063131,60.29925372672534
