left_iris-362,left_iris-382,left_iris-381,left_iris-380,left_iris-374,left_iris-373,left_iris-390,left_iris-249,left_iris-263,left_iris-466,left_iris-388,left_iris-387,left_iris-386,left_iris-385,left_iris-384,left_iris-398,right_iris-133,right_iris-33,right_iris-7,right_iris-163,right_iris-144,right_iris-145,right_iris-153,right_iris-154,right_iris-155,right_iris-173,right_iris-157,right_iris-158,right_iris-159,right_iris-160,right_iris-161,right_iris-246,middle_left_right,center_edge_top_left,center_edge_top_right,center_edge_bottom_left,center_edge_bottom_right
41.048751503547585,36.22154055254967,27.65863337187866,18.027756377319946,11.180339887498949,14.866068747318506,20.12461179749811,24.041630560342615,28.284271247461902,25.019992006393608,20.09975124224178,14.317821063276353,8.0,14.422205101855956,25.495097567963924,36.013886210738214,37.12142238654117,28.160255680657446,25.0,21.93171219946131,16.401219466856727,11.045361017187261,14.866068747318506,24.041630560342615,32.38826948140329,33.0,23.53720459187964,13.45362404707371,9.219544457292887,15.652475842498529,21.213203435596427,25.0,696.0208330215411,628.2873546395789,670.4811705036914,544.0082719959321,76.05918747922567
