left_iris-362,left_iris-382,left_iris-381,left_iris-380,left_iris-374,left_iris-373,left_iris-390,left_iris-249,left_iris-263,left_iris-466,left_iris-388,left_iris-387,left_iris-386,left_iris-385,left_iris-384,left_iris-398,right_iris-133,right_iris-33,right_iris-7,right_iris-163,right_iris-144,right_iris-145,right_iris-153,right_iris-154,right_iris-155,right_iris-173,right_iris-157,right_iris-158,right_iris-159,right_iris-160,right_iris-161,right_iris-246,middle_left_right,center_edge_top_left,center_edge_top_right,center_edge_bottom_left,center_edge_bottom_right
24.515301344262525,21.840329667841555,16.55294535724685,10.816653826391969,10.770329614269007,15.264337522473747,19.924858845171276,23.345235059857504,26.076809620810597,24.0,20.09975124224178,15.524174696260024,7.810249675906654,6.4031242374328485,14.317821063276353,21.095023109728988,29.274562336608895,23.021728866442675,19.4164878389476,16.15549442140351,12.041594578792296,9.0,12.041594578792296,19.924858845171276,25.495097567963924,25.019992006393608,18.24828759089466,10.0,6.082762530298219,12.083045973594572,17.11724276862369,20.0,741.8086006511384,673.3349834963278,716.2262212457737,589.6439603693062,68.0294054067798
