left_iris-362,left_iris-382,left_iris-381,left_iris-380,left_iris-374,left_iris-373,left_iris-390,left_iris-249,left_iris-263,left_iris-466,left_iris-388,left_iris-387,left_iris-386,left_iris-385,left_iris-384,left_iris-398,right_iris-133,right_iris-33,right_iris-7,right_iris-163,right_iris-144,right_iris-145,right_iris-153,right_iris-154,right_iris-155,right_iris-173,right_iris-157,right_iris-158,right_iris-159,right_iris-160,right_iris-161,right_iris-246,middle_left_right,center_edge_top_left,center_edge_top_right,center_edge_bottom_left,center_edge_bottom_right
32.2490309931942,27.65863337187866,20.615528128088304,12.806248474865697,10.770329614269007,18.35755975068582,25.0,29.427877939124322,34.058772731852805,29.0,25.179356624028344,18.027756377319946,9.433981132056603,10.63014581273465,19.6468827043885,28.0178514522438,39.20459156782532,25.179356624028344,20.8806130178211,17.0,12.206555615733702,10.770329614269007,18.35755975068582,27.892651361962706,35.35533905932738,35.014282800023196,26.1725046566048,16.15549442140351,7.615773105863909,10.295630140987,17.11724276862369,21.02379604162864,641.3867787848452,605.5386032285638,625.6812287419209,483.40148944743646,88.0
