left_iris-362,left_iris-382,left_iris-381,left_iris-380,left_iris-374,left_iris-373,left_iris-390,left_iris-249,left_iris-263,left_iris-466,left_iris-388,left_iris-387,left_iris-386,left_iris-385,left_iris-384,left_iris-398,right_iris-133,right_iris-33,right_iris-7,right_iris-163,right_iris-144,right_iris-145,right_iris-153,right_iris-154,right_iris-155,right_iris-173,right_iris-157,right_iris-158,right_iris-159,right_iris-160,right_iris-161,right_iris-246,middle_left_right,center_edge_top_left,center_edge_top_right,center_edge_bottom_left,center_edge_bottom_right
36.124783736376884,32.38826948140329,23.769728648009426,15.0,10.04987562112089,15.0,21.540659228538015,25.709920264364882,30.14962686336267,27.0,22.20360331117452,16.15549442140351,8.246211251235321,12.806248474865697,22.561028345356956,32.01562118716424,38.118237105091836,24.331050121192877,21.540659228538015,18.027756377319946,14.422205101855956,12.36931687685298,17.204650534085253,25.96150997149434,34.36568055487916,34.0,25.495097567963924,15.264337522473747,8.06225774829855,11.180339887498949,17.11724276862369,21.02379604162864,686.1668893206667,616.1371600544801,659.8674109243462,535.0934497823721,79.05694150420949
