left_iris-362,left_iris-382,left_iris-381,left_iris-380,left_iris-374,left_iris-373,left_iris-390,left_iris-249,left_iris-263,left_iris-466,left_iris-388,left_iris-387,left_iris-386,left_iris-385,left_iris-384,left_iris-398,right_iris-133,right_iris-33,right_iris-7,right_iris-163,right_iris-144,right_iris-145,right_iris-153,right_iris-154,right_iris-155,right_iris-173,right_iris-157,right_iris-158,right_iris-159,right_iris-160,right_iris-161,right_iris-246,middle_left_right,center_edge_top_left,center_edge_top_right,center_edge_bottom_left,center_edge_bottom_right
24.186773244895647,21.37755832643195,16.492422502470642,9.433981132056603,6.0,9.433981132056603,14.317821063276353,18.110770276274835,21.0,18.027756377319946,15.132745950421556,9.848857801796104,5.0990195135927845,8.06225774829855,16.1245154965971,22.02271554554524,25.019992006393608,18.24828759089466,14.560219778561036,11.180339887498949,7.810249675906654,6.708203932499369,12.083045973594572,18.24828759089466,23.08679276123039,23.021728866442675,17.26267650163207,9.848857801796104,4.123105625617661,6.324555320336759,12.0,15.033296378372908,673.4248287671015,599.1669216503861,645.7561459250697,524.2146506918707,64.1248781675256
