left_iris-362,left_iris-382,left_iris-381,left_iris-380,left_iris-374,left_iris-373,left_iris-390,left_iris-249,left_iris-263,left_iris-466,left_iris-388,left_iris-387,left_iris-386,left_iris-385,left_iris-384,left_iris-398,right_iris-133,right_iris-33,right_iris-7,right_iris-163,right_iris-144,right_iris-145,right_iris-153,right_iris-154,right_iris-155,right_iris-173,right_iris-157,right_iris-158,right_iris-159,right_iris-160,right_iris-161,right_iris-246,middle_left_right,center_edge_top_left,center_edge_top_right,center_edge_bottom_left,center_edge_bottom_right
27.459060435491963,25.0,18.384776310850235,12.041594578792296,9.219544457292887,13.601470508735444,18.027756377319946,22.561028345356956,26.076809620810597,22.0,19.1049731745428,12.649110640673518,5.830951894845301,8.602325267042627,17.11724276862369,24.08318915758459,27.073972741361768,23.53720459187964,20.248456731316587,17.88854381999832,12.806248474865697,8.06225774829855,10.63014581273465,17.72004514666935,23.194827009486403,23.021728866442675,16.492422502470642,7.810249675906654,5.830951894845301,12.36931687685298,17.0,21.213203435596427,623.2118419927529,553.6180994151113,596.735284694981,472.7504627179121,63.198101237299845
