left_iris-362,left_iris-382,left_iris-381,left_iris-380,left_iris-374,left_iris-373,left_iris-390,left_iris-249,left_iris-263,left_iris-466,left_iris-388,left_iris-387,left_iris-386,left_iris-385,left_iris-384,left_iris-398,right_iris-133,right_iris-33,right_iris-7,right_iris-163,right_iris-144,right_iris-145,right_iris-153,right_iris-154,right_iris-155,right_iris-173,right_iris-157,right_iris-158,right_iris-159,right_iris-160,right_iris-161,right_iris-246,middle_left_right,center_edge_top_left,center_edge_top_right,center_edge_bottom_left,center_edge_bottom_right
35.4400902933387,32.89376840679705,25.942243542145693,18.439088914585774,14.035668847618199,18.439088914585774,24.351591323771842,29.154759474226502,35.22782990761707,31.575306807693888,28.460498941515414,23.021728866442675,16.15549442140351,16.1245154965971,21.840329667841555,30.265491900843113,34.713109915419565,26.1725046566048,23.40939982143925,21.095023109728988,17.029386365926403,13.0,16.97056274847714,25.079872407968907,32.01562118716424,30.066592756745816,22.561028345356956,14.142135623730951,11.40175425099138,17.0,21.37755832643195,24.0,564.2348801695974,524.5579091006064,546.7732619651404,406.76897620147975,72.69112738154499
