left_iris-362,left_iris-382,left_iris-381,left_iris-380,left_iris-374,left_iris-373,left_iris-390,left_iris-249,left_iris-263,left_iris-466,left_iris-388,left_iris-387,left_iris-386,left_iris-385,left_iris-384,left_iris-398,right_iris-133,right_iris-33,right_iris-7,right_iris-163,right_iris-144,right_iris-145,right_iris-153,right_iris-154,right_iris-155,right_iris-173,right_iris-157,right_iris-158,right_iris-159,right_iris-160,right_iris-161,right_iris-246,middle_left_right,center_edge_top_left,center_edge_top_right,center_edge_bottom_left,center_edge_bottom_right
25.709920264364882,22.80350850198276,18.384776310850235,12.206555615733702,8.246211251235321,8.602325267042627,12.083045973594572,14.317821063276353,17.0,15.033296378372908,12.36931687685298,8.06225774829855,5.0990195135927845,9.848857801796104,17.029386365926403,22.20360331117452,21.095023109728988,18.110770276274835,15.524174696260024,13.0,9.219544457292887,7.0,10.0,14.560219778561036,19.235384061671343,19.0,13.341664064126334,7.211102550927978,5.385164807134504,9.486832980505138,14.035668847618199,16.0312195418814,738.6643351347078,651.9394143630219,707.4072377350969,594.7478457295999,55.0
