left_iris-362,left_iris-382,left_iris-381,left_iris-380,left_iris-374,left_iris-373,left_iris-390,left_iris-249,left_iris-263,left_iris-466,left_iris-388,left_iris-387,left_iris-386,left_iris-385,left_iris-384,left_iris-398,right_iris-133,right_iris-33,right_iris-7,right_iris-163,right_iris-144,right_iris-145,right_iris-153,right_iris-154,right_iris-155,right_iris-173,right_iris-157,right_iris-158,right_iris-159,right_iris-160,right_iris-161,right_iris-246,middle_left_right,center_edge_top_left,center_edge_top_right,center_edge_bottom_left,center_edge_bottom_right
34.36568055487916,30.805843601498726,23.769728648009426,15.620499351813308,14.142135623730951,18.439088914585774,23.769728648009426,27.65863337187866,32.01562118716424,29.017236257093817,25.317977802344327,19.313207915827967,11.661903789690601,12.206555615733702,20.8806130178211,30.01666203960727,32.7566787083184,37.013511046643494,32.2490309931942,27.892651361962706,21.470910553583888,13.416407864998739,13.892443989449804,22.360679774997898,29.410882339705484,28.071337695236398,18.681541692269406,10.770329614269007,14.866068747318506,23.769728648009426,30.59411708155671,34.132096331752024,674.3367111465903,610.3523572494826,649.8692176122823,521.2772774637314,81.00617260431454
