left_iris-362,left_iris-382,left_iris-381,left_iris-380,left_iris-374,left_iris-373,left_iris-390,left_iris-249,left_iris-263,left_iris-466,left_iris-388,left_iris-387,left_iris-386,left_iris-385,left_iris-384,left_iris-398,right_iris-133,right_iris-33,right_iris-7,right_iris-163,right_iris-144,right_iris-145,right_iris-153,right_iris-154,right_iris-155,right_iris-173,right_iris-157,right_iris-158,right_iris-159,right_iris-160,right_iris-161,right_iris-246,middle_left_right,center_edge_top_left,center_edge_top_right,center_edge_bottom_left,center_edge_bottom_right
27.16615541441225,24.331050121192877,17.72004514666935,10.63014581273465,8.246211251235321,13.038404810405298,18.027756377319946,21.37755832643195,24.08318915758459,22.02271554554524,18.027756377319946,13.341664064126334,5.656854249492381,7.211102550927978,16.278820596099706,23.0,26.476404589747453,28.0178514522438,24.331050121192877,20.615528128088304,15.652475842498529,8.94427190999916,10.0,16.55294535724685,22.80350850198276,23.08679276123039,15.297058540778355,7.810249675906654,8.06225774829855,15.811388300841896,21.213203435596427,25.019992006393608,702.9800850664263,670.2096686858524,688.6080162182255,544.8678738923777,67.11929677819934
