left_iris-362,left_iris-382,left_iris-381,left_iris-380,left_iris-374,left_iris-373,left_iris-390,left_iris-249,left_iris-263,left_iris-466,left_iris-388,left_iris-387,left_iris-386,left_iris-385,left_iris-384,left_iris-398,right_iris-133,right_iris-33,right_iris-7,right_iris-163,right_iris-144,right_iris-145,right_iris-153,right_iris-154,right_iris-155,right_iris-173,right_iris-157,right_iris-158,right_iris-159,right_iris-160,right_iris-161,right_iris-246,middle_left_right,center_edge_top_left,center_edge_top_right,center_edge_bottom_left,center_edge_bottom_right
26.019223662515376,23.194827009486403,17.72004514666935,9.899494936611665,9.486832980505138,15.264337522473747,19.924858845171276,24.515301344262525,29.068883707497267,26.0,22.02271554554524,16.492422502470642,7.810249675906654,7.211102550927978,15.524174696260024,22.090722034374522,31.25699921617557,24.0,20.223748416156685,16.76305461424021,11.40175425099138,8.06225774829855,13.601470508735444,21.840329667841555,28.442925306655784,28.0178514522438,20.09975124224178,9.848857801796104,4.123105625617661,11.704699910719626,17.11724276862369,21.02379604162864,745.5575095188834,672.5741594798302,718.5791536080072,595.0260498499205,70.25667228100119
