left_iris-362,left_iris-382,left_iris-381,left_iris-380,left_iris-374,left_iris-373,left_iris-390,left_iris-249,left_iris-263,left_iris-466,left_iris-388,left_iris-387,left_iris-386,left_iris-385,left_iris-384,left_iris-398,right_iris-133,right_iris-33,right_iris-7,right_iris-163,right_iris-144,right_iris-145,right_iris-153,right_iris-154,right_iris-155,right_iris-173,right_iris-157,right_iris-158,right_iris-159,right_iris-160,right_iris-161,right_iris-246,middle_left_right,center_edge_top_left,center_edge_top_right,center_edge_bottom_left,center_edge_bottom_right
24.186773244895647,21.095023109728988,16.0,9.219544457292887,4.47213595499958,7.211102550927978,11.704699910719626,15.524174696260024,18.24828759089466,15.033296378372908,12.041594578792296,7.615773105863909,4.0,8.602325267042627,15.811388300841896,21.587033144922902,22.20360331117452,23.194827009486403,20.024984394500787,16.0,11.180339887498949,5.0,6.4031242374328485,13.601470508735444,19.235384061671343,20.024984394500787,14.142135623730951,6.708203932499369,5.385164807134504,11.180339887498949,16.492422502470642,19.4164878389476,718.0877383718511,648.2669203345177,691.9898843191279,566.6127425323225,57.55866572463264
