left_iris-362,left_iris-382,left_iris-381,left_iris-380,left_iris-374,left_iris-373,left_iris-390,left_iris-249,left_iris-263,left_iris-466,left_iris-388,left_iris-387,left_iris-386,left_iris-385,left_iris-384,left_iris-398,right_iris-133,right_iris-33,right_iris-7,right_iris-163,right_iris-144,right_iris-145,right_iris-153,right_iris-154,right_iris-155,right_iris-173,right_iris-157,right_iris-158,right_iris-159,right_iris-160,right_iris-161,right_iris-246,middle_left_right,center_edge_top_left,center_edge_top_right,center_edge_bottom_left,center_edge_bottom_right
23.021728866442675,20.0,16.1245154965971,9.848857801796104,6.708203932499369,8.06225774829855,11.40175425099138,14.317821063276353,16.76305461424021,14.317821063276353,12.041594578792296,8.246211251235321,5.0990195135927845,7.810249675906654,14.866068747318506,20.223748416156685,21.587033144922902,17.11724276862369,14.0,12.165525060596439,7.615773105863909,5.0990195135927845,8.48528137423857,14.317821063276353,18.973665961010276,19.235384061671343,14.035668847618199,8.94427190999916,6.082762530298219,9.219544457292887,12.649110640673518,15.297058540778355,756.2764044977207,700.6810972189845,734.8156231327692,600.4614891897731,55.90169943749474
