left_iris-362,left_iris-382,left_iris-381,left_iris-380,left_iris-374,left_iris-373,left_iris-390,left_iris-249,left_iris-263,left_iris-466,left_iris-388,left_iris-387,left_iris-386,left_iris-385,left_iris-384,left_iris-398,right_iris-133,right_iris-33,right_iris-7,right_iris-163,right_iris-144,right_iris-145,right_iris-153,right_iris-154,right_iris-155,right_iris-173,right_iris-157,right_iris-158,right_iris-159,right_iris-160,right_iris-161,right_iris-246,middle_left_right,center_edge_top_left,center_edge_top_right,center_edge_bottom_left,center_edge_bottom_right
32.2490309931942,29.068883707497267,23.021728866442675,14.866068747318506,8.94427190999916,10.816653826391969,15.264337522473747,18.384776310850235,22.561028345356956,19.235384061671343,15.033296378372908,9.219544457292887,4.0,11.661903789690601,20.8806130178211,28.442925306655784,28.635642126552707,24.0,20.223748416156685,16.76305461424021,12.806248474865697,9.0,12.727922061357855,20.615528128088304,25.96150997149434,25.179356624028344,18.027756377319946,8.94427190999916,5.0990195135927845,11.704699910719626,17.11724276862369,21.02379604162864,729.5423222815795,660.7056833416827,703.7982665508633,577.6088641979103,70.21395872616783
