left_iris-362,left_iris-382,left_iris-381,left_iris-380,left_iris-374,left_iris-373,left_iris-390,left_iris-249,left_iris-263,left_iris-466,left_iris-388,left_iris-387,left_iris-386,left_iris-385,left_iris-384,left_iris-398,right_iris-133,right_iris-33,right_iris-7,right_iris-163,right_iris-144,right_iris-145,right_iris-153,right_iris-154,right_iris-155,right_iris-173,right_iris-157,right_iris-158,right_iris-159,right_iris-160,right_iris-161,right_iris-246,middle_left_right,center_edge_top_left,center_edge_top_right,center_edge_bottom_left,center_edge_bottom_right
21.0,19.026297590440446,15.132745950421556,10.770329614269007,5.830951894845301,6.708203932499369,10.0,13.0,15.297058540778355,13.152946437965905,11.0,7.280109889280518,4.0,7.810249675906654,13.601470508735444,19.1049731745428,20.248456731316587,17.029386365926403,14.142135623730951,12.36931687685298,8.602325267042627,7.0710678118654755,9.219544457292887,14.7648230602334,18.384776310850235,17.46424919657298,13.0,7.615773105863909,5.0,8.602325267042627,12.36931687685298,15.132745950421556,759.1113225344488,682.0923691113983,730.9240726641858,610.1229384312641,55.731499172371095
