left_iris-362,left_iris-382,left_iris-381,left_iris-380,left_iris-374,left_iris-373,left_iris-390,left_iris-249,left_iris-263,left_iris-466,left_iris-388,left_iris-387,left_iris-386,left_iris-385,left_iris-384,left_iris-398,right_iris-133,right_iris-33,right_iris-7,right_iris-163,right_iris-144,right_iris-145,right_iris-153,right_iris-154,right_iris-155,right_iris-173,right_iris-157,right_iris-158,right_iris-159,right_iris-160,right_iris-161,right_iris-246,middle_left_right,center_edge_top_left,center_edge_top_right,center_edge_bottom_left,center_edge_bottom_right
22.090722034374522,19.0,12.36931687685298,6.708203932499369,10.63014581273465,19.235384061671343,24.351591323771842,27.892651361962706,30.59411708155671,28.442925306655784,24.186773244895647,18.027756377319946,8.246211251235321,4.47213595499958,13.0,19.4164878389476,31.144823004794873,24.186773244895647,20.0,15.132745950421556,8.94427190999916,6.324555320336759,13.416407864998739,22.561028345356956,28.284271247461902,28.0178514522438,22.02271554554524,12.165525060596439,3.605551275463989,8.94427190999916,15.524174696260024,20.223748416156685,733.8017443424347,655.1831804922956,705.0283682235772,585.8028678659741,63.63961030678928
