left_iris-362,left_iris-382,left_iris-381,left_iris-380,left_iris-374,left_iris-373,left_iris-390,left_iris-249,left_iris-263,left_iris-466,left_iris-388,left_iris-387,left_iris-386,left_iris-385,left_iris-384,left_iris-398,right_iris-133,right_iris-33,right_iris-7,right_iris-163,right_iris-144,right_iris-145,right_iris-153,right_iris-154,right_iris-155,right_iris-173,right_iris-157,right_iris-158,right_iris-159,right_iris-160,right_iris-161,right_iris-246,middle_left_right,center_edge_top_left,center_edge_top_right,center_edge_bottom_left,center_edge_bottom_right
36.40054944640259,32.89376840679705,25.942243542145693,17.029386365926403,14.142135623730951,17.69180601295413,22.847319317591726,26.476404589747453,31.0,28.071337695236398,23.345235059857504,17.46424919657298,8.94427190999916,10.816653826391969,22.02271554554524,31.575306807693888,35.6931365951495,31.064449134018133,26.68332812825267,22.847319317591726,17.69180601295413,13.038404810405298,16.278820596099706,24.698178070456937,32.01562118716424,30.14962686336267,21.213203435596427,9.219544457292887,7.810249675906654,17.46424919657298,24.08318915758459,28.0,762.176488747849,702.3624420482632,739.4004327832112,607.2997612382208,84.00595217006948
