left_iris-362,left_iris-382,left_iris-381,left_iris-380,left_iris-374,left_iris-373,left_iris-390,left_iris-249,left_iris-263,left_iris-466,left_iris-388,left_iris-387,left_iris-386,left_iris-385,left_iris-384,left_iris-398,right_iris-133,right_iris-33,right_iris-7,right_iris-163,right_iris-144,right_iris-145,right_iris-153,right_iris-154,right_iris-155,right_iris-173,right_iris-157,right_iris-158,right_iris-159,right_iris-160,right_iris-161,right_iris-246,middle_left_right,center_edge_top_left,center_edge_top_right,center_edge_bottom_left,center_edge_bottom_right
26.30589287593181,23.53720459187964,17.08800749063506,10.63014581273465,9.219544457292887,14.212670403551895,18.384776310850235,21.587033144922902,25.179356624028344,22.02271554554524,19.0,13.152946437965905,5.656854249492381,7.211102550927978,16.1245154965971,23.021728866442675,28.160255680657446,20.223748416156685,16.76305461424021,13.892443989449804,10.0,8.54400374531753,13.038404810405298,20.615528128088304,25.317977802344327,25.0,18.24828759089466,10.295630140987,5.0990195135927845,8.54400374531753,14.035668847618199,17.029386365926403,698.5162847063767,634.1332667507675,674.0363491682033,545.3668490108287,71.00704190430693
