left_iris-362,left_iris-382,left_iris-381,left_iris-380,left_iris-374,left_iris-373,left_iris-390,left_iris-249,left_iris-263,left_iris-466,left_iris-388,left_iris-387,left_iris-386,left_iris-385,left_iris-384,left_iris-398,right_iris-133,right_iris-33,right_iris-7,right_iris-163,right_iris-144,right_iris-145,right_iris-153,right_iris-154,right_iris-155,right_iris-173,right_iris-157,right_iris-158,right_iris-159,right_iris-160,right_iris-161,right_iris-246,middle_left_right,center_edge_top_left,center_edge_top_right,center_edge_bottom_left,center_edge_bottom_right
30.805843601498726,27.51363298439521,21.470910553583888,14.212670403551895,12.165525060596439,15.620499351813308,19.313207915827967,22.360679774997898,26.019223662515376,23.194827009486403,20.615528128088304,16.1245154965971,9.486832980505138,10.63014581273465,18.110770276274835,26.1725046566048,27.65863337187866,30.01666203960727,25.495097567963924,22.135943621178654,17.204650534085253,11.704699910719626,12.206555615733702,18.788294228055936,25.0,24.08318915758459,16.492422502470642,9.433981132056603,10.0,17.08800749063506,23.194827009486403,26.019223662515376,792.9419903120278,736.856159640401,771.4641922992927,637.0690700387204,74.00675644831355
