left_iris-362,left_iris-382,left_iris-381,left_iris-380,left_iris-374,left_iris-373,left_iris-390,left_iris-249,left_iris-263,left_iris-466,left_iris-388,left_iris-387,left_iris-386,left_iris-385,left_iris-384,left_iris-398,right_iris-133,right_iris-33,right_iris-7,right_iris-163,right_iris-144,right_iris-145,right_iris-153,right_iris-154,right_iris-155,right_iris-173,right_iris-157,right_iris-158,right_iris-159,right_iris-160,right_iris-161,right_iris-246,middle_left_right,center_edge_top_left,center_edge_top_right,center_edge_bottom_left,center_edge_bottom_right
43.01162633521314,39.21734310225516,32.69556544854363,22.80350850198276,14.7648230602334,10.816653826391969,15.811388300841896,21.0,28.635642126552707,23.08679276123039,17.88854381999832,10.63014581273465,9.219544457292887,17.46424919657298,29.017236257093817,39.05124837953327,30.59411708155671,25.0,21.93171219946131,18.867962264113206,14.142135623730951,8.06225774829855,11.704699910719626,20.024984394500787,27.294688127912362,25.96150997149434,19.235384061671343,9.219544457292887,7.0710678118654755,15.033296378372908,20.223748416156685,22.561028345356956,578.6121326069822,512.9249457766701,553.0750401166192,427.30785155435655,80.06247560499239
