left_iris-362,left_iris-382,left_iris-381,left_iris-380,left_iris-374,left_iris-373,left_iris-390,left_iris-249,left_iris-263,left_iris-466,left_iris-388,left_iris-387,left_iris-386,left_iris-385,left_iris-384,left_iris-398,right_iris-133,right_iris-33,right_iris-7,right_iris-163,right_iris-144,right_iris-145,right_iris-153,right_iris-154,right_iris-155,right_iris-173,right_iris-157,right_iris-158,right_iris-159,right_iris-160,right_iris-161,right_iris-246,middle_left_right,center_edge_top_left,center_edge_top_right,center_edge_bottom_left,center_edge_bottom_right
26.30589287593181,22.561028345356956,18.027756377319946,10.63014581273465,7.0710678118654755,11.40175425099138,15.811388300841896,19.4164878389476,23.08679276123039,20.024984394500787,16.0312195418814,11.40175425099138,5.385164807134504,8.06225774829855,16.1245154965971,23.021728866442675,28.071337695236398,19.1049731745428,15.524174696260024,12.083045973594572,8.48528137423857,7.280109889280518,12.529964086141668,19.4164878389476,25.179356624028344,25.0,18.439088914585774,11.180339887498949,5.0990195135927845,8.06225774829855,13.038404810405298,16.0,670.5221845696084,595.3990258641678,642.5729530566938,521.7278984298233,61.07372593840988
