left_iris-362,left_iris-382,left_iris-381,left_iris-380,left_iris-374,left_iris-373,left_iris-390,left_iris-249,left_iris-263,left_iris-466,left_iris-388,left_iris-387,left_iris-386,left_iris-385,left_iris-384,left_iris-398,right_iris-133,right_iris-33,right_iris-7,right_iris-163,right_iris-144,right_iris-145,right_iris-153,right_iris-154,right_iris-155,right_iris-173,right_iris-157,right_iris-158,right_iris-159,right_iris-160,right_iris-161,right_iris-246,middle_left_right,center_edge_top_left,center_edge_top_right,center_edge_bottom_left,center_edge_bottom_right
36.138621999185304,33.52610922848042,27.313000567495326,19.1049731745428,14.035668847618199,16.97056274847714,21.540659228538015,25.179356624028344,29.154759474226502,27.459060435491963,25.0,21.095023109728988,13.0,12.806248474865697,22.360679774997898,31.25699921617557,40.024992192379,35.05709628591621,28.861739379323623,23.706539182259394,18.439088914585774,15.132745950421556,19.849433241279208,29.732137494637012,37.36308338453881,34.23448553724738,24.331050121192877,13.45362404707371,11.180339887498949,20.248456731316587,27.16615541441225,31.016124838541646,728.4922786138505,686.2951260208687,711.1968785083354,570.7898036930933,79.0
