left_iris-362,left_iris-382,left_iris-381,left_iris-380,left_iris-374,left_iris-373,left_iris-390,left_iris-249,left_iris-263,left_iris-466,left_iris-388,left_iris-387,left_iris-386,left_iris-385,left_iris-384,left_iris-398,right_iris-133,right_iris-33,right_iris-7,right_iris-163,right_iris-144,right_iris-145,right_iris-153,right_iris-154,right_iris-155,right_iris-173,right_iris-157,right_iris-158,right_iris-159,right_iris-160,right_iris-161,right_iris-246,middle_left_right,center_edge_top_left,center_edge_top_right,center_edge_bottom_left,center_edge_bottom_right
41.10960958218893,37.33630940518894,29.614185789921695,19.235384061671343,12.083045973594572,13.038404810405298,17.4928556845359,21.18962010041709,25.179356624028344,22.0,18.439088914585774,13.601470508735444,11.045361017187261,16.401219466856727,26.68332812825267,36.013886210738214,34.23448553724738,32.2490309931942,27.892651361962706,23.769728648009426,18.027756377319946,11.40175425099138,13.45362404707371,22.135943621178654,29.614185789921695,29.0,21.840329667841555,12.041594578792296,10.770329614269007,18.384776310850235,24.186773244895647,28.0178514522438,699.9328539224316,632.3812141422293,674.4671971267394,547.8193132776536,81.09870529176159
