left_iris-362,left_iris-382,left_iris-381,left_iris-380,left_iris-374,left_iris-373,left_iris-390,left_iris-249,left_iris-263,left_iris-466,left_iris-388,left_iris-387,left_iris-386,left_iris-385,left_iris-384,left_iris-398,right_iris-133,right_iris-33,right_iris-7,right_iris-163,right_iris-144,right_iris-145,right_iris-153,right_iris-154,right_iris-155,right_iris-173,right_iris-157,right_iris-158,right_iris-159,right_iris-160,right_iris-161,right_iris-246,middle_left_right,center_edge_top_left,center_edge_top_right,center_edge_bottom_left,center_edge_bottom_right
29.154759474226502,25.942243542145693,20.0,14.317821063276353,13.92838827718412,19.4164878389476,26.248809496813376,31.575306807693888,37.013511046643494,33.06055050963308,28.442925306655784,21.02379604162864,13.038404810405298,10.295630140987,16.278820596099706,23.769728648009426,30.805843601498726,28.071337695236398,24.73863375370596,21.540659228538015,16.401219466856727,12.36931687685298,13.601470508735444,21.02379604162864,27.202941017470888,26.1725046566048,19.235384061671343,9.899494936611665,8.94427190999916,16.15549442140351,22.20360331117452,25.0,652.0927848090331,562.6944108483751,619.697506853142,511.1995696398814,87.02298546935747
