left_iris-362,left_iris-382,left_iris-381,left_iris-380,left_iris-374,left_iris-373,left_iris-390,left_iris-249,left_iris-263,left_iris-466,left_iris-388,left_iris-387,left_iris-386,left_iris-385,left_iris-384,left_iris-398,right_iris-133,right_iris-33,right_iris-7,right_iris-163,right_iris-144,right_iris-145,right_iris-153,right_iris-154,right_iris-155,right_iris-173,right_iris-157,right_iris-158,right_iris-159,right_iris-160,right_iris-161,right_iris-246,middle_left_right,center_edge_top_left,center_edge_top_right,center_edge_bottom_left,center_edge_bottom_right
27.459060435491963,23.769728648009426,17.46424919657298,10.63014581273465,9.486832980505138,15.264337522473747,19.924858845171276,23.345235059857504,26.076809620810597,23.0,20.09975124224178,14.866068747318506,7.211102550927978,7.810249675906654,16.278820596099706,23.021728866442675,29.427877939124322,23.021728866442675,19.4164878389476,16.15549442140351,12.041594578792296,9.0,13.45362404707371,20.248456731316587,26.68332812825267,26.076809620810597,18.110770276274835,9.433981132056603,5.0990195135927845,11.704699910719626,17.11724276862369,20.0,747.0528763079626,682.6331371974261,722.7641385680394,593.5385412928127,69.06518659932803
