left_iris-362,left_iris-382,left_iris-381,left_iris-380,left_iris-374,left_iris-373,left_iris-390,left_iris-249,left_iris-263,left_iris-466,left_iris-388,left_iris-387,left_iris-386,left_iris-385,left_iris-384,left_iris-398,right_iris-133,right_iris-33,right_iris-7,right_iris-163,right_iris-144,right_iris-145,right_iris-153,right_iris-154,right_iris-155,right_iris-173,right_iris-157,right_iris-158,right_iris-159,right_iris-160,right_iris-161,right_iris-246,middle_left_right,center_edge_top_left,center_edge_top_right,center_edge_bottom_left,center_edge_bottom_right
30.066592756745816,28.160255680657446,22.360679774997898,14.317821063276353,8.94427190999916,9.433981132056603,12.206555615733702,14.866068747318506,18.110770276274835,16.0312195418814,13.038404810405298,8.94427190999916,6.0,11.661903789690601,20.396078054371138,27.0,28.635642126552707,24.186773244895647,19.924858845171276,15.652475842498529,12.041594578792296,9.055385138137417,12.806248474865697,20.248456731316587,25.709920264364882,25.179356624028344,18.110770276274835,10.295630140987,5.0990195135927845,10.44030650891055,17.029386365926403,20.024984394500787,761.0709559561448,688.2070909253987,734.1859437499468,610.3515380499995,63.12685640834652
