left_iris-362,left_iris-382,left_iris-381,left_iris-380,left_iris-374,left_iris-373,left_iris-390,left_iris-249,left_iris-263,left_iris-466,left_iris-388,left_iris-387,left_iris-386,left_iris-385,left_iris-384,left_iris-398,right_iris-133,right_iris-33,right_iris-7,right_iris-163,right_iris-144,right_iris-145,right_iris-153,right_iris-154,right_iris-155,right_iris-173,right_iris-157,right_iris-158,right_iris-159,right_iris-160,right_iris-161,right_iris-246,middle_left_right,center_edge_top_left,center_edge_top_right,center_edge_bottom_left,center_edge_bottom_right
36.138621999185304,31.953090617340916,25.059928172283335,16.64331697709324,15.524174696260024,22.20360331117452,27.85677655436824,32.7566787083184,38.05259518088089,34.0147027033899,29.427877939124322,21.93171219946131,13.892443989449804,13.038404810405298,21.587033144922902,31.25699921617557,38.47076812334269,31.25699921617557,27.51363298439521,23.706539182259394,18.384776310850235,14.035668847618199,16.97056274847714,26.92582403567252,33.95585369269929,33.015148038438355,24.73863375370596,15.556349186104045,12.36931687685298,19.235384061671343,24.331050121192877,28.0,700.3520543269649,631.1838084108305,674.3834220975483,548.8105319689118,90.19977827023745
