left_iris-362,left_iris-382,left_iris-381,left_iris-380,left_iris-374,left_iris-373,left_iris-390,left_iris-249,left_iris-263,left_iris-466,left_iris-388,left_iris-387,left_iris-386,left_iris-385,left_iris-384,left_iris-398,right_iris-133,right_iris-33,right_iris-7,right_iris-163,right_iris-144,right_iris-145,right_iris-153,right_iris-154,right_iris-155,right_iris-173,right_iris-157,right_iris-158,right_iris-159,right_iris-160,right_iris-161,right_iris-246,middle_left_right,center_edge_top_left,center_edge_top_right,center_edge_bottom_left,center_edge_bottom_right
32.01562118716424,28.460498941515414,21.470910553583888,14.7648230602334,14.866068747318506,20.248456731316587,25.96150997149434,31.144823004794873,36.124783736376884,32.2490309931942,28.635642126552707,21.93171219946131,12.806248474865697,10.295630140987,18.681541692269406,27.16615541441225,34.23448553724738,27.018512172212592,22.80350850198276,19.235384061671343,15.0,12.165525060596439,16.401219466856727,24.73863375370596,31.400636936215164,29.0,20.615528128088304,10.63014581273465,8.602325267042627,15.811388300841896,21.095023109728988,25.0,677.7093772407167,593.7086827729572,647.0625935719048,533.1885220069914,78.02563681252464
