left_iris-362,left_iris-382,left_iris-381,left_iris-380,left_iris-374,left_iris-373,left_iris-390,left_iris-249,left_iris-263,left_iris-466,left_iris-388,left_iris-387,left_iris-386,left_iris-385,left_iris-384,left_iris-398,right_iris-133,right_iris-33,right_iris-7,right_iris-163,right_iris-144,right_iris-145,right_iris-153,right_iris-154,right_iris-155,right_iris-173,right_iris-157,right_iris-158,right_iris-159,right_iris-160,right_iris-161,right_iris-246,middle_left_right,center_edge_top_left,center_edge_top_right,center_edge_bottom_left,center_edge_bottom_right
32.55764119219941,28.861739379323623,21.18962010041709,12.041594578792296,8.54400374531753,15.231546211727817,22.360679774997898,28.160255680657446,33.0,29.017236257093817,25.179356624028344,18.027756377319946,8.602325267042627,8.48528137423857,19.235384061671343,28.071337695236398,33.24154027718932,31.064449134018133,26.476404589747453,22.80350850198276,16.1245154965971,9.486832980505138,12.727922061357855,22.135943621178654,29.614185789921695,28.071337695236398,20.09975124224178,7.615773105863909,5.656854249492381,16.278820596099706,23.021728866442675,27.018512172212592,662.5103772772167,579.672321229848,632.1550442731593,517.6098917138273,85.0235261559999
