left_iris-362,left_iris-382,left_iris-381,left_iris-380,left_iris-374,left_iris-373,left_iris-390,left_iris-249,left_iris-263,left_iris-466,left_iris-388,left_iris-387,left_iris-386,left_iris-385,left_iris-384,left_iris-398,right_iris-133,right_iris-33,right_iris-7,right_iris-163,right_iris-144,right_iris-145,right_iris-153,right_iris-154,right_iris-155,right_iris-173,right_iris-157,right_iris-158,right_iris-159,right_iris-160,right_iris-161,right_iris-246,middle_left_right,center_edge_top_left,center_edge_top_right,center_edge_bottom_left,center_edge_bottom_right
21.095023109728988,18.24828759089466,13.601470508735444,6.4031242374328485,4.47213595499958,10.770329614269007,16.492422502470642,20.223748416156685,23.021728866442675,21.0,17.11724276862369,11.40175425099138,5.0,6.4031242374328485,13.152946437965905,19.0,24.08318915758459,18.027756377319946,15.297058540778355,12.649110640673518,8.602325267042627,5.0,9.433981132056603,16.492422502470642,21.213203435596427,21.0,15.132745950421556,7.615773105863909,4.0,7.615773105863909,12.041594578792296,15.0,670.0783536273948,600.1708090202321,643.7429611265665,519.1387097876636,58.0
