left_iris-362,left_iris-382,left_iris-381,left_iris-380,left_iris-374,left_iris-373,left_iris-390,left_iris-249,left_iris-263,left_iris-466,left_iris-388,left_iris-387,left_iris-386,left_iris-385,left_iris-384,left_iris-398,right_iris-133,right_iris-33,right_iris-7,right_iris-163,right_iris-144,right_iris-145,right_iris-153,right_iris-154,right_iris-155,right_iris-173,right_iris-157,right_iris-158,right_iris-159,right_iris-160,right_iris-161,right_iris-246,middle_left_right,center_edge_top_left,center_edge_top_right,center_edge_bottom_left,center_edge_bottom_right
35.6931365951495,32.984845004941285,26.0,17.69180601295413,14.035668847618199,17.69180601295413,22.47220505424423,26.30589287593181,31.016124838541646,28.160255680657446,24.331050121192877,18.973665961010276,10.0,10.63014581273465,21.213203435596427,31.144823004794873,33.54101966249684,37.013511046643494,31.25699921617557,27.202941017470888,20.248456731316587,12.649110640673518,14.212670403551895,23.40939982143925,30.805843601498726,29.068883707497267,18.439088914585774,8.94427190999916,12.041594578792296,22.80350850198276,29.274562336608895,34.058772731852805,746.4643327045171,669.1106037121217,718.1288185277068,597.75329359193,77.00649323271382
