left_iris-362,left_iris-382,left_iris-381,left_iris-380,left_iris-374,left_iris-373,left_iris-390,left_iris-249,left_iris-263,left_iris-466,left_iris-388,left_iris-387,left_iris-386,left_iris-385,left_iris-384,left_iris-398,right_iris-133,right_iris-33,right_iris-7,right_iris-163,right_iris-144,right_iris-145,right_iris-153,right_iris-154,right_iris-155,right_iris-173,right_iris-157,right_iris-158,right_iris-159,right_iris-160,right_iris-161,right_iris-246,middle_left_right,center_edge_top_left,center_edge_top_right,center_edge_bottom_left,center_edge_bottom_right
26.1725046566048,23.194827009486403,17.46424919657298,11.180339887498949,5.0990195135927845,10.295630140987,16.76305461424021,22.360679774997898,28.160255680657446,23.021728866442675,18.027756377319946,11.40175425099138,4.123105625617661,8.94427190999916,16.1245154965971,23.021728866442675,19.1049731745428,25.298221281347036,21.540659228538015,17.88854381999832,13.038404810405298,6.708203932499369,5.656854249492381,12.165525060596439,16.0,16.278820596099706,10.770329614269007,4.47213595499958,5.830951894845301,13.0,18.24828759089466,21.840329667841555,559.0885439713463,512.3280199247354,539.3329213018616,402.715780669196,77.41446893184762
