left_iris-362,left_iris-382,left_iris-381,left_iris-380,left_iris-374,left_iris-373,left_iris-390,left_iris-249,left_iris-263,left_iris-466,left_iris-388,left_iris-387,left_iris-386,left_iris-385,left_iris-384,left_iris-398,right_iris-133,right_iris-33,right_iris-7,right_iris-163,right_iris-144,right_iris-145,right_iris-153,right_iris-154,right_iris-155,right_iris-173,right_iris-157,right_iris-158,right_iris-159,right_iris-160,right_iris-161,right_iris-246,middle_left_right,center_edge_top_left,center_edge_top_right,center_edge_bottom_left,center_edge_bottom_right
31.016124838541646,28.0,22.02271554554524,14.317821063276353,5.656854249492381,8.06225774829855,16.76305461424021,23.345235059857504,29.154759474226502,24.08318915758459,18.027756377319946,10.04987562112089,3.1622776601683795,11.704699910719626,21.37755832643195,28.071337695236398,23.345235059857504,24.331050121192877,20.615528128088304,15.811388300841896,9.848857801796104,3.0,8.06225774829855,15.033296378372908,20.223748416156685,20.615528128088304,14.866068747318506,6.708203932499369,2.23606797749979,10.04987562112089,16.1245154965971,20.396078054371138,603.7424947773678,553.7192429381519,583.2709490451243,447.66617026529934,80.22468448052632
