left_iris-362,left_iris-382,left_iris-381,left_iris-380,left_iris-374,left_iris-373,left_iris-390,left_iris-249,left_iris-263,left_iris-466,left_iris-388,left_iris-387,left_iris-386,left_iris-385,left_iris-384,left_iris-398,right_iris-133,right_iris-33,right_iris-7,right_iris-163,right_iris-144,right_iris-145,right_iris-153,right_iris-154,right_iris-155,right_iris-173,right_iris-157,right_iris-158,right_iris-159,right_iris-160,right_iris-161,right_iris-246,middle_left_right,center_edge_top_left,center_edge_top_right,center_edge_bottom_left,center_edge_bottom_right
41.012193308819754,37.013511046643494,28.284271247461902,17.4928556845359,13.152946437965905,17.69180601295413,23.323807579381203,27.51363298439521,31.400636936215164,28.071337695236398,24.0,17.46424919657298,8.06225774829855,12.806248474865697,25.96150997149434,36.22154055254967,39.319206502675,35.014282800023196,30.14962686336267,25.709920264364882,18.788294228055936,11.704699910719626,14.142135623730951,25.298221281347036,33.734255586866,34.0147027033899,23.53720459187964,12.727922061357855,10.770329614269007,18.788294228055936,26.476404589747453,31.144823004794873,806.625687664359,742.5260938175843,782.6525410423197,652.6446199885509,85.09406559801923
