left_iris-362,left_iris-382,left_iris-381,left_iris-380,left_iris-374,left_iris-373,left_iris-390,left_iris-249,left_iris-263,left_iris-466,left_iris-388,left_iris-387,left_iris-386,left_iris-385,left_iris-384,left_iris-398,right_iris-133,right_iris-33,right_iris-7,right_iris-163,right_iris-144,right_iris-145,right_iris-153,right_iris-154,right_iris-155,right_iris-173,right_iris-157,right_iris-158,right_iris-159,right_iris-160,right_iris-161,right_iris-246,middle_left_right,center_edge_top_left,center_edge_top_right,center_edge_bottom_left,center_edge_bottom_right
38.3275357934736,34.785054261852174,27.313000567495326,17.69180601295413,13.038404810405298,18.601075237738275,24.041630560342615,29.154759474226502,34.058772731852805,31.25699921617557,26.68332812825267,19.697715603592208,10.295630140987,11.40175425099138,23.08679276123039,33.37663853655727,31.144823004794873,40.01249804748511,35.22782990761707,30.083217912982647,22.825424421026653,13.892443989449804,11.661903789690601,20.248456731316587,27.459060435491963,26.076809620810597,19.235384061671343,13.152946437965905,17.69180601295413,26.92582403567252,33.54101966249684,37.12142238654117,874.308869908112,798.8216321557647,846.9450985748722,723.7513385134428,101.31633629380802
