left_iris-362,left_iris-382,left_iris-381,left_iris-380,left_iris-374,left_iris-373,left_iris-390,left_iris-249,left_iris-263,left_iris-466,left_iris-388,left_iris-387,left_iris-386,left_iris-385,left_iris-384,left_iris-398,right_iris-133,right_iris-33,right_iris-7,right_iris-163,right_iris-144,right_iris-145,right_iris-153,right_iris-154,right_iris-155,right_iris-173,right_iris-157,right_iris-158,right_iris-159,right_iris-160,right_iris-161,right_iris-246,middle_left_right,center_edge_top_left,center_edge_top_right,center_edge_bottom_left,center_edge_bottom_right
35.35533905932738,31.575306807693888,23.40939982143925,15.620499351813308,13.601470508735444,19.4164878389476,26.248809496813376,30.265491900843113,35.014282800023196,32.14031735997639,27.294688127912362,20.8806130178211,10.63014581273465,10.0,20.615528128088304,30.0,37.656340767525464,33.015148038438355,27.294688127912362,22.47220505424423,17.029386365926403,12.0,17.029386365926403,27.202941017470888,34.713109915419565,33.13608305156178,22.090722034374522,10.0,7.810249675906654,18.681541692269406,25.317977802344327,30.066592756745816,680.870766004827,606.7824980996073,653.2878385520429,531.4931796363901,81.02468759581859
