left_iris-362,left_iris-382,left_iris-381,left_iris-380,left_iris-374,left_iris-373,left_iris-390,left_iris-249,left_iris-263,left_iris-466,left_iris-388,left_iris-387,left_iris-386,left_iris-385,left_iris-384,left_iris-398,right_iris-133,right_iris-33,right_iris-7,right_iris-163,right_iris-144,right_iris-145,right_iris-153,right_iris-154,right_iris-155,right_iris-173,right_iris-157,right_iris-158,right_iris-159,right_iris-160,right_iris-161,right_iris-246,middle_left_right,center_edge_top_left,center_edge_top_right,center_edge_bottom_left,center_edge_bottom_right
26.476404589747453,24.73863375370596,20.248456731316587,14.212670403551895,10.198039027185569,12.206555615733702,15.811388300841896,18.973665961010276,22.20360331117452,20.024984394500787,17.029386365926403,12.649110640673518,6.708203932499369,8.48528137423857,16.278820596099706,23.08679276123039,30.805843601498726,26.0,21.37755832643195,17.46424919657298,12.041594578792296,10.44030650891055,15.811388300841896,23.08679276123039,27.892651361962706,26.1725046566048,18.24828759089466,9.899494936611665,8.94427190999916,15.231546211727817,20.223748416156685,23.021728866442675,767.8678271681918,693.1240870147278,740.4194757027938,617.8357386878813,67.1863081289633
