left_iris-362,left_iris-382,left_iris-381,left_iris-380,left_iris-374,left_iris-373,left_iris-390,left_iris-249,left_iris-263,left_iris-466,left_iris-388,left_iris-387,left_iris-386,left_iris-385,left_iris-384,left_iris-398,right_iris-133,right_iris-33,right_iris-7,right_iris-163,right_iris-144,right_iris-145,right_iris-153,right_iris-154,right_iris-155,right_iris-173,right_iris-157,right_iris-158,right_iris-159,right_iris-160,right_iris-161,right_iris-246,middle_left_right,center_edge_top_left,center_edge_top_right,center_edge_bottom_left,center_edge_bottom_right
30.083217912982647,26.832815729997478,20.808652046684813,14.317821063276353,14.866068747318506,20.808652046684813,26.570660511172846,31.400636936215164,37.013511046643494,33.06055050963308,28.442925306655784,21.540659228538015,12.206555615733702,10.295630140987,17.26267650163207,25.495097567963924,30.59411708155671,29.154759474226502,24.73863375370596,21.93171219946131,17.029386365926403,12.36931687685298,13.601470508735444,20.615528128088304,26.92582403567252,26.076809620810597,18.439088914585774,9.219544457292887,9.433981132056603,17.08800749063506,22.090722034374522,26.0,663.035443999791,574.5572208231309,630.9643413062263,521.359760626,87.02298546935747
