left_iris-362,left_iris-382,left_iris-381,left_iris-380,left_iris-374,left_iris-373,left_iris-390,left_iris-249,left_iris-263,left_iris-466,left_iris-388,left_iris-387,left_iris-386,left_iris-385,left_iris-384,left_iris-398,right_iris-133,right_iris-33,right_iris-7,right_iris-163,right_iris-144,right_iris-145,right_iris-153,right_iris-154,right_iris-155,right_iris-173,right_iris-157,right_iris-158,right_iris-159,right_iris-160,right_iris-161,right_iris-246,middle_left_right,center_edge_top_left,center_edge_top_right,center_edge_bottom_left,center_edge_bottom_right
32.0,28.071337695236398,21.37755832643195,13.038404810405298,9.0,14.212670403551895,20.615528128088304,24.73863375370596,29.154759474226502,26.019223662515376,22.02271554554524,15.524174696260024,7.211102550927978,9.219544457292887,19.6468827043885,28.071337695236398,27.892651361962706,30.14962686336267,26.019223662515376,22.360679774997898,16.15549442140351,10.295630140987,11.661903789690601,19.235384061671343,24.351591323771842,24.331050121192877,17.029386365926403,7.810249675906654,7.810249675906654,17.08800749063506,23.53720459187964,27.294688127912362,647.6025015393316,601.4889857678194,628.6405968436974,490.6006522621021,75.66372975210778
