left_iris-362,left_iris-382,left_iris-381,left_iris-380,left_iris-374,left_iris-373,left_iris-390,left_iris-249,left_iris-263,left_iris-466,left_iris-388,left_iris-387,left_iris-386,left_iris-385,left_iris-384,left_iris-398,right_iris-133,right_iris-33,right_iris-7,right_iris-163,right_iris-144,right_iris-145,right_iris-153,right_iris-154,right_iris-155,right_iris-173,right_iris-157,right_iris-158,right_iris-159,right_iris-160,right_iris-161,right_iris-246,middle_left_right,center_edge_top_left,center_edge_top_right,center_edge_bottom_left,center_edge_bottom_right
33.37663853655727,29.614185789921695,23.40939982143925,14.866068747318506,12.165525060596439,18.439088914585774,24.166091947189145,28.160255680657446,32.2490309931942,30.066592756745816,26.076809620810597,19.924858845171276,11.40175425099138,10.816653826391969,19.6468827043885,28.0178514522438,31.04834939252005,27.018512172212592,23.194827009486403,19.924858845171276,15.811388300841896,11.180339887498949,13.601470508735444,21.470910553583888,27.51363298439521,26.30589287593181,19.1049731745428,10.63014581273465,9.219544457292887,15.264337522473747,20.615528128088304,24.186773244895647,611.4785360092372,557.5894547065968,589.8355703075222,456.1863654253599,77.23341245859851
