left_iris-362,left_iris-382,left_iris-381,left_iris-380,left_iris-374,left_iris-373,left_iris-390,left_iris-249,left_iris-263,left_iris-466,left_iris-388,left_iris-387,left_iris-386,left_iris-385,left_iris-384,left_iris-398,right_iris-133,right_iris-33,right_iris-7,right_iris-163,right_iris-144,right_iris-145,right_iris-153,right_iris-154,right_iris-155,right_iris-173,right_iris-157,right_iris-158,right_iris-159,right_iris-160,right_iris-161,right_iris-246,middle_left_right,center_edge_top_left,center_edge_top_right,center_edge_bottom_left,center_edge_bottom_right
22.561028345356956,19.924858845171276,15.652475842498529,10.0,9.219544457292887,12.806248474865697,16.55294535724685,19.924858845171276,22.20360331117452,20.024984394500787,17.11724276862369,12.529964086141668,7.615773105863909,9.219544457292887,13.341664064126334,19.1049731745428,24.08318915758459,20.396078054371138,17.08800749063506,15.264337522473747,12.041594578792296,9.0,11.313708498984761,16.76305461424021,21.213203435596427,21.02379604162864,15.524174696260024,7.810249675906654,5.0990195135927845,9.486832980505138,14.0,17.11724276862369,713.824208051254,653.0275645024489,690.5396440465963,559.504244845381,59.00847396772772
