left_iris-362,left_iris-382,left_iris-381,left_iris-380,left_iris-374,left_iris-373,left_iris-390,left_iris-249,left_iris-263,left_iris-466,left_iris-388,left_iris-387,left_iris-386,left_iris-385,left_iris-384,left_iris-398,right_iris-133,right_iris-33,right_iris-7,right_iris-163,right_iris-144,right_iris-145,right_iris-153,right_iris-154,right_iris-155,right_iris-173,right_iris-157,right_iris-158,right_iris-159,right_iris-160,right_iris-161,right_iris-246,middle_left_right,center_edge_top_left,center_edge_top_right,center_edge_bottom_left,center_edge_bottom_right
39.45883931389772,35.6931365951495,27.202941017470888,17.804493814764857,13.0,18.439088914585774,25.079872407968907,29.832867780352597,34.132096331752024,31.016124838541646,27.073972741361768,19.924858845171276,9.433981132056603,12.041594578792296,24.331050121192877,34.0147027033899,36.87817782917155,36.05551275463989,30.4138126514911,25.0,17.4928556845359,11.180339887498949,14.866068747318506,25.632011235952593,33.24154027718932,32.14031735997639,23.194827009486403,12.041594578792296,10.770329614269007,19.697715603592208,27.294688127912362,32.01562118716424,641.7826734962545,601.2362264534631,624.5678505975152,484.1332461213545,96.00520819205592
