left_iris-362,left_iris-382,left_iris-381,left_iris-380,left_iris-374,left_iris-373,left_iris-390,left_iris-249,left_iris-263,left_iris-466,left_iris-388,left_iris-387,left_iris-386,left_iris-385,left_iris-384,left_iris-398,right_iris-133,right_iris-33,right_iris-7,right_iris-163,right_iris-144,right_iris-145,right_iris-153,right_iris-154,right_iris-155,right_iris-173,right_iris-157,right_iris-158,right_iris-159,right_iris-160,right_iris-161,right_iris-246,middle_left_right,center_edge_top_left,center_edge_top_right,center_edge_bottom_left,center_edge_bottom_right
39.6232255123179,34.713109915419565,26.92582403567252,17.0,8.54400374531753,11.40175425099138,18.681541692269406,24.331050121192877,30.01666203960727,26.019223662515376,20.223748416156685,12.083045973594572,6.082762530298219,12.649110640673518,25.019992006393608,34.132096331752024,38.01315561749642,26.30589287593181,22.135943621178654,17.88854381999832,12.041594578792296,8.94427190999916,16.15549442140351,27.294688127912362,34.058772731852805,34.058772731852805,25.495097567963924,13.416407864998739,6.082762530298219,11.704699910719626,18.027756377319946,23.08679276123039,625.0503979680359,581.0232353357308,606.620144736391,467.8546782923091,88.20430828479978
