left_iris-362,left_iris-382,left_iris-381,left_iris-380,left_iris-374,left_iris-373,left_iris-390,left_iris-249,left_iris-263,left_iris-466,left_iris-388,left_iris-387,left_iris-386,left_iris-385,left_iris-384,left_iris-398,right_iris-133,right_iris-33,right_iris-7,right_iris-163,right_iris-144,right_iris-145,right_iris-153,right_iris-154,right_iris-155,right_iris-173,right_iris-157,right_iris-158,right_iris-159,right_iris-160,right_iris-161,right_iris-246,middle_left_right,center_edge_top_left,center_edge_top_right,center_edge_bottom_left,center_edge_bottom_right
30.01666203960727,26.019223662515376,19.235384061671343,10.63014581273465,10.770329614269007,18.867962264113206,25.632011235952593,30.805843601498726,35.22782990761707,32.0624390837628,27.0,20.396078054371138,11.40175425099138,8.54400374531753,17.46424919657298,26.30589287593181,31.575306807693888,26.1725046566048,22.0,18.24828759089466,13.416407864998739,8.06225774829855,12.727922061357855,21.540659228538015,27.892651361962706,28.160255680657446,21.02379604162864,10.770329614269007,6.0,12.529964086141668,18.681541692269406,23.345235059857504,681.0829611728662,621.1875723161241,657.9316073878804,526.7580089566745,80.75270893288967
