left_iris-362,left_iris-382,left_iris-381,left_iris-380,left_iris-374,left_iris-373,left_iris-390,left_iris-249,left_iris-263,left_iris-466,left_iris-388,left_iris-387,left_iris-386,left_iris-385,left_iris-384,left_iris-398,right_iris-133,right_iris-33,right_iris-7,right_iris-163,right_iris-144,right_iris-145,right_iris-153,right_iris-154,right_iris-155,right_iris-173,right_iris-157,right_iris-158,right_iris-159,right_iris-160,right_iris-161,right_iris-246,middle_left_right,center_edge_top_left,center_edge_top_right,center_edge_bottom_left,center_edge_bottom_right
28.442925306655784,26.68332812825267,21.18962010041709,14.212670403551895,10.198039027185569,12.206555615733702,15.264337522473747,18.973665961010276,22.090722034374522,19.026297590440446,16.0312195418814,11.704699910719626,5.0990195135927845,9.433981132056603,18.24828759089466,25.079872407968907,29.274562336608895,26.076809620810597,21.587033144922902,17.46424919657298,12.727922061357855,9.055385138137417,13.038404810405298,21.587033144922902,26.30589287593181,25.019992006393608,17.46424919657298,8.48528137423857,7.810249675906654,15.524174696260024,21.02379604162864,24.0,765.0653566852965,687.4045388270287,736.6987172514962,616.2994402074369,66.03029607687671
