left_iris-362,left_iris-382,left_iris-381,left_iris-380,left_iris-374,left_iris-373,left_iris-390,left_iris-249,left_iris-263,left_iris-466,left_iris-388,left_iris-387,left_iris-386,left_iris-385,left_iris-384,left_iris-398,right_iris-133,right_iris-33,right_iris-7,right_iris-163,right_iris-144,right_iris-145,right_iris-153,right_iris-154,right_iris-155,right_iris-173,right_iris-157,right_iris-158,right_iris-159,right_iris-160,right_iris-161,right_iris-246,middle_left_right,center_edge_top_left,center_edge_top_right,center_edge_bottom_left,center_edge_bottom_right
40.01249804748511,36.05551275463989,28.160255680657446,18.027756377319946,8.602325267042627,10.63014581273465,16.55294535724685,20.8806130178211,26.30589287593181,22.090722034374522,17.0,10.44030650891055,5.385164807134504,13.92838827718412,26.30589287593181,35.014282800023196,37.21558813185679,30.0,26.1725046566048,21.37755832643195,14.317821063276353,7.0710678118654755,13.892443989449804,24.73863375370596,32.38826948140329,32.01562118716424,23.194827009486403,12.083045973594572,6.082762530298219,13.92838827718412,21.213203435596427,27.073972741361768,743.4971418909423,675.1947867097316,717.9749299244369,591.2596722253261,83.05419917138447
