left_iris-362,left_iris-382,left_iris-381,left_iris-380,left_iris-374,left_iris-373,left_iris-390,left_iris-249,left_iris-263,left_iris-466,left_iris-388,left_iris-387,left_iris-386,left_iris-385,left_iris-384,left_iris-398,right_iris-133,right_iris-33,right_iris-7,right_iris-163,right_iris-144,right_iris-145,right_iris-153,right_iris-154,right_iris-155,right_iris-173,right_iris-157,right_iris-158,right_iris-159,right_iris-160,right_iris-161,right_iris-246,middle_left_right,center_edge_top_left,center_edge_top_right,center_edge_bottom_left,center_edge_bottom_right
24.73863375370596,22.135943621178654,18.384776310850235,12.727922061357855,9.055385138137417,11.313708498984761,13.92838827718412,17.26267650163207,20.0,18.027756377319946,15.132745950421556,10.770329614269007,5.385164807134504,8.06225774829855,15.033296378372908,21.213203435596427,29.017236257093817,21.37755832643195,18.027756377319946,14.7648230602334,10.0,7.615773105863909,13.0,21.213203435596427,26.076809620810597,25.079872407968907,17.46424919657298,9.219544457292887,5.385164807134504,11.180339887498949,16.0,19.1049731745428,712.1586901807771,637.9420036335591,684.6678026605312,562.4677768548169,57.3149195236284
