left_iris-362,left_iris-382,left_iris-381,left_iris-380,left_iris-374,left_iris-373,left_iris-390,left_iris-249,left_iris-263,left_iris-466,left_iris-388,left_iris-387,left_iris-386,left_iris-385,left_iris-384,left_iris-398,right_iris-133,right_iris-33,right_iris-7,right_iris-163,right_iris-144,right_iris-145,right_iris-153,right_iris-154,right_iris-155,right_iris-173,right_iris-157,right_iris-158,right_iris-159,right_iris-160,right_iris-161,right_iris-246,middle_left_right,center_edge_top_left,center_edge_top_right,center_edge_bottom_left,center_edge_bottom_right
26.019223662515376,23.021728866442675,18.110770276274835,10.295630140987,6.0,11.40175425099138,16.55294535724685,19.924858845171276,22.360679774997898,20.223748416156685,18.027756377319946,13.152946437965905,5.656854249492381,7.810249675906654,15.524174696260024,22.090722034374522,25.96150997149434,19.4164878389476,16.0,13.152946437965905,9.433981132056603,7.0710678118654755,11.40175425099138,18.384776310850235,23.08679276123039,22.360679774997898,16.0,8.94427190999916,6.0,10.0,14.866068747318506,17.46424919657298,788.9898605178649,728.9067155679113,766.2277729239524,634.0386423554955,58.855755878248644
