left_iris-362,left_iris-382,left_iris-381,left_iris-380,left_iris-374,left_iris-373,left_iris-390,left_iris-249,left_iris-263,left_iris-466,left_iris-388,left_iris-387,left_iris-386,left_iris-385,left_iris-384,left_iris-398,right_iris-133,right_iris-33,right_iris-7,right_iris-163,right_iris-144,right_iris-145,right_iris-153,right_iris-154,right_iris-155,right_iris-173,right_iris-157,right_iris-158,right_iris-159,right_iris-160,right_iris-161,right_iris-246,middle_left_right,center_edge_top_left,center_edge_top_right,center_edge_bottom_left,center_edge_bottom_right
31.400636936215164,28.635642126552707,22.47220505424423,15.556349186104045,13.0,16.97056274847714,23.259406699226016,28.160255680657446,34.23448553724738,30.01666203960727,25.019992006393608,18.681541692269406,10.63014581273465,10.295630140987,18.973665961010276,26.019223662515376,33.95585369269929,29.017236257093817,25.495097567963924,21.540659228538015,17.029386365926403,12.041594578792296,16.278820596099706,24.166091947189145,30.364452901377952,29.274562336608895,20.223748416156685,10.63014581273465,8.94427190999916,17.08800749063506,23.194827009486403,26.019223662515376,717.7833935108836,647.0030911827238,691.3848421827022,566.6683333308823,81.00617260431454
