left_iris-362,left_iris-382,left_iris-381,left_iris-380,left_iris-374,left_iris-373,left_iris-390,left_iris-249,left_iris-263,left_iris-466,left_iris-388,left_iris-387,left_iris-386,left_iris-385,left_iris-384,left_iris-398,right_iris-133,right_iris-33,right_iris-7,right_iris-163,right_iris-144,right_iris-145,right_iris-153,right_iris-154,right_iris-155,right_iris-173,right_iris-157,right_iris-158,right_iris-159,right_iris-160,right_iris-161,right_iris-246,middle_left_right,center_edge_top_left,center_edge_top_right,center_edge_bottom_left,center_edge_bottom_right
22.561028345356956,19.924858845171276,14.7648230602334,10.295630140987,9.848857801796104,15.264337522473747,19.924858845171276,23.345235059857504,26.019223662515376,23.021728866442675,20.09975124224178,15.524174696260024,7.0710678118654755,6.4031242374328485,13.152946437965905,19.1049731745428,29.427877939124322,23.021728866442675,19.4164878389476,15.231546211727817,11.313708498984761,9.055385138137417,13.601470508735444,20.8806130178211,26.476404589747453,26.076809620810597,19.1049731745428,10.295630140987,5.0,10.770329614269007,16.1245154965971,20.0,757.792847683323,690.253576593414,732.5639903789976,605.1859218455102,71.02816342831905
