left_iris-362,left_iris-382,left_iris-381,left_iris-380,left_iris-374,left_iris-373,left_iris-390,left_iris-249,left_iris-263,left_iris-466,left_iris-388,left_iris-387,left_iris-386,left_iris-385,left_iris-384,left_iris-398,right_iris-133,right_iris-33,right_iris-7,right_iris-163,right_iris-144,right_iris-145,right_iris-153,right_iris-154,right_iris-155,right_iris-173,right_iris-157,right_iris-158,right_iris-159,right_iris-160,right_iris-161,right_iris-246,middle_left_right,center_edge_top_left,center_edge_top_right,center_edge_bottom_left,center_edge_bottom_right
26.476404589747453,22.80350850198276,16.55294535724685,9.219544457292887,8.06225774829855,15.231546211727817,21.37755832643195,26.076809620810597,31.0,27.073972741361768,22.360679774997898,15.811388300841896,7.211102550927978,7.0710678118654755,16.1245154965971,23.08679276123039,26.30589287593181,22.20360331117452,18.973665961010276,17.0,13.45362404707371,10.04987562112089,12.041594578792296,18.027756377319946,23.53720459187964,23.021728866442675,16.278820596099706,8.602325267042627,5.830951894845301,11.704699910719626,17.029386365926403,20.024984394500787,625.7986896758414,587.4725525503297,609.1994747207191,468.0,69.02897942168927
