left_iris-362,left_iris-382,left_iris-381,left_iris-380,left_iris-374,left_iris-373,left_iris-390,left_iris-249,left_iris-263,left_iris-466,left_iris-388,left_iris-387,left_iris-386,left_iris-385,left_iris-384,left_iris-398,right_iris-133,right_iris-33,right_iris-7,right_iris-163,right_iris-144,right_iris-145,right_iris-153,right_iris-154,right_iris-155,right_iris-173,right_iris-157,right_iris-158,right_iris-159,right_iris-160,right_iris-161,right_iris-246,middle_left_right,center_edge_top_left,center_edge_top_right,center_edge_bottom_left,center_edge_bottom_right
20.396078054371138,18.110770276274835,14.0,7.615773105863909,5.0990195135927845,9.219544457292887,12.806248474865697,16.1245154965971,18.788294228055936,17.08800749063506,14.317821063276353,10.0,5.0,6.4031242374328485,12.529964086141668,17.72004514666935,21.93171219946131,17.26267650163207,14.035668847618199,12.041594578792296,8.54400374531753,5.0990195135927845,8.602325267042627,14.422205101855956,19.235384061671343,18.973665961010276,14.142135623730951,8.246211251235321,5.0990195135927845,8.48528137423857,12.083045973594572,14.560219778561036,801.4387063275644,747.7994383522897,780.7714134111212,645.0612374030857,52.49761899362675
