left_iris-362,left_iris-382,left_iris-381,left_iris-380,left_iris-374,left_iris-373,left_iris-390,left_iris-249,left_iris-263,left_iris-466,left_iris-388,left_iris-387,left_iris-386,left_iris-385,left_iris-384,left_iris-398,right_iris-133,right_iris-33,right_iris-7,right_iris-163,right_iris-144,right_iris-145,right_iris-153,right_iris-154,right_iris-155,right_iris-173,right_iris-157,right_iris-158,right_iris-159,right_iris-160,right_iris-161,right_iris-246,middle_left_right,center_edge_top_left,center_edge_top_right,center_edge_bottom_left,center_edge_bottom_right
36.138621999185304,32.57299494980466,25.079872407968907,16.278820596099706,11.045361017187261,13.601470508735444,18.439088914585774,24.020824298928627,30.265491900843113,24.515301344262525,19.924858845171276,12.206555615733702,7.280109889280518,13.92838827718412,25.019992006393608,32.38826948140329,29.274562336608895,21.840329667841555,19.697715603592208,16.64331697709324,13.45362404707371,9.0,11.661903789690601,19.1049731745428,25.019992006393608,25.709920264364882,19.313207915827967,11.40175425099138,6.082762530298219,10.44030650891055,16.0312195418814,19.235384061671343,540.051849362633,484.10329476259506,517.2581560497621,386.07771238443695,77.6659513557904
