left_iris-362,left_iris-382,left_iris-381,left_iris-380,left_iris-374,left_iris-373,left_iris-390,left_iris-249,left_iris-263,left_iris-466,left_iris-388,left_iris-387,left_iris-386,left_iris-385,left_iris-384,left_iris-398,right_iris-133,right_iris-33,right_iris-7,right_iris-163,right_iris-144,right_iris-145,right_iris-153,right_iris-154,right_iris-155,right_iris-173,right_iris-157,right_iris-158,right_iris-159,right_iris-160,right_iris-161,right_iris-246,middle_left_right,center_edge_top_left,center_edge_top_right,center_edge_bottom_left,center_edge_bottom_right
39.11521443121589,35.35533905932738,26.68332812825267,16.64331697709324,11.180339887498949,14.866068747318506,20.12461179749811,24.041630560342615,28.284271247461902,25.019992006393608,20.223748416156685,13.416407864998739,8.0,14.422205101855956,25.495097567963924,34.0147027033899,34.132096331752024,28.284271247461902,25.96150997149434,21.93171219946131,17.029386365926403,11.180339887498949,13.45362404707371,22.135943621178654,30.4138126514911,30.0,21.587033144922902,12.041594578792296,9.486832980505138,16.15549442140351,22.090722034374522,26.076809620810597,691.2134257955353,622.4757023370471,665.3390113318172,539.6072645915731,80.09993757800315
