left_iris-362,left_iris-382,left_iris-381,left_iris-380,left_iris-374,left_iris-373,left_iris-390,left_iris-249,left_iris-263,left_iris-466,left_iris-388,left_iris-387,left_iris-386,left_iris-385,left_iris-384,left_iris-398,right_iris-133,right_iris-33,right_iris-7,right_iris-163,right_iris-144,right_iris-145,right_iris-153,right_iris-154,right_iris-155,right_iris-173,right_iris-157,right_iris-158,right_iris-159,right_iris-160,right_iris-161,right_iris-246,middle_left_right,center_edge_top_left,center_edge_top_right,center_edge_bottom_left,center_edge_bottom_right
29.614185789921695,25.96150997149434,19.697715603592208,11.40175425099138,8.94427190999916,15.231546211727817,20.396078054371138,24.08318915758459,28.071337695236398,25.179356624028344,22.561028345356956,16.55294535724685,9.433981132056603,9.219544457292887,17.26267650163207,25.079872407968907,35.35533905932738,26.076809620810597,22.561028345356956,18.384776310850235,13.45362404707371,10.04987562112089,15.811388300841896,24.041630560342615,31.575306807693888,31.064449134018133,22.20360331117452,12.529964086141668,7.0710678118654755,13.0,19.1049731745428,23.0,671.4715183833191,615.5274161237662,649.5182830375139,516.2111970889434,71.02816342831905
