left_iris-362,left_iris-382,left_iris-381,left_iris-380,left_iris-374,left_iris-373,left_iris-390,left_iris-249,left_iris-263,left_iris-466,left_iris-388,left_iris-387,left_iris-386,left_iris-385,left_iris-384,left_iris-398,right_iris-133,right_iris-33,right_iris-7,right_iris-163,right_iris-144,right_iris-145,right_iris-153,right_iris-154,right_iris-155,right_iris-173,right_iris-157,right_iris-158,right_iris-159,right_iris-160,right_iris-161,right_iris-246,middle_left_right,center_edge_top_left,center_edge_top_right,center_edge_bottom_left,center_edge_bottom_right
38.118237105091836,35.22782990761707,28.635642126552707,18.788294228055936,11.180339887498949,11.40175425099138,17.46424919657298,23.345235059857504,29.017236257093817,25.179356624028344,21.587033144922902,15.264337522473747,9.0,14.422205101855956,25.495097567963924,34.0,32.2490309931942,39.01281840626232,33.13608305156178,26.68332812825267,18.788294228055936,9.486832980505138,12.806248474865697,22.561028345356956,29.274562336608895,28.0178514522438,19.235384061671343,7.0710678118654755,9.433981132056603,21.37755832643195,30.066592756745816,35.014282800023196,772.4260482402183,699.8871337580082,745.6822379539424,621.4837085555823,92.13576938409967
