left_iris-362,left_iris-382,left_iris-381,left_iris-380,left_iris-374,left_iris-373,left_iris-390,left_iris-249,left_iris-263,left_iris-466,left_iris-388,left_iris-387,left_iris-386,left_iris-385,left_iris-384,left_iris-398,right_iris-133,right_iris-33,right_iris-7,right_iris-163,right_iris-144,right_iris-145,right_iris-153,right_iris-154,right_iris-155,right_iris-173,right_iris-157,right_iris-158,right_iris-159,right_iris-160,right_iris-161,right_iris-246,middle_left_right,center_edge_top_left,center_edge_top_right,center_edge_bottom_left,center_edge_bottom_right
31.400636936215164,27.65863337187866,21.18962010041709,12.727922061357855,10.198039027185569,14.422205101855956,19.924858845171276,23.345235059857504,27.018512172212592,24.020824298928627,20.223748416156685,14.866068747318506,7.615773105863909,10.0,19.235384061671343,27.018512172212592,32.2490309931942,31.064449134018133,27.459060435491963,22.80350850198276,16.1245154965971,9.486832980505138,12.041594578792296,20.8806130178211,28.442925306655784,28.0178514522438,19.4164878389476,9.219544457292887,7.810249675906654,16.492422502470642,24.08318915758459,28.0,723.8957107208192,651.9394143630219,697.1549325652082,573.1710041514661,77.00649323271382
