left_iris-362,left_iris-382,left_iris-381,left_iris-380,left_iris-374,left_iris-373,left_iris-390,left_iris-249,left_iris-263,left_iris-466,left_iris-388,left_iris-387,left_iris-386,left_iris-385,left_iris-384,left_iris-398,right_iris-133,right_iris-33,right_iris-7,right_iris-163,right_iris-144,right_iris-145,right_iris-153,right_iris-154,right_iris-155,right_iris-173,right_iris-157,right_iris-158,right_iris-159,right_iris-160,right_iris-161,right_iris-246,middle_left_right,center_edge_top_left,center_edge_top_right,center_edge_bottom_left,center_edge_bottom_right
24.020824298928627,21.0,16.0312195418814,9.486832980505138,4.123105625617661,8.06225774829855,12.649110640673518,16.492422502470642,19.235384061671343,16.1245154965971,13.0,7.280109889280518,3.1622776601683795,8.94427190999916,16.278820596099706,22.090722034374522,21.213203435596427,23.021728866442675,20.09975124224178,17.11724276862369,12.36931687685298,4.242640687119285,6.4031242374328485,13.341664064126334,18.24828759089466,19.026297590440446,14.0,5.0,2.23606797749979,10.04987562112089,16.0,20.0,687.7390493493881,620.5521734713367,662.3329978190728,535.6164672599228,58.077534382926416
