left_iris-362,left_iris-382,left_iris-381,left_iris-380,left_iris-374,left_iris-373,left_iris-390,left_iris-249,left_iris-263,left_iris-466,left_iris-388,left_iris-387,left_iris-386,left_iris-385,left_iris-384,left_iris-398,right_iris-133,right_iris-33,right_iris-7,right_iris-163,right_iris-144,right_iris-145,right_iris-153,right_iris-154,right_iris-155,right_iris-173,right_iris-157,right_iris-158,right_iris-159,right_iris-160,right_iris-161,right_iris-246,middle_left_right,center_edge_top_left,center_edge_top_right,center_edge_bottom_left,center_edge_bottom_right
30.805843601498726,28.635642126552707,22.20360331117452,12.041594578792296,4.47213595499958,10.295630140987,18.439088914585774,26.076809620810597,33.0,28.0,23.0,15.0,3.0,9.486832980505138,21.18962010041709,28.160255680657446,42.190046219457976,5.830951894845301,6.082762530298219,7.0,12.041594578792296,20.024984394500787,29.0,36.05551275463989,40.11234224026316,39.45883931389772,33.95585369269929,26.570660511172846,18.867962264113206,11.313708498984761,7.810249675906654,5.656854249492381,564.2384247815811,507.41009055792335,541.3547820052945,410.20117015922807,63.788713735268246
