left_iris-362,left_iris-382,left_iris-381,left_iris-380,left_iris-374,left_iris-373,left_iris-390,left_iris-249,left_iris-263,left_iris-466,left_iris-388,left_iris-387,left_iris-386,left_iris-385,left_iris-384,left_iris-398,right_iris-133,right_iris-33,right_iris-7,right_iris-163,right_iris-144,right_iris-145,right_iris-153,right_iris-154,right_iris-155,right_iris-173,right_iris-157,right_iris-158,right_iris-159,right_iris-160,right_iris-161,right_iris-246,middle_left_right,center_edge_top_left,center_edge_top_right,center_edge_bottom_left,center_edge_bottom_right
31.0,28.071337695236398,21.37755832643195,14.422205101855956,10.04987562112089,12.727922061357855,17.0,20.8806130178211,24.186773244895647,21.02379604162864,18.027756377319946,11.704699910719626,6.082762530298219,10.816653826391969,20.615528128088304,28.071337695236398,29.614185789921695,31.064449134018133,27.018512172212592,23.345235059857504,17.08800749063506,10.295630140987,10.816653826391969,19.697715603592208,25.96150997149434,25.179356624028344,17.11724276862369,7.0710678118654755,8.48528137423857,17.72004514666935,24.331050121192877,28.160255680657446,781.5785309231568,709.9753516848314,755.1589236710377,630.2102823661321,66.48308055437865
