left_iris-362,left_iris-382,left_iris-381,left_iris-380,left_iris-374,left_iris-373,left_iris-390,left_iris-249,left_iris-263,left_iris-466,left_iris-388,left_iris-387,left_iris-386,left_iris-385,left_iris-384,left_iris-398,right_iris-133,right_iris-33,right_iris-7,right_iris-163,right_iris-144,right_iris-145,right_iris-153,right_iris-154,right_iris-155,right_iris-173,right_iris-157,right_iris-158,right_iris-159,right_iris-160,right_iris-161,right_iris-246,middle_left_right,center_edge_top_left,center_edge_top_right,center_edge_bottom_left,center_edge_bottom_right
24.73863375370596,22.80350850198276,18.027756377319946,10.63014581273465,8.0,10.63014581273465,13.92838827718412,17.26267650163207,21.02379604162864,18.027756377319946,15.132745950421556,10.770329614269007,5.385164807134504,8.06225774829855,15.033296378372908,21.213203435596427,27.073972741361768,21.213203435596427,17.72004514666935,13.892443989449804,10.0,7.615773105863909,13.416407864998739,20.396078054371138,25.179356624028344,24.0,16.492422502470642,8.48528137423857,5.830951894845301,11.40175425099138,16.0,19.1049731745428,735.1033940882058,661.1936176340482,707.7972873641153,585.0444427562747,58.034472514187634
