left_iris-362,left_iris-382,left_iris-381,left_iris-380,left_iris-374,left_iris-373,left_iris-390,left_iris-249,left_iris-263,left_iris-466,left_iris-388,left_iris-387,left_iris-386,left_iris-385,left_iris-384,left_iris-398,right_iris-133,right_iris-33,right_iris-7,right_iris-163,right_iris-144,right_iris-145,right_iris-153,right_iris-154,right_iris-155,right_iris-173,right_iris-157,right_iris-158,right_iris-159,right_iris-160,right_iris-161,right_iris-246,middle_left_right,center_edge_top_left,center_edge_top_right,center_edge_bottom_left,center_edge_bottom_right
28.635642126552707,25.0,18.788294228055936,12.041594578792296,10.198039027185569,15.0,19.313207915827967,22.80350850198276,25.179356624028344,23.021728866442675,19.1049731745428,13.92838827718412,8.06225774829855,9.219544457292887,17.11724276862369,24.186773244895647,29.274562336608895,25.079872407968907,21.587033144922902,18.384776310850235,14.212670403551895,9.055385138137417,12.727922061357855,19.313207915827967,25.709920264364882,25.019992006393608,17.46424919657298,9.899494936611665,7.615773105863909,13.92838827718412,19.1049731745428,22.0,740.737470363151,679.2584191601898,717.3506813267832,586.4230554812797,69.06518659932803
