left_iris-362,left_iris-382,left_iris-381,left_iris-380,left_iris-374,left_iris-373,left_iris-390,left_iris-249,left_iris-263,left_iris-466,left_iris-388,left_iris-387,left_iris-386,left_iris-385,left_iris-384,left_iris-398,right_iris-133,right_iris-33,right_iris-7,right_iris-163,right_iris-144,right_iris-145,right_iris-153,right_iris-154,right_iris-155,right_iris-173,right_iris-157,right_iris-158,right_iris-159,right_iris-160,right_iris-161,right_iris-246,middle_left_right,center_edge_top_left,center_edge_top_right,center_edge_bottom_left,center_edge_bottom_right
24.515301344262525,22.561028345356956,18.027756377319946,11.661903789690601,6.708203932499369,7.810249675906654,10.770329614269007,13.341664064126334,17.0,14.035668847618199,11.40175425099138,7.211102550927978,5.0990195135927845,9.486832980505138,17.0,22.20360331117452,20.09975124224178,18.24828759089466,15.811388300841896,13.416407864998739,9.899494936611665,7.0,9.219544457292887,14.560219778561036,18.24828759089466,18.0,13.152946437965905,6.4031242374328485,4.242640687119285,10.04987562112089,14.035668847618199,16.1245154965971,743.7775204992417,658.6387477213893,713.0252449948739,598.9198610832672,56.0357029044876
