left_iris-362,left_iris-382,left_iris-381,left_iris-380,left_iris-374,left_iris-373,left_iris-390,left_iris-249,left_iris-263,left_iris-466,left_iris-388,left_iris-387,left_iris-386,left_iris-385,left_iris-384,left_iris-398,right_iris-133,right_iris-33,right_iris-7,right_iris-163,right_iris-144,right_iris-145,right_iris-153,right_iris-154,right_iris-155,right_iris-173,right_iris-157,right_iris-158,right_iris-159,right_iris-160,right_iris-161,right_iris-246,middle_left_right,center_edge_top_left,center_edge_top_right,center_edge_bottom_left,center_edge_bottom_right
31.400636936215164,27.65863337187866,21.18962010041709,12.806248474865697,9.055385138137417,13.038404810405298,17.72004514666935,21.213203435596427,25.0,22.02271554554524,19.235384061671343,14.317821063276353,7.280109889280518,10.0,19.235384061671343,27.018512172212592,32.55764119219941,28.0178514522438,23.345235059857504,18.973665961010276,13.601470508735444,9.0,13.45362404707371,22.135943621178654,28.635642126552707,28.071337695236398,20.09975124224178,9.848857801796104,5.385164807134504,12.36931687685298,20.09975124224178,24.0,709.7302304397073,656.1379428138567,688.7067590782016,553.7300786484332,71.00704190430693
