left_iris-362,left_iris-382,left_iris-381,left_iris-380,left_iris-374,left_iris-373,left_iris-390,left_iris-249,left_iris-263,left_iris-466,left_iris-388,left_iris-387,left_iris-386,left_iris-385,left_iris-384,left_iris-398,right_iris-133,right_iris-33,right_iris-7,right_iris-163,right_iris-144,right_iris-145,right_iris-153,right_iris-154,right_iris-155,right_iris-173,right_iris-157,right_iris-158,right_iris-159,right_iris-160,right_iris-161,right_iris-246,middle_left_right,center_edge_top_left,center_edge_top_right,center_edge_bottom_left,center_edge_bottom_right
25.495097567963924,23.53720459187964,18.027756377319946,11.40175425099138,7.0,10.0,14.560219778561036,18.24828759089466,22.0,19.026297590440446,16.278820596099706,12.083045973594572,6.324555320336759,8.602325267042627,16.278820596099706,22.090722034374522,25.317977802344327,19.026297590440446,16.492422502470642,13.416407864998739,10.63014581273465,8.06225774829855,11.40175425099138,18.027756377319946,23.53720459187964,22.090722034374522,16.1245154965971,8.602325267042627,5.0990195135927845,9.848857801796104,14.142135623730951,17.0,730.6941904791635,668.516267565719,707.0459673882597,576.6402691453312,58.0
