left_iris-362,left_iris-382,left_iris-381,left_iris-380,left_iris-374,left_iris-373,left_iris-390,left_iris-249,left_iris-263,left_iris-466,left_iris-388,left_iris-387,left_iris-386,left_iris-385,left_iris-384,left_iris-398,right_iris-133,right_iris-33,right_iris-7,right_iris-163,right_iris-144,right_iris-145,right_iris-153,right_iris-154,right_iris-155,right_iris-173,right_iris-157,right_iris-158,right_iris-159,right_iris-160,right_iris-161,right_iris-246,middle_left_right,center_edge_top_left,center_edge_top_right,center_edge_bottom_left,center_edge_bottom_right
30.066592756745816,27.16615541441225,20.615528128088304,13.601470508735444,9.055385138137417,12.727922061357855,17.88854381999832,22.135943621178654,25.317977802344327,22.090722034374522,19.0,12.36931687685298,6.324555320336759,9.219544457292887,18.439088914585774,26.019223662515376,29.427877939124322,22.02271554554524,18.439088914585774,15.231546211727817,11.313708498984761,9.055385138137417,13.601470508735444,20.8806130178211,26.68332812825267,26.076809620810597,19.1049731745428,9.848857801796104,5.0,10.770329614269007,16.1245154965971,20.024984394500787,695.8807369082722,624.5398305952951,669.215959164155,545.2063829413592,69.58448102845921
