left_iris-362,left_iris-382,left_iris-381,left_iris-380,left_iris-374,left_iris-373,left_iris-390,left_iris-249,left_iris-263,left_iris-466,left_iris-388,left_iris-387,left_iris-386,left_iris-385,left_iris-384,left_iris-398,right_iris-133,right_iris-33,right_iris-7,right_iris-163,right_iris-144,right_iris-145,right_iris-153,right_iris-154,right_iris-155,right_iris-173,right_iris-157,right_iris-158,right_iris-159,right_iris-160,right_iris-161,right_iris-246,middle_left_right,center_edge_top_left,center_edge_top_right,center_edge_bottom_left,center_edge_bottom_right
38.3275357934736,34.52535300326414,26.92582403567252,18.601075237738275,14.142135623730951,17.804493814764857,23.323807579381203,27.85677655436824,33.37663853655727,30.14962686336267,26.0,19.4164878389476,10.0,11.40175425099138,21.587033144922902,32.01562118716424,38.897300677553446,29.068883707497267,24.186773244895647,20.248456731316587,15.620499351813308,13.0,19.1049731745428,28.178005607210743,35.4682957019364,33.734255586866,25.0,13.892443989449804,9.0,15.264337522473747,21.840329667841555,25.317977802344327,714.2618567444296,637.4715679934283,685.9810493009264,565.6589078234338,84.5931439302264
