left_iris-362,left_iris-382,left_iris-381,left_iris-380,left_iris-374,left_iris-373,left_iris-390,left_iris-249,left_iris-263,left_iris-466,left_iris-388,left_iris-387,left_iris-386,left_iris-385,left_iris-384,left_iris-398,right_iris-133,right_iris-33,right_iris-7,right_iris-163,right_iris-144,right_iris-145,right_iris-153,right_iris-154,right_iris-155,right_iris-173,right_iris-157,right_iris-158,right_iris-159,right_iris-160,right_iris-161,right_iris-246,middle_left_right,center_edge_top_left,center_edge_top_right,center_edge_bottom_left,center_edge_bottom_right
30.14962686336267,27.294688127912362,20.615528128088304,13.038404810405298,8.06225774829855,11.313708498984761,15.652475842498529,18.973665961010276,22.360679774997898,20.09975124224178,17.0,11.180339887498949,4.47213595499958,8.94427190999916,18.24828759089466,26.019223662515376,30.14962686336267,18.110770276274835,14.560219778561036,11.661903789690601,8.06225774829855,8.602325267042627,14.7648230602334,22.561028345356956,27.294688127912362,27.018512172212592,21.213203435596427,13.0,5.830951894845301,6.4031242374328485,11.180339887498949,15.0,708.5541616559739,634.3886821184627,681.0646078016388,558.881919550096,62.03224967708329
