left_iris-362,left_iris-382,left_iris-381,left_iris-380,left_iris-374,left_iris-373,left_iris-390,left_iris-249,left_iris-263,left_iris-466,left_iris-388,left_iris-387,left_iris-386,left_iris-385,left_iris-384,left_iris-398,right_iris-133,right_iris-33,right_iris-7,right_iris-163,right_iris-144,right_iris-145,right_iris-153,right_iris-154,right_iris-155,right_iris-173,right_iris-157,right_iris-158,right_iris-159,right_iris-160,right_iris-161,right_iris-246,middle_left_right,center_edge_top_left,center_edge_top_right,center_edge_bottom_left,center_edge_bottom_right
28.442925306655784,25.709920264364882,20.248456731316587,13.45362404707371,10.0,14.866068747318506,19.697715603592208,23.769728648009426,27.073972741361768,25.0,22.20360331117452,17.08800749063506,10.816653826391969,9.433981132056603,16.492422502470642,24.020824298928627,29.614185789921695,24.020824298928627,20.396078054371138,17.46424919657298,12.727922061357855,10.04987562112089,14.212670403551895,22.47220505424423,27.892651361962706,26.1725046566048,18.24828759089466,10.63014581273465,7.615773105863909,14.317821063276353,19.235384061671343,22.02271554554524,717.7966285794326,636.028301257106,687.9912790144945,571.5172788289082,67.0
