left_iris-362,left_iris-382,left_iris-381,left_iris-380,left_iris-374,left_iris-373,left_iris-390,left_iris-249,left_iris-263,left_iris-466,left_iris-388,left_iris-387,left_iris-386,left_iris-385,left_iris-384,left_iris-398,right_iris-133,right_iris-33,right_iris-7,right_iris-163,right_iris-144,right_iris-145,right_iris-153,right_iris-154,right_iris-155,right_iris-173,right_iris-157,right_iris-158,right_iris-159,right_iris-160,right_iris-161,right_iris-246,middle_left_right,center_edge_top_left,center_edge_top_right,center_edge_bottom_left,center_edge_bottom_right
34.20526275297414,31.622776601683793,25.495097567963924,17.804493814764857,15.033296378372908,19.1049731745428,24.166091947189145,27.65863337187866,33.0,29.068883707497267,25.317977802344327,19.313207915827967,10.816653826391969,10.63014581273465,20.223748416156685,29.274562336608895,33.734255586866,26.0,20.615528128088304,17.0,12.206555615733702,10.770329614269007,17.4928556845359,25.96150997149434,30.805843601498726,29.274562336608895,21.02379604162864,9.848857801796104,5.830951894845301,13.601470508735444,20.09975124224178,23.021728866442675,750.7975759151064,683.0058564902647,725.4633002433686,598.3285050872973,88.02272433866155
