left_iris-362,left_iris-382,left_iris-381,left_iris-380,left_iris-374,left_iris-373,left_iris-390,left_iris-249,left_iris-263,left_iris-466,left_iris-388,left_iris-387,left_iris-386,left_iris-385,left_iris-384,left_iris-398,right_iris-133,right_iris-33,right_iris-7,right_iris-163,right_iris-144,right_iris-145,right_iris-153,right_iris-154,right_iris-155,right_iris-173,right_iris-157,right_iris-158,right_iris-159,right_iris-160,right_iris-161,right_iris-246,middle_left_right,center_edge_top_left,center_edge_top_right,center_edge_bottom_left,center_edge_bottom_right
27.202941017470888,24.698178070456937,18.867962264113206,13.038404810405298,11.180339887498949,14.212670403551895,19.313207915827967,22.360679774997898,26.0,22.090722034374522,18.439088914585774,12.529964086141668,7.0710678118654755,10.0,17.029386365926403,24.515301344262525,23.194827009486403,20.615528128088304,18.788294228055936,16.401219466856727,13.601470508735444,11.0,12.041594578792296,16.55294535724685,20.615528128088304,20.0,14.560219778561036,9.219544457292887,7.615773105863909,12.083045973594572,16.0312195418814,18.110770276274835,747.2141593947481,667.2548238866468,718.0731160543472,599.6907536389068,67.47592163134935
