left_iris-362,left_iris-382,left_iris-381,left_iris-380,left_iris-374,left_iris-373,left_iris-390,left_iris-249,left_iris-263,left_iris-466,left_iris-388,left_iris-387,left_iris-386,left_iris-385,left_iris-384,left_iris-398,right_iris-133,right_iris-33,right_iris-7,right_iris-163,right_iris-144,right_iris-145,right_iris-153,right_iris-154,right_iris-155,right_iris-173,right_iris-157,right_iris-158,right_iris-159,right_iris-160,right_iris-161,right_iris-246,middle_left_right,center_edge_top_left,center_edge_top_right,center_edge_bottom_left,center_edge_bottom_right
24.08318915758459,21.02379604162864,16.0312195418814,8.54400374531753,4.0,8.94427190999916,13.341664064126334,17.26267650163207,20.09975124224178,17.0,13.038404810405298,8.54400374531753,4.0,8.94427190999916,15.524174696260024,21.213203435596427,24.020824298928627,25.079872407968907,22.0,18.027756377319946,13.341664064126334,5.656854249492381,6.4031242374328485,14.317821063276353,20.09975124224178,21.02379604162864,15.132745950421556,6.708203932499369,5.0,12.649110640673518,18.24828759089466,22.20360331117452,702.4101366011171,628.7129710766274,675.0407395113276,552.6119796023246,56.32051136131489
