left_iris-362,left_iris-382,left_iris-381,left_iris-380,left_iris-374,left_iris-373,left_iris-390,left_iris-249,left_iris-263,left_iris-466,left_iris-388,left_iris-387,left_iris-386,left_iris-385,left_iris-384,left_iris-398,right_iris-133,right_iris-33,right_iris-7,right_iris-163,right_iris-144,right_iris-145,right_iris-153,right_iris-154,right_iris-155,right_iris-173,right_iris-157,right_iris-158,right_iris-159,right_iris-160,right_iris-161,right_iris-246,middle_left_right,center_edge_top_left,center_edge_top_right,center_edge_bottom_left,center_edge_bottom_right
29.274562336608895,25.495097567963924,18.973665961010276,12.041594578792296,8.06225774829855,13.038404810405298,18.027756377319946,21.37755832643195,26.019223662515376,23.021728866442675,19.1049731745428,12.649110640673518,6.708203932499369,9.219544457292887,18.24828759089466,25.019992006393608,27.294688127912362,24.08318915758459,21.587033144922902,18.027756377319946,13.601470508735444,9.219544457292887,11.313708498984761,18.027756377319946,23.53720459187964,23.0,16.278820596099706,9.219544457292887,6.708203932499369,13.0,18.110770276274835,22.0,645.1573451492279,607.5590506280028,628.9101684660536,487.2658411996474,69.00724599634447
