left_iris-362,left_iris-382,left_iris-381,left_iris-380,left_iris-374,left_iris-373,left_iris-390,left_iris-249,left_iris-263,left_iris-466,left_iris-388,left_iris-387,left_iris-386,left_iris-385,left_iris-384,left_iris-398,right_iris-133,right_iris-33,right_iris-7,right_iris-163,right_iris-144,right_iris-145,right_iris-153,right_iris-154,right_iris-155,right_iris-173,right_iris-157,right_iris-158,right_iris-159,right_iris-160,right_iris-161,right_iris-246,middle_left_right,center_edge_top_left,center_edge_top_right,center_edge_bottom_left,center_edge_bottom_right
43.104524124504614,39.319206502675,31.78049716414141,21.470910553583888,13.892443989449804,13.0,16.401219466856727,20.615528128088304,24.331050121192877,20.024984394500787,16.1245154965971,10.816653826391969,8.54400374531753,17.88854381999832,29.427877939124322,39.0,32.38826948140329,35.12833614050059,31.78049716414141,28.460498941515414,21.95449840010015,13.892443989449804,12.083045973594572,20.12461179749811,27.892651361962706,27.018512172212592,18.973665961010276,12.083045973594572,13.601470508735444,22.47220505424423,28.284271247461902,32.0,701.6224055715438,634.2507390614535,676.2203782791524,549.4306143636337,78.05767098754612
