left_iris-362,left_iris-382,left_iris-381,left_iris-380,left_iris-374,left_iris-373,left_iris-390,left_iris-249,left_iris-263,left_iris-466,left_iris-388,left_iris-387,left_iris-386,left_iris-385,left_iris-384,left_iris-398,right_iris-133,right_iris-33,right_iris-7,right_iris-163,right_iris-144,right_iris-145,right_iris-153,right_iris-154,right_iris-155,right_iris-173,right_iris-157,right_iris-158,right_iris-159,right_iris-160,right_iris-161,right_iris-246,middle_left_right,center_edge_top_left,center_edge_top_right,center_edge_bottom_left,center_edge_bottom_right
25.019992006393608,22.0,17.029386365926403,9.486832980505138,4.123105625617661,8.06225774829855,12.649110640673518,16.492422502470642,20.223748416156685,17.11724276862369,13.038404810405298,7.0710678118654755,2.23606797749979,8.54400374531753,16.278820596099706,22.090722034374522,23.08679276123039,21.02379604162864,18.027756377319946,15.132745950421556,10.44030650891055,4.47213595499958,7.211102550927978,15.297058540778355,20.223748416156685,21.02379604162864,15.033296378372908,7.615773105863909,4.123105625617661,9.486832980505138,15.297058540778355,18.110770276274835,698.6515583608184,628.5809414864565,672.3942296004628,547.4614141654185,58.215118311311535
