left_iris-362,left_iris-382,left_iris-381,left_iris-380,left_iris-374,left_iris-373,left_iris-390,left_iris-249,left_iris-263,left_iris-466,left_iris-388,left_iris-387,left_iris-386,left_iris-385,left_iris-384,left_iris-398,right_iris-133,right_iris-33,right_iris-7,right_iris-163,right_iris-144,right_iris-145,right_iris-153,right_iris-154,right_iris-155,right_iris-173,right_iris-157,right_iris-158,right_iris-159,right_iris-160,right_iris-161,right_iris-246,middle_left_right,center_edge_top_left,center_edge_top_right,center_edge_bottom_left,center_edge_bottom_right
34.0,30.066592756745816,23.345235059857504,13.601470508735444,11.0,16.278820596099706,21.470910553583888,25.0,28.160255680657446,25.0,22.20360331117452,16.55294535724685,10.770329614269007,13.45362404707371,22.135943621178654,30.14962686336267,34.36568055487916,35.0,30.14962686336267,24.515301344262525,17.88854381999832,10.770329614269007,12.041594578792296,22.47220505424423,29.614185789921695,30.01666203960727,20.8806130178211,12.206555615733702,12.083045973594572,20.12461179749811,26.476404589747453,31.144823004794873,854.1779674049196,798.4484955211576,833.0186072351565,698.0114612239544,82.15229759416349
