left_iris-362,left_iris-382,left_iris-381,left_iris-380,left_iris-374,left_iris-373,left_iris-390,left_iris-249,left_iris-263,left_iris-466,left_iris-388,left_iris-387,left_iris-386,left_iris-385,left_iris-384,left_iris-398,right_iris-133,right_iris-33,right_iris-7,right_iris-163,right_iris-144,right_iris-145,right_iris-153,right_iris-154,right_iris-155,right_iris-173,right_iris-157,right_iris-158,right_iris-159,right_iris-160,right_iris-161,right_iris-246,middle_left_right,center_edge_top_left,center_edge_top_right,center_edge_bottom_left,center_edge_bottom_right
29.427877939124322,26.68332812825267,20.8806130178211,13.601470508735444,8.246211251235321,10.63014581273465,13.892443989449804,16.76305461424021,20.223748416156685,17.029386365926403,14.0,9.486832980505138,4.0,9.848857801796104,18.027756377319946,26.1725046566048,24.08318915758459,22.20360331117452,18.973665961010276,16.55294535724685,12.041594578792296,9.055385138137417,9.899494936611665,15.811388300841896,21.37755832643195,21.0,14.560219778561036,7.0710678118654755,5.830951894845301,12.36931687685298,17.0,20.09975124224178,844.9591706112195,761.876630433038,815.1417054721222,697.9656151989151,60.00833275470999
