left_iris-362,left_iris-382,left_iris-381,left_iris-380,left_iris-374,left_iris-373,left_iris-390,left_iris-249,left_iris-263,left_iris-466,left_iris-388,left_iris-387,left_iris-386,left_iris-385,left_iris-384,left_iris-398,right_iris-133,right_iris-33,right_iris-7,right_iris-163,right_iris-144,right_iris-145,right_iris-153,right_iris-154,right_iris-155,right_iris-173,right_iris-157,right_iris-158,right_iris-159,right_iris-160,right_iris-161,right_iris-246,middle_left_right,center_edge_top_left,center_edge_top_right,center_edge_bottom_left,center_edge_bottom_right
41.48493702538308,37.94733192202055,29.546573405388315,20.518284528683193,15.033296378372908,17.69180601295413,22.847319317591726,26.476404589747453,31.016124838541646,28.284271247461902,23.769728648009426,17.4928556845359,10.04987562112089,15.264337522473747,26.076809620810597,36.49657518178932,30.59411708155671,45.0111097397076,39.45883931389772,34.20526275297414,27.294688127912362,18.601075237738275,13.341664064126334,18.867962264113206,26.248809496813376,25.0,17.4928556845359,14.0,20.518284528683193,30.675723300355934,37.48332962798263,41.048751503547585,863.1581546854551,793.625856433622,837.6407344440694,710.5223430688159,98.41239759298622
