left_iris-362,left_iris-382,left_iris-381,left_iris-380,left_iris-374,left_iris-373,left_iris-390,left_iris-249,left_iris-263,left_iris-466,left_iris-388,left_iris-387,left_iris-386,left_iris-385,left_iris-384,left_iris-398,right_iris-133,right_iris-33,right_iris-7,right_iris-163,right_iris-144,right_iris-145,right_iris-153,right_iris-154,right_iris-155,right_iris-173,right_iris-157,right_iris-158,right_iris-159,right_iris-160,right_iris-161,right_iris-246,middle_left_right,center_edge_top_left,center_edge_top_right,center_edge_bottom_left,center_edge_bottom_right
29.427877939124322,26.1725046566048,21.02379604162864,13.341664064126334,7.211102550927978,8.602325267042627,13.601470508735444,17.46424919657298,20.8806130178211,18.24828759089466,15.033296378372908,9.486832980505138,6.082762530298219,10.63014581273465,19.697715603592208,25.96150997149434,29.832867780352597,26.019223662515376,22.090722034374522,17.46424919657298,12.206555615733702,9.0,13.45362404707371,20.615528128088304,25.96150997149434,26.30589287593181,19.0,9.486832980505138,4.123105625617661,11.704699910719626,18.24828759089466,22.090722034374522,756.1699544414602,692.3821199308948,732.1154280576253,602.4060092661759,69.42621983083913
