left_iris-362,left_iris-382,left_iris-381,left_iris-380,left_iris-374,left_iris-373,left_iris-390,left_iris-249,left_iris-263,left_iris-466,left_iris-388,left_iris-387,left_iris-386,left_iris-385,left_iris-384,left_iris-398,right_iris-133,right_iris-33,right_iris-7,right_iris-163,right_iris-144,right_iris-145,right_iris-153,right_iris-154,right_iris-155,right_iris-173,right_iris-157,right_iris-158,right_iris-159,right_iris-160,right_iris-161,right_iris-246,middle_left_right,center_edge_top_left,center_edge_top_right,center_edge_bottom_left,center_edge_bottom_right
36.49657518178932,32.7566787083184,26.248809496813376,17.204650534085253,11.180339887498949,14.142135623730951,19.313207915827967,24.515301344262525,30.01666203960727,27.018512172212592,22.20360331117452,16.15549442140351,8.54400374531753,12.206555615733702,22.360679774997898,31.064449134018133,31.78049716414141,40.0,35.22782990761707,30.083217912982647,22.360679774997898,13.892443989449804,13.038404810405298,21.02379604162864,28.160255680657446,27.16615541441225,17.46424919657298,8.54400374531753,14.212670403551895,25.0,32.2490309931942,37.05401462729781,767.1792489373001,696.4653616656036,740.9885289260557,615.6005198178442,87.05170877128145
