left_iris-362,left_iris-382,left_iris-381,left_iris-380,left_iris-374,left_iris-373,left_iris-390,left_iris-249,left_iris-263,left_iris-466,left_iris-388,left_iris-387,left_iris-386,left_iris-385,left_iris-384,left_iris-398,right_iris-133,right_iris-33,right_iris-7,right_iris-163,right_iris-144,right_iris-145,right_iris-153,right_iris-154,right_iris-155,right_iris-173,right_iris-157,right_iris-158,right_iris-159,right_iris-160,right_iris-161,right_iris-246,middle_left_right,center_edge_top_left,center_edge_top_right,center_edge_bottom_left,center_edge_bottom_right
30.066592756745816,27.16615541441225,21.587033144922902,13.892443989449804,9.486832980505138,12.206555615733702,15.811388300841896,19.697715603592208,23.769728648009426,21.213203435596427,18.0,12.649110640673518,7.615773105863909,11.313708498984761,18.681541692269406,26.019223662515376,29.120439557122072,30.066592756745816,25.495097567963924,22.47220505424423,16.64331697709324,10.44030650891055,12.806248474865697,20.12461179749811,26.248809496813376,25.317977802344327,17.11724276862369,9.899494936611665,8.94427190999916,16.15549442140351,23.194827009486403,27.0,739.4788705568267,662.4416955476157,711.216563361681,590.7021245941138,75.66372975210778
