left_iris-362,left_iris-382,left_iris-381,left_iris-380,left_iris-374,left_iris-373,left_iris-390,left_iris-249,left_iris-263,left_iris-466,left_iris-388,left_iris-387,left_iris-386,left_iris-385,left_iris-384,left_iris-398,right_iris-133,right_iris-33,right_iris-7,right_iris-163,right_iris-144,right_iris-145,right_iris-153,right_iris-154,right_iris-155,right_iris-173,right_iris-157,right_iris-158,right_iris-159,right_iris-160,right_iris-161,right_iris-246,middle_left_right,center_edge_top_left,center_edge_top_right,center_edge_bottom_left,center_edge_bottom_right
41.0,37.013511046643494,29.154759474226502,18.973665961010276,11.40175425099138,10.295630140987,13.892443989449804,18.027756377319946,22.090722034374522,19.0,15.132745950421556,8.06225774829855,7.211102550927978,17.08800749063506,28.442925306655784,37.12142238654117,31.064449134018133,37.0,32.14031735997639,27.459060435491963,20.248456731316587,11.40175425099138,10.0,18.973665961010276,27.294688127912362,27.018512172212592,18.681541692269406,8.602325267042627,10.63014581273465,21.840329667841555,28.160255680657446,33.06055050963308,795.4835007717005,734.298304505737,772.3949766796778,640.776091938518,82.0
