left_iris-362,left_iris-382,left_iris-381,left_iris-380,left_iris-374,left_iris-373,left_iris-390,left_iris-249,left_iris-263,left_iris-466,left_iris-388,left_iris-387,left_iris-386,left_iris-385,left_iris-384,left_iris-398,right_iris-133,right_iris-33,right_iris-7,right_iris-163,right_iris-144,right_iris-145,right_iris-153,right_iris-154,right_iris-155,right_iris-173,right_iris-157,right_iris-158,right_iris-159,right_iris-160,right_iris-161,right_iris-246,middle_left_right,center_edge_top_left,center_edge_top_right,center_edge_bottom_left,center_edge_bottom_right
29.274562336608895,27.073972741361768,21.02379604162864,13.92838827718412,8.94427190999916,10.295630140987,13.601470508735444,16.55294535724685,18.681541692269406,16.1245154965971,14.0,9.848857801796104,7.0,12.041594578792296,20.615528128088304,26.68332812825267,28.861739379323623,26.019223662515376,22.20360331117452,17.72004514666935,13.038404810405298,9.055385138137417,12.727922061357855,20.615528128088304,26.248809496813376,25.317977802344327,18.0,8.94427190999916,5.385164807134504,12.649110640673518,18.24828759089466,22.090722034374522,773.5024240427434,706.6158786780835,748.5359042824866,620.5690936551707,66.70832032063167
