left_iris-362,left_iris-382,left_iris-381,left_iris-380,left_iris-374,left_iris-373,left_iris-390,left_iris-249,left_iris-263,left_iris-466,left_iris-388,left_iris-387,left_iris-386,left_iris-385,left_iris-384,left_iris-398,right_iris-133,right_iris-33,right_iris-7,right_iris-163,right_iris-144,right_iris-145,right_iris-153,right_iris-154,right_iris-155,right_iris-173,right_iris-157,right_iris-158,right_iris-159,right_iris-160,right_iris-161,right_iris-246,middle_left_right,center_edge_top_left,center_edge_top_right,center_edge_bottom_left,center_edge_bottom_right
34.713109915419565,31.04834939252005,24.351591323771842,16.278820596099706,11.0,14.212670403551895,18.973665961010276,23.08679276123039,26.1725046566048,24.331050121192877,20.615528128088304,15.652475842498529,7.615773105863909,10.816653826391969,21.095023109728988,30.14962686336267,37.21558813185679,31.064449134018133,25.96150997149434,21.470910553583888,17.029386365926403,13.152946437965905,17.804493814764857,26.92582403567252,33.37663853655727,32.01562118716424,22.561028345356956,11.313708498984761,9.433981132056603,17.72004514666935,24.08318915758459,28.0,710.6968411355153,668.0493993710345,693.173859864897,553.0732320407488,72.02777242147643
