left_iris-362,left_iris-382,left_iris-381,left_iris-380,left_iris-374,left_iris-373,left_iris-390,left_iris-249,left_iris-263,left_iris-466,left_iris-388,left_iris-387,left_iris-386,left_iris-385,left_iris-384,left_iris-398,right_iris-133,right_iris-33,right_iris-7,right_iris-163,right_iris-144,right_iris-145,right_iris-153,right_iris-154,right_iris-155,right_iris-173,right_iris-157,right_iris-158,right_iris-159,right_iris-160,right_iris-161,right_iris-246,middle_left_right,center_edge_top_left,center_edge_top_right,center_edge_bottom_left,center_edge_bottom_right
30.805843601498726,27.202941017470888,20.12461179749811,12.206555615733702,10.770329614269007,17.0,23.769728648009426,28.160255680657446,32.01562118716424,29.154759474226502,25.495097567963924,19.697715603592208,11.661903789690601,10.816653826391969,18.681541692269406,26.076809620810597,32.14031735997639,32.0624390837628,27.459060435491963,23.08679276123039,17.4928556845359,10.770329614269007,12.041594578792296,21.18962010041709,28.442925306655784,28.0,19.6468827043885,10.63014581273465,9.433981132056603,18.027756377319946,24.186773244895647,29.0,687.1862920635132,605.9909240244444,657.4382100243338,541.040663906143,84.0
