left_iris-362,left_iris-382,left_iris-381,left_iris-380,left_iris-374,left_iris-373,left_iris-390,left_iris-249,left_iris-263,left_iris-466,left_iris-388,left_iris-387,left_iris-386,left_iris-385,left_iris-384,left_iris-398,right_iris-133,right_iris-33,right_iris-7,right_iris-163,right_iris-144,right_iris-145,right_iris-153,right_iris-154,right_iris-155,right_iris-173,right_iris-157,right_iris-158,right_iris-159,right_iris-160,right_iris-161,right_iris-246,middle_left_right,center_edge_top_left,center_edge_top_right,center_edge_bottom_left,center_edge_bottom_right
24.73863375370596,21.840329667841555,17.08800749063506,12.206555615733702,7.280109889280518,7.810249675906654,11.704699910719626,14.317821063276353,17.0,15.132745950421556,12.36931687685298,8.602325267042627,6.082762530298219,8.94427190999916,16.0312195418814,21.213203435596427,21.095023109728988,18.24828759089466,15.811388300841896,13.416407864998739,9.899494936611665,7.0,9.219544457292887,14.560219778561036,19.235384061671343,19.0,13.341664064126334,7.0710678118654755,5.830951894845301,10.44030650891055,14.035668847618199,17.029386365926403,725.9779610979937,641.0491400821,695.2294585243062,581.2434945872512,53.23532661682466
