left_iris-362,left_iris-382,left_iris-381,left_iris-380,left_iris-374,left_iris-373,left_iris-390,left_iris-249,left_iris-263,left_iris-466,left_iris-388,left_iris-387,left_iris-386,left_iris-385,left_iris-384,left_iris-398,right_iris-133,right_iris-33,right_iris-7,right_iris-163,right_iris-144,right_iris-145,right_iris-153,right_iris-154,right_iris-155,right_iris-173,right_iris-157,right_iris-158,right_iris-159,right_iris-160,right_iris-161,right_iris-246,middle_left_right,center_edge_top_left,center_edge_top_right,center_edge_bottom_left,center_edge_bottom_right
43.289721643826724,38.63935817272331,30.083217912982647,18.601075237738275,12.041594578792296,17.029386365926403,23.40939982143925,28.635642126552707,34.058772731852805,30.0,24.08318915758459,16.76305461424021,7.280109889280518,13.892443989449804,27.294688127912362,38.01315561749642,37.12142238654117,28.0178514522438,24.515301344262525,20.248456731316587,15.620499351813308,11.0,15.0,25.0,32.38826948140329,33.015148038438355,24.73863375370596,14.212670403551895,10.04987562112089,15.652475842498529,21.37755832643195,25.019992006393608,726.0034435180042,651.7522535442436,698.5563685201073,576.1779239089259,87.14355971613737
