left_iris-362,left_iris-382,left_iris-381,left_iris-380,left_iris-374,left_iris-373,left_iris-390,left_iris-249,left_iris-263,left_iris-466,left_iris-388,left_iris-387,left_iris-386,left_iris-385,left_iris-384,left_iris-398,right_iris-133,right_iris-33,right_iris-7,right_iris-163,right_iris-144,right_iris-145,right_iris-153,right_iris-154,right_iris-155,right_iris-173,right_iris-157,right_iris-158,right_iris-159,right_iris-160,right_iris-161,right_iris-246,middle_left_right,center_edge_top_left,center_edge_top_right,center_edge_bottom_left,center_edge_bottom_right
29.614185789921695,26.92582403567252,20.615528128088304,13.45362404707371,11.180339887498949,14.866068747318506,19.697715603592208,22.561028345356956,25.079872407968907,23.021728866442675,20.223748416156685,15.652475842498529,9.848857801796104,10.63014581273465,18.439088914585774,25.079872407968907,33.24154027718932,32.01562118716424,28.160255680657446,23.769728648009426,17.0,10.770329614269007,13.601470508735444,22.360679774997898,29.732137494637012,28.442925306655784,19.1049731745428,9.899494936611665,10.295630140987,18.788294228055936,24.515301344262525,29.154759474226502,722.2638022218752,669.6752944524682,701.61599183599,566.007950474196,72.17340230306452
