left_iris-362,left_iris-382,left_iris-381,left_iris-380,left_iris-374,left_iris-373,left_iris-390,left_iris-249,left_iris-263,left_iris-466,left_iris-388,left_iris-387,left_iris-386,left_iris-385,left_iris-384,left_iris-398,right_iris-133,right_iris-33,right_iris-7,right_iris-163,right_iris-144,right_iris-145,right_iris-153,right_iris-154,right_iris-155,right_iris-173,right_iris-157,right_iris-158,right_iris-159,right_iris-160,right_iris-161,right_iris-246,middle_left_right,center_edge_top_left,center_edge_top_right,center_edge_bottom_left,center_edge_bottom_right
23.345235059857504,20.615528128088304,15.811388300841896,9.899494936611665,8.06225774829855,12.206555615733702,16.15549442140351,19.4164878389476,23.08679276123039,20.024984394500787,16.0312195418814,11.40175425099138,4.47213595499958,7.211102550927978,14.142135623730951,20.024984394500787,25.179356624028344,22.360679774997898,19.924858845171276,16.55294535724685,12.041594578792296,8.06225774829855,10.63014581273465,16.76305461424021,22.360679774997898,22.02271554554524,15.132745950421556,7.211102550927978,4.47213595499958,11.180339887498949,17.0,20.09975124224178,617.1879778479163,583.1989368988939,601.9310591753843,459.1524801196221,67.00746227100382
