left_iris-362,left_iris-382,left_iris-381,left_iris-380,left_iris-374,left_iris-373,left_iris-390,left_iris-249,left_iris-263,left_iris-466,left_iris-388,left_iris-387,left_iris-386,left_iris-385,left_iris-384,left_iris-398,right_iris-133,right_iris-33,right_iris-7,right_iris-163,right_iris-144,right_iris-145,right_iris-153,right_iris-154,right_iris-155,right_iris-173,right_iris-157,right_iris-158,right_iris-159,right_iris-160,right_iris-161,right_iris-246,middle_left_right,center_edge_top_left,center_edge_top_right,center_edge_bottom_left,center_edge_bottom_right
28.0178514522438,24.08318915758459,19.235384061671343,11.704699910719626,4.47213595499958,8.94427190999916,15.524174696260024,21.213203435596427,27.073972741361768,22.0,17.11724276862369,11.180339887498949,6.0,10.816653826391969,18.439088914585774,25.019992006393608,20.024984394500787,28.460498941515414,24.698178070456937,21.02379604162864,15.264337522473747,7.810249675906654,6.4031242374328485,12.165525060596439,17.0,17.26267650163207,11.704699910719626,4.47213595499958,6.324555320336759,15.033296378372908,20.396078054371138,25.0,572.2945046040544,527.5613708375548,553.2820257337121,415.4768344926104,75.4254598925323
