left_iris-362,left_iris-382,left_iris-381,left_iris-380,left_iris-374,left_iris-373,left_iris-390,left_iris-249,left_iris-263,left_iris-466,left_iris-388,left_iris-387,left_iris-386,left_iris-385,left_iris-384,left_iris-398,right_iris-133,right_iris-33,right_iris-7,right_iris-163,right_iris-144,right_iris-145,right_iris-153,right_iris-154,right_iris-155,right_iris-173,right_iris-157,right_iris-158,right_iris-159,right_iris-160,right_iris-161,right_iris-246,middle_left_right,center_edge_top_left,center_edge_top_right,center_edge_bottom_left,center_edge_bottom_right
28.0178514522438,25.179356624028344,19.6468827043885,12.806248474865697,10.0,14.866068747318506,20.248456731316587,22.847319317591726,26.68332812825267,24.331050121192877,21.02379604162864,15.524174696260024,9.219544457292887,9.433981132056603,16.15549442140351,24.08318915758459,31.04834939252005,32.2490309931942,28.0178514522438,23.08679276123039,17.72004514666935,10.0,10.816653826391969,19.235384061671343,26.570660511172846,26.30589287593181,19.1049731745428,9.899494936611665,10.770329614269007,18.35755975068582,24.351591323771842,28.635642126552707,674.3923190547176,637.1067414491861,658.4109658868084,516.4348942509598,72.3671196055225
