left_iris-362,left_iris-382,left_iris-381,left_iris-380,left_iris-374,left_iris-373,left_iris-390,left_iris-249,left_iris-263,left_iris-466,left_iris-388,left_iris-387,left_iris-386,left_iris-385,left_iris-384,left_iris-398,right_iris-133,right_iris-33,right_iris-7,right_iris-163,right_iris-144,right_iris-145,right_iris-153,right_iris-154,right_iris-155,right_iris-173,right_iris-157,right_iris-158,right_iris-159,right_iris-160,right_iris-161,right_iris-246,middle_left_right,center_edge_top_left,center_edge_top_right,center_edge_bottom_left,center_edge_bottom_right
29.068883707497267,26.076809620810597,21.095023109728988,12.165525060596439,3.605551275463989,8.54400374531753,16.278820596099706,22.20360331117452,27.018512172212592,23.021728866442675,18.0,11.045361017187261,2.23606797749979,8.246211251235321,18.110770276274835,25.0,28.0178514522438,25.317977802344327,21.840329667841555,18.027756377319946,13.038404810405298,7.0710678118654755,10.295630140987,18.24828759089466,24.08318915758459,24.08318915758459,16.492422502470642,7.211102550927978,5.656854249492381,13.038404810405298,19.026297590440446,23.194827009486403,620.732631653919,569.5691353997336,600.0074999531256,464.7676839023987,75.4254598925323
