left_iris-362,left_iris-382,left_iris-381,left_iris-380,left_iris-374,left_iris-373,left_iris-390,left_iris-249,left_iris-263,left_iris-466,left_iris-388,left_iris-387,left_iris-386,left_iris-385,left_iris-384,left_iris-398,right_iris-133,right_iris-33,right_iris-7,right_iris-163,right_iris-144,right_iris-145,right_iris-153,right_iris-154,right_iris-155,right_iris-173,right_iris-157,right_iris-158,right_iris-159,right_iris-160,right_iris-161,right_iris-246,middle_left_right,center_edge_top_left,center_edge_top_right,center_edge_bottom_left,center_edge_bottom_right
29.274562336608895,25.495097567963924,19.924858845171276,12.041594578792296,9.055385138137417,13.45362404707371,17.46424919657298,20.8806130178211,23.194827009486403,21.02379604162864,18.027756377319946,12.649110640673518,5.385164807134504,9.433981132056603,18.24828759089466,26.019223662515376,27.459060435491963,25.179356624028344,21.587033144922902,18.384776310850235,13.45362404707371,9.055385138137417,11.313708498984761,18.384776310850235,24.73863375370596,24.08318915758459,17.26267650163207,8.602325267042627,5.830951894845301,12.36931687685298,19.026297590440446,22.02271554554524,727.4647757795562,665.6613252998856,703.9211603581754,573.3280038511986,66.0
