left_iris-362,left_iris-382,left_iris-381,left_iris-380,left_iris-374,left_iris-373,left_iris-390,left_iris-249,left_iris-263,left_iris-466,left_iris-388,left_iris-387,left_iris-386,left_iris-385,left_iris-384,left_iris-398,right_iris-133,right_iris-33,right_iris-7,right_iris-163,right_iris-144,right_iris-145,right_iris-153,right_iris-154,right_iris-155,right_iris-173,right_iris-157,right_iris-158,right_iris-159,right_iris-160,right_iris-161,right_iris-246,middle_left_right,center_edge_top_left,center_edge_top_right,center_edge_bottom_left,center_edge_bottom_right
36.05551275463989,32.0,24.08318915758459,14.317821063276353,8.06225774829855,13.45362404707371,19.697715603592208,22.80350850198276,27.294688127912362,24.08318915758459,20.024984394500787,14.866068747318506,8.54400374531753,12.727922061357855,23.40939982143925,31.400636936215164,41.773197148410844,29.068883707497267,23.08679276123039,17.46424919657298,10.63014581273465,9.848857801796104,19.235384061671343,30.364452901377952,38.07886552931954,37.33630940518894,28.0,15.524174696260024,7.211102550927978,10.816653826391969,18.439088914585774,24.186773244895647,759.5241931630618,722.2721093881446,743.9603484057467,601.4790104400984,89.44271909999159
