left_iris-362,left_iris-382,left_iris-381,left_iris-380,left_iris-374,left_iris-373,left_iris-390,left_iris-249,left_iris-263,left_iris-466,left_iris-388,left_iris-387,left_iris-386,left_iris-385,left_iris-384,left_iris-398,right_iris-133,right_iris-33,right_iris-7,right_iris-163,right_iris-144,right_iris-145,right_iris-153,right_iris-154,right_iris-155,right_iris-173,right_iris-157,right_iris-158,right_iris-159,right_iris-160,right_iris-161,right_iris-246,middle_left_right,center_edge_top_left,center_edge_top_right,center_edge_bottom_left,center_edge_bottom_right
33.24154027718932,29.614185789921695,21.540659228538015,13.601470508735444,13.416407864998739,21.470910553583888,28.861739379323623,33.13608305156178,38.05259518088089,35.22782990761707,30.4138126514911,24.041630560342615,13.45362404707371,9.848857801796104,18.973665961010276,28.0,37.656340767525464,31.064449134018133,25.179356624028344,21.18962010041709,14.866068747318506,12.041594578792296,17.804493814764857,27.51363298439521,34.92849839314596,33.13608305156178,23.194827009486403,10.816653826391969,8.06225774829855,17.08800749063506,23.53720459187964,27.16615541441225,677.2665649506108,603.2329566593655,649.6845388340406,527.9109773437184,81.0
