left_iris-362,left_iris-382,left_iris-381,left_iris-380,left_iris-374,left_iris-373,left_iris-390,left_iris-249,left_iris-263,left_iris-466,left_iris-388,left_iris-387,left_iris-386,left_iris-385,left_iris-384,left_iris-398,right_iris-133,right_iris-33,right_iris-7,right_iris-163,right_iris-144,right_iris-145,right_iris-153,right_iris-154,right_iris-155,right_iris-173,right_iris-157,right_iris-158,right_iris-159,right_iris-160,right_iris-161,right_iris-246,middle_left_right,center_edge_top_left,center_edge_top_right,center_edge_bottom_left,center_edge_bottom_right
27.073972741361768,23.194827009486403,17.72004514666935,10.63014581273465,8.06225774829855,12.806248474865697,17.08800749063506,20.615528128088304,24.186773244895647,20.024984394500787,17.0,11.180339887498949,4.47213595499958,8.602325267042627,16.492422502470642,23.021728866442675,28.442925306655784,23.194827009486403,20.615528128088304,17.46424919657298,12.806248474865697,9.0,12.041594578792296,19.924858845171276,25.495097567963924,25.079872407968907,18.027756377319946,8.54400374531753,3.1622776601683795,11.180339887498949,17.0,21.095023109728988,662.7344868044819,595.7491082662231,637.2730968744876,510.8003523882888,63.071388124885914
