left_iris-362,left_iris-382,left_iris-381,left_iris-380,left_iris-374,left_iris-373,left_iris-390,left_iris-249,left_iris-263,left_iris-466,left_iris-388,left_iris-387,left_iris-386,left_iris-385,left_iris-384,left_iris-398,right_iris-133,right_iris-33,right_iris-7,right_iris-163,right_iris-144,right_iris-145,right_iris-153,right_iris-154,right_iris-155,right_iris-173,right_iris-157,right_iris-158,right_iris-159,right_iris-160,right_iris-161,right_iris-246,middle_left_right,center_edge_top_left,center_edge_top_right,center_edge_bottom_left,center_edge_bottom_right
26.019223662515376,23.194827009486403,17.46424919657298,10.63014581273465,9.055385138137417,13.45362404707371,19.235384061671343,22.47220505424423,26.476404589747453,23.08679276123039,20.024984394500787,15.811388300841896,9.433981132056603,10.295630140987,16.15549442140351,22.090722034374522,30.805843601498726,29.068883707497267,25.709920264364882,21.02379604162864,16.278820596099706,12.041594578792296,14.212670403551895,21.02379604162864,27.202941017470888,26.1725046566048,19.4164878389476,11.313708498984761,8.54400374531753,16.15549442140351,22.20360331117452,26.0,726.4661038204054,649.5021170096369,698.1783439780985,577.8001384561966,75.8023746329889
