left_iris-362,left_iris-382,left_iris-381,left_iris-380,left_iris-374,left_iris-373,left_iris-390,left_iris-249,left_iris-263,left_iris-466,left_iris-388,left_iris-387,left_iris-386,left_iris-385,left_iris-384,left_iris-398,right_iris-133,right_iris-33,right_iris-7,right_iris-163,right_iris-144,right_iris-145,right_iris-153,right_iris-154,right_iris-155,right_iris-173,right_iris-157,right_iris-158,right_iris-159,right_iris-160,right_iris-161,right_iris-246,middle_left_right,center_edge_top_left,center_edge_top_right,center_edge_bottom_left,center_edge_bottom_right
35.510561809129406,30.805843601498726,24.351591323771842,15.620499351813308,11.0,14.866068747318506,20.615528128088304,25.709920264364882,31.064449134018133,26.019223662515376,21.213203435596427,14.7648230602334,8.0,13.038404810405298,23.345235059857504,31.064449134018133,37.05401462729781,27.294688127912362,23.40939982143925,19.72308292331602,14.212670403551895,11.180339887498949,15.811388300841896,25.709920264364882,32.2490309931942,33.015148038438355,24.73863375370596,14.422205101855956,8.0,12.529964086141668,19.1049731745428,23.021728866442675,603.5900926953656,567.733211993098,587.6401960383581,445.66915980354753,84.02380615040002
