left_iris-362,left_iris-382,left_iris-381,left_iris-380,left_iris-374,left_iris-373,left_iris-390,left_iris-249,left_iris-263,left_iris-466,left_iris-388,left_iris-387,left_iris-386,left_iris-385,left_iris-384,left_iris-398,right_iris-133,right_iris-33,right_iris-7,right_iris-163,right_iris-144,right_iris-145,right_iris-153,right_iris-154,right_iris-155,right_iris-173,right_iris-157,right_iris-158,right_iris-159,right_iris-160,right_iris-161,right_iris-246,middle_left_right,center_edge_top_left,center_edge_top_right,center_edge_bottom_left,center_edge_bottom_right
26.68332812825267,24.041630560342615,17.88854381999832,11.180339887498949,12.529964086141668,20.591260281974,28.160255680657446,33.37663853655727,40.049968789001575,36.0,31.144823004794873,23.769728648009426,14.422205101855956,8.0,13.601470508735444,22.090722034374522,35.6931365951495,28.0178514522438,23.53720459187964,19.313207915827967,14.142135623730951,11.180339887498949,17.804493814764857,26.570660511172846,32.984845004941285,31.144823004794873,22.20360331117452,12.206555615733702,8.246211251235321,15.231546211727817,21.213203435596427,25.019992006393608,712.2394260359363,641.7826734962545,685.9190914386331,561.0570380986233,82.05485969764375
