left_iris-362,left_iris-382,left_iris-381,left_iris-380,left_iris-374,left_iris-373,left_iris-390,left_iris-249,left_iris-263,left_iris-466,left_iris-388,left_iris-387,left_iris-386,left_iris-385,left_iris-384,left_iris-398,right_iris-133,right_iris-33,right_iris-7,right_iris-163,right_iris-144,right_iris-145,right_iris-153,right_iris-154,right_iris-155,right_iris-173,right_iris-157,right_iris-158,right_iris-159,right_iris-160,right_iris-161,right_iris-246,middle_left_right,center_edge_top_left,center_edge_top_right,center_edge_bottom_left,center_edge_bottom_right
24.186773244895647,21.37755832643195,16.76305461424021,10.63014581273465,7.0,10.63014581273465,15.231546211727817,18.439088914585774,22.090722034374522,19.0,16.0312195418814,11.40175425099138,5.830951894845301,7.810249675906654,15.297058540778355,21.02379604162864,26.1725046566048,20.09975124224178,17.46424919657298,13.92838827718412,9.219544457292887,7.0710678118654755,11.661903789690601,18.681541692269406,23.345235059857504,23.021728866442675,16.1245154965971,8.06225774829855,4.123105625617661,10.44030650891055,15.033296378372908,18.027756377319946,709.5040521378296,637.0996782293961,682.5657477488891,559.1028527918634,57.0087712549569
