left_iris-362,left_iris-382,left_iris-381,left_iris-380,left_iris-374,left_iris-373,left_iris-390,left_iris-249,left_iris-263,left_iris-466,left_iris-388,left_iris-387,left_iris-386,left_iris-385,left_iris-384,left_iris-398,right_iris-133,right_iris-33,right_iris-7,right_iris-163,right_iris-144,right_iris-145,right_iris-153,right_iris-154,right_iris-155,right_iris-173,right_iris-157,right_iris-158,right_iris-159,right_iris-160,right_iris-161,right_iris-246,middle_left_right,center_edge_top_left,center_edge_top_right,center_edge_bottom_left,center_edge_bottom_right
24.186773244895647,21.37755832643195,15.811388300841896,10.63014581273465,8.06225774829855,11.40175425099138,15.231546211727817,18.681541692269406,22.090722034374522,19.026297590440446,16.0312195418814,10.198039027185569,3.605551275463989,6.708203932499369,15.132745950421556,21.02379604162864,28.284271247461902,21.213203435596427,17.72004514666935,14.7648230602334,10.63014581273465,8.246211251235321,13.601470508735444,19.924858845171276,25.495097567963924,25.019992006393608,18.110770276274835,9.848857801796104,4.0,9.486832980505138,15.0,18.027756377319946,621.9686487275706,585.4442757427901,605.9249128398667,464.05279872014563,67.00746227100382
