left_iris-362,left_iris-382,left_iris-381,left_iris-380,left_iris-374,left_iris-373,left_iris-390,left_iris-249,left_iris-263,left_iris-466,left_iris-388,left_iris-387,left_iris-386,left_iris-385,left_iris-384,left_iris-398,right_iris-133,right_iris-33,right_iris-7,right_iris-163,right_iris-144,right_iris-145,right_iris-153,right_iris-154,right_iris-155,right_iris-173,right_iris-157,right_iris-158,right_iris-159,right_iris-160,right_iris-161,right_iris-246,middle_left_right,center_edge_top_left,center_edge_top_right,center_edge_bottom_left,center_edge_bottom_right
37.36308338453881,34.785054261852174,27.313000567495326,17.69180601295413,13.038404810405298,18.601075237738275,24.041630560342615,29.154759474226502,34.132096331752024,31.400636936215164,27.892651361962706,21.93171219946131,13.038404810405298,12.041594578792296,22.360679774997898,32.38826948140329,39.81205847478876,33.13608305156178,28.160255680657446,24.186773244895647,17.804493814764857,15.297058540778355,20.808652046684813,30.675723300355934,37.107950630558946,34.132096331752024,24.331050121192877,12.727922061357855,10.816653826391969,20.8806130178211,27.073972741361768,31.0,661.0113463473982,610.2753476915154,640.6527920800783,504.7137802755142,80.09993757800315
