left_iris-362,left_iris-382,left_iris-381,left_iris-380,left_iris-374,left_iris-373,left_iris-390,left_iris-249,left_iris-263,left_iris-466,left_iris-388,left_iris-387,left_iris-386,left_iris-385,left_iris-384,left_iris-398,right_iris-133,right_iris-33,right_iris-7,right_iris-163,right_iris-144,right_iris-145,right_iris-153,right_iris-154,right_iris-155,right_iris-173,right_iris-157,right_iris-158,right_iris-159,right_iris-160,right_iris-161,right_iris-246,middle_left_right,center_edge_top_left,center_edge_top_right,center_edge_bottom_left,center_edge_bottom_right
31.38470965295043,28.178005607210743,20.808652046684813,14.317821063276353,12.529964086141668,18.788294228055936,23.345235059857504,27.018512172212592,31.25699921617557,27.459060435491963,24.041630560342615,18.35755975068582,10.295630140987,9.219544457292887,18.0,26.92582403567252,31.016124838541646,22.561028345356956,18.788294228055936,16.401219466856727,12.529964086141668,10.770329614269007,15.652475842498529,23.194827009486403,29.017236257093817,27.294688127912362,20.615528128088304,12.806248474865697,9.219544457292887,13.416407864998739,17.029386365926403,20.09975124224178,603.2329566593655,560.4373292349467,585.0555529178405,445.97085106540317,72.18032973047436
