left_iris-362,left_iris-382,left_iris-381,left_iris-380,left_iris-374,left_iris-373,left_iris-390,left_iris-249,left_iris-263,left_iris-466,left_iris-388,left_iris-387,left_iris-386,left_iris-385,left_iris-384,left_iris-398,right_iris-133,right_iris-33,right_iris-7,right_iris-163,right_iris-144,right_iris-145,right_iris-153,right_iris-154,right_iris-155,right_iris-173,right_iris-157,right_iris-158,right_iris-159,right_iris-160,right_iris-161,right_iris-246,middle_left_right,center_edge_top_left,center_edge_top_right,center_edge_bottom_left,center_edge_bottom_right
22.090722034374522,20.223748416156685,16.492422502470642,11.180339887498949,6.708203932499369,7.211102550927978,10.295630140987,12.649110640673518,15.132745950421556,13.0,11.045361017187261,7.211102550927978,5.0,8.06225774829855,15.132745950421556,20.0,23.345235059857504,17.0,14.317821063276353,12.083045973594572,8.48528137423857,6.324555320336759,10.816653826391969,16.76305461424021,21.37755832643195,21.02379604162864,15.132745950421556,8.602325267042627,5.0,8.94427190999916,13.152946437965905,15.033296378372908,785.4049910714854,706.1593304630337,756.6115251567346,637.1506886129843,49.09175083453431
