left_iris-362,left_iris-382,left_iris-381,left_iris-380,left_iris-374,left_iris-373,left_iris-390,left_iris-249,left_iris-263,left_iris-466,left_iris-388,left_iris-387,left_iris-386,left_iris-385,left_iris-384,left_iris-398,right_iris-133,right_iris-33,right_iris-7,right_iris-163,right_iris-144,right_iris-145,right_iris-153,right_iris-154,right_iris-155,right_iris-173,right_iris-157,right_iris-158,right_iris-159,right_iris-160,right_iris-161,right_iris-246,middle_left_right,center_edge_top_left,center_edge_top_right,center_edge_bottom_left,center_edge_bottom_right
22.02271554554524,19.026297590440446,13.341664064126334,7.211102550927978,10.295630140987,16.64331697709324,21.93171219946131,25.298221281347036,28.861739379323623,25.317977802344327,22.090722034374522,17.029386365926403,8.94427190999916,6.082762530298219,12.529964086141668,19.4164878389476,33.37663853655727,23.021728866442675,19.1049731745428,15.524174696260024,10.0,8.246211251235321,14.422205101855956,23.08679276123039,29.614185789921695,30.14962686336267,22.02271554554524,12.649110640673518,5.385164807134504,9.433981132056603,15.297058540778355,19.1049731745428,714.8069669498193,639.4912040051842,686.9854438050344,565.5519427957082,61.5223536610881
