left_iris-362,left_iris-382,left_iris-381,left_iris-380,left_iris-374,left_iris-373,left_iris-390,left_iris-249,left_iris-263,left_iris-466,left_iris-388,left_iris-387,left_iris-386,left_iris-385,left_iris-384,left_iris-398,right_iris-133,right_iris-33,right_iris-7,right_iris-163,right_iris-144,right_iris-145,right_iris-153,right_iris-154,right_iris-155,right_iris-173,right_iris-157,right_iris-158,right_iris-159,right_iris-160,right_iris-161,right_iris-246,middle_left_right,center_edge_top_left,center_edge_top_right,center_edge_bottom_left,center_edge_bottom_right
28.284271247461902,24.73863375370596,18.788294228055936,12.529964086141668,13.92838827718412,20.0,25.495097567963924,28.460498941515414,32.38826948140329,29.154759474226502,26.0,19.4164878389476,10.0,8.06225774829855,16.492422502470642,24.0,31.78049716414141,27.16615541441225,23.021728866442675,18.439088914585774,13.038404810405298,9.055385138137417,14.142135623730951,21.93171219946131,28.160255680657446,28.284271247461902,21.02379604162864,10.770329614269007,7.0,13.038404810405298,19.924858845171276,23.345235059857504,639.66944588592,594.4552127788938,620.948468071224,482.5733104928204,78.91767862779544
