left_iris-362,left_iris-382,left_iris-381,left_iris-380,left_iris-374,left_iris-373,left_iris-390,left_iris-249,left_iris-263,left_iris-466,left_iris-388,left_iris-387,left_iris-386,left_iris-385,left_iris-384,left_iris-398,right_iris-133,right_iris-33,right_iris-7,right_iris-163,right_iris-144,right_iris-145,right_iris-153,right_iris-154,right_iris-155,right_iris-173,right_iris-157,right_iris-158,right_iris-159,right_iris-160,right_iris-161,right_iris-246,middle_left_right,center_edge_top_left,center_edge_top_right,center_edge_bottom_left,center_edge_bottom_right
29.120439557122072,25.632011235952593,19.235384061671343,11.661903789690601,10.770329614269007,17.0,22.80350850198276,27.16615541441225,31.016124838541646,28.284271247461902,25.0,20.248456731316587,13.92838827718412,12.529964086141668,17.72004514666935,25.079872407968907,31.400636936215164,34.52535300326414,30.364452901377952,26.0,20.0,12.649110640673518,13.601470508735444,20.615528128088304,27.892651361962706,27.018512172212592,18.973665961010276,10.295630140987,12.206555615733702,19.924858845171276,27.018512172212592,31.064449134018133,670.4453743594627,594.30379436783,642.1814385358705,522.1082263286032,87.14355971613737
