left_iris-362,left_iris-382,left_iris-381,left_iris-380,left_iris-374,left_iris-373,left_iris-390,left_iris-249,left_iris-263,left_iris-466,left_iris-388,left_iris-387,left_iris-386,left_iris-385,left_iris-384,left_iris-398,right_iris-133,right_iris-33,right_iris-7,right_iris-163,right_iris-144,right_iris-145,right_iris-153,right_iris-154,right_iris-155,right_iris-173,right_iris-157,right_iris-158,right_iris-159,right_iris-160,right_iris-161,right_iris-246,middle_left_right,center_edge_top_left,center_edge_top_right,center_edge_bottom_left,center_edge_bottom_right
38.2099463490856,33.37663853655727,25.96150997149434,15.0,10.04987562112089,17.4928556845359,24.73863375370596,30.265491900843113,35.0,32.0624390837628,27.459060435491963,20.248456731316587,10.295630140987,12.041594578792296,23.53720459187964,33.0,38.63935817272331,34.132096331752024,28.861739379323623,23.769728648009426,17.204650534085253,11.0,16.401219466856727,27.51363298439521,34.92849839314596,34.058772731852805,24.331050121192877,12.806248474865697,9.848857801796104,18.027756377319946,26.076809620810597,30.01666203960727,629.6935762734125,590.8586971518656,612.9551370206469,471.9258416319242,94.02127418834527
