left_iris-362,left_iris-382,left_iris-381,left_iris-380,left_iris-374,left_iris-373,left_iris-390,left_iris-249,left_iris-263,left_iris-466,left_iris-388,left_iris-387,left_iris-386,left_iris-385,left_iris-384,left_iris-398,right_iris-133,right_iris-33,right_iris-7,right_iris-163,right_iris-144,right_iris-145,right_iris-153,right_iris-154,right_iris-155,right_iris-173,right_iris-157,right_iris-158,right_iris-159,right_iris-160,right_iris-161,right_iris-246,middle_left_right,center_edge_top_left,center_edge_top_right,center_edge_bottom_left,center_edge_bottom_right
31.78049716414141,28.460498941515414,21.470910553583888,13.601470508735444,12.649110640673518,18.027756377319946,23.08679276123039,26.30589287593181,31.0,27.073972741361768,23.53720459187964,17.88854381999832,11.180339887498949,11.40175425099138,18.439088914585774,27.16615541441225,31.575306807693888,34.058772731852805,29.614185789921695,24.698178070456937,19.4164878389476,12.649110640673518,13.601470508735444,21.02379604162864,28.160255680657446,27.073972741361768,18.681541692269406,10.295630140987,11.40175425099138,19.924858845171276,26.1725046566048,30.0,697.3162840490677,615.0203248673981,667.2705598181295,551.5886148208644,84.02380615040002
