left_iris-362,left_iris-382,left_iris-381,left_iris-380,left_iris-374,left_iris-373,left_iris-390,left_iris-249,left_iris-263,left_iris-466,left_iris-388,left_iris-387,left_iris-386,left_iris-385,left_iris-384,left_iris-398,right_iris-133,right_iris-33,right_iris-7,right_iris-163,right_iris-144,right_iris-145,right_iris-153,right_iris-154,right_iris-155,right_iris-173,right_iris-157,right_iris-158,right_iris-159,right_iris-160,right_iris-161,right_iris-246,middle_left_right,center_edge_top_left,center_edge_top_right,center_edge_bottom_left,center_edge_bottom_right
34.36568055487916,31.575306807693888,25.298221281347036,16.401219466856727,11.045361017187261,14.866068747318506,20.615528128088304,24.515301344262525,29.017236257093817,26.019223662515376,23.345235059857504,17.46424919657298,8.94427190999916,11.313708498984761,21.37755832643195,30.01666203960727,31.04834939252005,40.0,34.36568055487916,29.120439557122072,21.95449840010015,14.317821063276353,13.892443989449804,21.470910553583888,27.51363298439521,26.1725046566048,17.46424919657298,8.54400374531753,13.45362404707371,24.041630560342615,31.25699921617557,36.05551275463989,802.4842677585649,732.3120919389493,776.5828996314559,650.4467695361396,85.05292469985967
