left_iris-362,left_iris-382,left_iris-381,left_iris-380,left_iris-374,left_iris-373,left_iris-390,left_iris-249,left_iris-263,left_iris-466,left_iris-388,left_iris-387,left_iris-386,left_iris-385,left_iris-384,left_iris-398,right_iris-133,right_iris-33,right_iris-7,right_iris-163,right_iris-144,right_iris-145,right_iris-153,right_iris-154,right_iris-155,right_iris-173,right_iris-157,right_iris-158,right_iris-159,right_iris-160,right_iris-161,right_iris-246,middle_left_right,center_edge_top_left,center_edge_top_right,center_edge_bottom_left,center_edge_bottom_right
26.476404589747453,23.53720459187964,18.973665961010276,12.041594578792296,9.0,12.041594578792296,16.15549442140351,19.235384061671343,23.0,20.024984394500787,17.26267650163207,13.0,7.615773105863909,8.48528137423857,16.278820596099706,22.02271554554524,30.066592756745816,26.076809620810597,21.37755832643195,16.15549442140351,10.63014581273465,7.280109889280518,13.416407864998739,22.360679774997898,28.160255680657446,26.0,18.24828759089466,8.602325267042627,5.656854249492381,13.341664064126334,19.026297590440446,23.021728866442675,769.2574341532229,691.4166616447712,740.848837483059,620.5296125085409,69.06518659932803
