left_iris-362,left_iris-382,left_iris-381,left_iris-380,left_iris-374,left_iris-373,left_iris-390,left_iris-249,left_iris-263,left_iris-466,left_iris-388,left_iris-387,left_iris-386,left_iris-385,left_iris-384,left_iris-398,right_iris-133,right_iris-33,right_iris-7,right_iris-163,right_iris-144,right_iris-145,right_iris-153,right_iris-154,right_iris-155,right_iris-173,right_iris-157,right_iris-158,right_iris-159,right_iris-160,right_iris-161,right_iris-246,middle_left_right,center_edge_top_left,center_edge_top_right,center_edge_bottom_left,center_edge_bottom_right
22.847319317591726,20.12461179749811,15.811388300841896,11.661903789690601,10.44030650891055,17.204650534085253,23.769728648009426,28.861739379323623,35.12833614050059,30.0,25.317977802344327,19.697715603592208,11.661903789690601,8.94427190999916,12.165525060596439,18.681541692269406,29.154759474226502,17.72004514666935,13.892443989449804,11.313708498984761,8.54400374531753,9.433981132056603,14.7648230602334,21.840329667841555,26.30589287593181,26.0,20.396078054371138,13.038404810405298,8.246211251235321,7.810249675906654,11.045361017187261,14.142135623730951,695.082728889159,639.5623503615578,673.3795363686069,539.5739059665506,82.73451516749222
