left_iris-362,left_iris-382,left_iris-381,left_iris-380,left_iris-374,left_iris-373,left_iris-390,left_iris-249,left_iris-263,left_iris-466,left_iris-388,left_iris-387,left_iris-386,left_iris-385,left_iris-384,left_iris-398,right_iris-133,right_iris-33,right_iris-7,right_iris-163,right_iris-144,right_iris-145,right_iris-153,right_iris-154,right_iris-155,right_iris-173,right_iris-157,right_iris-158,right_iris-159,right_iris-160,right_iris-161,right_iris-246,middle_left_right,center_edge_top_left,center_edge_top_right,center_edge_bottom_left,center_edge_bottom_right
20.615528128088304,18.027756377319946,13.416407864998739,8.48528137423857,5.0990195135927845,8.94427190999916,12.36931687685298,15.033296378372908,18.027756377319946,15.132745950421556,12.36931687685298,8.602325267042627,5.0,7.615773105863909,13.038404810405298,18.24828759089466,23.194827009486403,14.317821063276353,11.704699910719626,8.94427190999916,5.0,5.656854249492381,10.198039027185569,16.0,20.024984394500787,20.396078054371138,15.811388300841896,10.0,5.385164807134504,5.830951894845301,9.055385138137417,12.041594578792296,714.8286507968186,658.2400777831748,692.8780556490442,559.4461546922993,52.773099207835045
