left_iris-362,left_iris-382,left_iris-381,left_iris-380,left_iris-374,left_iris-373,left_iris-390,left_iris-249,left_iris-263,left_iris-466,left_iris-388,left_iris-387,left_iris-386,left_iris-385,left_iris-384,left_iris-398,right_iris-133,right_iris-33,right_iris-7,right_iris-163,right_iris-144,right_iris-145,right_iris-153,right_iris-154,right_iris-155,right_iris-173,right_iris-157,right_iris-158,right_iris-159,right_iris-160,right_iris-161,right_iris-246,middle_left_right,center_edge_top_left,center_edge_top_right,center_edge_bottom_left,center_edge_bottom_right
31.78049716414141,28.160255680657446,21.93171219946131,13.601470508735444,11.40175425099138,16.64331697709324,22.135943621178654,26.30589287593181,31.016124838541646,27.16615541441225,23.53720459187964,18.788294228055936,11.180339887498949,11.40175425099138,19.4164878389476,27.073972741361768,31.400636936215164,34.0147027033899,29.427877939124322,25.298221281347036,19.72308292331602,13.0,13.038404810405298,20.615528128088304,26.92582403567252,27.018512172212592,18.439088914585774,8.602325267042627,9.899494936611665,19.6468827043885,26.1725046566048,30.01666203960727,707.7888103099681,622.3061947305362,676.804994071409,563.6177782859586,86.02325267042627
