left_iris-362,left_iris-382,left_iris-381,left_iris-380,left_iris-374,left_iris-373,left_iris-390,left_iris-249,left_iris-263,left_iris-466,left_iris-388,left_iris-387,left_iris-386,left_iris-385,left_iris-384,left_iris-398,right_iris-133,right_iris-33,right_iris-7,right_iris-163,right_iris-144,right_iris-145,right_iris-153,right_iris-154,right_iris-155,right_iris-173,right_iris-157,right_iris-158,right_iris-159,right_iris-160,right_iris-161,right_iris-246,middle_left_right,center_edge_top_left,center_edge_top_right,center_edge_bottom_left,center_edge_bottom_right
30.265491900843113,27.294688127912362,20.8806130178211,12.806248474865697,10.0,15.0,21.540659228538015,27.65863337187866,33.13608305156178,30.01666203960727,25.019992006393608,18.439088914585774,9.899494936611665,8.94427190999916,16.76305461424021,25.0,33.734255586866,32.0,28.284271247461902,23.769728648009426,17.4928556845359,11.40175425099138,14.866068747318506,23.769728648009426,30.083217912982647,29.154759474226502,20.223748416156685,9.899494936611665,9.433981132056603,18.027756377319946,25.317977802344327,29.068883707497267,736.4054589694457,666.4780566530304,710.3470982554937,584.8016757841926,85.05292469985967
