left_iris-362,left_iris-382,left_iris-381,left_iris-380,left_iris-374,left_iris-373,left_iris-390,left_iris-249,left_iris-263,left_iris-466,left_iris-388,left_iris-387,left_iris-386,left_iris-385,left_iris-384,left_iris-398,right_iris-133,right_iris-33,right_iris-7,right_iris-163,right_iris-144,right_iris-145,right_iris-153,right_iris-154,right_iris-155,right_iris-173,right_iris-157,right_iris-158,right_iris-159,right_iris-160,right_iris-161,right_iris-246,middle_left_right,center_edge_top_left,center_edge_top_right,center_edge_bottom_left,center_edge_bottom_right
29.427877939124322,25.709920264364882,20.248456731316587,12.727922061357855,10.04987562112089,13.45362404707371,17.88854381999832,20.8806130178211,24.186773244895647,22.090722034374522,18.0,12.36931687685298,4.47213595499958,8.94427190999916,18.027756377319946,25.079872407968907,29.068883707497267,24.08318915758459,19.4164878389476,15.811388300841896,10.0,7.0710678118654755,12.529964086141668,20.396078054371138,26.1725046566048,26.0,19.235384061671343,10.295630140987,5.0990195135927845,11.40175425099138,17.029386365926403,21.0,715.9357513073362,653.9602434399204,692.288957011449,561.9288211152726,75.02666192761077
