left_iris-362,left_iris-382,left_iris-381,left_iris-380,left_iris-374,left_iris-373,left_iris-390,left_iris-249,left_iris-263,left_iris-466,left_iris-388,left_iris-387,left_iris-386,left_iris-385,left_iris-384,left_iris-398,right_iris-133,right_iris-33,right_iris-7,right_iris-163,right_iris-144,right_iris-145,right_iris-153,right_iris-154,right_iris-155,right_iris-173,right_iris-157,right_iris-158,right_iris-159,right_iris-160,right_iris-161,right_iris-246,middle_left_right,center_edge_top_left,center_edge_top_right,center_edge_bottom_left,center_edge_bottom_right
36.05551275463989,31.25699921617557,23.769728648009426,14.212670403551895,11.045361017187261,15.811388300841896,22.135943621178654,26.476404589747453,31.064449134018133,27.0,22.090722034374522,14.866068747318506,6.324555320336759,12.529964086141668,23.345235059857504,32.01562118716424,41.19465984809196,27.073972741361768,22.561028345356956,17.46424919657298,12.041594578792296,11.180339887498949,19.235384061671343,29.614185789921695,37.33630940518894,37.013511046643494,28.160255680657446,15.811388300841896,6.708203932499369,11.180339887498949,18.24828759089466,23.021728866442675,626.1150054103479,573.8640954093573,605.078507302978,470.34030233438426,89.00561780022652
