left_iris-362,left_iris-382,left_iris-381,left_iris-380,left_iris-374,left_iris-373,left_iris-390,left_iris-249,left_iris-263,left_iris-466,left_iris-388,left_iris-387,left_iris-386,left_iris-385,left_iris-384,left_iris-398,right_iris-133,right_iris-33,right_iris-7,right_iris-163,right_iris-144,right_iris-145,right_iris-153,right_iris-154,right_iris-155,right_iris-173,right_iris-157,right_iris-158,right_iris-159,right_iris-160,right_iris-161,right_iris-246,middle_left_right,center_edge_top_left,center_edge_top_right,center_edge_bottom_left,center_edge_bottom_right
30.265491900843113,26.476404589747453,19.924858845171276,12.727922061357855,10.44030650891055,18.027756377319946,24.351591323771842,30.59411708155671,36.124783736376884,32.01562118716424,28.071337695236398,21.587033144922902,12.041594578792296,8.54400374531753,16.76305461424021,25.0,33.95585369269929,33.015148038438355,28.284271247461902,24.041630560342615,18.027756377319946,12.165525060596439,15.620499351813308,24.166091947189145,30.364452901377952,29.274562336608895,20.09975124224178,9.219544457292887,10.0,19.313207915827967,25.317977802344327,30.066592756745816,738.047423950521,667.6181543367436,711.8384648219004,586.6123080877181,87.09190547921202
