left_iris-362,left_iris-382,left_iris-381,left_iris-380,left_iris-374,left_iris-373,left_iris-390,left_iris-249,left_iris-263,left_iris-466,left_iris-388,left_iris-387,left_iris-386,left_iris-385,left_iris-384,left_iris-398,right_iris-133,right_iris-33,right_iris-7,right_iris-163,right_iris-144,right_iris-145,right_iris-153,right_iris-154,right_iris-155,right_iris-173,right_iris-157,right_iris-158,right_iris-159,right_iris-160,right_iris-161,right_iris-246,middle_left_right,center_edge_top_left,center_edge_top_right,center_edge_bottom_left,center_edge_bottom_right
39.293765408777,35.11409973215888,26.832815729997478,17.029386365926403,13.341664064126334,19.4164878389476,25.0,29.154759474226502,34.058772731852805,30.4138126514911,26.92582403567252,19.72308292331602,11.40175425099138,14.212670403551895,24.186773244895647,33.37663853655727,29.154759474226502,41.10960958218893,36.6742416417845,32.57299494980466,26.419689627245813,17.204650534085253,12.649110640673518,17.88854381999832,25.495097567963924,24.186773244895647,17.204650534085253,14.0,19.1049731745428,28.460498941515414,34.23448553724738,38.01315561749642,805.431561338392,733.4984662560652,778.9865210643892,654.0030580968257,95.63472172804185
