left_iris-362,left_iris-382,left_iris-381,left_iris-380,left_iris-374,left_iris-373,left_iris-390,left_iris-249,left_iris-263,left_iris-466,left_iris-388,left_iris-387,left_iris-386,left_iris-385,left_iris-384,left_iris-398,right_iris-133,right_iris-33,right_iris-7,right_iris-163,right_iris-144,right_iris-145,right_iris-153,right_iris-154,right_iris-155,right_iris-173,right_iris-157,right_iris-158,right_iris-159,right_iris-160,right_iris-161,right_iris-246,middle_left_right,center_edge_top_left,center_edge_top_right,center_edge_bottom_left,center_edge_bottom_right
28.284271247461902,25.495097567963924,19.924858845171276,12.806248474865697,9.0,12.727922061357855,16.55294535724685,19.4164878389476,23.021728866442675,21.02379604162864,17.26267650163207,13.416407864998739,7.280109889280518,9.219544457292887,17.26267650163207,25.019992006393608,23.345235059857504,28.0,24.186773244895647,20.615528128088304,15.652475842498529,9.433981132056603,9.433981132056603,15.231546211727817,20.615528128088304,20.024984394500787,13.601470508735444,7.615773105863909,9.219544457292887,17.08800749063506,21.37755832643195,25.079872407968907,759.8131349220017,692.6875197374354,734.7217160258706,607.0551869476119,68.06614430096654
