left_iris-362,left_iris-382,left_iris-381,left_iris-380,left_iris-374,left_iris-373,left_iris-390,left_iris-249,left_iris-263,left_iris-466,left_iris-388,left_iris-387,left_iris-386,left_iris-385,left_iris-384,left_iris-398,right_iris-133,right_iris-33,right_iris-7,right_iris-163,right_iris-144,right_iris-145,right_iris-153,right_iris-154,right_iris-155,right_iris-173,right_iris-157,right_iris-158,right_iris-159,right_iris-160,right_iris-161,right_iris-246,middle_left_right,center_edge_top_left,center_edge_top_right,center_edge_bottom_left,center_edge_bottom_right
37.8549864614954,33.52610922848042,25.495097567963924,17.029386365926403,14.142135623730951,19.209372712298546,26.0,30.805843601498726,36.124783736376884,32.0,27.294688127912362,19.697715603592208,11.180339887498949,12.727922061357855,22.360679774997898,32.14031735997639,33.54101966249684,29.274562336608895,26.248809496813376,23.259406699226016,17.69180601295413,13.038404810405298,14.866068747318506,23.769728648009426,29.832867780352597,29.017236257093817,21.587033144922902,12.727922061357855,11.704699910719626,17.88854381999832,24.186773244895647,27.0,682.8469813948071,611.7025420905164,656.1859492552397,532.2405471213181,90.35485598461214
