left_iris-362,left_iris-382,left_iris-381,left_iris-380,left_iris-374,left_iris-373,left_iris-390,left_iris-249,left_iris-263,left_iris-466,left_iris-388,left_iris-387,left_iris-386,left_iris-385,left_iris-384,left_iris-398,right_iris-133,right_iris-33,right_iris-7,right_iris-163,right_iris-144,right_iris-145,right_iris-153,right_iris-154,right_iris-155,right_iris-173,right_iris-157,right_iris-158,right_iris-159,right_iris-160,right_iris-161,right_iris-246,middle_left_right,center_edge_top_left,center_edge_top_right,center_edge_bottom_left,center_edge_bottom_right
27.294688127912362,23.769728648009426,17.46424919657298,12.206555615733702,11.40175425099138,15.620499351813308,19.697715603592208,24.041630560342615,26.30589287593181,24.08318915758459,20.024984394500787,14.560219778561036,8.06225774829855,8.48528137423857,16.492422502470642,23.0,29.427877939124322,26.019223662515376,22.360679774997898,18.973665961010276,14.422205101855956,9.486832980505138,12.041594578792296,19.313207915827967,25.709920264364882,26.076809620810597,18.110770276274835,8.602325267042627,6.708203932499369,14.866068747318506,20.09975124224178,23.0,737.2285941280358,669.855208235332,711.9733141066455,584.7272868611486,67.47592163134935
