left_iris-362,left_iris-382,left_iris-381,left_iris-380,left_iris-374,left_iris-373,left_iris-390,left_iris-249,left_iris-263,left_iris-466,left_iris-388,left_iris-387,left_iris-386,left_iris-385,left_iris-384,left_iris-398,right_iris-133,right_iris-33,right_iris-7,right_iris-163,right_iris-144,right_iris-145,right_iris-153,right_iris-154,right_iris-155,right_iris-173,right_iris-157,right_iris-158,right_iris-159,right_iris-160,right_iris-161,right_iris-246,middle_left_right,center_edge_top_left,center_edge_top_right,center_edge_bottom_left,center_edge_bottom_right
36.40054944640259,32.69556544854363,26.419689627245813,17.029386365926403,11.045361017187261,15.264337522473747,20.223748416156685,25.019992006393608,28.635642126552707,25.96150997149434,21.540659228538015,15.0,8.0,11.704699910719626,23.08679276123039,32.28002478313795,31.0,27.892651361962706,25.079872407968907,21.633307652783937,17.029386365926403,12.0,13.45362404707371,21.37755832643195,28.071337695236398,26.1725046566048,18.384776310850235,9.433981132056603,9.219544457292887,17.11724276862369,22.090722034374522,25.495097567963924,612.2630153781952,560.0589254712401,591.1564936630571,456.58077051054175,69.85699678629192
