left_iris-362,left_iris-382,left_iris-381,left_iris-380,left_iris-374,left_iris-373,left_iris-390,left_iris-249,left_iris-263,left_iris-466,left_iris-388,left_iris-387,left_iris-386,left_iris-385,left_iris-384,left_iris-398,right_iris-133,right_iris-33,right_iris-7,right_iris-163,right_iris-144,right_iris-145,right_iris-153,right_iris-154,right_iris-155,right_iris-173,right_iris-157,right_iris-158,right_iris-159,right_iris-160,right_iris-161,right_iris-246,middle_left_right,center_edge_top_left,center_edge_top_right,center_edge_bottom_left,center_edge_bottom_right
31.78049716414141,28.160255680657446,21.93171219946131,13.601470508735444,12.36931687685298,18.027756377319946,23.08679276123039,27.294688127912362,32.01562118716424,28.160255680657446,24.515301344262525,18.384776310850235,10.816653826391969,10.0,19.4164878389476,27.073972741361768,32.38826948140329,31.016124838541646,26.476404589747453,23.40939982143925,17.204650534085253,12.36931687685298,14.212670403551895,21.540659228538015,28.635642126552707,28.0178514522438,19.4164878389476,9.899494936611665,8.602325267042627,16.76305461424021,23.194827009486403,27.018512172212592,695.2697318307478,609.0155991434045,664.0030120413611,551.7245689653489,85.0235261559999
