left_iris-362,left_iris-382,left_iris-381,left_iris-380,left_iris-374,left_iris-373,left_iris-390,left_iris-249,left_iris-263,left_iris-466,left_iris-388,left_iris-387,left_iris-386,left_iris-385,left_iris-384,left_iris-398,right_iris-133,right_iris-33,right_iris-7,right_iris-163,right_iris-144,right_iris-145,right_iris-153,right_iris-154,right_iris-155,right_iris-173,right_iris-157,right_iris-158,right_iris-159,right_iris-160,right_iris-161,right_iris-246,middle_left_right,center_edge_top_left,center_edge_top_right,center_edge_bottom_left,center_edge_bottom_right
38.01315561749642,35.05709628591621,27.294688127912362,17.88854381999832,11.40175425099138,15.0,20.591260281974,25.298221281347036,31.25699921617557,28.071337695236398,24.0,17.46424919657298,8.602325267042627,11.313708498984761,22.80350850198276,33.06055050963308,37.64306044943742,27.073972741361768,23.08679276123039,18.973665961010276,14.212670403551895,12.041594578792296,17.69180601295413,26.40075756488817,33.83784863137726,32.55764119219941,24.0,13.0,6.0,13.416407864998739,20.615528128088304,24.186773244895647,720.4054414008823,642.2491728293622,691.7253790341945,572.349543548346,86.37129152675674
