left_iris-362,left_iris-382,left_iris-381,left_iris-380,left_iris-374,left_iris-373,left_iris-390,left_iris-249,left_iris-263,left_iris-466,left_iris-388,left_iris-387,left_iris-386,left_iris-385,left_iris-384,left_iris-398,right_iris-133,right_iris-33,right_iris-7,right_iris-163,right_iris-144,right_iris-145,right_iris-153,right_iris-154,right_iris-155,right_iris-173,right_iris-157,right_iris-158,right_iris-159,right_iris-160,right_iris-161,right_iris-246,middle_left_right,center_edge_top_left,center_edge_top_right,center_edge_bottom_left,center_edge_bottom_right
35.22782990761707,30.59411708155671,23.40939982143925,14.866068747318506,13.152946437965905,18.439088914585774,24.166091947189145,28.160255680657446,32.2490309931942,28.0178514522438,24.020824298928627,16.76305461424021,8.94427190999916,11.313708498984761,21.587033144922902,31.0,38.63935817272331,26.076809620810597,22.80350850198276,18.788294228055936,14.212670403551895,12.165525060596439,18.439088914585774,26.92582403567252,34.20526275297414,34.132096331752024,26.076809620810597,15.231546211727817,8.54400374531753,11.40175425099138,17.46424919657298,22.02271554554524,614.955282927141,565.6589078234338,594.7856756849479,458.66109492739844,85.28774824088158
