left_iris-362,left_iris-382,left_iris-381,left_iris-380,left_iris-374,left_iris-373,left_iris-390,left_iris-249,left_iris-263,left_iris-466,left_iris-388,left_iris-387,left_iris-386,left_iris-385,left_iris-384,left_iris-398,right_iris-133,right_iris-33,right_iris-7,right_iris-163,right_iris-144,right_iris-145,right_iris-153,right_iris-154,right_iris-155,right_iris-173,right_iris-157,right_iris-158,right_iris-159,right_iris-160,right_iris-161,right_iris-246,middle_left_right,center_edge_top_left,center_edge_top_right,center_edge_bottom_left,center_edge_bottom_right
19.235384061671343,17.11724276862369,13.0,8.246211251235321,4.123105625617661,7.0710678118654755,10.816653826391969,14.317821063276353,16.76305461424021,14.560219778561036,12.165525060596439,8.0,2.8284271247461903,5.656854249492381,12.083045973594572,17.46424919657298,23.345235059857504,18.24828759089466,14.0,11.045361017187261,6.708203932499369,4.47213595499958,10.295630140987,16.76305461424021,20.396078054371138,21.095023109728988,16.0312195418814,8.94427190999916,5.0990195135927845,7.810249675906654,12.649110640673518,15.297058540778355,779.2945527847606,721.1102550927978,757.099729229908,623.9390995922599,50.28916384272063
