left_iris-362,left_iris-382,left_iris-381,left_iris-380,left_iris-374,left_iris-373,left_iris-390,left_iris-249,left_iris-263,left_iris-466,left_iris-388,left_iris-387,left_iris-386,left_iris-385,left_iris-384,left_iris-398,right_iris-133,right_iris-33,right_iris-7,right_iris-163,right_iris-144,right_iris-145,right_iris-153,right_iris-154,right_iris-155,right_iris-173,right_iris-157,right_iris-158,right_iris-159,right_iris-160,right_iris-161,right_iris-246,middle_left_right,center_edge_top_left,center_edge_top_right,center_edge_bottom_left,center_edge_bottom_right
40.311288741492746,35.6931365951495,28.160255680657446,18.439088914585774,14.0,18.384776310850235,24.596747752497688,29.120439557122072,33.13608305156178,30.01666203960727,25.179356624028344,18.384776310850235,10.44030650891055,13.45362404707371,24.515301344262525,35.0,36.22154055254967,32.0624390837628,27.459060435491963,23.40939982143925,18.027756377319946,12.36931687685298,14.866068747318506,24.351591323771842,32.55764119219941,32.0,22.80350850198276,13.45362404707371,11.704699910719626,18.788294228055936,25.317977802344327,29.017236257093817,735.4400043511367,669.008221175196,710.4730818264686,582.6422573071748,90.00555538409837
