left_iris-362,left_iris-382,left_iris-381,left_iris-380,left_iris-374,left_iris-373,left_iris-390,left_iris-249,left_iris-263,left_iris-466,left_iris-388,left_iris-387,left_iris-386,left_iris-385,left_iris-384,left_iris-398,right_iris-133,right_iris-33,right_iris-7,right_iris-163,right_iris-144,right_iris-145,right_iris-153,right_iris-154,right_iris-155,right_iris-173,right_iris-157,right_iris-158,right_iris-159,right_iris-160,right_iris-161,right_iris-246,middle_left_right,center_edge_top_left,center_edge_top_right,center_edge_bottom_left,center_edge_bottom_right
28.071337695236398,25.179356624028344,19.4164878389476,12.206555615733702,8.06225774829855,12.041594578792296,17.4928556845359,20.615528128088304,24.515301344262525,22.20360331117452,19.0,13.601470508735444,8.06225774829855,9.219544457292887,17.72004514666935,25.019992006393608,32.7566787083184,25.019992006393608,21.37755832643195,17.08800749063506,12.041594578792296,9.219544457292887,15.0,23.40939982143925,29.832867780352597,29.154759474226502,22.090722034374522,12.529964086141668,7.0710678118654755,11.661903789690601,18.24828759089466,22.02271554554524,733.0109139705902,653.379675227199,703.9211603581754,585.4955166352685,75.66372975210778
