left_iris-362,left_iris-382,left_iris-381,left_iris-380,left_iris-374,left_iris-373,left_iris-390,left_iris-249,left_iris-263,left_iris-466,left_iris-388,left_iris-387,left_iris-386,left_iris-385,left_iris-384,left_iris-398,right_iris-133,right_iris-33,right_iris-7,right_iris-163,right_iris-144,right_iris-145,right_iris-153,right_iris-154,right_iris-155,right_iris-173,right_iris-157,right_iris-158,right_iris-159,right_iris-160,right_iris-161,right_iris-246,middle_left_right,center_edge_top_left,center_edge_top_right,center_edge_bottom_left,center_edge_bottom_right
38.3275357934736,35.510561809129406,28.635642126552707,18.788294228055936,11.40175425099138,9.848857801796104,14.422205101855956,18.973665961010276,23.194827009486403,20.024984394500787,15.033296378372908,8.54400374531753,5.830951894845301,14.560219778561036,26.076809620810597,34.058772731852805,26.476404589747453,30.066592756745816,26.30589287593181,21.840329667841555,17.0,10.295630140987,10.0,17.46424919657298,22.80350850198276,23.021728866442675,15.297058540778355,6.4031242374328485,7.810249675906654,16.492422502470642,23.08679276123039,27.0,810.3141366161644,728.0171701271887,780.6465269249585,663.2563606932089,81.09870529176159
