left_iris-362,left_iris-382,left_iris-381,left_iris-380,left_iris-374,left_iris-373,left_iris-390,left_iris-249,left_iris-263,left_iris-466,left_iris-388,left_iris-387,left_iris-386,left_iris-385,left_iris-384,left_iris-398,right_iris-133,right_iris-33,right_iris-7,right_iris-163,right_iris-144,right_iris-145,right_iris-153,right_iris-154,right_iris-155,right_iris-173,right_iris-157,right_iris-158,right_iris-159,right_iris-160,right_iris-161,right_iris-246,middle_left_right,center_edge_top_left,center_edge_top_right,center_edge_bottom_left,center_edge_bottom_right
40.01249804748511,36.05551275463989,29.154759474226502,18.027756377319946,8.06225774829855,12.206555615733702,19.6468827043885,25.317977802344327,31.016124838541646,27.0,22.090722034374522,13.341664064126334,4.0,13.92838827718412,27.294688127912362,36.05551275463989,33.24154027718932,39.01281840626232,34.23448553724738,28.635642126552707,20.248456731316587,10.816653826391969,11.313708498984761,21.840329667841555,29.427877939124322,29.0,20.396078054371138,8.48528137423857,10.63014581273465,21.587033144922902,30.14962686336267,35.014282800023196,647.5469094976827,606.6440471973659,630.2515370865826,489.91529880174187,95.0
