left_iris-362,left_iris-382,left_iris-381,left_iris-380,left_iris-374,left_iris-373,left_iris-390,left_iris-249,left_iris-263,left_iris-466,left_iris-388,left_iris-387,left_iris-386,left_iris-385,left_iris-384,left_iris-398,right_iris-133,right_iris-33,right_iris-7,right_iris-163,right_iris-144,right_iris-145,right_iris-153,right_iris-154,right_iris-155,right_iris-173,right_iris-157,right_iris-158,right_iris-159,right_iris-160,right_iris-161,right_iris-246,middle_left_right,center_edge_top_left,center_edge_top_right,center_edge_bottom_left,center_edge_bottom_right
26.019223662515376,23.194827009486403,17.46424919657298,10.63014581273465,8.246211251235321,13.601470508735444,18.027756377319946,21.37755832643195,25.079872407968907,23.0,19.026297590440446,13.341664064126334,6.4031242374328485,7.810249675906654,16.492422502470642,23.021728866442675,27.294688127912362,25.0,21.095023109728988,17.46424919657298,12.529964086141668,8.246211251235321,11.313708498984761,18.027756377319946,23.53720459187964,23.021728866442675,17.11724276862369,8.06225774829855,5.830951894845301,12.649110640673518,18.24828759089466,22.02271554554524,760.7798630352935,688.3211459776606,734.0204356828222,609.9065502189659,65.37583651472461
