left_iris-362,left_iris-382,left_iris-381,left_iris-380,left_iris-374,left_iris-373,left_iris-390,left_iris-249,left_iris-263,left_iris-466,left_iris-388,left_iris-387,left_iris-386,left_iris-385,left_iris-384,left_iris-398,right_iris-133,right_iris-33,right_iris-7,right_iris-163,right_iris-144,right_iris-145,right_iris-153,right_iris-154,right_iris-155,right_iris-173,right_iris-157,right_iris-158,right_iris-159,right_iris-160,right_iris-161,right_iris-246,middle_left_right,center_edge_top_left,center_edge_top_right,center_edge_bottom_left,center_edge_bottom_right
29.017236257093817,26.1725046566048,20.396078054371138,12.529964086141668,8.246211251235321,11.40175425099138,16.1245154965971,20.248456731316587,23.345235059857504,21.095023109728988,18.027756377319946,13.601470508735444,7.615773105863909,9.899494936611665,17.72004514666935,25.019992006393608,30.083217912982647,27.018512172212592,23.345235059857504,18.973665961010276,14.212670403551895,10.0,14.142135623730951,21.93171219946131,27.51363298439521,26.30589287593181,19.1049731745428,10.816653826391969,8.246211251235321,14.317821063276353,20.396078054371138,24.020824298928627,734.2213562679855,654.2789924795079,705.0397151934067,586.8398418648823,77.41446893184762
