left_iris-362,left_iris-382,left_iris-381,left_iris-380,left_iris-374,left_iris-373,left_iris-390,left_iris-249,left_iris-263,left_iris-466,left_iris-388,left_iris-387,left_iris-386,left_iris-385,left_iris-384,left_iris-398,right_iris-133,right_iris-33,right_iris-7,right_iris-163,right_iris-144,right_iris-145,right_iris-153,right_iris-154,right_iris-155,right_iris-173,right_iris-157,right_iris-158,right_iris-159,right_iris-160,right_iris-161,right_iris-246,middle_left_right,center_edge_top_left,center_edge_top_right,center_edge_bottom_left,center_edge_bottom_right
23.08679276123039,21.213203435596427,16.492422502470642,10.816653826391969,7.0710678118654755,9.899494936611665,14.317821063276353,17.72004514666935,20.223748416156685,18.027756377319946,16.0312195418814,11.40175425099138,5.830951894845301,7.0710678118654755,14.560219778561036,20.0,26.68332812825267,20.024984394500787,17.029386365926403,13.341664064126334,9.433981132056603,6.082762530298219,11.40175425099138,18.027756377319946,23.769728648009426,23.194827009486403,17.029386365926403,8.94427190999916,6.0,10.816653826391969,15.524174696260024,18.24828759089466,743.4258537339148,683.7265535285287,720.6122396962184,588.6272164961454,61.29437168288782
