left_iris-362,left_iris-382,left_iris-381,left_iris-380,left_iris-374,left_iris-373,left_iris-390,left_iris-249,left_iris-263,left_iris-466,left_iris-388,left_iris-387,left_iris-386,left_iris-385,left_iris-384,left_iris-398,right_iris-133,right_iris-33,right_iris-7,right_iris-163,right_iris-144,right_iris-145,right_iris-153,right_iris-154,right_iris-155,right_iris-173,right_iris-157,right_iris-158,right_iris-159,right_iris-160,right_iris-161,right_iris-246,middle_left_right,center_edge_top_left,center_edge_top_right,center_edge_bottom_left,center_edge_bottom_right
24.331050121192877,21.587033144922902,16.15549442140351,9.899494936611665,8.06225774829855,10.63014581273465,14.317821063276353,17.46424919657298,20.09975124224178,18.0,15.297058540778355,11.661903789690601,7.280109889280518,9.219544457292887,15.297058540778355,21.02379604162864,26.076809620810597,22.561028345356956,20.248456731316587,17.0,12.041594578792296,8.0,10.63014581273465,17.72004514666935,23.345235059857504,23.0,16.492422502470642,8.48528137423857,5.385164807134504,11.40175425099138,17.0,20.09975124224178,721.4762643358408,662.2899667064269,698.7331393314618,566.6815684315134,58.008620049092706
