left_iris-362,left_iris-382,left_iris-381,left_iris-380,left_iris-374,left_iris-373,left_iris-390,left_iris-249,left_iris-263,left_iris-466,left_iris-388,left_iris-387,left_iris-386,left_iris-385,left_iris-384,left_iris-398,right_iris-133,right_iris-33,right_iris-7,right_iris-163,right_iris-144,right_iris-145,right_iris-153,right_iris-154,right_iris-155,right_iris-173,right_iris-157,right_iris-158,right_iris-159,right_iris-160,right_iris-161,right_iris-246,middle_left_right,center_edge_top_left,center_edge_top_right,center_edge_bottom_left,center_edge_bottom_right
28.160255680657446,24.331050121192877,18.681541692269406,11.40175425099138,9.0,12.041594578792296,15.652475842498529,18.681541692269406,22.090722034374522,19.0,16.1245154965971,11.704699910719626,5.0990195135927845,9.433981132056603,17.26267650163207,24.0,24.73863375370596,29.017236257093817,25.079872407968907,21.587033144922902,16.55294535724685,10.816653826391969,9.848857801796104,15.652475842498529,22.135943621178654,21.095023109728988,14.142135623730951,6.4031242374328485,8.48528137423857,16.76305461424021,22.360679774997898,25.179356624028344,778.7868771364859,714.07912726812,754.5256788208072,625.1471826698094,70.06425622241343
