left_iris-362,left_iris-382,left_iris-381,left_iris-380,left_iris-374,left_iris-373,left_iris-390,left_iris-249,left_iris-263,left_iris-466,left_iris-388,left_iris-387,left_iris-386,left_iris-385,left_iris-384,left_iris-398,right_iris-133,right_iris-33,right_iris-7,right_iris-163,right_iris-144,right_iris-145,right_iris-153,right_iris-154,right_iris-155,right_iris-173,right_iris-157,right_iris-158,right_iris-159,right_iris-160,right_iris-161,right_iris-246,middle_left_right,center_edge_top_left,center_edge_top_right,center_edge_bottom_left,center_edge_bottom_right
38.118237105091836,34.23448553724738,27.459060435491963,17.4928556845359,12.36931687685298,15.811388300841896,21.095023109728988,25.632011235952593,30.4138126514911,28.160255680657446,24.0,17.46424919657298,9.433981132056603,12.041594578792296,22.80350850198276,32.01562118716424,38.62641583165593,33.06055050963308,28.160255680657446,24.041630560342615,18.027756377319946,13.152946437965905,17.804493814764857,26.92582403567252,34.92849839314596,33.24154027718932,23.021728866442675,11.661903789690601,8.54400374531753,18.788294228055936,25.495097567963924,29.154759474226502,734.6944943308068,659.6029108486408,707.0190945087693,585.1290455959266,83.48652585896721
