left_iris-362,left_iris-382,left_iris-381,left_iris-380,left_iris-374,left_iris-373,left_iris-390,left_iris-249,left_iris-263,left_iris-466,left_iris-388,left_iris-387,left_iris-386,left_iris-385,left_iris-384,left_iris-398,right_iris-133,right_iris-33,right_iris-7,right_iris-163,right_iris-144,right_iris-145,right_iris-153,right_iris-154,right_iris-155,right_iris-173,right_iris-157,right_iris-158,right_iris-159,right_iris-160,right_iris-161,right_iris-246,middle_left_right,center_edge_top_left,center_edge_top_right,center_edge_bottom_left,center_edge_bottom_right
29.427877939124322,25.709920264364882,19.924858845171276,12.041594578792296,8.06225774829855,13.601470508735444,20.248456731316587,24.73863375370596,28.160255680657446,26.019223662515376,22.02271554554524,15.524174696260024,7.211102550927978,8.602325267042627,18.24828759089466,25.079872407968907,34.132096331752024,24.186773244895647,19.924858845171276,16.1245154965971,11.40175425099138,9.848857801796104,16.55294535724685,25.495097567963924,31.25699921617557,31.016124838541646,23.53720459187964,13.601470508735444,8.0,12.083045973594572,18.110770276274835,21.02379604162864,710.1584330274477,628.8282754456895,680.4594036384536,563.7597005817283,75.0066663703967
