left_iris-362,left_iris-382,left_iris-381,left_iris-380,left_iris-374,left_iris-373,left_iris-390,left_iris-249,left_iris-263,left_iris-466,left_iris-388,left_iris-387,left_iris-386,left_iris-385,left_iris-384,left_iris-398,right_iris-133,right_iris-33,right_iris-7,right_iris-163,right_iris-144,right_iris-145,right_iris-153,right_iris-154,right_iris-155,right_iris-173,right_iris-157,right_iris-158,right_iris-159,right_iris-160,right_iris-161,right_iris-246,middle_left_right,center_edge_top_left,center_edge_top_right,center_edge_bottom_left,center_edge_bottom_right
42.37924020083418,38.62641583165593,31.304951684997057,22.02271554554524,13.0,10.63014581273465,16.492422502470642,22.02271554554524,28.442925306655784,22.561028345356956,17.08800749063506,9.899494936611665,7.810249675906654,17.26267650163207,29.154759474226502,38.3275357934736,30.4138126514911,24.041630560342615,21.470910553583888,18.601075237738275,14.212670403551895,9.055385138137417,12.083045973594572,21.0,27.16615541441225,26.92582403567252,19.697715603592208,10.63014581273465,6.4031242374328485,14.035668847618199,19.235384061671343,22.561028345356956,572.3993361281964,508.86245685843244,547.4860728822241,420.4057563830448,81.78630692236935
