left_iris-362,left_iris-382,left_iris-381,left_iris-380,left_iris-374,left_iris-373,left_iris-390,left_iris-249,left_iris-263,left_iris-466,left_iris-388,left_iris-387,left_iris-386,left_iris-385,left_iris-384,left_iris-398,right_iris-133,right_iris-33,right_iris-7,right_iris-163,right_iris-144,right_iris-145,right_iris-153,right_iris-154,right_iris-155,right_iris-173,right_iris-157,right_iris-158,right_iris-159,right_iris-160,right_iris-161,right_iris-246,middle_left_right,center_edge_top_left,center_edge_top_right,center_edge_bottom_left,center_edge_bottom_right
27.16615541441225,23.53720459187964,17.46424919657298,11.180339887498949,13.416407864998739,20.808652046684813,26.0,30.083217912982647,34.36568055487916,31.064449134018133,28.0,22.360679774997898,13.038404810405298,8.06225774829855,14.866068747318506,23.0,33.52610922848042,25.179356624028344,21.095023109728988,17.72004514666935,12.806248474865697,11.0,15.556349186104045,23.706539182259394,29.732137494637012,29.614185789921695,22.0,12.083045973594572,8.0,13.601470508735444,18.973665961010276,22.360679774997898,644.137407701183,598.7595510720477,625.3902781463747,487.04517244296756,77.52418977325722
