left_iris-362,left_iris-382,left_iris-381,left_iris-380,left_iris-374,left_iris-373,left_iris-390,left_iris-249,left_iris-263,left_iris-466,left_iris-388,left_iris-387,left_iris-386,left_iris-385,left_iris-384,left_iris-398,right_iris-133,right_iris-33,right_iris-7,right_iris-163,right_iris-144,right_iris-145,right_iris-153,right_iris-154,right_iris-155,right_iris-173,right_iris-157,right_iris-158,right_iris-159,right_iris-160,right_iris-161,right_iris-246,middle_left_right,center_edge_top_left,center_edge_top_right,center_edge_bottom_left,center_edge_bottom_right
23.53720459187964,20.8806130178211,15.652475842498529,10.0,9.486832980505138,13.601470508735444,18.384776310850235,21.587033144922902,25.179356624028344,22.02271554554524,18.0,13.152946437965905,5.0,5.830951894845301,13.038404810405298,20.09975124224178,29.154759474226502,20.09975124224178,16.492422502470642,12.529964086141668,8.602325267042627,8.94427190999916,14.7648230602334,21.587033144922902,27.294688127912362,26.0,19.235384061671343,11.180339887498949,5.0990195135927845,8.94427190999916,13.038404810405298,17.0,601.6410890223506,568.5701363947987,586.5765082237781,443.58990069657807,69.00724599634447
