left_iris-362,left_iris-382,left_iris-381,left_iris-380,left_iris-374,left_iris-373,left_iris-390,left_iris-249,left_iris-263,left_iris-466,left_iris-388,left_iris-387,left_iris-386,left_iris-385,left_iris-384,left_iris-398,right_iris-133,right_iris-33,right_iris-7,right_iris-163,right_iris-144,right_iris-145,right_iris-153,right_iris-154,right_iris-155,right_iris-173,right_iris-157,right_iris-158,right_iris-159,right_iris-160,right_iris-161,right_iris-246,middle_left_right,center_edge_top_left,center_edge_top_right,center_edge_bottom_left,center_edge_bottom_right
37.107950630558946,34.48187929913333,28.231188426986208,19.1049731745428,14.142135623730951,16.401219466856727,20.12461179749811,23.53720459187964,28.0,25.079872407968907,21.37755832643195,15.231546211727817,8.246211251235321,11.661903789690601,23.08679276123039,32.38826948140329,33.95585369269929,33.015148038438355,28.160255680657446,24.041630560342615,18.027756377319946,11.40175425099138,14.212670403551895,22.847319317591726,30.083217912982647,28.160255680657446,19.235384061671343,10.0,11.40175425099138,20.248456731316587,26.476404589747453,30.14962686336267,790.5953452936591,731.464968402452,768.141263049968,635.4061693121968,85.00588214941364
