left_iris-362,left_iris-382,left_iris-381,left_iris-380,left_iris-374,left_iris-373,left_iris-390,left_iris-249,left_iris-263,left_iris-466,left_iris-388,left_iris-387,left_iris-386,left_iris-385,left_iris-384,left_iris-398,right_iris-133,right_iris-33,right_iris-7,right_iris-163,right_iris-144,right_iris-145,right_iris-153,right_iris-154,right_iris-155,right_iris-173,right_iris-157,right_iris-158,right_iris-159,right_iris-160,right_iris-161,right_iris-246,middle_left_right,center_edge_top_left,center_edge_top_right,center_edge_bottom_left,center_edge_bottom_right
37.656340767525464,33.734255586866,26.92582403567252,17.88854381999832,10.295630140987,10.0,15.231546211727817,20.396078054371138,25.019992006393608,22.0,17.11724276862369,10.770329614269007,5.0990195135927845,12.649110640673518,24.020824298928627,33.24154027718932,30.265491900843113,27.073972741361768,22.561028345356956,18.788294228055936,14.212670403551895,10.0,12.806248474865697,20.8806130178211,27.459060435491963,26.019223662515376,18.24828759089466,8.602325267042627,6.4031242374328485,14.317821063276353,20.024984394500787,24.020824298928627,802.9202949234749,716.017457887725,771.8037315276468,658.3167930411619,82.00609733428362
