left_iris-362,left_iris-382,left_iris-381,left_iris-380,left_iris-374,left_iris-373,left_iris-390,left_iris-249,left_iris-263,left_iris-466,left_iris-388,left_iris-387,left_iris-386,left_iris-385,left_iris-384,left_iris-398,right_iris-133,right_iris-33,right_iris-7,right_iris-163,right_iris-144,right_iris-145,right_iris-153,right_iris-154,right_iris-155,right_iris-173,right_iris-157,right_iris-158,right_iris-159,right_iris-160,right_iris-161,right_iris-246,middle_left_right,center_edge_top_left,center_edge_top_right,center_edge_bottom_left,center_edge_bottom_right
38.47076812334269,34.52535300326414,27.892651361962706,17.88854381999832,9.848857801796104,10.63014581273465,16.15549442140351,20.396078054371138,25.019992006393608,22.02271554554524,18.110770276274835,11.704699910719626,5.0990195135927845,12.649110640673518,24.08318915758459,33.13608305156178,28.284271247461902,28.071337695236398,24.515301344262525,20.248456731316587,15.0,9.219544457292887,12.041594578792296,19.6468827043885,25.317977802344327,25.0,17.46424919657298,8.48528137423857,7.0710678118654755,15.297058540778355,22.02271554554524,25.019992006393608,802.0355353723425,716.0733202682529,771.2074947768597,656.9330255056447,82.0
