left_iris-362,left_iris-382,left_iris-381,left_iris-380,left_iris-374,left_iris-373,left_iris-390,left_iris-249,left_iris-263,left_iris-466,left_iris-388,left_iris-387,left_iris-386,left_iris-385,left_iris-384,left_iris-398,right_iris-133,right_iris-33,right_iris-7,right_iris-163,right_iris-144,right_iris-145,right_iris-153,right_iris-154,right_iris-155,right_iris-173,right_iris-157,right_iris-158,right_iris-159,right_iris-160,right_iris-161,right_iris-246,middle_left_right,center_edge_top_left,center_edge_top_right,center_edge_bottom_left,center_edge_bottom_right
27.294688127912362,24.515301344262525,18.973665961010276,12.041594578792296,9.0,12.041594578792296,16.15549442140351,19.4164878389476,23.021728866442675,20.024984394500787,17.26267650163207,12.083045973594572,6.324555320336759,9.219544457292887,17.26267650163207,24.020824298928627,25.179356624028344,26.019223662515376,22.20360331117452,19.6468827043885,14.7648230602334,8.94427190999916,10.0,16.15549442140351,21.587033144922902,22.0,15.524174696260024,7.810249675906654,7.810249675906654,14.866068747318506,20.223748416156685,23.08679276123039,760.6635261401719,693.6202130849417,735.6011147354251,607.8725195302054,68.11754546370561
