left_iris-362,left_iris-382,left_iris-381,left_iris-380,left_iris-374,left_iris-373,left_iris-390,left_iris-249,left_iris-263,left_iris-466,left_iris-388,left_iris-387,left_iris-386,left_iris-385,left_iris-384,left_iris-398,right_iris-133,right_iris-33,right_iris-7,right_iris-163,right_iris-144,right_iris-145,right_iris-153,right_iris-154,right_iris-155,right_iris-173,right_iris-157,right_iris-158,right_iris-159,right_iris-160,right_iris-161,right_iris-246,middle_left_right,center_edge_top_left,center_edge_top_right,center_edge_bottom_left,center_edge_bottom_right
31.575306807693888,28.160255680657446,21.470910553583888,13.416407864998739,14.317821063276353,22.47220505424423,28.460498941515414,32.55764119219941,37.013511046643494,33.015148038438355,29.274562336608895,23.08679276123039,13.45362404707371,10.770329614269007,18.973665961010276,27.018512172212592,33.95585369269929,31.064449134018133,26.92582403567252,23.259406699226016,18.439088914585774,14.142135623730951,16.401219466856727,24.166091947189145,30.364452901377952,29.154759474226502,20.396078054371138,11.40175425099138,10.295630140987,18.384776310850235,24.186773244895647,28.0,649.359684612465,584.4381917705242,624.4741788096607,496.85812864438475,82.00609733428362
