left_iris-362,left_iris-382,left_iris-381,left_iris-380,left_iris-374,left_iris-373,left_iris-390,left_iris-249,left_iris-263,left_iris-466,left_iris-388,left_iris-387,left_iris-386,left_iris-385,left_iris-384,left_iris-398,right_iris-133,right_iris-33,right_iris-7,right_iris-163,right_iris-144,right_iris-145,right_iris-153,right_iris-154,right_iris-155,right_iris-173,right_iris-157,right_iris-158,right_iris-159,right_iris-160,right_iris-161,right_iris-246,middle_left_right,center_edge_top_left,center_edge_top_right,center_edge_bottom_left,center_edge_bottom_right
29.154759474226502,25.942243542145693,20.0,13.416407864998739,13.0,18.35755975068582,24.73863375370596,29.154759474226502,35.05709628591621,31.25699921617557,26.92582403567252,21.470910553583888,13.892443989449804,11.180339887498949,16.278820596099706,24.73863375370596,33.54101966249684,25.179356624028344,22.47220505424423,18.867962264113206,15.0,13.038404810405298,16.278820596099706,24.351591323771842,29.832867780352597,29.017236257093817,21.587033144922902,12.727922061357855,9.486832980505138,15.231546211727817,20.09975124224178,23.021728866442675,579.325469835394,538.5331930345612,561.6208685581404,421.921793701155,72.17340230306452
