left_iris-362,left_iris-382,left_iris-381,left_iris-380,left_iris-374,left_iris-373,left_iris-390,left_iris-249,left_iris-263,left_iris-466,left_iris-388,left_iris-387,left_iris-386,left_iris-385,left_iris-384,left_iris-398,right_iris-133,right_iris-33,right_iris-7,right_iris-163,right_iris-144,right_iris-145,right_iris-153,right_iris-154,right_iris-155,right_iris-173,right_iris-157,right_iris-158,right_iris-159,right_iris-160,right_iris-161,right_iris-246,middle_left_right,center_edge_top_left,center_edge_top_right,center_edge_bottom_left,center_edge_bottom_right
27.0,24.08318915758459,18.24828759089466,11.180339887498949,7.0710678118654755,11.40175425099138,16.55294535724685,20.8806130178211,24.331050121192877,21.095023109728988,17.0,11.40175425099138,5.0990195135927845,10.0,17.72004514666935,24.08318915758459,32.01562118716424,26.30589287593181,20.615528128088304,15.811388300841896,8.602325267042627,5.0,14.317821063276353,23.021728866442675,29.0,29.068883707497267,21.37755832643195,11.704699910719626,4.47213595499958,9.219544457292887,17.0,22.090722034374522,690.8226979478887,651.7177303096794,674.3411599479896,532.9502791067849,84.00595217006948
