left_iris-362,left_iris-382,left_iris-381,left_iris-380,left_iris-374,left_iris-373,left_iris-390,left_iris-249,left_iris-263,left_iris-466,left_iris-388,left_iris-387,left_iris-386,left_iris-385,left_iris-384,left_iris-398,right_iris-133,right_iris-33,right_iris-7,right_iris-163,right_iris-144,right_iris-145,right_iris-153,right_iris-154,right_iris-155,right_iris-173,right_iris-157,right_iris-158,right_iris-159,right_iris-160,right_iris-161,right_iris-246,middle_left_right,center_edge_top_left,center_edge_top_right,center_edge_bottom_left,center_edge_bottom_right
29.614185789921695,26.68332812825267,21.18962010041709,13.601470508735444,9.219544457292887,11.40175425099138,13.892443989449804,17.08800749063506,20.223748416156685,17.029386365926403,14.035668847618199,9.848857801796104,5.0,9.848857801796104,19.026297590440446,26.1725046566048,26.076809620810597,21.095023109728988,18.439088914585774,15.231546211727817,11.40175425099138,8.0,10.63014581273465,17.46424919657298,23.194827009486403,22.02271554554524,16.76305461424021,9.899494936611665,6.324555320336759,11.704699910719626,16.1245154965971,19.0,852.5942763120099,769.1664319248468,822.6888840868096,705.7031954015796,60.0
