left_iris-362,left_iris-382,left_iris-381,left_iris-380,left_iris-374,left_iris-373,left_iris-390,left_iris-249,left_iris-263,left_iris-466,left_iris-388,left_iris-387,left_iris-386,left_iris-385,left_iris-384,left_iris-398,right_iris-133,right_iris-33,right_iris-7,right_iris-163,right_iris-144,right_iris-145,right_iris-153,right_iris-154,right_iris-155,right_iris-173,right_iris-157,right_iris-158,right_iris-159,right_iris-160,right_iris-161,right_iris-246,middle_left_right,center_edge_top_left,center_edge_top_right,center_edge_bottom_left,center_edge_bottom_right
40.11234224026316,36.22154055254967,28.635642126552707,17.88854381999832,11.704699910719626,13.601470508735444,19.72308292331602,24.351591323771842,28.442925306655784,26.1725046566048,22.02271554554524,15.297058540778355,6.708203932499369,12.206555615733702,24.515301344262525,34.0,36.68787265568828,29.017236257093817,25.179356624028344,20.8806130178211,15.0,12.0,16.278820596099706,25.942243542145693,33.24154027718932,31.78049716414141,23.0,12.083045973594572,7.0710678118654755,14.7648230602334,21.587033144922902,26.1725046566048,695.330856499264,625.607704556138,669.1673931087796,544.0450349006045,80.50465825031493
