left_iris-362,left_iris-382,left_iris-381,left_iris-380,left_iris-374,left_iris-373,left_iris-390,left_iris-249,left_iris-263,left_iris-466,left_iris-388,left_iris-387,left_iris-386,left_iris-385,left_iris-384,left_iris-398,right_iris-133,right_iris-33,right_iris-7,right_iris-163,right_iris-144,right_iris-145,right_iris-153,right_iris-154,right_iris-155,right_iris-173,right_iris-157,right_iris-158,right_iris-159,right_iris-160,right_iris-161,right_iris-246,middle_left_right,center_edge_top_left,center_edge_top_right,center_edge_bottom_left,center_edge_bottom_right
32.14031735997639,29.274562336608895,24.515301344262525,17.0,11.661903789690601,10.44030650891055,12.041594578792296,15.231546211727817,17.11724276862369,15.0,13.152946437965905,9.433981132056603,7.0710678118654755,13.038404810405298,21.37755832643195,28.0,29.274562336608895,23.08679276123039,19.924858845171276,17.0,12.041594578792296,10.04987562112089,14.212670403551895,21.18962010041709,26.476404589747453,26.019223662515376,19.235384061671343,10.816653826391969,6.082762530298219,11.704699910719626,17.11724276862369,20.024984394500787,732.6069887736535,654.3034464222238,703.9268427897888,584.4766890133429,63.0317380372777
