left_iris-362,left_iris-382,left_iris-381,left_iris-380,left_iris-374,left_iris-373,left_iris-390,left_iris-249,left_iris-263,left_iris-466,left_iris-388,left_iris-387,left_iris-386,left_iris-385,left_iris-384,left_iris-398,right_iris-133,right_iris-33,right_iris-7,right_iris-163,right_iris-144,right_iris-145,right_iris-153,right_iris-154,right_iris-155,right_iris-173,right_iris-157,right_iris-158,right_iris-159,right_iris-160,right_iris-161,right_iris-246,middle_left_right,center_edge_top_left,center_edge_top_right,center_edge_bottom_left,center_edge_bottom_right
28.160255680657446,25.632011235952593,19.72308292331602,13.601470508735444,10.04987562112089,12.806248474865697,17.08800749063506,20.223748416156685,24.020824298928627,20.09975124224178,16.492422502470642,11.661903789690601,6.0,9.848857801796104,18.0,25.495097567963924,24.08318915758459,25.495097567963924,23.40939982143925,20.591260281974,17.029386365926403,11.704699910719626,10.816653826391969,15.231546211727817,20.396078054371138,21.02379604162864,14.866068747318506,7.211102550927978,7.810249675906654,14.317821063276353,20.0,23.194827009486403,783.0006385693437,709.429348138347,755.9695761073987,632.3685634185179,66.48308055437865
