left_iris-362,left_iris-382,left_iris-381,left_iris-380,left_iris-374,left_iris-373,left_iris-390,left_iris-249,left_iris-263,left_iris-466,left_iris-388,left_iris-387,left_iris-386,left_iris-385,left_iris-384,left_iris-398,right_iris-133,right_iris-33,right_iris-7,right_iris-163,right_iris-144,right_iris-145,right_iris-153,right_iris-154,right_iris-155,right_iris-173,right_iris-157,right_iris-158,right_iris-159,right_iris-160,right_iris-161,right_iris-246,middle_left_right,center_edge_top_left,center_edge_top_right,center_edge_bottom_left,center_edge_bottom_right
37.36308338453881,33.52610922848042,26.40075756488817,17.029386365926403,13.038404810405298,17.804493814764857,22.47220505424423,27.294688127912362,31.016124838541646,28.160255680657446,24.515301344262525,18.384776310850235,9.433981132056603,10.816653826391969,22.02271554554524,31.400636936215164,35.6931365951495,32.0,27.294688127912362,23.40939982143925,17.804493814764857,12.041594578792296,15.556349186104045,24.698178070456937,32.01562118716424,30.14962686336267,21.213203435596427,9.899494936611665,8.602325267042627,18.027756377319946,25.317977802344327,29.068883707497267,787.7474214492867,725.4970709796146,764.2944458780267,633.360876594063,85.00588214941364
