left_iris-362,left_iris-382,left_iris-381,left_iris-380,left_iris-374,left_iris-373,left_iris-390,left_iris-249,left_iris-263,left_iris-466,left_iris-388,left_iris-387,left_iris-386,left_iris-385,left_iris-384,left_iris-398,right_iris-133,right_iris-33,right_iris-7,right_iris-163,right_iris-144,right_iris-145,right_iris-153,right_iris-154,right_iris-155,right_iris-173,right_iris-157,right_iris-158,right_iris-159,right_iris-160,right_iris-161,right_iris-246,middle_left_right,center_edge_top_left,center_edge_top_right,center_edge_bottom_left,center_edge_bottom_right
32.57299494980466,30.083217912982647,22.825424421026653,15.264337522473747,12.649110640673518,18.027756377319946,23.769728648009426,28.071337695236398,33.24154027718932,29.614185789921695,27.202941017470888,21.095023109728988,13.416407864998739,12.206555615733702,19.4164878389476,27.459060435491963,32.55764119219941,27.073972741361768,24.041630560342615,20.591260281974,17.029386365926403,13.0,16.278820596099706,23.769728648009426,30.083217912982647,28.071337695236398,20.396078054371138,11.313708498984761,9.848857801796104,16.15549442140351,22.090722034374522,25.0,598.8589149374,554.3753241261736,580.1137819428185,441.8506535018365,73.06161783043132
