left_iris-362,left_iris-382,left_iris-381,left_iris-380,left_iris-374,left_iris-373,left_iris-390,left_iris-249,left_iris-263,left_iris-466,left_iris-388,left_iris-387,left_iris-386,left_iris-385,left_iris-384,left_iris-398,right_iris-133,right_iris-33,right_iris-7,right_iris-163,right_iris-144,right_iris-145,right_iris-153,right_iris-154,right_iris-155,right_iris-173,right_iris-157,right_iris-158,right_iris-159,right_iris-160,right_iris-161,right_iris-246,middle_left_right,center_edge_top_left,center_edge_top_right,center_edge_bottom_left,center_edge_bottom_right
40.11234224026316,36.22154055254967,28.635642126552707,18.788294228055936,10.295630140987,11.661903789690601,16.1245154965971,20.248456731316587,24.331050121192877,21.095023109728988,17.029386365926403,10.770329614269007,6.324555320336759,14.317821063276353,25.317977802344327,35.0,32.0624390837628,31.064449134018133,26.476404589747453,21.840329667841555,16.1245154965971,8.54400374531753,11.40175425099138,20.615528128088304,28.284271247461902,28.0178514522438,19.924858845171276,10.63014581273465,8.94427190999916,17.08800749063506,23.194827009486403,27.0,700.6083071160375,630.9928684224569,674.50129725598,549.228549877007,77.1621668954417
