left_iris-362,left_iris-382,left_iris-381,left_iris-380,left_iris-374,left_iris-373,left_iris-390,left_iris-249,left_iris-263,left_iris-466,left_iris-388,left_iris-387,left_iris-386,left_iris-385,left_iris-384,left_iris-398,right_iris-133,right_iris-33,right_iris-7,right_iris-163,right_iris-144,right_iris-145,right_iris-153,right_iris-154,right_iris-155,right_iris-173,right_iris-157,right_iris-158,right_iris-159,right_iris-160,right_iris-161,right_iris-246,middle_left_right,center_edge_top_left,center_edge_top_right,center_edge_bottom_left,center_edge_bottom_right
30.083217912982647,26.570660511172846,20.12461179749811,13.45362404707371,9.0,11.40175425099138,15.524174696260024,18.110770276274835,22.090722034374522,18.24828759089466,14.560219778561036,10.0,5.385164807134504,11.40175425099138,19.0,26.476404589747453,25.019992006393608,23.53720459187964,20.248456731316587,18.35755975068582,14.142135623730951,10.04987562112089,9.899494936611665,16.492422502470642,22.02271554554524,21.213203435596427,15.811388300841896,7.810249675906654,6.4031242374328485,12.165525060596439,18.027756377319946,21.213203435596427,777.4676842158779,701.3957513415661,749.6372456061665,627.8980809016699,65.76473218982953
