left_iris-362,left_iris-382,left_iris-381,left_iris-380,left_iris-374,left_iris-373,left_iris-390,left_iris-249,left_iris-263,left_iris-466,left_iris-388,left_iris-387,left_iris-386,left_iris-385,left_iris-384,left_iris-398,right_iris-133,right_iris-33,right_iris-7,right_iris-163,right_iris-144,right_iris-145,right_iris-153,right_iris-154,right_iris-155,right_iris-173,right_iris-157,right_iris-158,right_iris-159,right_iris-160,right_iris-161,right_iris-246,middle_left_right,center_edge_top_left,center_edge_top_right,center_edge_bottom_left,center_edge_bottom_right
31.400636936215164,27.65863337187866,21.18962010041709,13.601470508735444,9.055385138137417,12.041594578792296,17.46424919657298,21.840329667841555,25.179356624028344,21.02379604162864,17.029386365926403,10.44030650891055,3.0,10.44030650891055,20.024984394500787,27.073972741361768,28.0,21.587033144922902,18.384776310850235,14.422205101855956,10.0,7.615773105863909,13.416407864998739,19.235384061671343,25.019992006393608,25.079872407968907,18.681541692269406,10.816653826391969,5.0990195135927845,8.54400374531753,14.0,18.110770276274835,715.5731968149729,663.5849606493505,695.0863255740254,559.236086103177,78.31347265956222
