left_iris-362,left_iris-382,left_iris-381,left_iris-380,left_iris-374,left_iris-373,left_iris-390,left_iris-249,left_iris-263,left_iris-466,left_iris-388,left_iris-387,left_iris-386,left_iris-385,left_iris-384,left_iris-398,right_iris-133,right_iris-33,right_iris-7,right_iris-163,right_iris-144,right_iris-145,right_iris-153,right_iris-154,right_iris-155,right_iris-173,right_iris-157,right_iris-158,right_iris-159,right_iris-160,right_iris-161,right_iris-246,middle_left_right,center_edge_top_left,center_edge_top_right,center_edge_bottom_left,center_edge_bottom_right
32.38826948140329,28.635642126552707,21.840329667841555,13.601470508735444,9.0,13.45362404707371,18.788294228055936,22.135943621178654,25.317977802344327,23.08679276123039,19.0,13.601470508735444,6.708203932499369,10.0,20.223748416156685,28.0178514522438,27.65863337187866,27.073972741361768,22.561028345356956,18.973665961010276,13.601470508735444,9.055385138137417,11.313708498984761,19.313207915827967,25.0,24.08318915758459,17.26267650163207,9.899494936611665,8.06225774829855,14.866068747318506,20.09975124224178,24.0,737.767578577427,679.7801115066547,715.4725711024847,582.5813247950881,71.00704190430693
