left_iris-362,left_iris-382,left_iris-381,left_iris-380,left_iris-374,left_iris-373,left_iris-390,left_iris-249,left_iris-263,left_iris-466,left_iris-388,left_iris-387,left_iris-386,left_iris-385,left_iris-384,left_iris-398,right_iris-133,right_iris-33,right_iris-7,right_iris-163,right_iris-144,right_iris-145,right_iris-153,right_iris-154,right_iris-155,right_iris-173,right_iris-157,right_iris-158,right_iris-159,right_iris-160,right_iris-161,right_iris-246,middle_left_right,center_edge_top_left,center_edge_top_right,center_edge_bottom_left,center_edge_bottom_right
24.331050121192877,20.8806130178211,16.55294535724685,10.63014581273465,9.055385138137417,12.806248474865697,16.55294535724685,18.681541692269406,22.090722034374522,19.0,16.278820596099706,12.529964086141668,8.246211251235321,9.219544457292887,15.524174696260024,21.02379604162864,27.294688127912362,21.095023109728988,18.681541692269406,15.231546211727817,12.041594578792296,9.0,12.041594578792296,18.973665961010276,24.515301344262525,24.020824298928627,17.46424919657298,9.899494936611665,7.280109889280518,11.180339887498949,16.278820596099706,19.0,725.4825979994282,664.3982239590952,702.1573897638619,571.161098115059,56.0
