left_iris-362,left_iris-382,left_iris-381,left_iris-380,left_iris-374,left_iris-373,left_iris-390,left_iris-249,left_iris-263,left_iris-466,left_iris-388,left_iris-387,left_iris-386,left_iris-385,left_iris-384,left_iris-398,right_iris-133,right_iris-33,right_iris-7,right_iris-163,right_iris-144,right_iris-145,right_iris-153,right_iris-154,right_iris-155,right_iris-173,right_iris-157,right_iris-158,right_iris-159,right_iris-160,right_iris-161,right_iris-246,middle_left_right,center_edge_top_left,center_edge_top_right,center_edge_bottom_left,center_edge_bottom_right
27.459060435491963,24.73863375370596,20.248456731316587,14.142135623730951,11.045361017187261,13.45362404707371,17.0,20.8806130178211,24.08318915758459,22.0,19.1049731745428,13.92838827718412,8.06225774829855,9.219544457292887,16.278820596099706,23.08679276123039,30.4138126514911,25.0,21.37755832643195,17.08800749063506,12.041594578792296,9.219544457292887,14.422205101855956,21.840329667841555,27.459060435491963,26.076809620810597,18.24828759089466,10.0,7.615773105863909,13.92838827718412,19.235384061671343,23.021728866442675,747.0542149000968,669.5446213658952,718.672387113906,598.4062165452494,67.06713054842886
