left_iris-362,left_iris-382,left_iris-381,left_iris-380,left_iris-374,left_iris-373,left_iris-390,left_iris-249,left_iris-263,left_iris-466,left_iris-388,left_iris-387,left_iris-386,left_iris-385,left_iris-384,left_iris-398,right_iris-133,right_iris-33,right_iris-7,right_iris-163,right_iris-144,right_iris-145,right_iris-153,right_iris-154,right_iris-155,right_iris-173,right_iris-157,right_iris-158,right_iris-159,right_iris-160,right_iris-161,right_iris-246,middle_left_right,center_edge_top_left,center_edge_top_right,center_edge_bottom_left,center_edge_bottom_right
35.73513677041127,31.016124838541646,23.323807579381203,14.7648230602334,15.231546211727817,22.825424421026653,28.861739379323623,34.132096331752024,39.05124837953327,35.22782990761707,30.4138126514911,23.08679276123039,12.041594578792296,8.602325267042627,20.09975124224178,29.614185789921695,34.132096331752024,33.0,29.274562336608895,24.351591323771842,18.027756377319946,11.180339887498949,14.142135623730951,23.08679276123039,30.4138126514911,29.017236257093817,21.18962010041709,12.529964086141668,13.601470508735444,21.93171219946131,27.459060435491963,31.144823004794873,811.4832099310496,726.8459259017691,781.0921840602426,665.5862077897949,93.64827814754524
