left_iris-362,left_iris-382,left_iris-381,left_iris-380,left_iris-374,left_iris-373,left_iris-390,left_iris-249,left_iris-263,left_iris-466,left_iris-388,left_iris-387,left_iris-386,left_iris-385,left_iris-384,left_iris-398,right_iris-133,right_iris-33,right_iris-7,right_iris-163,right_iris-144,right_iris-145,right_iris-153,right_iris-154,right_iris-155,right_iris-173,right_iris-157,right_iris-158,right_iris-159,right_iris-160,right_iris-161,right_iris-246,middle_left_right,center_edge_top_left,center_edge_top_right,center_edge_bottom_left,center_edge_bottom_right
36.87817782917155,33.52610922848042,26.0,17.69180601295413,14.035668847618199,16.97056274847714,21.93171219946131,25.495097567963924,29.017236257093817,26.30589287593181,23.08679276123039,18.027756377319946,12.165525060596439,14.866068747318506,23.345235059857504,32.14031735997639,29.614185789921695,42.01190307520001,36.49657518178932,32.28002478313795,25.553864678361276,16.64331697709324,13.601470508735444,18.867962264113206,25.298221281347036,24.0,17.0,13.038404810405298,19.1049731745428,27.85677655436824,34.52535300326414,38.05259518088089,860.306921976105,791.8509960844906,835.1215480395654,707.3386741865596,93.34345183246653
