left_iris-362,left_iris-382,left_iris-381,left_iris-380,left_iris-374,left_iris-373,left_iris-390,left_iris-249,left_iris-263,left_iris-466,left_iris-388,left_iris-387,left_iris-386,left_iris-385,left_iris-384,left_iris-398,right_iris-133,right_iris-33,right_iris-7,right_iris-163,right_iris-144,right_iris-145,right_iris-153,right_iris-154,right_iris-155,right_iris-173,right_iris-157,right_iris-158,right_iris-159,right_iris-160,right_iris-161,right_iris-246,middle_left_right,center_edge_top_left,center_edge_top_right,center_edge_bottom_left,center_edge_bottom_right
25.179356624028344,22.02271554554524,17.0,11.40175425099138,6.708203932499369,8.94427190999916,12.727922061357855,15.264337522473747,18.384776310850235,16.492422502470642,13.152946437965905,9.219544457292887,6.324555320336759,9.219544457292887,16.15549442140351,21.587033144922902,22.847319317591726,21.213203435596427,18.027756377319946,15.033296378372908,11.704699910719626,6.708203932499369,9.433981132056603,15.0,20.591260281974,19.924858845171276,15.033296378372908,7.615773105863909,6.0,10.63014581273465,15.231546211727817,18.439088914585774,752.6008238103384,693.9077748519611,730.142451854431,597.5014644333519,61.40032573203501
