left_iris-362,left_iris-382,left_iris-381,left_iris-380,left_iris-374,left_iris-373,left_iris-390,left_iris-249,left_iris-263,left_iris-466,left_iris-388,left_iris-387,left_iris-386,left_iris-385,left_iris-384,left_iris-398,right_iris-133,right_iris-33,right_iris-7,right_iris-163,right_iris-144,right_iris-145,right_iris-153,right_iris-154,right_iris-155,right_iris-173,right_iris-157,right_iris-158,right_iris-159,right_iris-160,right_iris-161,right_iris-246,middle_left_right,center_edge_top_left,center_edge_top_right,center_edge_bottom_left,center_edge_bottom_right
24.020824298928627,22.0,17.029386365926403,9.848857801796104,5.0990195135927845,9.219544457292887,14.317821063276353,17.72004514666935,20.396078054371138,18.110770276274835,16.0312195418814,11.180339887498949,5.0,7.810249675906654,14.866068747318506,21.213203435596427,26.248809496813376,21.213203435596427,18.0,14.142135623730951,10.295630140987,7.0,11.313708498984761,18.788294228055936,23.40939982143925,22.561028345356956,17.029386365926403,8.246211251235321,4.0,10.295630140987,14.866068747318506,18.439088914585774,782.6749005813333,721.02704526252,759.3944956345154,628.1560315717744,61.66036003787198
