left_iris-362,left_iris-382,left_iris-381,left_iris-380,left_iris-374,left_iris-373,left_iris-390,left_iris-249,left_iris-263,left_iris-466,left_iris-388,left_iris-387,left_iris-386,left_iris-385,left_iris-384,left_iris-398,right_iris-133,right_iris-33,right_iris-7,right_iris-163,right_iris-144,right_iris-145,right_iris-153,right_iris-154,right_iris-155,right_iris-173,right_iris-157,right_iris-158,right_iris-159,right_iris-160,right_iris-161,right_iris-246,middle_left_right,center_edge_top_left,center_edge_top_right,center_edge_bottom_left,center_edge_bottom_right
33.06055050963308,29.154759474226502,20.615528128088304,10.63014581273465,12.041594578792296,23.40939982143925,31.575306807693888,38.2099463490856,43.01162633521314,40.01249804748511,35.12833614050059,27.459060435491963,14.7648230602334,7.280109889280518,18.027756377319946,28.071337695236398,43.56604182158393,29.017236257093817,23.53720459187964,18.788294228055936,12.806248474865697,13.0,21.095023109728988,32.28002478313795,39.81205847478876,39.11521443121589,29.154759474226502,17.46424919657298,9.486832980505138,12.806248474865697,19.4164878389476,25.019992006393608,631.9382881263011,591.731357965758,614.7731288857703,474.2847246117041,91.0494371207203
