left_iris-362,left_iris-382,left_iris-381,left_iris-380,left_iris-374,left_iris-373,left_iris-390,left_iris-249,left_iris-263,left_iris-466,left_iris-388,left_iris-387,left_iris-386,left_iris-385,left_iris-384,left_iris-398,right_iris-133,right_iris-33,right_iris-7,right_iris-163,right_iris-144,right_iris-145,right_iris-153,right_iris-154,right_iris-155,right_iris-173,right_iris-157,right_iris-158,right_iris-159,right_iris-160,right_iris-161,right_iris-246,middle_left_right,center_edge_top_left,center_edge_top_right,center_edge_bottom_left,center_edge_bottom_right
31.0,29.0,23.021728866442675,15.297058540778355,6.4031242374328485,7.810249675906654,14.866068747318506,21.840329667841555,28.442925306655784,23.345235059857504,17.26267650163207,9.055385138137417,1.4142135623730951,11.180339887498949,21.213203435596427,28.0178514522438,23.345235059857504,26.30589287593181,22.561028345356956,18.681541692269406,13.0,5.0,6.708203932499369,15.0,20.09975124224178,20.615528128088304,14.317821063276353,6.4031242374328485,5.656854249492381,13.152946437965905,19.0,23.08679276123039,615.9691550719078,568.3467251599151,596.3371529596324,459.36695571187965,81.15417426109393
