left_iris-362,left_iris-382,left_iris-381,left_iris-380,left_iris-374,left_iris-373,left_iris-390,left_iris-249,left_iris-263,left_iris-466,left_iris-388,left_iris-387,left_iris-386,left_iris-385,left_iris-384,left_iris-398,right_iris-133,right_iris-33,right_iris-7,right_iris-163,right_iris-144,right_iris-145,right_iris-153,right_iris-154,right_iris-155,right_iris-173,right_iris-157,right_iris-158,right_iris-159,right_iris-160,right_iris-161,right_iris-246,middle_left_right,center_edge_top_left,center_edge_top_right,center_edge_bottom_left,center_edge_bottom_right
27.018512172212592,24.020824298928627,18.110770276274835,10.770329614269007,6.082762530298219,9.433981132056603,14.866068747318506,18.439088914585774,22.02271554554524,19.0,14.142135623730951,8.54400374531753,4.123105625617661,9.848857801796104,18.24828759089466,24.08318915758459,29.017236257093817,26.30589287593181,22.80350850198276,18.384776310850235,12.206555615733702,7.0,11.661903789690601,19.235384061671343,26.019223662515376,26.1725046566048,18.681541692269406,10.0,6.082762530298219,11.704699910719626,18.027756377319946,22.090722034374522,761.6462433439818,712.604378319415,742.297110327125,604.6527929316129,79.1012010022604
