left_iris-362,left_iris-382,left_iris-381,left_iris-380,left_iris-374,left_iris-373,left_iris-390,left_iris-249,left_iris-263,left_iris-466,left_iris-388,left_iris-387,left_iris-386,left_iris-385,left_iris-384,left_iris-398,right_iris-133,right_iris-33,right_iris-7,right_iris-163,right_iris-144,right_iris-145,right_iris-153,right_iris-154,right_iris-155,right_iris-173,right_iris-157,right_iris-158,right_iris-159,right_iris-160,right_iris-161,right_iris-246,middle_left_right,center_edge_top_left,center_edge_top_right,center_edge_bottom_left,center_edge_bottom_right
34.058772731852805,30.265491900843113,23.769728648009426,15.264337522473747,10.198039027185569,14.212670403551895,18.35755975068582,22.47220505424423,26.30589287593181,23.08679276123039,20.024984394500787,13.92838827718412,8.246211251235321,12.041594578792296,21.587033144922902,30.01666203960727,31.78049716414141,35.12833614050059,31.016124838541646,26.1725046566048,19.924858845171276,11.40175425099138,11.661903789690601,20.12461179749811,28.160255680657446,28.160255680657446,19.1049731745428,8.48528137423857,10.63014581273465,20.615528128088304,27.65863337187866,32.2490309931942,703.9126366247448,645.6725176124503,681.3904901009406,548.9927139771529,78.63841300535
