left_iris-362,left_iris-382,left_iris-381,left_iris-380,left_iris-374,left_iris-373,left_iris-390,left_iris-249,left_iris-263,left_iris-466,left_iris-388,left_iris-387,left_iris-386,left_iris-385,left_iris-384,left_iris-398,right_iris-133,right_iris-33,right_iris-7,right_iris-163,right_iris-144,right_iris-145,right_iris-153,right_iris-154,right_iris-155,right_iris-173,right_iris-157,right_iris-158,right_iris-159,right_iris-160,right_iris-161,right_iris-246,middle_left_right,center_edge_top_left,center_edge_top_right,center_edge_bottom_left,center_edge_bottom_right
21.840329667841555,19.4164878389476,14.142135623730951,8.06225774829855,3.1622776601683795,8.48528137423857,13.038404810405298,15.652475842498529,18.384776310850235,16.15549442140351,13.601470508735444,8.06225774829855,2.8284271247461903,6.4031242374328485,14.317821063276353,18.973665961010276,21.540659228538015,16.278820596099706,13.038404810405298,10.04987562112089,6.708203932499369,5.0,9.219544457292887,14.7648230602334,19.697715603592208,19.924858845171276,14.317821063276353,8.0,2.8284271247461903,5.830951894845301,10.44030650891055,13.341664064126334,781.9443714229293,723.9730657973403,759.8269539836027,626.5277328259301,51.66236541235796
