left_iris-362,left_iris-382,left_iris-381,left_iris-380,left_iris-374,left_iris-373,left_iris-390,left_iris-249,left_iris-263,left_iris-466,left_iris-388,left_iris-387,left_iris-386,left_iris-385,left_iris-384,left_iris-398,right_iris-133,right_iris-33,right_iris-7,right_iris-163,right_iris-144,right_iris-145,right_iris-153,right_iris-154,right_iris-155,right_iris-173,right_iris-157,right_iris-158,right_iris-159,right_iris-160,right_iris-161,right_iris-246,middle_left_right,center_edge_top_left,center_edge_top_right,center_edge_bottom_left,center_edge_bottom_right
28.0178514522438,25.079872407968907,19.235384061671343,12.083045973594572,7.280109889280518,9.219544457292887,13.92838827718412,17.46424919657298,20.024984394500787,18.0,16.1245154965971,11.180339887498949,7.0710678118654755,10.63014581273465,17.72004514666935,24.020824298928627,24.515301344262525,21.095023109728988,18.110770276274835,15.524174696260024,11.661903789690601,8.06225774829855,10.63014581273465,17.08800749063506,21.840329667841555,22.090722034374522,15.297058540778355,9.219544457292887,7.280109889280518,13.038404810405298,16.76305461424021,19.235384061671343,747.8081304719815,688.4889251106367,725.1324017033028,592.8886910710982,58.008620049092706
