left_iris-362,left_iris-382,left_iris-381,left_iris-380,left_iris-374,left_iris-373,left_iris-390,left_iris-249,left_iris-263,left_iris-466,left_iris-388,left_iris-387,left_iris-386,left_iris-385,left_iris-384,left_iris-398,right_iris-133,right_iris-33,right_iris-7,right_iris-163,right_iris-144,right_iris-145,right_iris-153,right_iris-154,right_iris-155,right_iris-173,right_iris-157,right_iris-158,right_iris-159,right_iris-160,right_iris-161,right_iris-246,middle_left_right,center_edge_top_left,center_edge_top_right,center_edge_bottom_left,center_edge_bottom_right
26.1725046566048,24.331050121192877,18.439088914585774,11.661903789690601,7.0710678118654755,10.0,14.866068747318506,18.439088914585774,22.090722034374522,19.0,16.1245154965971,12.083045973594572,7.280109889280518,9.899494936611665,16.492422502470642,23.0,24.515301344262525,19.0,16.278820596099706,13.0,9.219544457292887,7.0,10.63014581273465,17.08800749063506,21.587033144922902,21.095023109728988,15.297058540778355,9.219544457292887,7.0710678118654755,10.816653826391969,14.560219778561036,17.11724276862369,713.3091896225648,638.7566046625271,685.7186011768968,563.7463968842728,58.008620049092706
