left_iris-362,left_iris-382,left_iris-381,left_iris-380,left_iris-374,left_iris-373,left_iris-390,left_iris-249,left_iris-263,left_iris-466,left_iris-388,left_iris-387,left_iris-386,left_iris-385,left_iris-384,left_iris-398,right_iris-133,right_iris-33,right_iris-7,right_iris-163,right_iris-144,right_iris-145,right_iris-153,right_iris-154,right_iris-155,right_iris-173,right_iris-157,right_iris-158,right_iris-159,right_iris-160,right_iris-161,right_iris-246,middle_left_right,center_edge_top_left,center_edge_top_right,center_edge_bottom_left,center_edge_bottom_right
31.400636936215164,27.892651361962706,21.540659228538015,14.866068747318506,10.198039027185569,12.041594578792296,15.652475842498529,17.72004514666935,21.02379604162864,18.027756377319946,15.297058540778355,10.816653826391969,8.0,12.206555615733702,20.223748416156685,27.073972741361768,27.294688127912362,27.018512172212592,24.515301344262525,20.8806130178211,16.1245154965971,11.180339887498949,10.816653826391969,16.55294535724685,22.561028345356956,23.0,16.492422502470642,9.219544457292887,8.94427190999916,15.231546211727817,21.213203435596427,24.020824298928627,825.1260509764553,757.4516486218773,800.0831206818451,672.1108539519355,64.00781202322104
