left_iris-362,left_iris-382,left_iris-381,left_iris-380,left_iris-374,left_iris-373,left_iris-390,left_iris-249,left_iris-263,left_iris-466,left_iris-388,left_iris-387,left_iris-386,left_iris-385,left_iris-384,left_iris-398,right_iris-133,right_iris-33,right_iris-7,right_iris-163,right_iris-144,right_iris-145,right_iris-153,right_iris-154,right_iris-155,right_iris-173,right_iris-157,right_iris-158,right_iris-159,right_iris-160,right_iris-161,right_iris-246,middle_left_right,center_edge_top_left,center_edge_top_right,center_edge_bottom_left,center_edge_bottom_right
27.294688127912362,23.53720459187964,16.15549442140351,8.94427190999916,11.40175425099138,19.313207915827967,25.495097567963924,29.274562336608895,34.0147027033899,30.01666203960727,26.076809620810597,19.6468827043885,10.0,6.708203932499369,15.524174696260024,23.0,33.0,28.071337695236398,23.345235059857504,18.681541692269406,12.529964086141668,6.0,12.083045973594572,22.090722034374522,29.017236257093817,29.068883707497267,21.37755832643195,10.770329614269007,4.123105625617661,12.36931687685298,19.026297590440446,24.0,692.0960915942236,619.1098448579218,664.9037524333879,542.1226798428562,79.1012010022604
