left_iris-362,left_iris-382,left_iris-381,left_iris-380,left_iris-374,left_iris-373,left_iris-390,left_iris-249,left_iris-263,left_iris-466,left_iris-388,left_iris-387,left_iris-386,left_iris-385,left_iris-384,left_iris-398,right_iris-133,right_iris-33,right_iris-7,right_iris-163,right_iris-144,right_iris-145,right_iris-153,right_iris-154,right_iris-155,right_iris-173,right_iris-157,right_iris-158,right_iris-159,right_iris-160,right_iris-161,right_iris-246,middle_left_right,center_edge_top_left,center_edge_top_right,center_edge_bottom_left,center_edge_bottom_right
24.08318915758459,21.213203435596427,16.76305461424021,11.40175425099138,8.0,11.313708498984761,14.7648230602334,18.027756377319946,20.396078054371138,18.110770276274835,16.0,11.180339887498949,5.830951894845301,7.0710678118654755,14.560219778561036,21.0,27.65863337187866,22.0,17.11724276862369,13.601470508735444,9.219544457292887,7.615773105863909,13.038404810405298,19.924858845171276,25.709920264364882,24.186773244895647,17.029386365926403,8.94427190999916,5.0990195135927845,10.770329614269007,16.278820596099706,19.026297590440446,760.5524308027685,690.4636123649095,734.5338657951721,608.8021024930844,56.32051136131489
