left_iris-362,left_iris-382,left_iris-381,left_iris-380,left_iris-374,left_iris-373,left_iris-390,left_iris-249,left_iris-263,left_iris-466,left_iris-388,left_iris-387,left_iris-386,left_iris-385,left_iris-384,left_iris-398,right_iris-133,right_iris-33,right_iris-7,right_iris-163,right_iris-144,right_iris-145,right_iris-153,right_iris-154,right_iris-155,right_iris-173,right_iris-157,right_iris-158,right_iris-159,right_iris-160,right_iris-161,right_iris-246,middle_left_right,center_edge_top_left,center_edge_top_right,center_edge_bottom_left,center_edge_bottom_right
30.265491900843113,26.476404589747453,19.924858845171276,12.806248474865697,9.0,12.041594578792296,16.15549442140351,19.6468827043885,23.08679276123039,20.024984394500787,17.029386365926403,11.40175425099138,5.0990195135927845,9.848857801796104,19.1049731745428,26.019223662515376,27.16615541441225,23.08679276123039,19.6468827043885,16.15549442140351,11.40175425099138,8.0,11.40175425099138,18.681541692269406,23.345235059857504,23.0,17.26267650163207,8.602325267042627,6.324555320336759,11.704699910719626,17.029386365926403,21.02379604162864,702.2884022963785,638.5209471896752,678.0184363275088,548.9162048983433,67.0
