left_iris-362,left_iris-382,left_iris-381,left_iris-380,left_iris-374,left_iris-373,left_iris-390,left_iris-249,left_iris-263,left_iris-466,left_iris-388,left_iris-387,left_iris-386,left_iris-385,left_iris-384,left_iris-398,right_iris-133,right_iris-33,right_iris-7,right_iris-163,right_iris-144,right_iris-145,right_iris-153,right_iris-154,right_iris-155,right_iris-173,right_iris-157,right_iris-158,right_iris-159,right_iris-160,right_iris-161,right_iris-246,middle_left_right,center_edge_top_left,center_edge_top_right,center_edge_bottom_left,center_edge_bottom_right
25.495097567963924,22.561028345356956,18.681541692269406,11.661903789690601,6.708203932499369,7.810249675906654,10.770329614269007,14.142135623730951,17.029386365926403,15.132745950421556,12.649110640673518,8.602325267042627,6.082762530298219,10.295630140987,17.11724276862369,22.090722034374522,22.20360331117452,19.1049731745428,16.76305461424021,14.317821063276353,10.63014581273465,8.0,9.899494936611665,15.811388300841896,19.4164878389476,19.026297590440446,13.341664064126334,7.0710678118654755,5.830951894845301,11.704699910719626,15.033296378372908,18.027756377319946,730.9733237266597,644.6099595879666,699.8014003987131,586.9599645631719,54.08326913195984
