left_iris-362,left_iris-382,left_iris-381,left_iris-380,left_iris-374,left_iris-373,left_iris-390,left_iris-249,left_iris-263,left_iris-466,left_iris-388,left_iris-387,left_iris-386,left_iris-385,left_iris-384,left_iris-398,right_iris-133,right_iris-33,right_iris-7,right_iris-163,right_iris-144,right_iris-145,right_iris-153,right_iris-154,right_iris-155,right_iris-173,right_iris-157,right_iris-158,right_iris-159,right_iris-160,right_iris-161,right_iris-246,middle_left_right,center_edge_top_left,center_edge_top_right,center_edge_bottom_left,center_edge_bottom_right
36.013886210738214,33.0,26.019223662515376,15.297058540778355,6.4031242374328485,8.602325267042627,15.811388300841896,21.587033144922902,27.294688127912362,23.194827009486403,17.029386365926403,9.055385138137417,3.1622776601683795,12.649110640673518,23.345235059857504,32.0624390837628,32.01562118716424,30.066592756745816,26.30589287593181,20.615528128088304,14.317821063276353,6.082762530298219,11.661903789690601,21.37755832643195,28.071337695236398,28.0178514522438,20.223748416156685,8.54400374531753,4.47213595499958,13.152946437965905,21.02379604162864,26.019223662515376,702.0840405535508,633.815430547411,676.4037255958899,550.2017811676004,82.09750300709517
