left_iris-362,left_iris-382,left_iris-381,left_iris-380,left_iris-374,left_iris-373,left_iris-390,left_iris-249,left_iris-263,left_iris-466,left_iris-388,left_iris-387,left_iris-386,left_iris-385,left_iris-384,left_iris-398,right_iris-133,right_iris-33,right_iris-7,right_iris-163,right_iris-144,right_iris-145,right_iris-153,right_iris-154,right_iris-155,right_iris-173,right_iris-157,right_iris-158,right_iris-159,right_iris-160,right_iris-161,right_iris-246,middle_left_right,center_edge_top_left,center_edge_top_right,center_edge_bottom_left,center_edge_bottom_right
24.331050121192877,21.587033144922902,16.15549442140351,10.63014581273465,8.246211251235321,13.038404810405298,18.027756377319946,21.587033144922902,25.079872407968907,22.02271554554524,18.027756377319946,12.36931687685298,5.0,7.211102550927978,15.033296378372908,21.095023109728988,27.073972741361768,21.213203435596427,17.72004514666935,14.317821063276353,10.63014581273465,8.06225774829855,12.206555615733702,18.681541692269406,24.331050121192877,24.0,17.26267650163207,9.433981132056603,5.0990195135927845,9.486832980505138,15.0,18.027756377319946,608.3978961173353,572.0559413204271,592.3242355332086,450.49750276777337,65.0
