left_iris-362,left_iris-382,left_iris-381,left_iris-380,left_iris-374,left_iris-373,left_iris-390,left_iris-249,left_iris-263,left_iris-466,left_iris-388,left_iris-387,left_iris-386,left_iris-385,left_iris-384,left_iris-398,right_iris-133,right_iris-33,right_iris-7,right_iris-163,right_iris-144,right_iris-145,right_iris-153,right_iris-154,right_iris-155,right_iris-173,right_iris-157,right_iris-158,right_iris-159,right_iris-160,right_iris-161,right_iris-246,middle_left_right,center_edge_top_left,center_edge_top_right,center_edge_bottom_left,center_edge_bottom_right
28.0178514522438,25.019992006393608,19.1049731745428,11.704699910719626,6.324555320336759,10.0,16.15549442140351,20.8806130178211,25.495097567963924,21.213203435596427,16.0312195418814,9.219544457292887,4.0,10.295630140987,18.681541692269406,25.179356624028344,27.073972741361768,25.96150997149434,21.18962010041709,17.46424919657298,10.816653826391969,5.0,9.486832980505138,18.027756377319946,24.020824298928627,23.194827009486403,16.492422502470642,7.615773105863909,2.8284271247461903,11.0,17.26267650163207,21.587033144922902,612.5234689381298,566.202260680757,593.2832375855565,455.7246975971348,79.05694150420949
