left_iris-362,left_iris-382,left_iris-381,left_iris-380,left_iris-374,left_iris-373,left_iris-390,left_iris-249,left_iris-263,left_iris-466,left_iris-388,left_iris-387,left_iris-386,left_iris-385,left_iris-384,left_iris-398,right_iris-133,right_iris-33,right_iris-7,right_iris-163,right_iris-144,right_iris-145,right_iris-153,right_iris-154,right_iris-155,right_iris-173,right_iris-157,right_iris-158,right_iris-159,right_iris-160,right_iris-161,right_iris-246,middle_left_right,center_edge_top_left,center_edge_top_right,center_edge_bottom_left,center_edge_bottom_right
40.26164427839479,36.40054944640259,29.732137494637012,20.0,13.341664064126334,14.866068747318506,20.615528128088304,24.331050121192877,29.068883707497267,27.16615541441225,23.345235059857504,16.15549442140351,7.615773105863909,12.083045973594572,25.0,34.52535300326414,31.575306807693888,35.014282800023196,29.274562336608895,24.041630560342615,17.4928556845359,10.198039027185569,13.45362404707371,21.840329667841555,28.635642126552707,27.018512172212592,18.439088914585774,8.94427190999916,12.041594578792296,20.8806130178211,27.16615541441225,31.064449134018133,805.990074380572,743.8548245457578,782.6365695519218,651.4752489542484,85.0
