left_iris-362,left_iris-382,left_iris-381,left_iris-380,left_iris-374,left_iris-373,left_iris-390,left_iris-249,left_iris-263,left_iris-466,left_iris-388,left_iris-387,left_iris-386,left_iris-385,left_iris-384,left_iris-398,right_iris-133,right_iris-33,right_iris-7,right_iris-163,right_iris-144,right_iris-145,right_iris-153,right_iris-154,right_iris-155,right_iris-173,right_iris-157,right_iris-158,right_iris-159,right_iris-160,right_iris-161,right_iris-246,middle_left_right,center_edge_top_left,center_edge_top_right,center_edge_bottom_left,center_edge_bottom_right
32.14031735997639,28.0178514522438,22.090722034374522,14.7648230602334,10.44030650891055,13.892443989449804,17.029386365926403,19.72308292331602,22.135943621178654,20.396078054371138,17.0,12.649110640673518,8.246211251235321,12.806248474865697,21.02379604162864,28.635642126552707,40.162171256046406,30.265491900843113,25.019992006393608,20.396078054371138,13.892443989449804,10.0,16.97056274847714,27.294688127912362,35.4682957019364,35.17101079013795,26.076809620810597,14.560219778561036,8.246211251235321,13.601470508735444,21.18962010041709,25.495097567963924,722.7703646387281,683.0790583819709,706.2556194466703,564.8867143065058,75.8946638440411
