left_iris-362,left_iris-382,left_iris-381,left_iris-380,left_iris-374,left_iris-373,left_iris-390,left_iris-249,left_iris-263,left_iris-466,left_iris-388,left_iris-387,left_iris-386,left_iris-385,left_iris-384,left_iris-398,right_iris-133,right_iris-33,right_iris-7,right_iris-163,right_iris-144,right_iris-145,right_iris-153,right_iris-154,right_iris-155,right_iris-173,right_iris-157,right_iris-158,right_iris-159,right_iris-160,right_iris-161,right_iris-246,middle_left_right,center_edge_top_left,center_edge_top_right,center_edge_bottom_left,center_edge_bottom_right
29.274562336608895,26.076809620810597,20.0,12.649110640673518,7.615773105863909,10.0,14.422205101855956,18.384776310850235,21.587033144922902,18.24828759089466,15.033296378372908,10.198039027185569,5.0990195135927845,10.0,19.313207915827967,25.709920264364882,29.120439557122072,28.160255680657446,24.020824298928627,19.4164878389476,14.7648230602334,9.486832980505138,12.206555615733702,19.235384061671343,25.632011235952593,25.317977802344327,18.027756377319946,10.0,7.0710678118654755,13.892443989449804,19.924858845171276,24.331050121192877,640.3077385132871,583.9469153955691,618.0566317094251,485.3802632987872,70.09279563550022
