left_iris-362,left_iris-382,left_iris-381,left_iris-380,left_iris-374,left_iris-373,left_iris-390,left_iris-249,left_iris-263,left_iris-466,left_iris-388,left_iris-387,left_iris-386,left_iris-385,left_iris-384,left_iris-398,right_iris-133,right_iris-33,right_iris-7,right_iris-163,right_iris-144,right_iris-145,right_iris-153,right_iris-154,right_iris-155,right_iris-173,right_iris-157,right_iris-158,right_iris-159,right_iris-160,right_iris-161,right_iris-246,middle_left_right,center_edge_top_left,center_edge_top_right,center_edge_bottom_left,center_edge_bottom_right
31.575306807693888,27.892651361962706,20.615528128088304,13.038404810405298,13.0,20.248456731316587,25.298221281347036,29.614185789921695,34.058772731852805,31.016124838541646,27.16615541441225,20.8806130178211,12.041594578792296,9.848857801796104,17.72004514666935,26.019223662515376,34.92849839314596,31.064449134018133,27.892651361962706,23.769728648009426,19.209372712298546,13.341664064126334,16.401219466856727,24.166091947189145,31.32091952673165,30.14962686336267,20.396078054371138,10.63014581273465,10.816653826391969,19.313207915827967,25.179356624028344,28.0,639.1752498337213,576.4937120212154,614.9349559099727,486.0504089083765,79.00632886041473
