left_iris-362,left_iris-382,left_iris-381,left_iris-380,left_iris-374,left_iris-373,left_iris-390,left_iris-249,left_iris-263,left_iris-466,left_iris-388,left_iris-387,left_iris-386,left_iris-385,left_iris-384,left_iris-398,right_iris-133,right_iris-33,right_iris-7,right_iris-163,right_iris-144,right_iris-145,right_iris-153,right_iris-154,right_iris-155,right_iris-173,right_iris-157,right_iris-158,right_iris-159,right_iris-160,right_iris-161,right_iris-246,middle_left_right,center_edge_top_left,center_edge_top_right,center_edge_bottom_left,center_edge_bottom_right
34.36568055487916,30.59411708155671,24.041630560342615,14.866068747318506,11.0,15.0,20.248456731316587,24.331050121192877,29.017236257093817,26.076809620810597,22.360679774997898,16.15549442140351,7.615773105863909,11.40175425099138,21.213203435596427,30.066592756745816,30.265491900843113,33.06055050963308,28.442925306655784,24.041630560342615,18.35755975068582,11.180339887498949,11.40175425099138,19.924858845171276,26.476404589747453,26.019223662515376,17.46424919657298,7.810249675906654,9.219544457292887,19.4164878389476,26.019223662515376,30.01666203960727,723.0283535242584,637.9420036335591,692.2210629560473,578.4202624389986,80.05623023850174
