left_iris-362,left_iris-382,left_iris-381,left_iris-380,left_iris-374,left_iris-373,left_iris-390,left_iris-249,left_iris-263,left_iris-466,left_iris-388,left_iris-387,left_iris-386,left_iris-385,left_iris-384,left_iris-398,right_iris-133,right_iris-33,right_iris-7,right_iris-163,right_iris-144,right_iris-145,right_iris-153,right_iris-154,right_iris-155,right_iris-173,right_iris-157,right_iris-158,right_iris-159,right_iris-160,right_iris-161,right_iris-246,middle_left_right,center_edge_top_left,center_edge_top_right,center_edge_bottom_left,center_edge_bottom_right
28.160255680657446,24.698178070456937,18.35755975068582,12.206555615733702,10.44030650891055,14.422205101855956,17.72004514666935,21.213203435596427,24.020824298928627,21.095023109728988,17.46424919657298,12.083045973594572,5.0990195135927845,8.94427190999916,17.0,24.331050121192877,26.0,23.53720459187964,20.248456731316587,18.35755975068582,14.142135623730951,10.04987562112089,11.313708498984761,17.72004514666935,23.194827009486403,23.08679276123039,16.76305461424021,9.219544457292887,6.324555320336759,12.36931687685298,17.0,20.09975124224178,781.9680300370342,707.4418704034982,754.6350111146447,631.7230405802846,65.37583651472461
