left_iris-362,left_iris-382,left_iris-381,left_iris-380,left_iris-374,left_iris-373,left_iris-390,left_iris-249,left_iris-263,left_iris-466,left_iris-388,left_iris-387,left_iris-386,left_iris-385,left_iris-384,left_iris-398,right_iris-133,right_iris-33,right_iris-7,right_iris-163,right_iris-144,right_iris-145,right_iris-153,right_iris-154,right_iris-155,right_iris-173,right_iris-157,right_iris-158,right_iris-159,right_iris-160,right_iris-161,right_iris-246,middle_left_right,center_edge_top_left,center_edge_top_right,center_edge_bottom_left,center_edge_bottom_right
30.4138126514911,26.68332812825267,20.248456731316587,13.45362404707371,10.0,14.142135623730951,17.0,19.924858845171276,22.20360331117452,20.024984394500787,17.029386365926403,11.40175425099138,5.0990195135927845,10.295630140987,19.1049731745428,26.076809620810597,27.294688127912362,25.179356624028344,21.587033144922902,17.46424919657298,13.45362404707371,9.055385138137417,11.313708498984761,18.027756377319946,23.53720459187964,24.020824298928627,17.26267650163207,9.219544457292887,6.708203932499369,12.649110640673518,18.027756377319946,22.02271554554524,723.8673911705099,662.18124407144,700.3456289575884,569.7227395847914,66.0
