left_iris-362,left_iris-382,left_iris-381,left_iris-380,left_iris-374,left_iris-373,left_iris-390,left_iris-249,left_iris-263,left_iris-466,left_iris-388,left_iris-387,left_iris-386,left_iris-385,left_iris-384,left_iris-398,right_iris-133,right_iris-33,right_iris-7,right_iris-163,right_iris-144,right_iris-145,right_iris-153,right_iris-154,right_iris-155,right_iris-173,right_iris-157,right_iris-158,right_iris-159,right_iris-160,right_iris-161,right_iris-246,middle_left_right,center_edge_top_left,center_edge_top_right,center_edge_bottom_left,center_edge_bottom_right
39.45883931389772,35.90264614203248,28.460498941515414,18.439088914585774,14.035668847618199,16.97056274847714,21.93171219946131,26.476404589747453,31.0,28.0178514522438,23.194827009486403,17.08800749063506,8.54400374531753,12.206555615733702,24.331050121192877,34.058772731852805,33.95585369269929,37.05401462729781,32.2490309931942,28.160255680657446,22.47220505424423,15.231546211727817,15.264337522473747,23.259406699226016,30.364452901377952,29.154759474226502,19.4164878389476,8.94427190999916,13.45362404707371,24.041630560342615,30.4138126514911,34.132096331752024,698.8054092521036,625.16317869817,671.4380090522133,549.0255003185189,80.00624975587844
