left_iris-362,left_iris-382,left_iris-381,left_iris-380,left_iris-374,left_iris-373,left_iris-390,left_iris-249,left_iris-263,left_iris-466,left_iris-388,left_iris-387,left_iris-386,left_iris-385,left_iris-384,left_iris-398,right_iris-133,right_iris-33,right_iris-7,right_iris-163,right_iris-144,right_iris-145,right_iris-153,right_iris-154,right_iris-155,right_iris-173,right_iris-157,right_iris-158,right_iris-159,right_iris-160,right_iris-161,right_iris-246,middle_left_right,center_edge_top_left,center_edge_top_right,center_edge_bottom_left,center_edge_bottom_right
23.345235059857504,20.8806130178211,15.652475842498529,10.0,9.219544457292887,12.806248474865697,16.55294535724685,19.6468827043885,23.08679276123039,20.0,17.11724276862369,11.704699910719626,6.708203932499369,8.48528137423857,14.317821063276353,20.024984394500787,25.079872407968907,19.235384061671343,17.08800749063506,13.892443989449804,10.63014581273465,8.06225774829855,11.40175425099138,17.46424919657298,22.20360331117452,22.02271554554524,16.492422502470642,8.602325267042627,5.0990195135927845,9.486832980505138,14.0,17.11724276862369,697.0007173597456,634.3579431204437,673.0601756158211,543.3323108374836,58.077534382926416
