left_iris-362,left_iris-382,left_iris-381,left_iris-380,left_iris-374,left_iris-373,left_iris-390,left_iris-249,left_iris-263,left_iris-466,left_iris-388,left_iris-387,left_iris-386,left_iris-385,left_iris-384,left_iris-398,right_iris-133,right_iris-33,right_iris-7,right_iris-163,right_iris-144,right_iris-145,right_iris-153,right_iris-154,right_iris-155,right_iris-173,right_iris-157,right_iris-158,right_iris-159,right_iris-160,right_iris-161,right_iris-246,middle_left_right,center_edge_top_left,center_edge_top_right,center_edge_bottom_left,center_edge_bottom_right
30.066592756745816,26.1725046566048,20.396078054371138,12.206555615733702,8.0,11.40175425099138,16.15549442140351,20.396078054371138,24.08318915758459,21.0,17.029386365926403,11.40175425099138,5.385164807134504,9.433981132056603,19.4164878389476,26.019223662515376,28.442925306655784,30.01666203960727,25.317977802344327,21.840329667841555,16.1245154965971,10.770329614269007,11.40175425099138,18.384776310850235,24.73863375370596,24.08318915758459,17.11724276862369,7.810249675906654,7.211102550927978,15.524174696260024,22.090722034374522,26.019223662515376,697.0975541486284,659.7310057894808,681.2084849735799,539.1150155579048,72.11102550927978
