left_iris-362,left_iris-382,left_iris-381,left_iris-380,left_iris-374,left_iris-373,left_iris-390,left_iris-249,left_iris-263,left_iris-466,left_iris-388,left_iris-387,left_iris-386,left_iris-385,left_iris-384,left_iris-398,right_iris-133,right_iris-33,right_iris-7,right_iris-163,right_iris-144,right_iris-145,right_iris-153,right_iris-154,right_iris-155,right_iris-173,right_iris-157,right_iris-158,right_iris-159,right_iris-160,right_iris-161,right_iris-246,middle_left_right,center_edge_top_left,center_edge_top_right,center_edge_bottom_left,center_edge_bottom_right
31.622776601683793,27.85677655436824,21.95449840010015,13.601470508735444,11.40175425099138,15.264337522473747,20.396078054371138,24.020824298928627,27.294688127912362,24.515301344262525,21.18962010041709,16.64331697709324,9.486832980505138,10.63014581273465,19.026297590440446,26.476404589747453,33.06055050963308,27.294688127912362,23.40939982143925,20.248456731316587,15.0,12.165525060596439,15.811388300841896,23.53720459187964,30.14962686336267,29.068883707497267,21.18962010041709,11.40175425099138,9.848857801796104,16.15549442140351,22.090722034374522,25.079872407968907,651.6939465730827,609.5941272682998,634.0386423554955,494.17102302745354,74.54528824815154
