left_iris-362,left_iris-382,left_iris-381,left_iris-380,left_iris-374,left_iris-373,left_iris-390,left_iris-249,left_iris-263,left_iris-466,left_iris-388,left_iris-387,left_iris-386,left_iris-385,left_iris-384,left_iris-398,right_iris-133,right_iris-33,right_iris-7,right_iris-163,right_iris-144,right_iris-145,right_iris-153,right_iris-154,right_iris-155,right_iris-173,right_iris-157,right_iris-158,right_iris-159,right_iris-160,right_iris-161,right_iris-246,middle_left_right,center_edge_top_left,center_edge_top_right,center_edge_bottom_left,center_edge_bottom_right
32.01562118716424,28.635642126552707,23.345235059857504,15.0,6.708203932499369,6.4031242374328485,11.180339887498949,15.524174696260024,20.09975124224178,17.029386365926403,13.0,7.280109889280518,4.47213595499958,13.038404810405298,22.47220505424423,29.120439557122072,28.442925306655784,28.0178514522438,23.08679276123039,18.439088914585774,12.529964086141668,8.06225774829855,12.041594578792296,19.924858845171276,25.495097567963924,25.079872407968907,18.027756377319946,7.615773105863909,4.242640687119285,13.341664064126334,20.09975124224178,24.08318915758459,750.0566645260876,682.8506425273392,724.9034418458779,597.3985269483011,73.16419889536138
