left_iris-362,left_iris-382,left_iris-381,left_iris-380,left_iris-374,left_iris-373,left_iris-390,left_iris-249,left_iris-263,left_iris-466,left_iris-388,left_iris-387,left_iris-386,left_iris-385,left_iris-384,left_iris-398,right_iris-133,right_iris-33,right_iris-7,right_iris-163,right_iris-144,right_iris-145,right_iris-153,right_iris-154,right_iris-155,right_iris-173,right_iris-157,right_iris-158,right_iris-159,right_iris-160,right_iris-161,right_iris-246,middle_left_right,center_edge_top_left,center_edge_top_right,center_edge_bottom_left,center_edge_bottom_right
26.30589287593181,22.561028345356956,17.08800749063506,10.63014581273465,8.54400374531753,13.892443989449804,18.681541692269406,22.20360331117452,26.019223662515376,23.021728866442675,19.235384061671343,13.0,6.708203932499369,8.602325267042627,16.278820596099706,23.021728866442675,29.017236257093817,22.561028345356956,20.248456731316587,17.0,12.727922061357855,9.0,12.206555615733702,19.6468827043885,25.179356624028344,25.079872407968907,18.439088914585774,9.433981132056603,5.0990195135927845,11.40175425099138,16.0312195418814,20.223748416156685,621.5536984042488,551.7508495688974,595.0033613350432,471.19953310672963,63.198101237299845
