left_iris-362,left_iris-382,left_iris-381,left_iris-380,left_iris-374,left_iris-373,left_iris-390,left_iris-249,left_iris-263,left_iris-466,left_iris-388,left_iris-387,left_iris-386,left_iris-385,left_iris-384,left_iris-398,right_iris-133,right_iris-33,right_iris-7,right_iris-163,right_iris-144,right_iris-145,right_iris-153,right_iris-154,right_iris-155,right_iris-173,right_iris-157,right_iris-158,right_iris-159,right_iris-160,right_iris-161,right_iris-246,middle_left_right,center_edge_top_left,center_edge_top_right,center_edge_bottom_left,center_edge_bottom_right
21.02379604162864,19.1049731745428,14.317821063276353,8.94427190999916,5.0,8.602325267042627,13.0,15.524174696260024,19.235384061671343,17.029386365926403,14.0,9.486832980505138,5.385164807134504,7.0710678118654755,13.341664064126334,19.026297590440446,23.194827009486403,15.0,12.165525060596439,9.486832980505138,6.4031242374328485,5.385164807134504,10.295630140987,16.492422502470642,21.37755832643195,21.02379604162864,15.132745950421556,8.54400374531753,4.123105625617661,6.708203932499369,10.198039027185569,13.038404810405298,746.2392377783415,685.9103439954816,723.2378585223536,591.5851587049831,55.08175741568164
