left_iris-362,left_iris-382,left_iris-381,left_iris-380,left_iris-374,left_iris-373,left_iris-390,left_iris-249,left_iris-263,left_iris-466,left_iris-388,left_iris-387,left_iris-386,left_iris-385,left_iris-384,left_iris-398,right_iris-133,right_iris-33,right_iris-7,right_iris-163,right_iris-144,right_iris-145,right_iris-153,right_iris-154,right_iris-155,right_iris-173,right_iris-157,right_iris-158,right_iris-159,right_iris-160,right_iris-161,right_iris-246,middle_left_right,center_edge_top_left,center_edge_top_right,center_edge_bottom_left,center_edge_bottom_right
37.48332962798263,33.734255586866,27.202941017470888,18.439088914585774,13.038404810405298,16.97056274847714,21.93171219946131,25.495097567963924,30.01666203960727,28.071337695236398,24.331050121192877,18.384776310850235,9.433981132056603,12.041594578792296,22.561028345356956,32.01562118716424,33.95585369269929,39.05124837953327,34.132096331752024,28.861739379323623,21.95449840010015,14.317821063276353,14.422205101855956,23.259406699226016,30.364452901377952,28.160255680657446,18.439088914585774,9.848857801796104,14.866068747318506,25.298221281347036,31.575306807693888,36.22154055254967,709.7443201604364,638.3079194244734,683.1083369422452,558.9606426216429,82.00609733428362
