left_iris-362,left_iris-382,left_iris-381,left_iris-380,left_iris-374,left_iris-373,left_iris-390,left_iris-249,left_iris-263,left_iris-466,left_iris-388,left_iris-387,left_iris-386,left_iris-385,left_iris-384,left_iris-398,right_iris-133,right_iris-33,right_iris-7,right_iris-163,right_iris-144,right_iris-145,right_iris-153,right_iris-154,right_iris-155,right_iris-173,right_iris-157,right_iris-158,right_iris-159,right_iris-160,right_iris-161,right_iris-246,middle_left_right,center_edge_top_left,center_edge_top_right,center_edge_bottom_left,center_edge_bottom_right
32.38826948140329,29.614185789921695,23.08679276123039,14.212670403551895,9.0,13.601470508735444,19.924858845171276,25.179356624028344,31.0,27.073972741361768,23.345235059857504,17.08800749063506,9.433981132056603,10.63014581273465,19.4164878389476,28.0178514522438,33.54101966249684,33.015148038438355,28.442925306655784,23.40939982143925,17.804493814764857,12.041594578792296,15.556349186104045,23.40939982143925,30.805843601498726,29.068883707497267,20.396078054371138,9.899494936611665,9.219544457292887,18.681541692269406,25.079872407968907,30.0,752.7575971054692,682.3078484086197,726.5975502298367,601.2021290714131,85.0235261559999
