left_iris-362,left_iris-382,left_iris-381,left_iris-380,left_iris-374,left_iris-373,left_iris-390,left_iris-249,left_iris-263,left_iris-466,left_iris-388,left_iris-387,left_iris-386,left_iris-385,left_iris-384,left_iris-398,right_iris-133,right_iris-33,right_iris-7,right_iris-163,right_iris-144,right_iris-145,right_iris-153,right_iris-154,right_iris-155,right_iris-173,right_iris-157,right_iris-158,right_iris-159,right_iris-160,right_iris-161,right_iris-246,middle_left_right,center_edge_top_left,center_edge_top_right,center_edge_bottom_left,center_edge_bottom_right
42.2965719651132,37.48332962798263,29.832867780352597,19.72308292331602,11.40175425099138,14.142135623730951,20.615528128088304,25.709920264364882,30.14962686336267,27.0,22.090722034374522,14.866068747318506,7.0710678118654755,14.317821063276353,27.16615541441225,37.013511046643494,34.713109915419565,39.11521443121589,33.54101966249684,28.861739379323623,21.02379604162864,11.180339887498949,12.806248474865697,22.847319317591726,30.083217912982647,29.068883707497267,20.223748416156685,9.219544457292887,10.63014581273465,21.840329667841555,30.066592756745816,35.014282800023196,643.6342128880348,603.212234623934,626.4702706433882,485.96810594935135,94.00531899844816
