left_iris-362,left_iris-382,left_iris-381,left_iris-380,left_iris-374,left_iris-373,left_iris-390,left_iris-249,left_iris-263,left_iris-466,left_iris-388,left_iris-387,left_iris-386,left_iris-385,left_iris-384,left_iris-398,right_iris-133,right_iris-33,right_iris-7,right_iris-163,right_iris-144,right_iris-145,right_iris-153,right_iris-154,right_iris-155,right_iris-173,right_iris-157,right_iris-158,right_iris-159,right_iris-160,right_iris-161,right_iris-246,middle_left_right,center_edge_top_left,center_edge_top_right,center_edge_bottom_left,center_edge_bottom_right
30.0,26.019223662515376,20.09975124224178,11.40175425099138,5.385164807134504,10.295630140987,16.76305461424021,22.561028345356956,27.294688127912362,23.08679276123039,18.0,11.180339887498949,4.0,10.295630140987,19.4164878389476,26.076809620810597,27.0,26.92582403567252,23.40939982143925,18.788294228055936,12.806248474865697,7.0710678118654755,10.295630140987,18.24828759089466,24.020824298928627,23.08679276123039,16.492422502470642,7.211102550927978,4.242640687119285,12.0,19.235384061671343,23.53720459187964,632.8641244374656,592.7200013497098,615.7247761784481,475.2020622850873,83.09632964216891
