left_iris-362,left_iris-382,left_iris-381,left_iris-380,left_iris-374,left_iris-373,left_iris-390,left_iris-249,left_iris-263,left_iris-466,left_iris-388,left_iris-387,left_iris-386,left_iris-385,left_iris-384,left_iris-398,right_iris-133,right_iris-33,right_iris-7,right_iris-163,right_iris-144,right_iris-145,right_iris-153,right_iris-154,right_iris-155,right_iris-173,right_iris-157,right_iris-158,right_iris-159,right_iris-160,right_iris-161,right_iris-246,middle_left_right,center_edge_top_left,center_edge_top_right,center_edge_bottom_left,center_edge_bottom_right
29.068883707497267,25.317977802344327,18.681541692269406,11.40175425099138,8.246211251235321,12.529964086141668,18.681541692269406,22.20360331117452,26.019223662515376,23.021728866442675,19.235384061671343,13.92838827718412,7.615773105863909,9.899494936611665,18.681541692269406,25.019992006393608,30.01666203960727,28.0178514522438,24.331050121192877,19.6468827043885,13.892443989449804,8.246211251235321,11.40175425099138,19.4164878389476,26.076809620810597,27.073972741361768,19.6468827043885,10.0,6.324555320336759,13.601470508735444,20.09975124224178,24.0,691.4405252803743,621.5223246191564,665.1992182797571,540.2684517904039,73.02739212103907
