left_iris-362,left_iris-382,left_iris-381,left_iris-380,left_iris-374,left_iris-373,left_iris-390,left_iris-249,left_iris-263,left_iris-466,left_iris-388,left_iris-387,left_iris-386,left_iris-385,left_iris-384,left_iris-398,right_iris-133,right_iris-33,right_iris-7,right_iris-163,right_iris-144,right_iris-145,right_iris-153,right_iris-154,right_iris-155,right_iris-173,right_iris-157,right_iris-158,right_iris-159,right_iris-160,right_iris-161,right_iris-246,middle_left_right,center_edge_top_left,center_edge_top_right,center_edge_bottom_left,center_edge_bottom_right
32.38826948140329,28.635642126552707,21.540659228538015,13.601470508735444,12.649110640673518,20.0,27.313000567495326,32.28002478313795,36.345563690772494,33.13608305156178,29.0,21.37755832643195,12.041594578792296,8.94427190999916,17.72004514666935,27.018512172212592,29.410882339705484,25.079872407968907,22.090722034374522,18.681541692269406,13.601470508735444,10.198039027185569,12.806248474865697,20.591260281974,26.0,25.709920264364882,18.0,10.295630140987,7.0710678118654755,13.892443989449804,19.6468827043885,23.194827009486403,651.8688518406137,588.500637212909,627.4814738301044,498.831634923047,81.30190649671138
