left_iris-362,left_iris-382,left_iris-381,left_iris-380,left_iris-374,left_iris-373,left_iris-390,left_iris-249,left_iris-263,left_iris-466,left_iris-388,left_iris-387,left_iris-386,left_iris-385,left_iris-384,left_iris-398,right_iris-133,right_iris-33,right_iris-7,right_iris-163,right_iris-144,right_iris-145,right_iris-153,right_iris-154,right_iris-155,right_iris-173,right_iris-157,right_iris-158,right_iris-159,right_iris-160,right_iris-161,right_iris-246,middle_left_right,center_edge_top_left,center_edge_top_right,center_edge_bottom_left,center_edge_bottom_right
28.442925306655784,25.709920264364882,19.313207915827967,12.041594578792296,9.219544457292887,13.601470508735444,18.027756377319946,21.37755832643195,25.019992006393608,22.0,19.1049731745428,13.601470508735444,5.830951894845301,8.602325267042627,18.110770276274835,25.079872407968907,34.52535300326414,26.019223662515376,21.213203435596427,17.72004514666935,12.206555615733702,9.055385138137417,14.422205101855956,23.08679276123039,30.805843601498726,30.14962686336267,22.02271554554524,11.704699910719626,5.0,11.704699910719626,18.110770276274835,22.02271554554524,706.1572062933295,653.6497533082988,685.4618880725609,549.9618168564068,73.00684899377592
