left_iris-362,left_iris-382,left_iris-381,left_iris-380,left_iris-374,left_iris-373,left_iris-390,left_iris-249,left_iris-263,left_iris-466,left_iris-388,left_iris-387,left_iris-386,left_iris-385,left_iris-384,left_iris-398,right_iris-133,right_iris-33,right_iris-7,right_iris-163,right_iris-144,right_iris-145,right_iris-153,right_iris-154,right_iris-155,right_iris-173,right_iris-157,right_iris-158,right_iris-159,right_iris-160,right_iris-161,right_iris-246,middle_left_right,center_edge_top_left,center_edge_top_right,center_edge_bottom_left,center_edge_bottom_right
30.01666203960727,26.076809620810597,20.223748416156685,11.704699910719626,5.0990195135927845,10.816653826391969,18.027756377319946,23.769728648009426,29.427877939124322,24.08318915758459,19.0,11.40175425099138,5.0,10.295630140987,19.4164878389476,27.018512172212592,23.194827009486403,25.96150997149434,22.135943621178654,18.027756377319946,12.529964086141668,5.385164807134504,7.615773105863909,15.0,20.024984394500787,20.396078054371138,14.560219778561036,5.830951894845301,3.605551275463989,12.041594578792296,18.24828759089466,22.561028345356956,613.2030658762234,570.6294769813421,595.162162775827,455.8705956738162,83.09632964216891
