left_iris-362,left_iris-382,left_iris-381,left_iris-380,left_iris-374,left_iris-373,left_iris-390,left_iris-249,left_iris-263,left_iris-466,left_iris-388,left_iris-387,left_iris-386,left_iris-385,left_iris-384,left_iris-398,right_iris-133,right_iris-33,right_iris-7,right_iris-163,right_iris-144,right_iris-145,right_iris-153,right_iris-154,right_iris-155,right_iris-173,right_iris-157,right_iris-158,right_iris-159,right_iris-160,right_iris-161,right_iris-246,middle_left_right,center_edge_top_left,center_edge_top_right,center_edge_bottom_left,center_edge_bottom_right
20.223748416156685,17.46424919657298,13.601470508735444,7.810249675906654,6.0,8.602325267042627,11.704699910719626,14.317821063276353,17.11724276862369,15.0,13.152946437965905,8.94427190999916,6.324555320336759,7.0710678118654755,12.36931687685298,17.0,21.213203435596427,17.029386365926403,14.317821063276353,11.704699910719626,8.48528137423857,6.082762530298219,10.0,14.866068747318506,19.4164878389476,19.026297590440446,14.317821063276353,7.810249675906654,6.082762530298219,9.433981132056603,12.36931687685298,15.033296378372908,734.8802623557119,670.8569146994015,710.6679956210213,581.3338111618831,50.039984012787215
