left_iris-362,left_iris-382,left_iris-381,left_iris-380,left_iris-374,left_iris-373,left_iris-390,left_iris-249,left_iris-263,left_iris-466,left_iris-388,left_iris-387,left_iris-386,left_iris-385,left_iris-384,left_iris-398,right_iris-133,right_iris-33,right_iris-7,right_iris-163,right_iris-144,right_iris-145,right_iris-153,right_iris-154,right_iris-155,right_iris-173,right_iris-157,right_iris-158,right_iris-159,right_iris-160,right_iris-161,right_iris-246,middle_left_right,center_edge_top_left,center_edge_top_right,center_edge_bottom_left,center_edge_bottom_right
23.194827009486403,21.37755832643195,17.72004514666935,11.40175425099138,8.246211251235321,10.63014581273465,13.416407864998739,17.46424919657298,20.024984394500787,18.0,15.132745950421556,10.44030650891055,5.385164807134504,8.602325267042627,15.132745950421556,21.02379604162864,21.37755832643195,15.033296378372908,13.341664064126334,10.770329614269007,7.810249675906654,6.324555320336759,10.0,15.811388300841896,19.6468827043885,19.1049731745428,14.035668847618199,8.06225774829855,5.0,8.06225774829855,11.180339887498949,14.035668847618199,733.9243830259354,649.1109304271497,703.2389352133455,589.0203731620834,56.08029957123981
