left_iris-362,left_iris-382,left_iris-381,left_iris-380,left_iris-374,left_iris-373,left_iris-390,left_iris-249,left_iris-263,left_iris-466,left_iris-388,left_iris-387,left_iris-386,left_iris-385,left_iris-384,left_iris-398,right_iris-133,right_iris-33,right_iris-7,right_iris-163,right_iris-144,right_iris-145,right_iris-153,right_iris-154,right_iris-155,right_iris-173,right_iris-157,right_iris-158,right_iris-159,right_iris-160,right_iris-161,right_iris-246,middle_left_right,center_edge_top_left,center_edge_top_right,center_edge_bottom_left,center_edge_bottom_right
31.575306807693888,28.861739379323623,22.135943621178654,13.038404810405298,6.082762530298219,11.661903789690601,17.72004514666935,23.345235059857504,28.071337695236398,24.0,19.235384061671343,12.083045973594572,6.0,10.295630140987,20.024984394500787,27.16615541441225,28.071337695236398,24.515301344262525,20.8806130178211,16.15549442140351,11.40175425099138,7.0,10.816653826391969,19.4164878389476,25.179356624028344,25.019992006393608,18.24828759089466,9.433981132056603,5.0990195135927845,11.40175425099138,17.0,21.213203435596427,510.929545045107,450.7205342559844,486.56859742486466,358.8161088914487,79.02531240052139
