left_iris-362,left_iris-382,left_iris-381,left_iris-380,left_iris-374,left_iris-373,left_iris-390,left_iris-249,left_iris-263,left_iris-466,left_iris-388,left_iris-387,left_iris-386,left_iris-385,left_iris-384,left_iris-398,right_iris-133,right_iris-33,right_iris-7,right_iris-163,right_iris-144,right_iris-145,right_iris-153,right_iris-154,right_iris-155,right_iris-173,right_iris-157,right_iris-158,right_iris-159,right_iris-160,right_iris-161,right_iris-246,middle_left_right,center_edge_top_left,center_edge_top_right,center_edge_bottom_left,center_edge_bottom_right
37.05401462729781,32.2490309931942,25.709920264364882,15.811388300841896,10.198039027185569,14.142135623730951,19.235384061671343,24.041630560342615,28.284271247461902,24.08318915758459,20.024984394500787,13.0,7.0710678118654755,12.206555615733702,23.53720459187964,32.01562118716424,33.06055050963308,28.160255680657446,24.73863375370596,21.540659228538015,15.811388300841896,10.198039027185569,13.45362404707371,21.840329667841555,29.274562336608895,29.017236257093817,21.840329667841555,12.041594578792296,8.54400374531753,15.231546211727817,21.213203435596427,25.0,667.3057769868324,597.5759365971826,641.0124803777225,516.3303206281809,78.10249675906654
