left_iris-362,left_iris-382,left_iris-381,left_iris-380,left_iris-374,left_iris-373,left_iris-390,left_iris-249,left_iris-263,left_iris-466,left_iris-388,left_iris-387,left_iris-386,left_iris-385,left_iris-384,left_iris-398,right_iris-133,right_iris-33,right_iris-7,right_iris-163,right_iris-144,right_iris-145,right_iris-153,right_iris-154,right_iris-155,right_iris-173,right_iris-157,right_iris-158,right_iris-159,right_iris-160,right_iris-161,right_iris-246,middle_left_right,center_edge_top_left,center_edge_top_right,center_edge_bottom_left,center_edge_bottom_right
34.132096331752024,30.265491900843113,21.840329667841555,12.727922061357855,11.180339887498949,20.12461179749811,27.65863337187866,33.24154027718932,38.01315561749642,35.014282800023196,30.14962686336267,22.561028345356956,10.816653826391969,7.810249675906654,19.4164878389476,29.0,39.20459156782532,34.0147027033899,28.284271247461902,22.80350850198276,16.1245154965971,9.0,15.264337522473747,26.92582403567252,35.35533905932738,35.014282800023196,25.317977802344327,13.601470508735444,8.246211251235321,17.46424919657298,25.179356624028344,30.01666203960727,642.3309116024232,602.0705938675297,625.2111643277013,484.65348446080526,92.0
