left_iris-362,left_iris-382,left_iris-381,left_iris-380,left_iris-374,left_iris-373,left_iris-390,left_iris-249,left_iris-263,left_iris-466,left_iris-388,left_iris-387,left_iris-386,left_iris-385,left_iris-384,left_iris-398,right_iris-133,right_iris-33,right_iris-7,right_iris-163,right_iris-144,right_iris-145,right_iris-153,right_iris-154,right_iris-155,right_iris-173,right_iris-157,right_iris-158,right_iris-159,right_iris-160,right_iris-161,right_iris-246,middle_left_right,center_edge_top_left,center_edge_top_right,center_edge_bottom_left,center_edge_bottom_right
31.04834939252005,27.51363298439521,21.470910553583888,14.422205101855956,12.649110640673518,18.027756377319946,23.769728648009426,28.160255680657446,32.0624390837628,29.427877939124322,25.96150997149434,20.248456731316587,13.0,12.206555615733702,18.681541692269406,27.16615541441225,32.55764119219941,29.274562336608895,25.96150997149434,22.360679774997898,17.69180601295413,13.152946437965905,15.620499351813308,22.847319317591726,29.832867780352597,28.0178514522438,20.8806130178211,12.806248474865697,12.083045973594572,18.788294228055936,23.194827009486403,27.0,586.614012788648,552.6445512261928,571.1532193728755,428.6210447469886,72.06247289678588
