left_iris-362,left_iris-382,left_iris-381,left_iris-380,left_iris-374,left_iris-373,left_iris-390,left_iris-249,left_iris-263,left_iris-466,left_iris-388,left_iris-387,left_iris-386,left_iris-385,left_iris-384,left_iris-398,right_iris-133,right_iris-33,right_iris-7,right_iris-163,right_iris-144,right_iris-145,right_iris-153,right_iris-154,right_iris-155,right_iris-173,right_iris-157,right_iris-158,right_iris-159,right_iris-160,right_iris-161,right_iris-246,middle_left_right,center_edge_top_left,center_edge_top_right,center_edge_bottom_left,center_edge_bottom_right
30.01666203960727,27.018512172212592,21.095023109728988,13.0,7.280109889280518,10.63014581273465,16.15549442140351,20.615528128088304,25.179356624028344,21.02379604162864,17.029386365926403,10.44030650891055,5.0990195135927845,10.295630140987,19.6468827043885,27.16615541441225,28.0178514522438,20.09975124224178,17.72004514666935,14.317821063276353,10.63014581273465,8.246211251235321,12.529964086141668,19.4164878389476,25.079872407968907,25.019992006393608,18.24828759089466,9.848857801796104,4.0,8.246211251235321,14.035668847618199,18.027756377319946,689.0,614.183197425654,661.2268899553314,539.8342338162706,68.18357573492314
