left_iris-362,left_iris-382,left_iris-381,left_iris-380,left_iris-374,left_iris-373,left_iris-390,left_iris-249,left_iris-263,left_iris-466,left_iris-388,left_iris-387,left_iris-386,left_iris-385,left_iris-384,left_iris-398,right_iris-133,right_iris-33,right_iris-7,right_iris-163,right_iris-144,right_iris-145,right_iris-153,right_iris-154,right_iris-155,right_iris-173,right_iris-157,right_iris-158,right_iris-159,right_iris-160,right_iris-161,right_iris-246,middle_left_right,center_edge_top_left,center_edge_top_right,center_edge_bottom_left,center_edge_bottom_right
23.769728648009426,21.840329667841555,17.08800749063506,11.40175425099138,7.280109889280518,8.48528137423857,12.083045973594572,14.317821063276353,18.0,15.033296378372908,13.152946437965905,8.94427190999916,4.0,8.54400374531753,15.0,21.213203435596427,23.08679276123039,18.110770276274835,14.866068747318506,11.661903789690601,8.602325267042627,7.615773105863909,11.661903789690601,17.46424919657298,21.213203435596427,20.024984394500787,14.560219778561036,8.48528137423857,6.324555320336759,9.848857801796104,14.142135623730951,16.0,747.4817723530119,661.2329392884175,716.400027917364,603.1823936422547,55.14526271584895
