left_iris-362,left_iris-382,left_iris-381,left_iris-380,left_iris-374,left_iris-373,left_iris-390,left_iris-249,left_iris-263,left_iris-466,left_iris-388,left_iris-387,left_iris-386,left_iris-385,left_iris-384,left_iris-398,right_iris-133,right_iris-33,right_iris-7,right_iris-163,right_iris-144,right_iris-145,right_iris-153,right_iris-154,right_iris-155,right_iris-173,right_iris-157,right_iris-158,right_iris-159,right_iris-160,right_iris-161,right_iris-246,middle_left_right,center_edge_top_left,center_edge_top_right,center_edge_bottom_left,center_edge_bottom_right
29.274562336608895,25.709920264364882,19.313207915827967,12.041594578792296,9.055385138137417,14.212670403551895,18.384776310850235,21.587033144922902,24.08318915758459,22.0,18.110770276274835,12.649110640673518,6.324555320336759,9.433981132056603,18.110770276274835,25.019992006393608,26.476404589747453,27.0,23.194827009486403,19.924858845171276,15.264337522473747,9.486832980505138,10.816653826391969,17.46424919657298,22.80350850198276,22.090722034374522,15.297058540778355,7.810249675906654,8.602325267042627,14.866068747318506,20.223748416156685,24.08318915758459,757.8555271290169,693.1413997158155,733.5155076751956,604.3550281084787,69.02897942168927
