left_iris-362,left_iris-382,left_iris-381,left_iris-380,left_iris-374,left_iris-373,left_iris-390,left_iris-249,left_iris-263,left_iris-466,left_iris-388,left_iris-387,left_iris-386,left_iris-385,left_iris-384,left_iris-398,right_iris-133,right_iris-33,right_iris-7,right_iris-163,right_iris-144,right_iris-145,right_iris-153,right_iris-154,right_iris-155,right_iris-173,right_iris-157,right_iris-158,right_iris-159,right_iris-160,right_iris-161,right_iris-246,middle_left_right,center_edge_top_left,center_edge_top_right,center_edge_bottom_left,center_edge_bottom_right
34.36568055487916,30.59411708155671,23.08679276123039,14.212670403551895,10.0,13.45362404707371,18.384776310850235,21.587033144922902,25.079872407968907,22.0,18.110770276274835,13.0,7.0710678118654755,11.661903789690601,21.213203435596427,30.01666203960727,28.442925306655784,33.06055050963308,29.427877939124322,24.73863375370596,18.788294228055936,10.816653826391969,10.295630140987,17.46424919657298,24.73863375370596,24.020824298928627,16.492422502470642,8.602325267042627,9.899494936611665,18.681541692269406,26.1725046566048,30.0,719.1842601169744,649.019260114829,692.9834052847153,567.8256774750504,77.00649323271382
