left_iris-362,left_iris-382,left_iris-381,left_iris-380,left_iris-374,left_iris-373,left_iris-390,left_iris-249,left_iris-263,left_iris-466,left_iris-388,left_iris-387,left_iris-386,left_iris-385,left_iris-384,left_iris-398,right_iris-133,right_iris-33,right_iris-7,right_iris-163,right_iris-144,right_iris-145,right_iris-153,right_iris-154,right_iris-155,right_iris-173,right_iris-157,right_iris-158,right_iris-159,right_iris-160,right_iris-161,right_iris-246,middle_left_right,center_edge_top_left,center_edge_top_right,center_edge_bottom_left,center_edge_bottom_right
32.7566787083184,29.120439557122072,21.93171219946131,14.212670403551895,12.165525060596439,16.401219466856727,21.18962010041709,24.331050121192877,28.0,25.079872407968907,22.360679774997898,16.55294535724685,9.848857801796104,10.63014581273465,20.223748416156685,28.160255680657446,28.861739379323623,38.05259518088089,33.54101966249684,29.120439557122072,22.825424421026653,14.422205101855956,12.649110640673518,18.867962264113206,25.298221281347036,24.08318915758459,16.492422502470642,9.486832980505138,13.45362404707371,24.041630560342615,30.14962686336267,35.0,720.3283973299956,639.1189247706565,690.7047125943184,573.7360020078921,85.05292469985967
