left_iris-362,left_iris-382,left_iris-381,left_iris-380,left_iris-374,left_iris-373,left_iris-390,left_iris-249,left_iris-263,left_iris-466,left_iris-388,left_iris-387,left_iris-386,left_iris-385,left_iris-384,left_iris-398,right_iris-133,right_iris-33,right_iris-7,right_iris-163,right_iris-144,right_iris-145,right_iris-153,right_iris-154,right_iris-155,right_iris-173,right_iris-157,right_iris-158,right_iris-159,right_iris-160,right_iris-161,right_iris-246,middle_left_right,center_edge_top_left,center_edge_top_right,center_edge_bottom_left,center_edge_bottom_right
28.160255680657446,24.331050121192877,18.973665961010276,11.313708498984761,8.246211251235321,13.601470508735444,18.027756377319946,21.37755832643195,25.079872407968907,22.0,19.1049731745428,13.601470508735444,6.4031242374328485,7.810249675906654,17.26267650163207,24.0,32.38826948140329,26.019223662515376,22.02271554554524,17.26267650163207,11.661903789690601,7.0710678118654755,13.038404810405298,21.840329667841555,28.635642126552707,28.071337695236398,21.02379604162864,10.770329614269007,5.0,11.704699910719626,18.24828759089466,22.090722034374522,719.573484781089,666.7728248811585,698.8461919478419,563.3702157551462,69.02897942168927
