left_iris-362,left_iris-382,left_iris-381,left_iris-380,left_iris-374,left_iris-373,left_iris-390,left_iris-249,left_iris-263,left_iris-466,left_iris-388,left_iris-387,left_iris-386,left_iris-385,left_iris-384,left_iris-398,right_iris-133,right_iris-33,right_iris-7,right_iris-163,right_iris-144,right_iris-145,right_iris-153,right_iris-154,right_iris-155,right_iris-173,right_iris-157,right_iris-158,right_iris-159,right_iris-160,right_iris-161,right_iris-246,middle_left_right,center_edge_top_left,center_edge_top_right,center_edge_bottom_left,center_edge_bottom_right
29.154759474226502,26.30589287593181,21.587033144922902,15.264337522473747,10.295630140987,9.848857801796104,11.40175425099138,13.601470508735444,17.029386365926403,15.033296378372908,12.36931687685298,9.219544457292887,7.0710678118654755,11.661903789690601,19.4164878389476,26.0,30.265491900843113,22.02271554554524,18.439088914585774,14.7648230602334,11.40175425099138,10.44030650891055,15.0,21.840329667841555,27.459060435491963,27.018512172212592,20.223748416156685,11.661903789690601,6.082762530298219,10.295630140987,15.297058540778355,19.026297590440446,753.5330118846817,678.3155607827377,725.8870435542984,603.8311022131934,62.03224967708329
