left_iris-362,left_iris-382,left_iris-381,left_iris-380,left_iris-374,left_iris-373,left_iris-390,left_iris-249,left_iris-263,left_iris-466,left_iris-388,left_iris-387,left_iris-386,left_iris-385,left_iris-384,left_iris-398,right_iris-133,right_iris-33,right_iris-7,right_iris-163,right_iris-144,right_iris-145,right_iris-153,right_iris-154,right_iris-155,right_iris-173,right_iris-157,right_iris-158,right_iris-159,right_iris-160,right_iris-161,right_iris-246,middle_left_right,center_edge_top_left,center_edge_top_right,center_edge_bottom_left,center_edge_bottom_right
28.160255680657446,25.317977802344327,19.4164878389476,10.816653826391969,7.0710678118654755,13.416407864998739,19.6468827043885,24.331050121192877,29.068883707497267,26.019223662515376,22.0,15.033296378372908,5.830951894845301,6.708203932499369,17.11724276862369,24.020824298928627,34.058772731852805,27.294688127912362,22.135943621178654,17.88854381999832,12.041594578792296,9.848857801796104,16.55294535724685,25.495097567963924,31.144823004794873,30.01666203960727,22.561028345356956,12.206555615733702,6.082762530298219,13.601470508735444,20.0,24.08318915758459,753.2715313882504,668.4444629137113,722.646524934563,608.1266315497127,77.02596964660685
