left_iris-362,left_iris-382,left_iris-381,left_iris-380,left_iris-374,left_iris-373,left_iris-390,left_iris-249,left_iris-263,left_iris-466,left_iris-388,left_iris-387,left_iris-386,left_iris-385,left_iris-384,left_iris-398,right_iris-133,right_iris-33,right_iris-7,right_iris-163,right_iris-144,right_iris-145,right_iris-153,right_iris-154,right_iris-155,right_iris-173,right_iris-157,right_iris-158,right_iris-159,right_iris-160,right_iris-161,right_iris-246,middle_left_right,center_edge_top_left,center_edge_top_right,center_edge_bottom_left,center_edge_bottom_right
33.13608305156178,30.4138126514911,23.08679276123039,14.866068747318506,12.0,16.97056274847714,21.95449840010015,25.632011235952593,29.614185789921695,27.16615541441225,23.0,17.72004514666935,9.433981132056603,11.40175425099138,19.6468827043885,29.0,33.24154027718932,30.066592756745816,26.076809620810597,21.587033144922902,16.1245154965971,11.40175425099138,14.212670403551895,22.360679774997898,29.732137494637012,29.427877939124322,21.095023109728988,11.40175425099138,9.486832980505138,17.4928556845359,22.80350850198276,27.294688127912362,674.0044510238786,619.7434953268973,652.5963530391508,518.3454446602188,77.52418977325722
