left_iris-362,left_iris-382,left_iris-381,left_iris-380,left_iris-374,left_iris-373,left_iris-390,left_iris-249,left_iris-263,left_iris-466,left_iris-388,left_iris-387,left_iris-386,left_iris-385,left_iris-384,left_iris-398,right_iris-133,right_iris-33,right_iris-7,right_iris-163,right_iris-144,right_iris-145,right_iris-153,right_iris-154,right_iris-155,right_iris-173,right_iris-157,right_iris-158,right_iris-159,right_iris-160,right_iris-161,right_iris-246,middle_left_right,center_edge_top_left,center_edge_top_right,center_edge_bottom_left,center_edge_bottom_right
24.0,21.02379604162864,16.0312195418814,8.246211251235321,2.0,9.219544457292887,14.142135623730951,18.027756377319946,22.02271554554524,18.0,14.035668847618199,8.246211251235321,2.0,8.246211251235321,16.1245154965971,21.02379604162864,22.02271554554524,23.021728866442675,20.223748416156685,17.26267650163207,12.649110640673518,6.4031242374328485,6.4031242374328485,13.341664064126334,19.1049731745428,20.0,14.142135623730951,5.830951894845301,4.242640687119285,11.180339887498949,17.029386365926403,20.0,694.484701055394,623.9463117929298,668.063619724948,543.5154091651864,59.07622195096772
