left_iris-362,left_iris-382,left_iris-381,left_iris-380,left_iris-374,left_iris-373,left_iris-390,left_iris-249,left_iris-263,left_iris-466,left_iris-388,left_iris-387,left_iris-386,left_iris-385,left_iris-384,left_iris-398,right_iris-133,right_iris-33,right_iris-7,right_iris-163,right_iris-144,right_iris-145,right_iris-153,right_iris-154,right_iris-155,right_iris-173,right_iris-157,right_iris-158,right_iris-159,right_iris-160,right_iris-161,right_iris-246,middle_left_right,center_edge_top_left,center_edge_top_right,center_edge_bottom_left,center_edge_bottom_right
28.0,25.079872407968907,18.681541692269406,12.727922061357855,11.180339887498949,16.97056274847714,21.95449840010015,25.632011235952593,28.442925306655784,26.1725046566048,22.0,16.278820596099706,9.219544457292887,8.94427190999916,17.08800749063506,24.186773244895647,34.92849839314596,28.160255680657446,24.020824298928627,19.235384061671343,13.416407864998739,9.055385138137417,14.866068747318506,23.769728648009426,31.32091952673165,31.25699921617557,23.0,11.704699910719626,6.0,13.038404810405298,19.924858845171276,24.331050121192877,660.1704325399616,621.5504806530198,643.6808215256999,502.3196193659969,72.99315036357864
