left_iris-362,left_iris-382,left_iris-381,left_iris-380,left_iris-374,left_iris-373,left_iris-390,left_iris-249,left_iris-263,left_iris-466,left_iris-388,left_iris-387,left_iris-386,left_iris-385,left_iris-384,left_iris-398,right_iris-133,right_iris-33,right_iris-7,right_iris-163,right_iris-144,right_iris-145,right_iris-153,right_iris-154,right_iris-155,right_iris-173,right_iris-157,right_iris-158,right_iris-159,right_iris-160,right_iris-161,right_iris-246,middle_left_right,center_edge_top_left,center_edge_top_right,center_edge_bottom_left,center_edge_bottom_right
31.32091952673165,27.85677655436824,22.360679774997898,14.866068747318506,10.04987562112089,12.041594578792296,15.811388300841896,19.1049731745428,22.090722034374522,19.235384061671343,15.811388300841896,10.63014581273465,7.280109889280518,11.704699910719626,20.0,27.459060435491963,21.02379604162864,27.16615541441225,24.73863375370596,22.47220505424423,18.027756377319946,11.661903789690601,9.486832980505138,13.416407864998739,18.24828759089466,18.110770276274835,12.529964086141668,8.246211251235321,10.63014581273465,17.72004514666935,22.02271554554524,25.019992006393608,766.8044079163865,687.8146552669549,738.0304871751573,618.6186224161054,66.48308055437865
