left_iris-362,left_iris-382,left_iris-381,left_iris-380,left_iris-374,left_iris-373,left_iris-390,left_iris-249,left_iris-263,left_iris-466,left_iris-388,left_iris-387,left_iris-386,left_iris-385,left_iris-384,left_iris-398,right_iris-133,right_iris-33,right_iris-7,right_iris-163,right_iris-144,right_iris-145,right_iris-153,right_iris-154,right_iris-155,right_iris-173,right_iris-157,right_iris-158,right_iris-159,right_iris-160,right_iris-161,right_iris-246,middle_left_right,center_edge_top_left,center_edge_top_right,center_edge_bottom_left,center_edge_bottom_right
32.0624390837628,29.017236257093817,23.08679276123039,14.317821063276353,9.219544457292887,13.45362404707371,18.35755975068582,22.47220505424423,26.476404589747453,24.331050121192877,21.02379604162864,15.132745950421556,7.810249675906654,10.63014581273465,20.248456731316587,28.442925306655784,34.48187929913333,24.331050121192877,20.024984394500787,15.811388300841896,12.727922061357855,11.180339887498949,17.029386365926403,26.0,31.622776601683793,30.59411708155671,23.0,13.0,7.0710678118654755,12.206555615733702,18.027756377319946,21.587033144922902,700.1271313125924,655.4220014616537,681.892953475837,542.7504030399241,74.72616676907762
