left_iris-362,left_iris-382,left_iris-381,left_iris-380,left_iris-374,left_iris-373,left_iris-390,left_iris-249,left_iris-263,left_iris-466,left_iris-388,left_iris-387,left_iris-386,left_iris-385,left_iris-384,left_iris-398,right_iris-133,right_iris-33,right_iris-7,right_iris-163,right_iris-144,right_iris-145,right_iris-153,right_iris-154,right_iris-155,right_iris-173,right_iris-157,right_iris-158,right_iris-159,right_iris-160,right_iris-161,right_iris-246,middle_left_right,center_edge_top_left,center_edge_top_right,center_edge_bottom_left,center_edge_bottom_right
29.068883707497267,26.0,21.095023109728988,13.0,7.615773105863909,10.0,14.422205101855956,17.46424919657298,21.587033144922902,18.24828759089466,15.0,9.486832980505138,5.0,10.816653826391969,19.6468827043885,26.30589287593181,30.59411708155671,28.0,23.194827009486403,19.6468827043885,14.422205101855956,9.055385138137417,12.727922061357855,21.18962010041709,26.92582403567252,27.073972741361768,19.1049731745428,9.433981132056603,6.708203932499369,13.92838827718412,20.223748416156685,25.019992006393608,753.3405604373098,685.8002624671414,728.0947740507413,600.7678420155327,72.69112738154499
