left_iris-362,left_iris-382,left_iris-381,left_iris-380,left_iris-374,left_iris-373,left_iris-390,left_iris-249,left_iris-263,left_iris-466,left_iris-388,left_iris-387,left_iris-386,left_iris-385,left_iris-384,left_iris-398,right_iris-133,right_iris-33,right_iris-7,right_iris-163,right_iris-144,right_iris-145,right_iris-153,right_iris-154,right_iris-155,right_iris-173,right_iris-157,right_iris-158,right_iris-159,right_iris-160,right_iris-161,right_iris-246,middle_left_right,center_edge_top_left,center_edge_top_right,center_edge_bottom_left,center_edge_bottom_right
22.090722034374522,19.0,12.36931687685298,6.708203932499369,10.63014581273465,18.788294228055936,23.08679276123039,26.68332812825267,30.4138126514911,27.16615541441225,24.020824298928627,18.027756377319946,8.94427190999916,5.385164807134504,13.0,19.4164878389476,34.23448553724738,23.08679276123039,18.027756377319946,14.317821063276353,8.602325267042627,7.615773105863909,15.652475842498529,24.73863375370596,30.4138126514911,31.064449134018133,23.021728866442675,13.341664064126334,5.0,8.06225774829855,14.317821063276353,19.235384061671343,728.9231783939923,647.63338394496,699.3060846296133,582.261968533065,63.387695966961914
