left_iris-362,left_iris-382,left_iris-381,left_iris-380,left_iris-374,left_iris-373,left_iris-390,left_iris-249,left_iris-263,left_iris-466,left_iris-388,left_iris-387,left_iris-386,left_iris-385,left_iris-384,left_iris-398,right_iris-133,right_iris-33,right_iris-7,right_iris-163,right_iris-144,right_iris-145,right_iris-153,right_iris-154,right_iris-155,right_iris-173,right_iris-157,right_iris-158,right_iris-159,right_iris-160,right_iris-161,right_iris-246,middle_left_right,center_edge_top_left,center_edge_top_right,center_edge_bottom_left,center_edge_bottom_right
28.284271247461902,25.495097567963924,20.615528128088304,13.038404810405298,9.055385138137417,12.727922061357855,18.788294228055936,24.041630560342615,29.274562336608895,25.179356624028344,20.024984394500787,13.152946437965905,5.0,8.06225774829855,18.24828759089466,25.019992006393608,28.284271247461902,21.213203435596427,17.72004514666935,14.317821063276353,9.899494936611665,7.280109889280518,13.038404810405298,20.8806130178211,26.476404589747453,25.019992006393608,18.110770276274835,9.848857801796104,5.0990195135927845,10.44030650891055,16.0312195418814,19.026297590440446,637.9412198627707,582.6396828229261,616.0105518576772,482.77220301090244,79.22752047110903
