left_iris-362,left_iris-382,left_iris-381,left_iris-380,left_iris-374,left_iris-373,left_iris-390,left_iris-249,left_iris-263,left_iris-466,left_iris-388,left_iris-387,left_iris-386,left_iris-385,left_iris-384,left_iris-398,right_iris-133,right_iris-33,right_iris-7,right_iris-163,right_iris-144,right_iris-145,right_iris-153,right_iris-154,right_iris-155,right_iris-173,right_iris-157,right_iris-158,right_iris-159,right_iris-160,right_iris-161,right_iris-246,middle_left_right,center_edge_top_left,center_edge_top_right,center_edge_bottom_left,center_edge_bottom_right
21.095023109728988,19.235384061671343,14.560219778561036,9.899494936611665,8.06225774829855,11.313708498984761,14.7648230602334,18.027756377319946,20.396078054371138,18.24828759089466,15.033296378372908,11.045361017187261,4.242640687119285,5.0,12.165525060596439,18.0,26.68332812825267,21.0,17.26267650163207,13.92838827718412,10.0,8.06225774829855,12.806248474865697,19.313207915827967,25.0,23.194827009486403,17.029386365926403,8.94427190999916,5.0990195135927845,9.848857801796104,15.132745950421556,18.027756377319946,737.5377956416878,667.953591202263,711.5911747625879,585.800307272026,61.204574992397426
