left_iris-362,left_iris-382,left_iris-381,left_iris-380,left_iris-374,left_iris-373,left_iris-390,left_iris-249,left_iris-263,left_iris-466,left_iris-388,left_iris-387,left_iris-386,left_iris-385,left_iris-384,left_iris-398,right_iris-133,right_iris-33,right_iris-7,right_iris-163,right_iris-144,right_iris-145,right_iris-153,right_iris-154,right_iris-155,right_iris-173,right_iris-157,right_iris-158,right_iris-159,right_iris-160,right_iris-161,right_iris-246,middle_left_right,center_edge_top_left,center_edge_top_right,center_edge_bottom_left,center_edge_bottom_right
31.016124838541646,27.0,21.095023109728988,13.0,8.246211251235321,11.40175425099138,16.1245154965971,20.248456731316587,23.53720459187964,20.09975124224178,16.0,10.44030650891055,5.0990195135927845,10.816653826391969,19.6468827043885,27.294688127912362,30.4138126514911,25.0,21.37755832643195,18.027756377319946,12.806248474865697,9.0,13.45362404707371,21.18962010041709,27.65863337187866,27.073972741361768,20.09975124224178,10.295630140987,6.082762530298219,12.083045973594572,18.24828759089466,22.02271554554524,721.6654349489104,650.3852704359164,695.1266071731106,570.7021990495568,73.824115301167
