left_iris-362,left_iris-382,left_iris-381,left_iris-380,left_iris-374,left_iris-373,left_iris-390,left_iris-249,left_iris-263,left_iris-466,left_iris-388,left_iris-387,left_iris-386,left_iris-385,left_iris-384,left_iris-398,right_iris-133,right_iris-33,right_iris-7,right_iris-163,right_iris-144,right_iris-145,right_iris-153,right_iris-154,right_iris-155,right_iris-173,right_iris-157,right_iris-158,right_iris-159,right_iris-160,right_iris-161,right_iris-246,middle_left_right,center_edge_top_left,center_edge_top_right,center_edge_bottom_left,center_edge_bottom_right
36.013886210738214,31.064449134018133,24.331050121192877,15.231546211727817,8.54400374531753,10.63014581273465,15.652475842498529,19.924858845171276,23.345235059857504,20.024984394500787,16.0312195418814,9.848857801796104,6.324555320336759,13.0,23.345235059857504,32.0624390837628,30.01666203960727,25.179356624028344,21.840329667841555,17.46424919657298,12.806248474865697,9.0,12.206555615733702,20.396078054371138,26.076809620810597,26.076809620810597,19.4164878389476,10.295630140987,4.123105625617661,11.180339887498949,18.0,22.090722034374522,795.1503002577563,719.2801957512802,767.4398999270236,645.3402203489258,75.02666192761077
