left_iris-362,left_iris-382,left_iris-381,left_iris-380,left_iris-374,left_iris-373,left_iris-390,left_iris-249,left_iris-263,left_iris-466,left_iris-388,left_iris-387,left_iris-386,left_iris-385,left_iris-384,left_iris-398,right_iris-133,right_iris-33,right_iris-7,right_iris-163,right_iris-144,right_iris-145,right_iris-153,right_iris-154,right_iris-155,right_iris-173,right_iris-157,right_iris-158,right_iris-159,right_iris-160,right_iris-161,right_iris-246,middle_left_right,center_edge_top_left,center_edge_top_right,center_edge_bottom_left,center_edge_bottom_right
26.92582403567252,24.351591323771842,18.384776310850235,12.041594578792296,8.06225774829855,14.212670403551895,20.615528128088304,25.96150997149434,31.575306807693888,27.16615541441225,22.0,15.524174696260024,7.211102550927978,7.810249675906654,16.0312195418814,23.345235059857504,28.284271247461902,25.495097567963924,22.47220505424423,19.235384061671343,14.866068747318506,10.04987562112089,12.041594578792296,18.973665961010276,25.495097567963924,24.0,16.492422502470642,8.602325267042627,8.602325267042627,15.524174696260024,20.0,23.194827009486403,600.1633111079017,549.2686046006999,579.3927855954024,444.292696316291,76.05918747922567
