left_iris-362,left_iris-382,left_iris-381,left_iris-380,left_iris-374,left_iris-373,left_iris-390,left_iris-249,left_iris-263,left_iris-466,left_iris-388,left_iris-387,left_iris-386,left_iris-385,left_iris-384,left_iris-398,right_iris-133,right_iris-33,right_iris-7,right_iris-163,right_iris-144,right_iris-145,right_iris-153,right_iris-154,right_iris-155,right_iris-173,right_iris-157,right_iris-158,right_iris-159,right_iris-160,right_iris-161,right_iris-246,middle_left_right,center_edge_top_left,center_edge_top_right,center_edge_bottom_left,center_edge_bottom_right
30.265491900843113,26.68332812825267,20.248456731316587,11.313708498984761,9.219544457292887,13.892443989449804,19.6468827043885,23.345235059857504,27.018512172212592,24.020824298928627,20.396078054371138,15.652475842498529,8.54400374531753,10.63014581273465,18.439088914585774,26.019223662515376,32.14031735997639,28.0178514522438,24.331050121192877,19.924858845171276,14.422205101855956,9.055385138137417,12.806248474865697,20.8806130178211,28.442925306655784,28.0,20.396078054371138,10.63014581273465,7.280109889280518,13.92838827718412,21.213203435596427,25.019992006393608,704.6928408888514,637.4103858582789,679.3320248597147,552.4418521437346,75.0
