left_iris-362,left_iris-382,left_iris-381,left_iris-380,left_iris-374,left_iris-373,left_iris-390,left_iris-249,left_iris-263,left_iris-466,left_iris-388,left_iris-387,left_iris-386,left_iris-385,left_iris-384,left_iris-398,right_iris-133,right_iris-33,right_iris-7,right_iris-163,right_iris-144,right_iris-145,right_iris-153,right_iris-154,right_iris-155,right_iris-173,right_iris-157,right_iris-158,right_iris-159,right_iris-160,right_iris-161,right_iris-246,middle_left_right,center_edge_top_left,center_edge_top_right,center_edge_bottom_left,center_edge_bottom_right
35.17101079013795,32.01562118716424,26.248809496813376,17.88854381999832,10.0,7.810249675906654,12.36931687685298,18.0,24.515301344262525,20.615528128088304,16.15549442140351,10.63014581273465,6.708203932499369,13.601470508735444,23.0,31.400636936215164,31.016124838541646,24.515301344262525,20.248456731316587,17.4928556845359,12.041594578792296,8.54400374531753,14.317821063276353,22.090722034374522,28.0,26.30589287593181,19.313207915827967,9.899494936611665,7.211102550927978,13.152946437965905,19.026297590440446,22.20360331117452,606.3406633238448,535.9561549231429,579.5248053362341,456.45262623847395,79.62411694957753
