left_iris-362,left_iris-382,left_iris-381,left_iris-380,left_iris-374,left_iris-373,left_iris-390,left_iris-249,left_iris-263,left_iris-466,left_iris-388,left_iris-387,left_iris-386,left_iris-385,left_iris-384,left_iris-398,right_iris-133,right_iris-33,right_iris-7,right_iris-163,right_iris-144,right_iris-145,right_iris-153,right_iris-154,right_iris-155,right_iris-173,right_iris-157,right_iris-158,right_iris-159,right_iris-160,right_iris-161,right_iris-246,middle_left_right,center_edge_top_left,center_edge_top_right,center_edge_bottom_left,center_edge_bottom_right
40.311288741492746,36.345563690772494,29.614185789921695,19.313207915827967,10.0,9.433981132056603,14.317821063276353,18.439088914585774,23.08679276123039,20.0,16.0312195418814,9.486832980505138,5.0,15.297058540778355,27.018512172212592,36.05551275463989,28.284271247461902,29.017236257093817,25.317977802344327,20.8806130178211,16.1245154965971,9.486832980505138,10.63014581273465,18.973665961010276,24.515301344262525,24.020824298928627,16.278820596099706,7.0710678118654755,7.0710678118654755,16.492422502470642,22.090722034374522,26.0,839.7577031501409,754.5150760587888,809.254595291247,693.8969664150435,81.09870529176159
