left_iris-362,left_iris-382,left_iris-381,left_iris-380,left_iris-374,left_iris-373,left_iris-390,left_iris-249,left_iris-263,left_iris-466,left_iris-388,left_iris-387,left_iris-386,left_iris-385,left_iris-384,left_iris-398,right_iris-133,right_iris-33,right_iris-7,right_iris-163,right_iris-144,right_iris-145,right_iris-153,right_iris-154,right_iris-155,right_iris-173,right_iris-157,right_iris-158,right_iris-159,right_iris-160,right_iris-161,right_iris-246,middle_left_right,center_edge_top_left,center_edge_top_right,center_edge_bottom_left,center_edge_bottom_right
29.120439557122072,25.632011235952593,20.12461179749811,12.806248474865697,10.04987562112089,14.212670403551895,18.027756377319946,21.37755832643195,25.0,22.02271554554524,18.24828759089466,12.529964086141668,7.0710678118654755,10.0,18.110770276274835,25.317977802344327,24.08318915758459,21.213203435596427,18.973665961010276,16.55294535724685,12.727922061357855,9.055385138137417,9.899494936611665,16.76305461424021,21.213203435596427,21.02379604162864,15.524174696260024,8.48528137423857,7.615773105863909,12.083045973594572,16.1245154965971,19.0,754.1120606382051,677.1890430300833,725.9373251183604,605.1322169575835,65.12296062065974
