left_iris-362,left_iris-382,left_iris-381,left_iris-380,left_iris-374,left_iris-373,left_iris-390,left_iris-249,left_iris-263,left_iris-466,left_iris-388,left_iris-387,left_iris-386,left_iris-385,left_iris-384,left_iris-398,right_iris-133,right_iris-33,right_iris-7,right_iris-163,right_iris-144,right_iris-145,right_iris-153,right_iris-154,right_iris-155,right_iris-173,right_iris-157,right_iris-158,right_iris-159,right_iris-160,right_iris-161,right_iris-246,middle_left_right,center_edge_top_left,center_edge_top_right,center_edge_bottom_left,center_edge_bottom_right
34.52535300326414,31.78049716414141,26.248809496813376,17.204650534085253,12.165525060596439,14.212670403551895,19.235384061671343,22.80350850198276,26.019223662515376,24.020824298928627,21.095023109728988,14.866068747318506,6.708203932499369,10.295630140987,21.095023109728988,30.14962686336267,37.656340767525464,30.0,25.495097567963924,21.02379604162864,16.278820596099706,13.038404810405298,17.804493814764857,27.51363298439521,33.734255586866,32.14031735997639,22.20360331117452,11.40175425099138,8.06225774829855,17.08800749063506,23.194827009486403,27.018512172212592,718.7795211328714,674.6436096191826,700.8166664684852,561.2878049628372,72.00694410957877
