left_iris-362,left_iris-382,left_iris-381,left_iris-380,left_iris-374,left_iris-373,left_iris-390,left_iris-249,left_iris-263,left_iris-466,left_iris-388,left_iris-387,left_iris-386,left_iris-385,left_iris-384,left_iris-398,right_iris-133,right_iris-33,right_iris-7,right_iris-163,right_iris-144,right_iris-145,right_iris-153,right_iris-154,right_iris-155,right_iris-173,right_iris-157,right_iris-158,right_iris-159,right_iris-160,right_iris-161,right_iris-246,middle_left_right,center_edge_top_left,center_edge_top_right,center_edge_bottom_left,center_edge_bottom_right
31.0,28.0178514522438,22.090722034374522,13.92838827718412,8.94427190999916,10.816653826391969,15.811388300841896,19.697715603592208,23.769728648009426,20.396078054371138,17.11724276862369,11.180339887498949,5.385164807134504,10.0,18.681541692269406,27.16615541441225,27.202941017470888,29.068883707497267,25.317977802344327,20.615528128088304,15.652475842498529,8.94427190999916,10.816653826391969,18.35755975068582,23.769728648009426,22.360679774997898,15.033296378372908,7.0710678118654755,7.810249675906654,16.76305461424021,22.090722034374522,26.0,677.8465903137671,632.2784196855054,659.2237859786311,520.6495942570205,77.41446893184762
