left_iris-362,left_iris-382,left_iris-381,left_iris-380,left_iris-374,left_iris-373,left_iris-390,left_iris-249,left_iris-263,left_iris-466,left_iris-388,left_iris-387,left_iris-386,left_iris-385,left_iris-384,left_iris-398,right_iris-133,right_iris-33,right_iris-7,right_iris-163,right_iris-144,right_iris-145,right_iris-153,right_iris-154,right_iris-155,right_iris-173,right_iris-157,right_iris-158,right_iris-159,right_iris-160,right_iris-161,right_iris-246,middle_left_right,center_edge_top_left,center_edge_top_right,center_edge_bottom_left,center_edge_bottom_right
27.294688127912362,24.515301344262525,18.027756377319946,10.63014581273465,7.280109889280518,13.416407864998739,18.439088914585774,23.194827009486403,28.0178514522438,24.020824298928627,20.09975124224178,13.601470508735444,5.830951894845301,8.602325267042627,17.26267650163207,24.020824298928627,27.294688127912362,25.079872407968907,22.561028345356956,19.313207915827967,14.422205101855956,9.219544457292887,10.63014581273465,18.384776310850235,24.515301344262525,24.020824298928627,16.1245154965971,7.211102550927978,6.4031242374328485,14.317821063276353,20.024984394500787,23.0,637.0996782293961,594.4711935830028,619.18979319753,479.683228808346,70.0
