left_iris-362,left_iris-382,left_iris-381,left_iris-380,left_iris-374,left_iris-373,left_iris-390,left_iris-249,left_iris-263,left_iris-466,left_iris-388,left_iris-387,left_iris-386,left_iris-385,left_iris-384,left_iris-398,right_iris-133,right_iris-33,right_iris-7,right_iris-163,right_iris-144,right_iris-145,right_iris-153,right_iris-154,right_iris-155,right_iris-173,right_iris-157,right_iris-158,right_iris-159,right_iris-160,right_iris-161,right_iris-246,middle_left_right,center_edge_top_left,center_edge_top_right,center_edge_bottom_left,center_edge_bottom_right
37.12142238654117,33.37663853655727,25.709920264364882,16.1245154965971,10.44030650891055,13.45362404707371,18.35755975068582,22.135943621178654,26.30589287593181,23.08679276123039,19.026297590440446,12.649110640673518,6.082762530298219,12.529964086141668,23.345235059857504,33.0,34.132096331752024,31.144823004794873,26.68332812825267,22.47220505424423,16.64331697709324,10.198039027185569,13.45362404707371,21.840329667841555,30.4138126514911,30.0,21.587033144922902,12.041594578792296,8.54400374531753,17.08800749063506,23.08679276123039,27.018512172212592,699.4769474400139,628.782951422826,673.0289741162709,548.5143571502938,79.05694150420949
