left_iris-362,left_iris-382,left_iris-381,left_iris-380,left_iris-374,left_iris-373,left_iris-390,left_iris-249,left_iris-263,left_iris-466,left_iris-388,left_iris-387,left_iris-386,left_iris-385,left_iris-384,left_iris-398,right_iris-133,right_iris-33,right_iris-7,right_iris-163,right_iris-144,right_iris-145,right_iris-153,right_iris-154,right_iris-155,right_iris-173,right_iris-157,right_iris-158,right_iris-159,right_iris-160,right_iris-161,right_iris-246,middle_left_right,center_edge_top_left,center_edge_top_right,center_edge_bottom_left,center_edge_bottom_right
40.44749683231337,36.87817782917155,29.410882339705484,19.849433241279208,15.132745950421556,17.029386365926403,21.470910553583888,25.709920264364882,30.0,27.073972741361768,23.345235059857504,16.15549442140351,8.54400374531753,13.038404810405298,25.317977802344327,35.05709628591621,32.984845004941285,39.05124837953327,35.22782990761707,30.083217912982647,24.186773244895647,15.652475842498529,14.317821063276353,21.470910553583888,29.410882339705484,27.16615541441225,17.46424919657298,8.54400374531753,15.0,25.96150997149434,32.38826948140329,36.124783736376884,698.8054092521036,625.16317869817,671.4380090522133,549.0255003185189,79.00632886041473
