left_iris-362,left_iris-382,left_iris-381,left_iris-380,left_iris-374,left_iris-373,left_iris-390,left_iris-249,left_iris-263,left_iris-466,left_iris-388,left_iris-387,left_iris-386,left_iris-385,left_iris-384,left_iris-398,right_iris-133,right_iris-33,right_iris-7,right_iris-163,right_iris-144,right_iris-145,right_iris-153,right_iris-154,right_iris-155,right_iris-173,right_iris-157,right_iris-158,right_iris-159,right_iris-160,right_iris-161,right_iris-246,middle_left_right,center_edge_top_left,center_edge_top_right,center_edge_bottom_left,center_edge_bottom_right
33.95585369269929,31.04834939252005,23.769728648009426,15.556349186104045,12.041594578792296,16.278820596099706,21.540659228538015,25.495097567963924,29.0,26.019223662515376,23.194827009486403,16.76305461424021,7.211102550927978,9.433981132056603,20.09975124224178,29.274562336608895,32.7566787083184,27.073972741361768,23.08679276123039,18.681541692269406,13.601470508735444,10.0,15.0,23.40939982143925,29.832867780352597,28.160255680657446,20.09975124224178,10.0,8.06225774829855,15.231546211727817,21.37755832643195,25.179356624028344,792.3294769223218,727.1767323010273,767.9752600181857,638.7378178877465,77.00649323271382
