left_iris-362,left_iris-382,left_iris-381,left_iris-380,left_iris-374,left_iris-373,left_iris-390,left_iris-249,left_iris-263,left_iris-466,left_iris-388,left_iris-387,left_iris-386,left_iris-385,left_iris-384,left_iris-398,right_iris-133,right_iris-33,right_iris-7,right_iris-163,right_iris-144,right_iris-145,right_iris-153,right_iris-154,right_iris-155,right_iris-173,right_iris-157,right_iris-158,right_iris-159,right_iris-160,right_iris-161,right_iris-246,middle_left_right,center_edge_top_left,center_edge_top_right,center_edge_bottom_left,center_edge_bottom_right
28.160255680657446,24.331050121192877,18.973665961010276,12.041594578792296,10.04987562112089,14.866068747318506,18.788294228055936,22.135943621178654,25.495097567963924,23.194827009486403,19.0,13.341664064126334,7.211102550927978,8.48528137423857,16.492422502470642,24.0,30.4138126514911,26.0,22.20360331117452,18.681541692269406,14.422205101855956,9.219544457292887,12.727922061357855,20.248456731316587,26.68332812825267,26.076809620810597,19.1049731745428,9.433981132056603,6.708203932499369,13.601470508735444,19.1049731745428,23.021728866442675,752.4074693940777,685.8695211189953,727.4730235548257,599.5139698122138,68.73136110975832
