left_iris-362,left_iris-382,left_iris-381,left_iris-380,left_iris-374,left_iris-373,left_iris-390,left_iris-249,left_iris-263,left_iris-466,left_iris-388,left_iris-387,left_iris-386,left_iris-385,left_iris-384,left_iris-398,right_iris-133,right_iris-33,right_iris-7,right_iris-163,right_iris-144,right_iris-145,right_iris-153,right_iris-154,right_iris-155,right_iris-173,right_iris-157,right_iris-158,right_iris-159,right_iris-160,right_iris-161,right_iris-246,middle_left_right,center_edge_top_left,center_edge_top_right,center_edge_bottom_left,center_edge_bottom_right
39.0,34.058772731852805,27.16615541441225,16.15549442140351,8.54400374531753,12.041594578792296,18.35755975068582,23.769728648009426,29.120439557122072,24.515301344262525,19.1049731745428,12.165525060596439,5.0,13.0,24.331050121192877,34.058772731852805,37.48332962798263,30.01666203960727,25.317977802344327,20.615528128088304,14.7648230602334,8.06225774829855,13.601470508735444,25.298221281347036,32.7566787083184,33.13608305156178,24.08318915758459,12.083045973594572,6.082762530298219,13.92838827718412,22.20360331117452,26.019223662515376,676.6165827113609,639.2260945862582,660.6133513637157,518.6617394795957,86.70063436907483
