left_iris-362,left_iris-382,left_iris-381,left_iris-380,left_iris-374,left_iris-373,left_iris-390,left_iris-249,left_iris-263,left_iris-466,left_iris-388,left_iris-387,left_iris-386,left_iris-385,left_iris-384,left_iris-398,right_iris-133,right_iris-33,right_iris-7,right_iris-163,right_iris-144,right_iris-145,right_iris-153,right_iris-154,right_iris-155,right_iris-173,right_iris-157,right_iris-158,right_iris-159,right_iris-160,right_iris-161,right_iris-246,middle_left_right,center_edge_top_left,center_edge_top_right,center_edge_bottom_left,center_edge_bottom_right
32.38826948140329,28.635642126552707,22.135943621178654,14.212670403551895,10.0,14.142135623730951,17.88854381999832,21.18962010041709,24.331050121192877,22.090722034374522,18.0,12.36931687685298,5.385164807134504,10.295630140987,20.223748416156685,28.0178514522438,28.635642126552707,26.1725046566048,22.561028345356956,18.384776310850235,14.212670403551895,10.04987562112089,12.727922061357855,19.313207915827967,25.0,24.08318915758459,17.26267650163207,9.219544457292887,7.615773105863909,14.560219778561036,20.024984394500787,24.020824298928627,724.989655098609,664.0858378252017,701.719317106206,570.6224671356711,71.0
