left_iris-362,left_iris-382,left_iris-381,left_iris-380,left_iris-374,left_iris-373,left_iris-390,left_iris-249,left_iris-263,left_iris-466,left_iris-388,left_iris-387,left_iris-386,left_iris-385,left_iris-384,left_iris-398,right_iris-133,right_iris-33,right_iris-7,right_iris-163,right_iris-144,right_iris-145,right_iris-153,right_iris-154,right_iris-155,right_iris-173,right_iris-157,right_iris-158,right_iris-159,right_iris-160,right_iris-161,right_iris-246,middle_left_right,center_edge_top_left,center_edge_top_right,center_edge_bottom_left,center_edge_bottom_right
27.018512172212592,24.0,18.027756377319946,10.770329614269007,5.385164807134504,8.48528137423857,13.416407864998739,16.15549442140351,18.681541692269406,16.278820596099706,14.035668847618199,9.055385138137417,4.123105625617661,9.433981132056603,17.46424919657298,23.194827009486403,27.65863337187866,18.027756377319946,15.033296378372908,11.40175425099138,6.4031242374328485,6.708203932499369,12.529964086141668,19.924858845171276,24.73863375370596,24.331050121192877,18.027756377319946,10.198039027185569,4.242640687119285,6.708203932499369,12.165525060596439,15.132745950421556,739.8925597679706,671.6703060281882,714.3815507136225,587.6572130077193,60.40695324215582
