left_iris-362,left_iris-382,left_iris-381,left_iris-380,left_iris-374,left_iris-373,left_iris-390,left_iris-249,left_iris-263,left_iris-466,left_iris-388,left_iris-387,left_iris-386,left_iris-385,left_iris-384,left_iris-398,right_iris-133,right_iris-33,right_iris-7,right_iris-163,right_iris-144,right_iris-145,right_iris-153,right_iris-154,right_iris-155,right_iris-173,right_iris-157,right_iris-158,right_iris-159,right_iris-160,right_iris-161,right_iris-246,middle_left_right,center_edge_top_left,center_edge_top_right,center_edge_bottom_left,center_edge_bottom_right
28.0,25.079872407968907,19.6468827043885,12.806248474865697,11.0,15.620499351813308,20.248456731316587,22.847319317591726,26.68332812825267,24.331050121192877,21.02379604162864,15.297058540778355,7.810249675906654,8.602325267042627,17.08800749063506,24.08318915758459,31.32091952673165,30.14962686336267,26.019223662515376,21.213203435596427,16.15549442140351,9.848857801796104,12.206555615733702,20.12461179749811,27.51363298439521,27.459060435491963,19.026297590440446,9.433981132056603,8.246211251235321,16.1245154965971,21.840329667841555,26.476404589747453,672.5213751249844,635.1259717567847,656.494478270762,514.5726382154419,74.14849964766651
