left_iris-362,left_iris-382,left_iris-381,left_iris-380,left_iris-374,left_iris-373,left_iris-390,left_iris-249,left_iris-263,left_iris-466,left_iris-388,left_iris-387,left_iris-386,left_iris-385,left_iris-384,left_iris-398,right_iris-133,right_iris-33,right_iris-7,right_iris-163,right_iris-144,right_iris-145,right_iris-153,right_iris-154,right_iris-155,right_iris-173,right_iris-157,right_iris-158,right_iris-159,right_iris-160,right_iris-161,right_iris-246,middle_left_right,center_edge_top_left,center_edge_top_right,center_edge_bottom_left,center_edge_bottom_right
28.861739379323623,26.248809496813376,19.697715603592208,13.45362404707371,11.045361017187261,14.866068747318506,19.313207915827967,22.561028345356956,26.019223662515376,23.021728866442675,20.223748416156685,15.231546211727817,8.54400374531753,9.899494936611665,17.26267650163207,25.179356624028344,30.4138126514911,32.01562118716424,27.294688127912362,21.840329667841555,16.1245154965971,9.486832980505138,12.041594578792296,20.248456731316587,26.68332812825267,26.019223662515376,18.439088914585774,9.219544457292887,9.433981132056603,17.08800749063506,23.194827009486403,28.0178514522438,752.6287265312161,677.9749257900324,725.1551558114994,602.7022482121665,78.0
