left_iris-362,left_iris-382,left_iris-381,left_iris-380,left_iris-374,left_iris-373,left_iris-390,left_iris-249,left_iris-263,left_iris-466,left_iris-388,left_iris-387,left_iris-386,left_iris-385,left_iris-384,left_iris-398,right_iris-133,right_iris-33,right_iris-7,right_iris-163,right_iris-144,right_iris-145,right_iris-153,right_iris-154,right_iris-155,right_iris-173,right_iris-157,right_iris-158,right_iris-159,right_iris-160,right_iris-161,right_iris-246,middle_left_right,center_edge_top_left,center_edge_top_right,center_edge_bottom_left,center_edge_bottom_right
25.96150997149434,23.40939982143925,18.35755975068582,11.661903789690601,11.40175425099138,16.401219466856727,20.615528128088304,23.53720459187964,27.073972741361768,24.0,21.095023109728988,15.811388300841896,8.48528137423857,7.211102550927978,14.142135623730951,22.20360331117452,26.476404589747453,22.090722034374522,19.6468827043885,16.15549442140351,12.806248474865697,9.055385138137417,11.313708498984761,18.384776310850235,23.769728648009426,23.08679276123039,16.1245154965971,7.810249675906654,6.708203932499369,12.649110640673518,17.11724276862369,20.0,780.8412130516678,725.6810594193568,759.6137176223189,624.8303769824255,66.0
