left_iris-362,left_iris-382,left_iris-381,left_iris-380,left_iris-374,left_iris-373,left_iris-390,left_iris-249,left_iris-263,left_iris-466,left_iris-388,left_iris-387,left_iris-386,left_iris-385,left_iris-384,left_iris-398,right_iris-133,right_iris-33,right_iris-7,right_iris-163,right_iris-144,right_iris-145,right_iris-153,right_iris-154,right_iris-155,right_iris-173,right_iris-157,right_iris-158,right_iris-159,right_iris-160,right_iris-161,right_iris-246,middle_left_right,center_edge_top_left,center_edge_top_right,center_edge_bottom_left,center_edge_bottom_right
32.89376840679705,28.635642126552707,21.633307652783937,14.7648230602334,13.601470508735444,18.027756377319946,24.041630560342615,27.294688127912362,32.0,28.160255680657446,24.515301344262525,18.788294228055936,9.433981132056603,9.219544457292887,18.027756377319946,27.65863337187866,31.575306807693888,28.160255680657446,25.0,21.02379604162864,16.278820596099706,12.165525060596439,14.212670403551895,21.93171219946131,27.892651361962706,27.073972741361768,18.439088914585774,9.219544457292887,9.433981132056603,16.76305461424021,22.090722034374522,26.019223662515376,699.4883844639595,644.8131512306492,678.0737423024136,543.7683330242761,79.1580697086532
