left_iris-362,left_iris-382,left_iris-381,left_iris-380,left_iris-374,left_iris-373,left_iris-390,left_iris-249,left_iris-263,left_iris-466,left_iris-388,left_iris-387,left_iris-386,left_iris-385,left_iris-384,left_iris-398,right_iris-133,right_iris-33,right_iris-7,right_iris-163,right_iris-144,right_iris-145,right_iris-153,right_iris-154,right_iris-155,right_iris-173,right_iris-157,right_iris-158,right_iris-159,right_iris-160,right_iris-161,right_iris-246,middle_left_right,center_edge_top_left,center_edge_top_right,center_edge_bottom_left,center_edge_bottom_right
23.769728648009426,21.840329667841555,17.46424919657298,11.313708498984761,9.055385138137417,11.40175425099138,16.15549442140351,18.24828759089466,22.02271554554524,20.024984394500787,16.1245154965971,11.704699910719626,5.830951894845301,7.810249675906654,14.142135623730951,20.223748416156685,26.076809620810597,20.223748416156685,16.76305461424021,13.892443989449804,10.0,8.246211251235321,12.529964086141668,19.4164878389476,24.186773244895647,23.021728866442675,16.492422502470642,9.219544457292887,6.324555320336759,10.770329614269007,15.033296378372908,18.027756377319946,695.2934632225446,619.3004117550706,667.1828834734896,546.5647262676215,61.07372593840988
