left_iris-362,left_iris-382,left_iris-381,left_iris-380,left_iris-374,left_iris-373,left_iris-390,left_iris-249,left_iris-263,left_iris-466,left_iris-388,left_iris-387,left_iris-386,left_iris-385,left_iris-384,left_iris-398,right_iris-133,right_iris-33,right_iris-7,right_iris-163,right_iris-144,right_iris-145,right_iris-153,right_iris-154,right_iris-155,right_iris-173,right_iris-157,right_iris-158,right_iris-159,right_iris-160,right_iris-161,right_iris-246,middle_left_right,center_edge_top_left,center_edge_top_right,center_edge_bottom_left,center_edge_bottom_right
32.7566787083184,30.083217912982647,23.259406699226016,15.811388300841896,14.560219778561036,20.0,26.570660511172846,30.4138126514911,35.014282800023196,32.01562118716424,28.284271247461902,21.18962010041709,12.041594578792296,10.295630140987,18.681541692269406,28.071337695236398,35.90264614203248,32.0624390837628,28.861739379323623,25.079872407968907,19.849433241279208,14.142135623730951,17.029386365926403,25.079872407968907,32.28002478313795,31.144823004794873,21.213203435596427,10.63014581273465,10.816653826391969,19.924858845171276,26.1725046566048,30.0,650.1115288933123,580.9001635393125,623.8950232210544,499.14426772226886,81.00617260431454
