left_iris-362,left_iris-382,left_iris-381,left_iris-380,left_iris-374,left_iris-373,left_iris-390,left_iris-249,left_iris-263,left_iris-466,left_iris-388,left_iris-387,left_iris-386,left_iris-385,left_iris-384,left_iris-398,right_iris-133,right_iris-33,right_iris-7,right_iris-163,right_iris-144,right_iris-145,right_iris-153,right_iris-154,right_iris-155,right_iris-173,right_iris-157,right_iris-158,right_iris-159,right_iris-160,right_iris-161,right_iris-246,middle_left_right,center_edge_top_left,center_edge_top_right,center_edge_bottom_left,center_edge_bottom_right
31.953090617340916,29.546573405388315,22.47220505424423,15.652475842498529,14.866068747318506,21.095023109728988,26.92582403567252,31.144823004794873,37.12142238654117,33.24154027718932,28.861739379323623,22.847319317591726,13.601470508735444,10.295630140987,18.24828759089466,27.65863337187866,32.38826948140329,28.160255680657446,25.298221281347036,21.095023109728988,17.204650534085253,13.038404810405298,16.278820596099706,24.041630560342615,29.614185789921695,28.0178514522438,18.973665961010276,11.661903789690601,12.206555615733702,19.313207915827967,24.186773244895647,27.0,662.6499830227116,581.3819742647686,632.7756316420537,516.9187557053816,78.5175139698144
