left_iris-362,left_iris-382,left_iris-381,left_iris-380,left_iris-374,left_iris-373,left_iris-390,left_iris-249,left_iris-263,left_iris-466,left_iris-388,left_iris-387,left_iris-386,left_iris-385,left_iris-384,left_iris-398,right_iris-133,right_iris-33,right_iris-7,right_iris-163,right_iris-144,right_iris-145,right_iris-153,right_iris-154,right_iris-155,right_iris-173,right_iris-157,right_iris-158,right_iris-159,right_iris-160,right_iris-161,right_iris-246,middle_left_right,center_edge_top_left,center_edge_top_right,center_edge_bottom_left,center_edge_bottom_right
37.21558813185679,33.54101966249684,25.298221281347036,15.556349186104045,13.152946437965905,19.209372712298546,26.0,30.083217912982647,34.23448553724738,31.016124838541646,26.1725046566048,19.313207915827967,11.180339887498949,12.041594578792296,22.80350850198276,33.0,39.319206502675,32.14031735997639,27.65863337187866,23.40939982143925,18.027756377319946,11.180339887498949,14.866068747318506,26.248809496813376,34.52535300326414,34.0147027033899,24.515301344262525,12.806248474865697,9.848857801796104,18.384776310850235,25.179356624028344,29.0,772.8680353074515,713.1093885232475,750.1499850029993,617.9198977213795,89.00561780022652
