left_iris-362,left_iris-382,left_iris-381,left_iris-380,left_iris-374,left_iris-373,left_iris-390,left_iris-249,left_iris-263,left_iris-466,left_iris-388,left_iris-387,left_iris-386,left_iris-385,left_iris-384,left_iris-398,right_iris-133,right_iris-33,right_iris-7,right_iris-163,right_iris-144,right_iris-145,right_iris-153,right_iris-154,right_iris-155,right_iris-173,right_iris-157,right_iris-158,right_iris-159,right_iris-160,right_iris-161,right_iris-246,middle_left_right,center_edge_top_left,center_edge_top_right,center_edge_bottom_left,center_edge_bottom_right
33.24154027718932,30.675723300355934,23.706539182259394,15.264337522473747,13.92838827718412,20.248456731316587,25.709920264364882,30.066592756745816,34.132096331752024,31.400636936215164,27.892651361962706,21.93171219946131,12.806248474865697,10.816653826391969,19.4164878389476,28.284271247461902,36.49657518178932,31.064449134018133,26.92582403567252,22.360679774997898,16.278820596099706,13.038404810405298,17.804493814764857,27.202941017470888,33.734255586866,31.016124838541646,21.840329667841555,12.206555615733702,11.661903789690601,19.313207915827967,25.317977802344327,29.017236257093817,701.655185971001,621.6268977449415,672.3243264972642,554.7251571724506,77.64663547121665
