left_iris-362,left_iris-382,left_iris-381,left_iris-380,left_iris-374,left_iris-373,left_iris-390,left_iris-249,left_iris-263,left_iris-466,left_iris-388,left_iris-387,left_iris-386,left_iris-385,left_iris-384,left_iris-398,right_iris-133,right_iris-33,right_iris-7,right_iris-163,right_iris-144,right_iris-145,right_iris-153,right_iris-154,right_iris-155,right_iris-173,right_iris-157,right_iris-158,right_iris-159,right_iris-160,right_iris-161,right_iris-246,middle_left_right,center_edge_top_left,center_edge_top_right,center_edge_bottom_left,center_edge_bottom_right
27.018512172212592,24.0,18.110770276274835,10.770329614269007,6.324555320336759,9.899494936611665,13.416407864998739,17.08800749063506,20.396078054371138,17.26267650163207,14.035668847618199,9.055385138137417,4.123105625617661,9.433981132056603,17.72004514666935,23.194827009486403,27.16615541441225,30.066592756745816,25.0,21.095023109728988,14.560219778561036,6.4031242374328485,8.602325267042627,17.46424919657298,24.331050121192877,24.020824298928627,16.1245154965971,6.4031242374328485,7.0710678118654755,15.524174696260024,22.20360331117452,26.1725046566048,729.2002468458167,650.256103393117,700.3092174175633,581.4060543200424,65.62011886609167
