left_iris-362,left_iris-382,left_iris-381,left_iris-380,left_iris-374,left_iris-373,left_iris-390,left_iris-249,left_iris-263,left_iris-466,left_iris-388,left_iris-387,left_iris-386,left_iris-385,left_iris-384,left_iris-398,right_iris-133,right_iris-33,right_iris-7,right_iris-163,right_iris-144,right_iris-145,right_iris-153,right_iris-154,right_iris-155,right_iris-173,right_iris-157,right_iris-158,right_iris-159,right_iris-160,right_iris-161,right_iris-246,middle_left_right,center_edge_top_left,center_edge_top_right,center_edge_bottom_left,center_edge_bottom_right
28.284271247461902,24.73863375370596,19.313207915827967,12.727922061357855,9.055385138137417,13.601470508735444,18.384776310850235,22.80350850198276,27.16615541441225,23.021728866442675,18.027756377319946,11.40175425099138,4.123105625617661,8.54400374531753,17.029386365926403,25.079872407968907,28.160255680657446,21.37755832643195,18.027756377319946,13.892443989449804,10.0,8.06225774829855,12.649110640673518,20.024984394500787,25.019992006393608,25.495097567963924,19.924858845171276,12.206555615733702,6.082762530298219,8.94427190999916,14.035668847618199,18.110770276274835,721.3910174101144,666.4870591391854,700.0035714194607,565.6014497859778,82.38931969618392
