left_iris-362,left_iris-382,left_iris-381,left_iris-380,left_iris-374,left_iris-373,left_iris-390,left_iris-249,left_iris-263,left_iris-466,left_iris-388,left_iris-387,left_iris-386,left_iris-385,left_iris-384,left_iris-398,right_iris-133,right_iris-33,right_iris-7,right_iris-163,right_iris-144,right_iris-145,right_iris-153,right_iris-154,right_iris-155,right_iris-173,right_iris-157,right_iris-158,right_iris-159,right_iris-160,right_iris-161,right_iris-246,middle_left_right,center_edge_top_left,center_edge_top_right,center_edge_bottom_left,center_edge_bottom_right
28.160255680657446,25.317977802344327,19.6468827043885,11.40175425099138,8.0,12.206555615733702,16.76305461424021,20.223748416156685,24.0,22.02271554554524,18.24828759089466,13.0,6.708203932499369,8.602325267042627,17.26267650163207,25.019992006393608,33.37663853655727,28.0178514522438,23.08679276123039,18.439088914585774,12.529964086141668,8.0,13.038404810405298,22.80350850198276,29.614185789921695,29.068883707497267,21.095023109728988,11.180339887498949,6.082762530298219,13.0,20.223748416156685,24.08318915758459,701.2938043359574,646.3072024973883,679.788937832913,545.6308275748356,70.0
