left_iris-362,left_iris-382,left_iris-381,left_iris-380,left_iris-374,left_iris-373,left_iris-390,left_iris-249,left_iris-263,left_iris-466,left_iris-388,left_iris-387,left_iris-386,left_iris-385,left_iris-384,left_iris-398,right_iris-133,right_iris-33,right_iris-7,right_iris-163,right_iris-144,right_iris-145,right_iris-153,right_iris-154,right_iris-155,right_iris-173,right_iris-157,right_iris-158,right_iris-159,right_iris-160,right_iris-161,right_iris-246,middle_left_right,center_edge_top_left,center_edge_top_right,center_edge_bottom_left,center_edge_bottom_right
34.92849839314596,31.32091952673165,25.079872407968907,15.620499351813308,13.341664064126334,18.601075237738275,24.041630560342615,28.284271247461902,32.0624390837628,30.14962686336267,26.476404589747453,20.615528128088304,11.40175425099138,10.0,20.396078054371138,29.154759474226502,36.6742416417845,33.015148038438355,27.65863337187866,23.769728648009426,17.69180601295413,13.0,16.278820596099706,25.632011235952593,32.984845004941285,31.144823004794873,21.37755832643195,10.63014581273465,10.63014581273465,19.924858845171276,26.1725046566048,30.0,728.8298841293488,651.2242317358899,700.3520543269649,580.4248444027875,76.23647421018367
