left_iris-362,left_iris-382,left_iris-381,left_iris-380,left_iris-374,left_iris-373,left_iris-390,left_iris-249,left_iris-263,left_iris-466,left_iris-388,left_iris-387,left_iris-386,left_iris-385,left_iris-384,left_iris-398,right_iris-133,right_iris-33,right_iris-7,right_iris-163,right_iris-144,right_iris-145,right_iris-153,right_iris-154,right_iris-155,right_iris-173,right_iris-157,right_iris-158,right_iris-159,right_iris-160,right_iris-161,right_iris-246,middle_left_right,center_edge_top_left,center_edge_top_right,center_edge_bottom_left,center_edge_bottom_right
32.31098884280702,29.068883707497267,21.400934559032695,14.317821063276353,14.7648230602334,21.470910553583888,26.68332812825267,32.14031735997639,36.05551275463989,32.2490309931942,27.892651361962706,21.470910553583888,12.529964086141668,11.40175425099138,19.1049731745428,27.65863337187866,29.017236257093817,30.4138126514911,27.51363298439521,24.186773244895647,19.1049731745428,13.341664064126334,13.601470508735444,19.924858845171276,26.30589287593181,25.179356624028344,18.35755975068582,12.649110640673518,14.422205101855956,20.615528128088304,25.079872407968907,28.071337695236398,748.0568160240236,672.4499981411258,720.2700882307969,598.572468461422,89.80534505250787
