left_iris-362,left_iris-382,left_iris-381,left_iris-380,left_iris-374,left_iris-373,left_iris-390,left_iris-249,left_iris-263,left_iris-466,left_iris-388,left_iris-387,left_iris-386,left_iris-385,left_iris-384,left_iris-398,right_iris-133,right_iris-33,right_iris-7,right_iris-163,right_iris-144,right_iris-145,right_iris-153,right_iris-154,right_iris-155,right_iris-173,right_iris-157,right_iris-158,right_iris-159,right_iris-160,right_iris-161,right_iris-246,middle_left_right,center_edge_top_left,center_edge_top_right,center_edge_bottom_left,center_edge_bottom_right
24.041630560342615,21.540659228538015,17.0,11.40175425099138,9.055385138137417,12.806248474865697,17.08800749063506,20.396078054371138,24.020824298928627,21.0,18.110770276274835,13.601470508735444,6.4031242374328485,6.4031242374328485,14.035668847618199,20.396078054371138,26.1725046566048,20.223748416156685,17.72004514666935,14.7648230602334,11.40175425099138,9.219544457292887,12.206555615733702,18.681541692269406,23.345235059857504,22.0,16.278820596099706,8.602325267042627,5.385164807134504,11.40175425099138,16.0312195418814,18.027756377319946,698.8082712733158,619.8653079500417,669.800716631447,551.3918751668363,58.077534382926416
