left_iris-362,left_iris-382,left_iris-381,left_iris-380,left_iris-374,left_iris-373,left_iris-390,left_iris-249,left_iris-263,left_iris-466,left_iris-388,left_iris-387,left_iris-386,left_iris-385,left_iris-384,left_iris-398,right_iris-133,right_iris-33,right_iris-7,right_iris-163,right_iris-144,right_iris-145,right_iris-153,right_iris-154,right_iris-155,right_iris-173,right_iris-157,right_iris-158,right_iris-159,right_iris-160,right_iris-161,right_iris-246,middle_left_right,center_edge_top_left,center_edge_top_right,center_edge_bottom_left,center_edge_bottom_right
28.0178514522438,25.019992006393608,19.1049731745428,10.770329614269007,5.0990195135927845,10.295630140987,16.76305461424021,21.587033144922902,26.30589287593181,22.090722034374522,18.0,11.40175425099138,5.0990195135927845,9.433981132056603,18.681541692269406,25.179356624028344,26.076809620810597,27.892651361962706,23.40939982143925,19.313207915827967,13.038404810405298,6.082762530298219,8.94427190999916,17.029386365926403,23.021728866442675,23.345235059857504,16.492422502470642,7.211102550927978,4.242640687119285,12.0,19.235384061671343,23.53720459187964,607.1457815055624,560.9153233777804,587.8996513011383,450.3620765561861,78.16009211867653
