left_iris-362,left_iris-382,left_iris-381,left_iris-380,left_iris-374,left_iris-373,left_iris-390,left_iris-249,left_iris-263,left_iris-466,left_iris-388,left_iris-387,left_iris-386,left_iris-385,left_iris-384,left_iris-398,right_iris-133,right_iris-33,right_iris-7,right_iris-163,right_iris-144,right_iris-145,right_iris-153,right_iris-154,right_iris-155,right_iris-173,right_iris-157,right_iris-158,right_iris-159,right_iris-160,right_iris-161,right_iris-246,middle_left_right,center_edge_top_left,center_edge_top_right,center_edge_bottom_left,center_edge_bottom_right
44.04543109109048,39.20459156782532,31.575306807693888,21.02379604162864,13.038404810405298,12.083045973594572,15.811388300841896,20.248456731316587,24.331050121192877,20.024984394500787,16.1245154965971,10.816653826391969,8.54400374531753,17.88854381999832,29.427877939124322,39.01281840626232,31.400636936215164,36.124783736376884,32.55764119219941,28.160255680657446,22.360679774997898,13.601470508735444,12.083045973594572,19.235384061671343,26.92582403567252,26.0,18.973665961010276,12.083045973594572,14.422205101855956,22.847319317591726,29.274562336608895,33.015148038438355,702.4677928560142,635.1857995893799,677.0974819034553,550.2372215690248,78.02563681252464
