left_iris-362,left_iris-382,left_iris-381,left_iris-380,left_iris-374,left_iris-373,left_iris-390,left_iris-249,left_iris-263,left_iris-466,left_iris-388,left_iris-387,left_iris-386,left_iris-385,left_iris-384,left_iris-398,right_iris-133,right_iris-33,right_iris-7,right_iris-163,right_iris-144,right_iris-145,right_iris-153,right_iris-154,right_iris-155,right_iris-173,right_iris-157,right_iris-158,right_iris-159,right_iris-160,right_iris-161,right_iris-246,middle_left_right,center_edge_top_left,center_edge_top_right,center_edge_bottom_left,center_edge_bottom_right
31.575306807693888,27.892651361962706,22.47220505424423,14.866068747318506,11.045361017187261,14.142135623730951,18.788294228055936,22.561028345356956,27.018512172212592,24.020824298928627,20.223748416156685,13.92838827718412,7.615773105863909,10.0,19.235384061671343,27.073972741361768,31.78049716414141,30.0,25.495097567963924,21.540659228538015,17.029386365926403,13.038404810405298,16.278820596099706,22.847319317591726,29.120439557122072,27.16615541441225,19.4164878389476,10.63014581273465,10.295630140987,18.384776310850235,23.345235059857504,27.073972741361768,659.17524225353,614.6641359311603,640.7901372524393,501.90835816909845,79.00632886041473
