left_iris-362,left_iris-382,left_iris-381,left_iris-380,left_iris-374,left_iris-373,left_iris-390,left_iris-249,left_iris-263,left_iris-466,left_iris-388,left_iris-387,left_iris-386,left_iris-385,left_iris-384,left_iris-398,right_iris-133,right_iris-33,right_iris-7,right_iris-163,right_iris-144,right_iris-145,right_iris-153,right_iris-154,right_iris-155,right_iris-173,right_iris-157,right_iris-158,right_iris-159,right_iris-160,right_iris-161,right_iris-246,middle_left_right,center_edge_top_left,center_edge_top_right,center_edge_bottom_left,center_edge_bottom_right
27.018512172212592,24.186773244895647,18.681541692269406,12.727922061357855,11.045361017187261,16.278820596099706,21.633307652783937,25.079872407968907,27.892651361962706,25.317977802344327,22.02271554554524,17.26267650163207,9.899494936611665,8.94427190999916,16.15549442140351,23.08679276123039,31.622776601683793,30.265491900843113,26.019223662515376,22.20360331117452,16.15549442140351,9.848857801796104,13.038404810405298,20.591260281974,27.85677655436824,27.459060435491963,20.024984394500787,11.40175425099138,10.198039027185569,17.204650534085253,23.40939982143925,27.65863337187866,671.2324485601094,633.9976340649861,655.25033384196,513.2767284808459,75.95393340703298
