left_iris-362,left_iris-382,left_iris-381,left_iris-380,left_iris-374,left_iris-373,left_iris-390,left_iris-249,left_iris-263,left_iris-466,left_iris-388,left_iris-387,left_iris-386,left_iris-385,left_iris-384,left_iris-398,right_iris-133,right_iris-33,right_iris-7,right_iris-163,right_iris-144,right_iris-145,right_iris-153,right_iris-154,right_iris-155,right_iris-173,right_iris-157,right_iris-158,right_iris-159,right_iris-160,right_iris-161,right_iris-246,middle_left_right,center_edge_top_left,center_edge_top_right,center_edge_bottom_left,center_edge_bottom_right
32.7566787083184,30.083217912982647,23.40939982143925,14.866068747318506,11.0,14.866068747318506,20.248456731316587,24.186773244895647,28.071337695236398,26.1725046566048,22.561028345356956,17.88854381999832,9.848857801796104,11.313708498984761,20.223748416156685,28.160255680657446,31.78049716414141,30.14962686336267,25.079872407968907,20.615528128088304,15.264337522473747,10.198039027185569,12.727922061357855,21.540659228538015,27.892651361962706,27.16615541441225,18.24828759089466,9.219544457292887,10.0,18.384776310850235,24.515301344262525,27.294688127912362,796.631031281107,731.8613256621776,772.4124545862786,642.9004588581346,79.02531240052139
