left_iris-362,left_iris-382,left_iris-381,left_iris-380,left_iris-374,left_iris-373,left_iris-390,left_iris-249,left_iris-263,left_iris-466,left_iris-388,left_iris-387,left_iris-386,left_iris-385,left_iris-384,left_iris-398,right_iris-133,right_iris-33,right_iris-7,right_iris-163,right_iris-144,right_iris-145,right_iris-153,right_iris-154,right_iris-155,right_iris-173,right_iris-157,right_iris-158,right_iris-159,right_iris-160,right_iris-161,right_iris-246,middle_left_right,center_edge_top_left,center_edge_top_right,center_edge_bottom_left,center_edge_bottom_right
38.0,35.014282800023196,29.274562336608895,20.12461179749811,14.317821063276353,15.231546211727817,17.69180601295413,20.591260281974,23.53720459187964,22.20360331117452,20.0,15.524174696260024,8.94427190999916,14.142135623730951,24.351591323771842,33.13608305156178,40.718546143004666,31.25699921617557,25.079872407968907,19.924858845171276,14.866068747318506,14.035668847618199,19.849433241279208,30.528675044947494,37.57658845611187,35.73513677041127,26.076809620810597,13.92838827718412,8.06225774829855,15.264337522473747,22.135943621178654,26.476404589747453,822.0656908057896,749.3276986739513,795.4193862359655,670.8144303754951,74.67261881037788
