left_iris-362,left_iris-382,left_iris-381,left_iris-380,left_iris-374,left_iris-373,left_iris-390,left_iris-249,left_iris-263,left_iris-466,left_iris-388,left_iris-387,left_iris-386,left_iris-385,left_iris-384,left_iris-398,right_iris-133,right_iris-33,right_iris-7,right_iris-163,right_iris-144,right_iris-145,right_iris-153,right_iris-154,right_iris-155,right_iris-173,right_iris-157,right_iris-158,right_iris-159,right_iris-160,right_iris-161,right_iris-246,middle_left_right,center_edge_top_left,center_edge_top_right,center_edge_bottom_left,center_edge_bottom_right
26.076809620810597,22.0,16.1245154965971,9.433981132056603,7.0710678118654755,12.806248474865697,17.46424919657298,20.8806130178211,23.53720459187964,21.213203435596427,18.027756377319946,12.165525060596439,5.830951894845301,8.48528137423857,16.15549442140351,22.360679774997898,31.575306807693888,26.076809620810597,21.02379604162864,17.26267650163207,11.180339887498949,7.0,12.806248474865697,21.18962010041709,27.892651361962706,27.16615541441225,20.0,10.44030650891055,5.0,11.180339887498949,17.46424919657298,22.20360331117452,736.2295837576754,656.0746908698734,706.9893917167358,588.9261413793754,64.4980619863884
