left_iris-362,left_iris-382,left_iris-381,left_iris-380,left_iris-374,left_iris-373,left_iris-390,left_iris-249,left_iris-263,left_iris-466,left_iris-388,left_iris-387,left_iris-386,left_iris-385,left_iris-384,left_iris-398,right_iris-133,right_iris-33,right_iris-7,right_iris-163,right_iris-144,right_iris-145,right_iris-153,right_iris-154,right_iris-155,right_iris-173,right_iris-157,right_iris-158,right_iris-159,right_iris-160,right_iris-161,right_iris-246,middle_left_right,center_edge_top_left,center_edge_top_right,center_edge_bottom_left,center_edge_bottom_right
33.13608305156178,30.265491900843113,23.345235059857504,15.652475842498529,8.94427190999916,11.40175425099138,16.1245154965971,21.18962010041709,25.317977802344327,22.090722034374522,19.0,12.36931687685298,5.385164807134504,10.816653826391969,20.396078054371138,28.0,29.427877939124322,28.071337695236398,23.345235059857504,18.681541692269406,12.529964086141668,7.0710678118654755,12.206555615733702,20.8806130178211,26.68332812825267,26.076809620810597,18.110770276274835,8.602325267042627,7.211102550927978,14.560219778561036,21.095023109728988,25.0,673.5131773024192,621.8681532286406,652.9318494299386,517.3200170107474,81.02468759581859
