left_iris-362,left_iris-382,left_iris-381,left_iris-380,left_iris-374,left_iris-373,left_iris-390,left_iris-249,left_iris-263,left_iris-466,left_iris-388,left_iris-387,left_iris-386,left_iris-385,left_iris-384,left_iris-398,right_iris-133,right_iris-33,right_iris-7,right_iris-163,right_iris-144,right_iris-145,right_iris-153,right_iris-154,right_iris-155,right_iris-173,right_iris-157,right_iris-158,right_iris-159,right_iris-160,right_iris-161,right_iris-246,middle_left_right,center_edge_top_left,center_edge_top_right,center_edge_bottom_left,center_edge_bottom_right
32.01562118716424,29.154759474226502,22.561028345356956,14.7648230602334,9.486832980505138,12.206555615733702,17.204650534085253,21.02379604162864,24.73863375370596,22.360679774997898,18.027756377319946,12.36931687685298,6.324555320336759,11.40175425099138,20.615528128088304,28.0178514522438,32.28002478313795,33.37663853655727,29.017236257093817,24.020824298928627,17.72004514666935,9.433981132056603,11.40175425099138,20.591260281974,27.85677655436824,27.459060435491963,19.026297590440446,9.219544457292887,8.94427190999916,17.88854381999832,25.0,29.614185789921695,741.6549062738006,684.6546574733864,719.688821644466,586.2183893396726,78.44743462982075
