left_iris-362,left_iris-382,left_iris-381,left_iris-380,left_iris-374,left_iris-373,left_iris-390,left_iris-249,left_iris-263,left_iris-466,left_iris-388,left_iris-387,left_iris-386,left_iris-385,left_iris-384,left_iris-398,right_iris-133,right_iris-33,right_iris-7,right_iris-163,right_iris-144,right_iris-145,right_iris-153,right_iris-154,right_iris-155,right_iris-173,right_iris-157,right_iris-158,right_iris-159,right_iris-160,right_iris-161,right_iris-246,middle_left_right,center_edge_top_left,center_edge_top_right,center_edge_bottom_left,center_edge_bottom_right
35.35533905932738,31.78049716414141,24.351591323771842,16.278820596099706,14.0,17.69180601295413,22.825424421026653,26.248809496813376,29.154759474226502,27.0,23.345235059857504,18.788294228055936,12.083045973594572,12.806248474865697,21.840329667841555,31.0,40.607881008493905,34.058772731852805,29.614185789921695,25.298221281347036,18.601075237738275,13.152946437965905,16.97056274847714,26.92582403567252,35.90264614203248,35.05709628591621,25.495097567963924,14.142135623730951,11.704699910719626,18.788294228055936,26.30589287593181,30.01666203960727,783.5617397499702,723.8570300825986,760.9001248521386,628.5451455543985,87.14355971613737
