left_iris-362,left_iris-382,left_iris-381,left_iris-380,left_iris-374,left_iris-373,left_iris-390,left_iris-249,left_iris-263,left_iris-466,left_iris-388,left_iris-387,left_iris-386,left_iris-385,left_iris-384,left_iris-398,right_iris-133,right_iris-33,right_iris-7,right_iris-163,right_iris-144,right_iris-145,right_iris-153,right_iris-154,right_iris-155,right_iris-173,right_iris-157,right_iris-158,right_iris-159,right_iris-160,right_iris-161,right_iris-246,middle_left_right,center_edge_top_left,center_edge_top_right,center_edge_bottom_left,center_edge_bottom_right
23.53720459187964,20.8806130178211,15.652475842498529,10.295630140987,9.486832980505138,14.422205101855956,18.384776310850235,21.587033144922902,25.079872407968907,22.0,19.1049731745428,13.601470508735444,6.4031242374328485,7.0710678118654755,14.142135623730951,20.09975124224178,24.0,19.235384061671343,15.811388300841896,13.038404810405298,10.0,8.06225774829855,10.816653826391969,17.26267650163207,22.090722034374522,22.090722034374522,16.492422502470642,8.602325267042627,5.0,8.54400374531753,13.038404810405298,16.0312195418814,697.5105733965615,632.3140042731934,672.7711349337158,544.6292316796813,59.033888572581766
