left_iris-362,left_iris-382,left_iris-381,left_iris-380,left_iris-374,left_iris-373,left_iris-390,left_iris-249,left_iris-263,left_iris-466,left_iris-388,left_iris-387,left_iris-386,left_iris-385,left_iris-384,left_iris-398,right_iris-133,right_iris-33,right_iris-7,right_iris-163,right_iris-144,right_iris-145,right_iris-153,right_iris-154,right_iris-155,right_iris-173,right_iris-157,right_iris-158,right_iris-159,right_iris-160,right_iris-161,right_iris-246,middle_left_right,center_edge_top_left,center_edge_top_right,center_edge_bottom_left,center_edge_bottom_right
34.0147027033899,31.064449134018133,25.179356624028344,17.08800749063506,10.0,9.848857801796104,14.212670403551895,17.88854381999832,21.587033144922902,18.24828759089466,15.033296378372908,10.44030650891055,6.0,11.661903789690601,21.587033144922902,30.01666203960727,27.892651361962706,31.064449134018133,26.30589287593181,22.561028345356956,15.652475842498529,8.94427190999916,10.63014581273465,18.788294228055936,24.351591323771842,23.194827009486403,16.1245154965971,7.810249675906654,8.48528137423857,17.72004514666935,24.08318915758459,28.0,699.9914285189498,652.754165057566,680.9464002401364,542.943827665441,77.31752712031083
