left_iris-362,left_iris-382,left_iris-381,left_iris-380,left_iris-374,left_iris-373,left_iris-390,left_iris-249,left_iris-263,left_iris-466,left_iris-388,left_iris-387,left_iris-386,left_iris-385,left_iris-384,left_iris-398,right_iris-133,right_iris-33,right_iris-7,right_iris-163,right_iris-144,right_iris-145,right_iris-153,right_iris-154,right_iris-155,right_iris-173,right_iris-157,right_iris-158,right_iris-159,right_iris-160,right_iris-161,right_iris-246,middle_left_right,center_edge_top_left,center_edge_top_right,center_edge_bottom_left,center_edge_bottom_right
36.05551275463989,32.14031735997639,25.495097567963924,14.7648230602334,9.055385138137417,15.0,21.18962010041709,26.476404589747453,32.0624390837628,28.0,24.186773244895647,17.08800749063506,8.94427190999916,12.041594578792296,22.80350850198276,31.016124838541646,33.734255586866,31.064449134018133,26.476404589747453,21.18962010041709,15.0,10.0,15.620499351813308,23.769728648009426,30.083217912982647,29.154759474226502,21.213203435596427,12.206555615733702,8.246211251235321,16.55294535724685,23.194827009486403,27.018512172212592,636.0416653018889,598.3719578990981,619.7168708369976,478.17256299373764,96.00520819205592
