left_iris-362,left_iris-382,left_iris-381,left_iris-380,left_iris-374,left_iris-373,left_iris-390,left_iris-249,left_iris-263,left_iris-466,left_iris-388,left_iris-387,left_iris-386,left_iris-385,left_iris-384,left_iris-398,right_iris-133,right_iris-33,right_iris-7,right_iris-163,right_iris-144,right_iris-145,right_iris-153,right_iris-154,right_iris-155,right_iris-173,right_iris-157,right_iris-158,right_iris-159,right_iris-160,right_iris-161,right_iris-246,middle_left_right,center_edge_top_left,center_edge_top_right,center_edge_bottom_left,center_edge_bottom_right
26.68332812825267,23.08679276123039,17.88854381999832,10.816653826391969,10.44030650891055,15.0,19.313207915827967,22.561028345356956,25.079872407968907,23.0,19.1049731745428,13.92838827718412,7.211102550927978,7.810249675906654,15.132745950421556,22.20360331117452,27.459060435491963,25.019992006393608,21.37755832643195,18.027756377319946,13.601470508735444,9.055385138137417,12.041594578792296,18.384776310850235,24.73863375370596,24.08318915758459,16.278820596099706,8.48528137423857,7.615773105863909,13.92838827718412,19.235384061671343,22.02271554554524,760.138145339385,693.2604128320036,735.1258395676213,607.2972912832726,68.06614430096654
