left_iris-362,left_iris-382,left_iris-381,left_iris-380,left_iris-374,left_iris-373,left_iris-390,left_iris-249,left_iris-263,left_iris-466,left_iris-388,left_iris-387,left_iris-386,left_iris-385,left_iris-384,left_iris-398,right_iris-133,right_iris-33,right_iris-7,right_iris-163,right_iris-144,right_iris-145,right_iris-153,right_iris-154,right_iris-155,right_iris-173,right_iris-157,right_iris-158,right_iris-159,right_iris-160,right_iris-161,right_iris-246,middle_left_right,center_edge_top_left,center_edge_top_right,center_edge_bottom_left,center_edge_bottom_right
31.25699921617557,27.459060435491963,22.80350850198276,14.7648230602334,8.94427190999916,9.433981132056603,13.038404810405298,17.08800749063506,21.37755832643195,17.029386365926403,13.038404810405298,7.211102550927978,5.830951894845301,12.649110640673518,21.095023109728988,28.0178514522438,26.1725046566048,23.08679276123039,19.4164878389476,15.811388300841896,11.661903789690601,7.0710678118654755,10.0,16.76305461424021,22.360679774997898,23.0,16.278820596099706,8.602325267042627,6.082762530298219,11.180339887498949,16.1245154965971,20.0,669.0388628472938,616.0462644964256,648.006944407234,513.1403316832541,69.18092222571191
