left_iris-362,left_iris-382,left_iris-381,left_iris-380,left_iris-374,left_iris-373,left_iris-390,left_iris-249,left_iris-263,left_iris-466,left_iris-388,left_iris-387,left_iris-386,left_iris-385,left_iris-384,left_iris-398,right_iris-133,right_iris-33,right_iris-7,right_iris-163,right_iris-144,right_iris-145,right_iris-153,right_iris-154,right_iris-155,right_iris-173,right_iris-157,right_iris-158,right_iris-159,right_iris-160,right_iris-161,right_iris-246,middle_left_right,center_edge_top_left,center_edge_top_right,center_edge_bottom_left,center_edge_bottom_right
30.14962686336267,26.019223662515376,20.024984394500787,12.529964086141668,9.055385138137417,14.212670403551895,18.027756377319946,21.02379604162864,23.08679276123039,21.37755832643195,18.027756377319946,12.165525060596439,6.324555320336759,11.40175425099138,20.248456731316587,26.68332812825267,41.10960958218893,28.160255680657446,23.08679276123039,17.72004514666935,12.727922061357855,12.36931687685298,19.849433241279208,29.966648127543394,36.40054944640259,37.107950630558946,28.160255680657446,16.1245154965971,7.0710678118654755,10.0,17.72004514666935,23.345235059857504,729.8355979259986,683.3447153523615,711.1680532757359,572.5906041841763,78.44743462982075
