left_iris-362,left_iris-382,left_iris-381,left_iris-380,left_iris-374,left_iris-373,left_iris-390,left_iris-249,left_iris-263,left_iris-466,left_iris-388,left_iris-387,left_iris-386,left_iris-385,left_iris-384,left_iris-398,right_iris-133,right_iris-33,right_iris-7,right_iris-163,right_iris-144,right_iris-145,right_iris-153,right_iris-154,right_iris-155,right_iris-173,right_iris-157,right_iris-158,right_iris-159,right_iris-160,right_iris-161,right_iris-246,middle_left_right,center_edge_top_left,center_edge_top_right,center_edge_bottom_left,center_edge_bottom_right
34.713109915419565,31.04834939252005,23.769728648009426,15.620499351813308,14.317821063276353,19.209372712298546,25.298221281347036,29.274562336608895,34.058772731852805,31.144823004794873,27.459060435491963,20.248456731316587,10.63014581273465,9.219544457292887,20.223748416156685,30.14962686336267,37.107950630558946,29.017236257093817,24.331050121192877,20.615528128088304,15.556349186104045,12.165525060596439,17.804493814764857,27.85677655436824,34.20526275297414,32.38826948140329,23.021728866442675,11.180339887498949,7.211102550927978,16.76305461424021,23.345235059857504,27.073972741361768,767.2268243485755,699.5262682701773,741.9818057068516,614.6031239751389,86.0
