left_iris-362,left_iris-382,left_iris-381,left_iris-380,left_iris-374,left_iris-373,left_iris-390,left_iris-249,left_iris-263,left_iris-466,left_iris-388,left_iris-387,left_iris-386,left_iris-385,left_iris-384,left_iris-398,right_iris-133,right_iris-33,right_iris-7,right_iris-163,right_iris-144,right_iris-145,right_iris-153,right_iris-154,right_iris-155,right_iris-173,right_iris-157,right_iris-158,right_iris-159,right_iris-160,right_iris-161,right_iris-246,middle_left_right,center_edge_top_left,center_edge_top_right,center_edge_bottom_left,center_edge_bottom_right
44.10215414239989,40.19950248448356,32.55764119219941,21.93171219946131,13.038404810405298,13.038404810405298,18.35755975068582,22.80350850198276,28.071337695236398,25.019992006393608,20.396078054371138,13.892443989449804,9.219544457292887,17.4928556845359,29.614185789921695,39.01281840626232,32.7566787083184,42.1070065428546,36.6742416417845,31.32091952673165,24.596747752497688,14.422205101855956,12.529964086141668,21.02379604162864,28.160255680657446,27.073972741361768,18.439088914585774,8.94427190999916,13.45362404707371,24.73863375370596,33.06055050963308,38.01315561749642,647.892738036166,608.0008223678649,630.9239256835962,490.1683384307885,94.00531899844816
