left_iris-362,left_iris-382,left_iris-381,left_iris-380,left_iris-374,left_iris-373,left_iris-390,left_iris-249,left_iris-263,left_iris-466,left_iris-388,left_iris-387,left_iris-386,left_iris-385,left_iris-384,left_iris-398,right_iris-133,right_iris-33,right_iris-7,right_iris-163,right_iris-144,right_iris-145,right_iris-153,right_iris-154,right_iris-155,right_iris-173,right_iris-157,right_iris-158,right_iris-159,right_iris-160,right_iris-161,right_iris-246,middle_left_right,center_edge_top_left,center_edge_top_right,center_edge_bottom_left,center_edge_bottom_right
27.018512172212592,23.194827009486403,17.46424919657298,10.63014581273465,8.246211251235321,13.038404810405298,18.027756377319946,21.587033144922902,25.079872407968907,22.02271554554524,19.026297590440446,13.341664064126334,6.4031242374328485,8.48528137423857,16.492422502470642,23.021728866442675,28.442925306655784,27.16615541441225,23.53720459187964,20.248456731316587,15.264337522473747,9.848857801796104,11.40175425099138,18.384776310850235,24.73863375370596,24.08318915758459,17.11724276862369,7.810249675906654,7.211102550927978,14.560219778561036,20.09975124224178,24.020824298928627,676.7939125021737,647.3407139984322,663.3626459185051,518.700298823897,67.06713054842886
