left_iris-362,left_iris-382,left_iris-381,left_iris-380,left_iris-374,left_iris-373,left_iris-390,left_iris-249,left_iris-263,left_iris-466,left_iris-388,left_iris-387,left_iris-386,left_iris-385,left_iris-384,left_iris-398,right_iris-133,right_iris-33,right_iris-7,right_iris-163,right_iris-144,right_iris-145,right_iris-153,right_iris-154,right_iris-155,right_iris-173,right_iris-157,right_iris-158,right_iris-159,right_iris-160,right_iris-161,right_iris-246,middle_left_right,center_edge_top_left,center_edge_top_right,center_edge_bottom_left,center_edge_bottom_right
38.3275357934736,34.785054261852174,26.832815729997478,18.439088914585774,14.035668847618199,18.439088914585774,23.769728648009426,27.65863337187866,32.0,28.160255680657446,24.73863375370596,18.867962264113206,12.36931687685298,14.866068747318506,24.186773244895647,33.24154027718932,28.442925306655784,40.11234224026316,35.90264614203248,31.953090617340916,25.553864678361276,17.4928556845359,13.341664064126334,18.027756377319946,24.041630560342615,23.021728866442675,16.1245154965971,13.038404810405298,17.69180601295413,26.570660511172846,32.2490309931942,36.0,831.286352588565,763.7650162189939,806.3107341465819,678.1865525060196,91.35097153287424
