left_iris-362,left_iris-382,left_iris-381,left_iris-380,left_iris-374,left_iris-373,left_iris-390,left_iris-249,left_iris-263,left_iris-466,left_iris-388,left_iris-387,left_iris-386,left_iris-385,left_iris-384,left_iris-398,right_iris-133,right_iris-33,right_iris-7,right_iris-163,right_iris-144,right_iris-145,right_iris-153,right_iris-154,right_iris-155,right_iris-173,right_iris-157,right_iris-158,right_iris-159,right_iris-160,right_iris-161,right_iris-246,middle_left_right,center_edge_top_left,center_edge_top_right,center_edge_bottom_left,center_edge_bottom_right
30.01666203960727,27.16615541441225,21.37755832643195,13.416407864998739,7.280109889280518,10.63014581273465,14.7648230602334,18.027756377319946,22.360679774997898,19.235384061671343,16.0312195418814,10.198039027185569,4.0,10.770329614269007,19.235384061671343,26.019223662515376,28.284271247461902,30.14962686336267,25.495097567963924,20.8806130178211,15.652475842498529,8.54400374531753,9.899494936611665,18.027756377319946,24.515301344262525,25.019992006393608,18.24828759089466,8.602325267042627,5.830951894845301,14.560219778561036,22.02271554554524,26.019223662515376,745.7486171626468,670.7764158048492,718.1510983073131,596.0209727853543,73.06161783043132
