left_iris-362,left_iris-382,left_iris-381,left_iris-380,left_iris-374,left_iris-373,left_iris-390,left_iris-249,left_iris-263,left_iris-466,left_iris-388,left_iris-387,left_iris-386,left_iris-385,left_iris-384,left_iris-398,right_iris-133,right_iris-33,right_iris-7,right_iris-163,right_iris-144,right_iris-145,right_iris-153,right_iris-154,right_iris-155,right_iris-173,right_iris-157,right_iris-158,right_iris-159,right_iris-160,right_iris-161,right_iris-246,middle_left_right,center_edge_top_left,center_edge_top_right,center_edge_bottom_left,center_edge_bottom_right
28.160255680657446,25.317977802344327,19.6468827043885,12.041594578792296,9.0,12.727922061357855,17.0,21.18962010041709,24.515301344262525,21.213203435596427,17.029386365926403,11.045361017187261,4.47213595499958,8.06225774829855,18.24828759089466,25.0,29.614185789921695,25.317977802344327,21.840329667841555,18.788294228055936,14.212670403551895,10.198039027185569,12.806248474865697,19.697715603592208,25.96150997149434,25.179356624028344,18.027756377319946,8.06225774829855,4.47213595499958,12.36931687685298,18.0,22.090722034374522,659.9696962740031,595.1974462310806,635.1850124176419,507.30661340061397,63.0317380372777
