left_iris-362,left_iris-382,left_iris-381,left_iris-380,left_iris-374,left_iris-373,left_iris-390,left_iris-249,left_iris-263,left_iris-466,left_iris-388,left_iris-387,left_iris-386,left_iris-385,left_iris-384,left_iris-398,right_iris-133,right_iris-33,right_iris-7,right_iris-163,right_iris-144,right_iris-145,right_iris-153,right_iris-154,right_iris-155,right_iris-173,right_iris-157,right_iris-158,right_iris-159,right_iris-160,right_iris-161,right_iris-246,middle_left_right,center_edge_top_left,center_edge_top_right,center_edge_bottom_left,center_edge_bottom_right
26.0,23.021728866442675,18.110770276274835,11.180339887498949,7.280109889280518,10.0,13.601470508735444,16.55294535724685,19.924858845171276,17.46424919657298,14.142135623730951,9.055385138137417,3.605551275463989,8.06225774829855,16.492422502470642,23.08679276123039,26.92582403567252,19.026297590440446,15.033296378372908,11.180339887498949,6.4031242374328485,6.708203932499369,12.529964086141668,20.248456731316587,25.0,24.331050121192877,18.027756377319946,10.44030650891055,4.47213595499958,7.211102550927978,12.36931687685298,16.1245154965971,749.1041316132224,681.1438908189664,723.7105775100983,596.7051198037436,61.814237842102365
