left_iris-362,left_iris-382,left_iris-381,left_iris-380,left_iris-374,left_iris-373,left_iris-390,left_iris-249,left_iris-263,left_iris-466,left_iris-388,left_iris-387,left_iris-386,left_iris-385,left_iris-384,left_iris-398,right_iris-133,right_iris-33,right_iris-7,right_iris-163,right_iris-144,right_iris-145,right_iris-153,right_iris-154,right_iris-155,right_iris-173,right_iris-157,right_iris-158,right_iris-159,right_iris-160,right_iris-161,right_iris-246,middle_left_right,center_edge_top_left,center_edge_top_right,center_edge_bottom_left,center_edge_bottom_right
33.24154027718932,30.675723300355934,23.706539182259394,15.0,12.165525060596439,17.204650534085253,20.8806130178211,24.186773244895647,28.071337695236398,25.179356624028344,22.80350850198276,17.0,9.848857801796104,11.40175425099138,20.09975124224178,28.442925306655784,34.23448553724738,31.064449134018133,25.96150997149434,22.360679774997898,16.97056274847714,13.0,16.278820596099706,24.041630560342615,31.575306807693888,30.0,20.8806130178211,12.041594578792296,11.180339887498949,18.384776310850235,24.186773244895647,28.0178514522438,701.3130542061797,663.2797298274688,685.2298884316124,543.3599175500526,76.0
