left_iris-362,left_iris-382,left_iris-381,left_iris-380,left_iris-374,left_iris-373,left_iris-390,left_iris-249,left_iris-263,left_iris-466,left_iris-388,left_iris-387,left_iris-386,left_iris-385,left_iris-384,left_iris-398,right_iris-133,right_iris-33,right_iris-7,right_iris-163,right_iris-144,right_iris-145,right_iris-153,right_iris-154,right_iris-155,right_iris-173,right_iris-157,right_iris-158,right_iris-159,right_iris-160,right_iris-161,right_iris-246,middle_left_right,center_edge_top_left,center_edge_top_right,center_edge_bottom_left,center_edge_bottom_right
21.095023109728988,18.24828759089466,14.317821063276353,8.602325267042627,5.0990195135927845,7.810249675906654,11.704699910719626,14.317821063276353,17.11724276862369,15.0,12.165525060596439,8.94427190999916,6.082762530298219,7.810249675906654,13.341664064126334,18.027756377319946,21.37755832643195,18.0,15.297058540778355,12.649110640673518,9.219544457292887,7.0,9.219544457292887,14.866068747318506,18.439088914585774,18.027756377319946,13.152946437965905,7.810249675906654,6.082762530298219,9.433981132056603,13.341664064126334,16.0312195418814,742.4318150510524,678.4578100368511,718.2652713308643,588.8166098200695,50.00999900019995
