left_iris-362,left_iris-382,left_iris-381,left_iris-380,left_iris-374,left_iris-373,left_iris-390,left_iris-249,left_iris-263,left_iris-466,left_iris-388,left_iris-387,left_iris-386,left_iris-385,left_iris-384,left_iris-398,right_iris-133,right_iris-33,right_iris-7,right_iris-163,right_iris-144,right_iris-145,right_iris-153,right_iris-154,right_iris-155,right_iris-173,right_iris-157,right_iris-158,right_iris-159,right_iris-160,right_iris-161,right_iris-246,middle_left_right,center_edge_top_left,center_edge_top_right,center_edge_bottom_left,center_edge_bottom_right
36.6742416417845,32.28002478313795,24.166091947189145,14.866068747318506,11.180339887498949,16.64331697709324,22.135943621178654,27.294688127912362,31.016124838541646,27.073972741361768,22.360679774997898,15.652475842498529,8.06225774829855,12.529964086141668,23.08679276123039,32.14031735997639,37.013511046643494,28.635642126552707,24.698178070456937,20.591260281974,16.278820596099706,11.045361017187261,15.811388300841896,24.73863375370596,32.14031735997639,32.0624390837628,24.041630560342615,14.212670403551895,8.06225774829855,13.92838827718412,21.02379604162864,25.179356624028344,578.9309112493476,533.348853940833,559.6972395858318,422.2096635559163,83.15046602394962
