left_iris-362,left_iris-382,left_iris-381,left_iris-380,left_iris-374,left_iris-373,left_iris-390,left_iris-249,left_iris-263,left_iris-466,left_iris-388,left_iris-387,left_iris-386,left_iris-385,left_iris-384,left_iris-398,right_iris-133,right_iris-33,right_iris-7,right_iris-163,right_iris-144,right_iris-145,right_iris-153,right_iris-154,right_iris-155,right_iris-173,right_iris-157,right_iris-158,right_iris-159,right_iris-160,right_iris-161,right_iris-246,middle_left_right,center_edge_top_left,center_edge_top_right,center_edge_bottom_left,center_edge_bottom_right
28.792360097775937,26.0,20.248456731316587,13.038404810405298,11.40175425099138,14.422205101855956,18.681541692269406,22.090722034374522,26.019223662515376,22.20360331117452,18.439088914585774,12.529964086141668,6.082762530298219,8.94427190999916,18.0,25.709920264364882,24.020824298928627,22.360679774997898,20.248456731316587,17.4928556845359,13.45362404707371,10.04987562112089,12.041594578792296,16.76305461424021,21.213203435596427,21.095023109728988,15.811388300841896,8.48528137423857,6.708203932499369,12.649110640673518,17.029386365926403,20.024984394500787,759.220653038364,678.9079466319422,730.0109588218522,611.7319674497974,66.37017402418047
