left_iris-362,left_iris-382,left_iris-381,left_iris-380,left_iris-374,left_iris-373,left_iris-390,left_iris-249,left_iris-263,left_iris-466,left_iris-388,left_iris-387,left_iris-386,left_iris-385,left_iris-384,left_iris-398,right_iris-133,right_iris-33,right_iris-7,right_iris-163,right_iris-144,right_iris-145,right_iris-153,right_iris-154,right_iris-155,right_iris-173,right_iris-157,right_iris-158,right_iris-159,right_iris-160,right_iris-161,right_iris-246,middle_left_right,center_edge_top_left,center_edge_top_right,center_edge_bottom_left,center_edge_bottom_right
30.59411708155671,27.65863337187866,22.135943621178654,14.212670403551895,11.045361017187261,12.806248474865697,16.1245154965971,19.6468827043885,23.08679276123039,20.0,17.11724276862369,12.083045973594572,7.0710678118654755,10.816653826391969,19.235384061671343,26.076809620810597,29.154759474226502,16.1245154965971,13.0,11.40175425099138,9.486832980505138,10.295630140987,15.264337522473747,21.587033144922902,26.30589287593181,26.0,20.396078054371138,13.038404810405298,7.615773105863909,8.48528137423857,11.40175425099138,14.0,684.8299058890462,605.5509887697319,655.6614980308055,537.7657482584773,63.12685640834652
