left_iris-362,left_iris-382,left_iris-381,left_iris-380,left_iris-374,left_iris-373,left_iris-390,left_iris-249,left_iris-263,left_iris-466,left_iris-388,left_iris-387,left_iris-386,left_iris-385,left_iris-384,left_iris-398,right_iris-133,right_iris-33,right_iris-7,right_iris-163,right_iris-144,right_iris-145,right_iris-153,right_iris-154,right_iris-155,right_iris-173,right_iris-157,right_iris-158,right_iris-159,right_iris-160,right_iris-161,right_iris-246,middle_left_right,center_edge_top_left,center_edge_top_right,center_edge_bottom_left,center_edge_bottom_right
27.294688127912362,24.73863375370596,19.313207915827967,12.806248474865697,11.045361017187261,14.866068747318506,20.12461179749811,23.08679276123039,27.294688127912362,24.08318915758459,20.024984394500787,14.560219778561036,7.211102550927978,8.48528137423857,16.278820596099706,24.020824298928627,28.635642126552707,24.020824298928627,20.396078054371138,18.384776310850235,14.212670403551895,10.04987562112089,13.45362404707371,19.697715603592208,25.96150997149434,25.179356624028344,18.027756377319946,8.94427190999916,5.385164807134504,12.649110640673518,18.110770276274835,21.0,739.2171534806264,665.7642225292675,712.068816899041,588.9329333633839,70.34912934784623
