left_iris-362,left_iris-382,left_iris-381,left_iris-380,left_iris-374,left_iris-373,left_iris-390,left_iris-249,left_iris-263,left_iris-466,left_iris-388,left_iris-387,left_iris-386,left_iris-385,left_iris-384,left_iris-398,right_iris-133,right_iris-33,right_iris-7,right_iris-163,right_iris-144,right_iris-145,right_iris-153,right_iris-154,right_iris-155,right_iris-173,right_iris-157,right_iris-158,right_iris-159,right_iris-160,right_iris-161,right_iris-246,middle_left_right,center_edge_top_left,center_edge_top_right,center_edge_bottom_left,center_edge_bottom_right
27.459060435491963,24.73863375370596,18.027756377319946,11.313708498984761,8.246211251235321,13.892443989449804,18.681541692269406,22.20360331117452,25.019992006393608,23.021728866442675,19.235384061671343,13.92838827718412,8.06225774829855,9.219544457292887,17.26267650163207,24.020824298928627,34.36568055487916,26.0,21.37755832643195,17.08800749063506,12.041594578792296,9.219544457292887,15.264337522473747,24.041630560342615,30.59411708155671,30.066592756745816,22.090722034374522,11.704699910719626,5.0990195135927845,10.770329614269007,18.110770276274835,22.02271554554524,701.2331994422398,648.5584013795519,680.4616080279621,545.0944872221696,71.00704190430693
