left_iris-362,left_iris-382,left_iris-381,left_iris-380,left_iris-374,left_iris-373,left_iris-390,left_iris-249,left_iris-263,left_iris-466,left_iris-388,left_iris-387,left_iris-386,left_iris-385,left_iris-384,left_iris-398,right_iris-133,right_iris-33,right_iris-7,right_iris-163,right_iris-144,right_iris-145,right_iris-153,right_iris-154,right_iris-155,right_iris-173,right_iris-157,right_iris-158,right_iris-159,right_iris-160,right_iris-161,right_iris-246,middle_left_right,center_edge_top_left,center_edge_top_right,center_edge_bottom_left,center_edge_bottom_right
23.769728648009426,20.8806130178211,16.15549442140351,11.40175425099138,7.280109889280518,8.48528137423857,11.704699910719626,15.132745950421556,18.027756377319946,15.132745950421556,12.36931687685298,8.602325267042627,5.0,8.54400374531753,15.0,20.223748416156685,21.095023109728988,17.26267650163207,14.866068747318506,12.529964086141668,9.219544457292887,7.0710678118654755,10.0,14.560219778561036,19.235384061671343,19.026297590440446,13.341664064126334,7.810249675906654,4.123105625617661,8.54400374531753,13.0,15.033296378372908,731.2195292796822,645.3541663303956,700.2013995987155,586.9258896998837,55.226805085936306
