left_iris-362,left_iris-382,left_iris-381,left_iris-380,left_iris-374,left_iris-373,left_iris-390,left_iris-249,left_iris-263,left_iris-466,left_iris-388,left_iris-387,left_iris-386,left_iris-385,left_iris-384,left_iris-398,right_iris-133,right_iris-33,right_iris-7,right_iris-163,right_iris-144,right_iris-145,right_iris-153,right_iris-154,right_iris-155,right_iris-173,right_iris-157,right_iris-158,right_iris-159,right_iris-160,right_iris-161,right_iris-246,middle_left_right,center_edge_top_left,center_edge_top_right,center_edge_bottom_left,center_edge_bottom_right
28.0178514522438,24.08318915758459,18.24828759089466,10.295630140987,6.082762530298219,12.529964086141668,17.72004514666935,22.561028345356956,27.16615541441225,23.08679276123039,19.0,12.36931687685298,4.47213595499958,8.94427190999916,17.26267650163207,24.020824298928627,31.016124838541646,23.345235059857504,18.681541692269406,13.92838827718412,9.219544457292887,6.4031242374328485,13.601470508735444,22.090722034374522,28.0,27.16615541441225,20.396078054371138,12.083045973594572,4.47213595499958,8.246211251235321,15.0,19.1049731745428,664.4223054654321,623.9046401494383,647.3461207113239,506.71194973081106,82.0
