left_iris-362,left_iris-382,left_iris-381,left_iris-380,left_iris-374,left_iris-373,left_iris-390,left_iris-249,left_iris-263,left_iris-466,left_iris-388,left_iris-387,left_iris-386,left_iris-385,left_iris-384,left_iris-398,right_iris-133,right_iris-33,right_iris-7,right_iris-163,right_iris-144,right_iris-145,right_iris-153,right_iris-154,right_iris-155,right_iris-173,right_iris-157,right_iris-158,right_iris-159,right_iris-160,right_iris-161,right_iris-246,middle_left_right,center_edge_top_left,center_edge_top_right,center_edge_bottom_left,center_edge_bottom_right
21.095023109728988,19.235384061671343,14.560219778561036,8.602325267042627,6.0,7.810249675906654,12.083045973594572,13.601470508735444,16.278820596099706,14.035668847618199,12.0,7.280109889280518,3.0,7.615773105863909,14.142135623730951,19.0,22.20360331117452,18.0,15.132745950421556,11.40175425099138,7.211102550927978,5.0990195135927845,9.433981132056603,15.524174696260024,19.235384061671343,20.024984394500787,14.035668847618199,7.615773105863909,4.0,7.615773105863909,12.165525060596439,15.033296378372908,756.0224864380689,692.6543149363902,732.0997199835552,602.1378579694189,51.0098029794274
