left_iris-362,left_iris-382,left_iris-381,left_iris-380,left_iris-374,left_iris-373,left_iris-390,left_iris-249,left_iris-263,left_iris-466,left_iris-388,left_iris-387,left_iris-386,left_iris-385,left_iris-384,left_iris-398,right_iris-133,right_iris-33,right_iris-7,right_iris-163,right_iris-144,right_iris-145,right_iris-153,right_iris-154,right_iris-155,right_iris-173,right_iris-157,right_iris-158,right_iris-159,right_iris-160,right_iris-161,right_iris-246,middle_left_right,center_edge_top_left,center_edge_top_right,center_edge_bottom_left,center_edge_bottom_right
19.026297590440446,17.11724276862369,13.341664064126334,7.810249675906654,6.0,9.219544457292887,13.0,15.297058540778355,18.027756377319946,16.0,13.152946437965905,9.848857801796104,5.385164807134504,7.0710678118654755,12.649110640673518,17.029386365926403,22.20360331117452,18.027756377319946,15.297058540778355,12.083045973594572,9.219544457292887,7.0710678118654755,10.0,15.811388300841896,19.4164878389476,19.026297590440446,14.142135623730951,8.06225774829855,5.0,8.602325267042627,12.36931687685298,15.033296378372908,744.3117626371358,680.0735254367721,720.0694410957876,590.7622195096772,52.009614495783374
