left_iris-362,left_iris-382,left_iris-381,left_iris-380,left_iris-374,left_iris-373,left_iris-390,left_iris-249,left_iris-263,left_iris-466,left_iris-388,left_iris-387,left_iris-386,left_iris-385,left_iris-384,left_iris-398,right_iris-133,right_iris-33,right_iris-7,right_iris-163,right_iris-144,right_iris-145,right_iris-153,right_iris-154,right_iris-155,right_iris-173,right_iris-157,right_iris-158,right_iris-159,right_iris-160,right_iris-161,right_iris-246,middle_left_right,center_edge_top_left,center_edge_top_right,center_edge_bottom_left,center_edge_bottom_right
38.8329756778952,36.138621999185304,29.732137494637012,20.0,14.317821063276353,15.0,20.12461179749811,23.53720459187964,28.0178514522438,26.1725046566048,22.561028345356956,16.55294535724685,8.54400374531753,12.206555615733702,24.186773244895647,34.23448553724738,31.04834939252005,40.01249804748511,35.510561809129406,30.364452901377952,23.323807579381203,14.7648230602334,13.416407864998739,21.470910553583888,28.460498941515414,25.179356624028344,15.524174696260024,9.055385138137417,15.811388300841896,25.96150997149434,33.13608305156178,37.013511046643494,747.4784277823675,672.0297612457354,719.7388415251743,597.9331066264855,75.1065909225016
