left_iris-362,left_iris-382,left_iris-381,left_iris-380,left_iris-374,left_iris-373,left_iris-390,left_iris-249,left_iris-263,left_iris-466,left_iris-388,left_iris-387,left_iris-386,left_iris-385,left_iris-384,left_iris-398,right_iris-133,right_iris-33,right_iris-7,right_iris-163,right_iris-144,right_iris-145,right_iris-153,right_iris-154,right_iris-155,right_iris-173,right_iris-157,right_iris-158,right_iris-159,right_iris-160,right_iris-161,right_iris-246,middle_left_right,center_edge_top_left,center_edge_top_right,center_edge_bottom_left,center_edge_bottom_right
34.132096331752024,31.25699921617557,25.495097567963924,16.15549442140351,7.810249675906654,8.602325267042627,15.297058540778355,22.02271554554524,29.154759474226502,25.495097567963924,20.248456731316587,14.212670403551895,10.198039027185569,16.1245154965971,25.317977802344327,31.016124838541646,23.08679276123039,24.186773244895647,21.633307652783937,17.804493814764857,13.45362404707371,9.055385138137417,9.899494936611665,15.811388300841896,20.396078054371138,20.024984394500787,14.0,6.0,3.1622776601683795,11.40175425099138,17.46424919657298,21.470910553583888,545.8937625582472,492.44289008980525,523.9274758971894,391.1521443121589,71.47027354082255
