left_iris-362,left_iris-382,left_iris-381,left_iris-380,left_iris-374,left_iris-373,left_iris-390,left_iris-249,left_iris-263,left_iris-466,left_iris-388,left_iris-387,left_iris-386,left_iris-385,left_iris-384,left_iris-398,right_iris-133,right_iris-33,right_iris-7,right_iris-163,right_iris-144,right_iris-145,right_iris-153,right_iris-154,right_iris-155,right_iris-173,right_iris-157,right_iris-158,right_iris-159,right_iris-160,right_iris-161,right_iris-246,middle_left_right,center_edge_top_left,center_edge_top_right,center_edge_bottom_left,center_edge_bottom_right
35.73513677041127,32.31098884280702,25.059928172283335,16.401219466856727,13.152946437965905,17.804493814764857,23.40939982143925,27.459060435491963,32.0,29.068883707497267,24.515301344262525,18.788294228055936,10.295630140987,10.63014581273465,21.02379604162864,30.59411708155671,32.984845004941285,30.14962686336267,25.96150997149434,22.847319317591726,17.69180601295413,13.152946437965905,15.620499351813308,23.259406699226016,30.364452901377952,28.160255680657446,19.235384061671343,9.219544457292887,9.219544457292887,17.72004514666935,24.08318915758459,27.018512172212592,734.8639329835149,678.8409239284267,713.1795005466716,579.2451985126851,84.0535543567314
