left_iris-362,left_iris-382,left_iris-381,left_iris-380,left_iris-374,left_iris-373,left_iris-390,left_iris-249,left_iris-263,left_iris-466,left_iris-388,left_iris-387,left_iris-386,left_iris-385,left_iris-384,left_iris-398,right_iris-133,right_iris-33,right_iris-7,right_iris-163,right_iris-144,right_iris-145,right_iris-153,right_iris-154,right_iris-155,right_iris-173,right_iris-157,right_iris-158,right_iris-159,right_iris-160,right_iris-161,right_iris-246,middle_left_right,center_edge_top_left,center_edge_top_right,center_edge_bottom_left,center_edge_bottom_right
30.59411708155671,27.892651361962706,22.47220505424423,14.212670403551895,10.0,14.142135623730951,18.35755975068582,21.18962010041709,23.345235059857504,21.095023109728988,18.027756377319946,12.649110640673518,6.324555320336759,10.816653826391969,19.235384061671343,27.073972741361768,29.614185789921695,27.16615541441225,22.80350850198276,18.788294228055936,13.45362404707371,10.0,12.727922061357855,20.248456731316587,25.96150997149434,25.179356624028344,18.110770276274835,8.602325267042627,5.830951894845301,13.341664064126334,20.0,24.08318915758459,756.5956648038634,698.0236385682078,734.1913919408208,601.445758152803,70.00714249274856
