left_iris-362,left_iris-382,left_iris-381,left_iris-380,left_iris-374,left_iris-373,left_iris-390,left_iris-249,left_iris-263,left_iris-466,left_iris-388,left_iris-387,left_iris-386,left_iris-385,left_iris-384,left_iris-398,right_iris-133,right_iris-33,right_iris-7,right_iris-163,right_iris-144,right_iris-145,right_iris-153,right_iris-154,right_iris-155,right_iris-173,right_iris-157,right_iris-158,right_iris-159,right_iris-160,right_iris-161,right_iris-246,middle_left_right,center_edge_top_left,center_edge_top_right,center_edge_bottom_left,center_edge_bottom_right
28.284271247461902,25.495097567963924,19.924858845171276,12.806248474865697,9.0,12.727922061357855,15.652475842498529,18.681541692269406,22.090722034374522,19.026297590440446,16.0312195418814,10.44030650891055,4.123105625617661,8.94427190999916,18.110770276274835,25.019992006393608,24.73863375370596,28.0178514522438,24.08318915758459,21.587033144922902,16.55294535724685,10.295630140987,10.295630140987,16.1245154965971,22.135943621178654,21.095023109728988,14.142135623730951,6.4031242374328485,7.810249675906654,16.15549442140351,21.37755832643195,25.079872407968907,776.5565014858868,711.8567271579303,752.2898377620157,622.9285673333661,71.06335201775947
