left_iris-362,left_iris-382,left_iris-381,left_iris-380,left_iris-374,left_iris-373,left_iris-390,left_iris-249,left_iris-263,left_iris-466,left_iris-388,left_iris-387,left_iris-386,left_iris-385,left_iris-384,left_iris-398,right_iris-133,right_iris-33,right_iris-7,right_iris-163,right_iris-144,right_iris-145,right_iris-153,right_iris-154,right_iris-155,right_iris-173,right_iris-157,right_iris-158,right_iris-159,right_iris-160,right_iris-161,right_iris-246,middle_left_right,center_edge_top_left,center_edge_top_right,center_edge_bottom_left,center_edge_bottom_right
27.018512172212592,24.186773244895647,18.439088914585774,11.40175425099138,9.0,13.45362404707371,18.35755975068582,22.135943621178654,26.476404589747453,23.194827009486403,20.0,15.524174696260024,8.602325267042627,8.602325267042627,16.76305461424021,24.020824298928627,33.54101966249684,23.08679276123039,18.681541692269406,14.7648230602334,11.40175425099138,10.770329614269007,16.64331697709324,24.351591323771842,30.805843601498726,30.14962686336267,23.08679276123039,14.317821063276353,7.280109889280518,10.816653826391969,16.278820596099706,20.0,702.8207452828922,623.4236120007006,673.6890974329331,555.5690776132163,73.24616030891995
