left_iris-362,left_iris-382,left_iris-381,left_iris-380,left_iris-374,left_iris-373,left_iris-390,left_iris-249,left_iris-263,left_iris-466,left_iris-388,left_iris-387,left_iris-386,left_iris-385,left_iris-384,left_iris-398,right_iris-133,right_iris-33,right_iris-7,right_iris-163,right_iris-144,right_iris-145,right_iris-153,right_iris-154,right_iris-155,right_iris-173,right_iris-157,right_iris-158,right_iris-159,right_iris-160,right_iris-161,right_iris-246,middle_left_right,center_edge_top_left,center_edge_top_right,center_edge_bottom_left,center_edge_bottom_right
35.12833614050059,32.2490309931942,24.73863375370596,15.264337522473747,10.198039027185569,14.212670403551895,19.72308292331602,23.769728648009426,27.65863337187866,25.179356624028344,21.0,15.524174696260024,7.615773105863909,12.041594578792296,22.561028345356956,31.0,32.01562118716424,34.132096331752024,30.01666203960727,25.179356624028344,18.973665961010276,11.40175425099138,11.661903789690601,20.12461179749811,27.51363298439521,27.294688127912362,19.1049731745428,9.899494936611665,10.0,19.697715603592208,26.68332812825267,30.265491900843113,682.0337235063968,627.9888534042623,660.7344398470539,526.2793934784071,76.79192665899195
