left_iris-362,left_iris-382,left_iris-381,left_iris-380,left_iris-374,left_iris-373,left_iris-390,left_iris-249,left_iris-263,left_iris-466,left_iris-388,left_iris-387,left_iris-386,left_iris-385,left_iris-384,left_iris-398,right_iris-133,right_iris-33,right_iris-7,right_iris-163,right_iris-144,right_iris-145,right_iris-153,right_iris-154,right_iris-155,right_iris-173,right_iris-157,right_iris-158,right_iris-159,right_iris-160,right_iris-161,right_iris-246,middle_left_right,center_edge_top_left,center_edge_top_right,center_edge_bottom_left,center_edge_bottom_right
25.0,22.0,17.029386365926403,8.54400374531753,5.385164807134504,15.231546211727817,22.561028345356956,29.274562336608895,35.05709628591621,30.066592756745816,24.08318915758459,17.029386365926403,6.0,5.0990195135927845,15.297058540778355,21.095023109728988,27.018512172212592,25.079872407968907,20.223748416156685,15.524174696260024,8.94427190999916,3.605551275463989,11.180339887498949,20.0,25.019992006393608,24.08318915758459,18.24828759089466,8.06225774829855,1.0,11.045361017187261,17.11724276862369,22.090722034374522,627.8893214572136,576.3202234869084,607.0790722797154,471.9586846324581,78.16009211867653
