left_iris-362,left_iris-382,left_iris-381,left_iris-380,left_iris-374,left_iris-373,left_iris-390,left_iris-249,left_iris-263,left_iris-466,left_iris-388,left_iris-387,left_iris-386,left_iris-385,left_iris-384,left_iris-398,right_iris-133,right_iris-33,right_iris-7,right_iris-163,right_iris-144,right_iris-145,right_iris-153,right_iris-154,right_iris-155,right_iris-173,right_iris-157,right_iris-158,right_iris-159,right_iris-160,right_iris-161,right_iris-246,middle_left_right,center_edge_top_left,center_edge_top_right,center_edge_bottom_left,center_edge_bottom_right
32.89376840679705,29.546573405388315,23.021728866442675,16.1245154965971,13.341664064126334,17.804493814764857,23.40939982143925,28.442925306655784,33.0,29.068883707497267,24.515301344262525,17.88854381999832,10.44030650891055,12.727922061357855,20.223748416156685,28.635642126552707,29.427877939124322,28.442925306655784,25.298221281347036,22.360679774997898,18.439088914585774,13.601470508735444,13.892443989449804,20.12461179749811,25.96150997149434,25.019992006393608,17.72004514666935,10.816653826391969,10.295630140987,17.08800749063506,22.090722034374522,26.076809620810597,632.2602312339437,547.5883490360254,601.2096140282522,488.9304654038241,82.29823813423954
