left_iris-362,left_iris-382,left_iris-381,left_iris-380,left_iris-374,left_iris-373,left_iris-390,left_iris-249,left_iris-263,left_iris-466,left_iris-388,left_iris-387,left_iris-386,left_iris-385,left_iris-384,left_iris-398,right_iris-133,right_iris-33,right_iris-7,right_iris-163,right_iris-144,right_iris-145,right_iris-153,right_iris-154,right_iris-155,right_iris-173,right_iris-157,right_iris-158,right_iris-159,right_iris-160,right_iris-161,right_iris-246,middle_left_right,center_edge_top_left,center_edge_top_right,center_edge_bottom_left,center_edge_bottom_right
27.0,24.0,18.027756377319946,9.486832980505138,4.123105625617661,11.704699910719626,18.439088914585774,23.194827009486403,28.071337695236398,25.079872407968907,20.024984394500787,13.0,3.1622776601683795,7.280109889280518,17.11724276862369,24.08318915758459,31.016124838541646,26.076809620810597,22.360679774997898,17.72004514666935,10.816653826391969,6.082762530298219,12.649110640673518,22.20360331117452,28.0178514522438,28.0178514522438,21.37755832643195,11.704699910719626,5.0,11.40175425099138,18.027756377319946,23.0,726.2231062146122,644.1273166075166,696.3476143421474,580.0,78.00640999302557
