left_iris-362,left_iris-382,left_iris-381,left_iris-380,left_iris-374,left_iris-373,left_iris-390,left_iris-249,left_iris-263,left_iris-466,left_iris-388,left_iris-387,left_iris-386,left_iris-385,left_iris-384,left_iris-398,right_iris-133,right_iris-33,right_iris-7,right_iris-163,right_iris-144,right_iris-145,right_iris-153,right_iris-154,right_iris-155,right_iris-173,right_iris-157,right_iris-158,right_iris-159,right_iris-160,right_iris-161,right_iris-246,middle_left_right,center_edge_top_left,center_edge_top_right,center_edge_bottom_left,center_edge_bottom_right
22.02271554554524,19.1049731745428,14.142135623730951,6.708203932499369,3.1622776601683795,9.219544457292887,14.142135623730951,18.027756377319946,21.02379604162864,18.110770276274835,14.142135623730951,9.486832980505138,4.123105625617661,6.708203932499369,14.142135623730951,19.0,24.0,19.026297590440446,16.1245154965971,14.142135623730951,9.486832980505138,3.1622776601683795,7.615773105863909,15.132745950421556,20.024984394500787,21.095023109728988,15.297058540778355,8.06225774829855,4.0,8.54400374531753,13.152946437965905,16.0,672.5035315892401,597.1272896125247,644.4850657695646,523.7948071525719,54.3323108288245
