left_iris-362,left_iris-382,left_iris-381,left_iris-380,left_iris-374,left_iris-373,left_iris-390,left_iris-249,left_iris-263,left_iris-466,left_iris-388,left_iris-387,left_iris-386,left_iris-385,left_iris-384,left_iris-398,right_iris-133,right_iris-33,right_iris-7,right_iris-163,right_iris-144,right_iris-145,right_iris-153,right_iris-154,right_iris-155,right_iris-173,right_iris-157,right_iris-158,right_iris-159,right_iris-160,right_iris-161,right_iris-246,middle_left_right,center_edge_top_left,center_edge_top_right,center_edge_bottom_left,center_edge_bottom_right
41.048751503547585,36.22154055254967,27.65863337187866,17.4928556845359,11.180339887498949,14.142135623730951,20.12461179749811,24.041630560342615,28.160255680657446,25.0,20.223748416156685,13.416407864998739,9.0,14.422205101855956,26.476404589747453,36.013886210738214,36.124783736376884,30.265491900843113,25.96150997149434,22.847319317591726,16.401219466856727,11.180339887498949,14.142135623730951,24.041630560342615,31.400636936215164,32.01562118716424,23.53720459187964,12.806248474865697,9.219544457292887,15.231546211727817,22.090722034374522,26.019223662515376,695.955458344857,627.4982071687535,670.1895254329181,544.2003307606492,77.05841939723393
