left_iris-362,left_iris-382,left_iris-381,left_iris-380,left_iris-374,left_iris-373,left_iris-390,left_iris-249,left_iris-263,left_iris-466,left_iris-388,left_iris-387,left_iris-386,left_iris-385,left_iris-384,left_iris-398,right_iris-133,right_iris-33,right_iris-7,right_iris-163,right_iris-144,right_iris-145,right_iris-153,right_iris-154,right_iris-155,right_iris-173,right_iris-157,right_iris-158,right_iris-159,right_iris-160,right_iris-161,right_iris-246,middle_left_right,center_edge_top_left,center_edge_top_right,center_edge_bottom_left,center_edge_bottom_right
31.04834939252005,28.460498941515414,23.259406699226016,15.556349186104045,11.045361017187261,13.45362404707371,18.027756377319946,22.360679774997898,27.0,23.08679276123039,19.4164878389476,13.416407864998739,8.06225774829855,11.40175425099138,20.223748416156685,27.294688127912362,31.25699921617557,22.0,18.439088914585774,15.652475842498529,12.806248474865697,11.40175425099138,16.401219466856727,23.08679276123039,28.635642126552707,27.0,20.615528128088304,12.041594578792296,9.055385138137417,13.038404810405298,17.46424919657298,20.09975124224178,598.3594237579952,553.5648110203538,579.5118635541468,441.40004531037374,78.16009211867653
