left_iris-362,left_iris-382,left_iris-381,left_iris-380,left_iris-374,left_iris-373,left_iris-390,left_iris-249,left_iris-263,left_iris-466,left_iris-388,left_iris-387,left_iris-386,left_iris-385,left_iris-384,left_iris-398,right_iris-133,right_iris-33,right_iris-7,right_iris-163,right_iris-144,right_iris-145,right_iris-153,right_iris-154,right_iris-155,right_iris-173,right_iris-157,right_iris-158,right_iris-159,right_iris-160,right_iris-161,right_iris-246,middle_left_right,center_edge_top_left,center_edge_top_right,center_edge_bottom_left,center_edge_bottom_right
41.30375285612676,37.48332962798263,30.083217912982647,20.248456731316587,13.601470508735444,15.0,19.697715603592208,24.331050121192877,29.068883707497267,26.1725046566048,22.561028345356956,15.652475842498529,9.219544457292887,14.422205101855956,26.476404589747453,36.013886210738214,32.01562118716424,39.11521443121589,35.12833614050059,31.04834939252005,24.186773244895647,16.1245154965971,14.317821063276353,21.470910553583888,28.460498941515414,26.1725046566048,17.72004514666935,10.198039027185569,15.620499351813308,26.570660511172846,33.54101966249684,36.22154055254967,699.3782953452302,625.5637457525812,671.9598202273704,549.6635334456889,79.00632886041473
