left_iris-362,left_iris-382,left_iris-381,left_iris-380,left_iris-374,left_iris-373,left_iris-390,left_iris-249,left_iris-263,left_iris-466,left_iris-388,left_iris-387,left_iris-386,left_iris-385,left_iris-384,left_iris-398,right_iris-133,right_iris-33,right_iris-7,right_iris-163,right_iris-144,right_iris-145,right_iris-153,right_iris-154,right_iris-155,right_iris-173,right_iris-157,right_iris-158,right_iris-159,right_iris-160,right_iris-161,right_iris-246,middle_left_right,center_edge_top_left,center_edge_top_right,center_edge_bottom_left,center_edge_bottom_right
33.54101966249684,29.832867780352597,22.847319317591726,14.866068747318506,12.165525060596439,17.69180601295413,23.259406699226016,27.51363298439521,31.575306807693888,27.16615541441225,23.0,16.278820596099706,7.211102550927978,9.219544457292887,20.223748416156685,29.068883707497267,37.12142238654117,23.194827009486403,20.248456731316587,15.811388300841896,11.661903789690601,11.180339887498949,17.0,26.68332812825267,33.24154027718932,33.0,26.476404589747453,16.1245154965971,8.54400374531753,10.0,15.297058540778355,20.0,665.9804801944273,594.0791193098778,639.0070422147161,515.8778925288425,79.00632886041473
