left_iris-362,left_iris-382,left_iris-381,left_iris-380,left_iris-374,left_iris-373,left_iris-390,left_iris-249,left_iris-263,left_iris-466,left_iris-388,left_iris-387,left_iris-386,left_iris-385,left_iris-384,left_iris-398,right_iris-133,right_iris-33,right_iris-7,right_iris-163,right_iris-144,right_iris-145,right_iris-153,right_iris-154,right_iris-155,right_iris-173,right_iris-157,right_iris-158,right_iris-159,right_iris-160,right_iris-161,right_iris-246,middle_left_right,center_edge_top_left,center_edge_top_right,center_edge_bottom_left,center_edge_bottom_right
27.459060435491963,24.73863375370596,20.248456731316587,13.45362404707371,10.0,12.727922061357855,16.55294535724685,19.6468827043885,23.08679276123039,21.02379604162864,18.027756377319946,12.649110640673518,5.830951894845301,7.810249675906654,16.1245154965971,23.08679276123039,30.265491900843113,27.073972741361768,22.561028345356956,18.384776310850235,13.45362404707371,9.055385138137417,13.601470508735444,21.587033144922902,27.459060435491963,26.019223662515376,17.26267650163207,7.810249675906654,7.0710678118654755,15.297058540778355,21.02379604162864,24.0,773.3957589746663,696.8794730798146,745.4133081720503,624.0520811598981,66.06814663663572
