left_iris-362,left_iris-382,left_iris-381,left_iris-380,left_iris-374,left_iris-373,left_iris-390,left_iris-249,left_iris-263,left_iris-466,left_iris-388,left_iris-387,left_iris-386,left_iris-385,left_iris-384,left_iris-398,right_iris-133,right_iris-33,right_iris-7,right_iris-163,right_iris-144,right_iris-145,right_iris-153,right_iris-154,right_iris-155,right_iris-173,right_iris-157,right_iris-158,right_iris-159,right_iris-160,right_iris-161,right_iris-246,middle_left_right,center_edge_top_left,center_edge_top_right,center_edge_bottom_left,center_edge_bottom_right
31.32091952673165,27.85677655436824,20.591260281974,13.892443989449804,13.0,18.867962264113206,24.041630560342615,28.284271247461902,32.0,29.068883707497267,25.495097567963924,19.697715603592208,10.816653826391969,10.0,17.11724276862369,26.476404589747453,33.37663853655727,28.160255680657446,23.769728648009426,19.697715603592208,14.866068747318506,10.04987562112089,14.212670403551895,23.08679276123039,29.614185789921695,29.017236257093817,20.396078054371138,11.313708498984761,8.54400374531753,14.866068747318506,21.02379604162864,25.019992006393608,685.3349546024922,604.6354273444454,655.7316524310841,538.965676087077,77.10382610480494
