left_iris-362,left_iris-382,left_iris-381,left_iris-380,left_iris-374,left_iris-373,left_iris-390,left_iris-249,left_iris-263,left_iris-466,left_iris-388,left_iris-387,left_iris-386,left_iris-385,left_iris-384,left_iris-398,right_iris-133,right_iris-33,right_iris-7,right_iris-163,right_iris-144,right_iris-145,right_iris-153,right_iris-154,right_iris-155,right_iris-173,right_iris-157,right_iris-158,right_iris-159,right_iris-160,right_iris-161,right_iris-246,middle_left_right,center_edge_top_left,center_edge_top_right,center_edge_bottom_left,center_edge_bottom_right
31.25699921617557,28.442925306655784,22.80350850198276,14.7648230602334,8.06225774829855,9.219544457292887,13.92838827718412,17.46424919657298,21.02379604162864,18.027756377319946,13.152946437965905,8.06225774829855,5.830951894845301,12.649110640673518,21.02379604162864,28.071337695236398,27.0,26.1725046566048,21.587033144922902,18.027756377319946,13.038404810405298,7.0710678118654755,10.0,18.439088914585774,24.08318915758459,24.08318915758459,17.46424919657298,8.602325267042627,5.385164807134504,12.36931687685298,18.027756377319946,22.02271554554524,631.3477647065839,572.8001396647875,608.3584469702053,477.07441767506253,72.02777242147643
