left_iris-362,left_iris-382,left_iris-381,left_iris-380,left_iris-374,left_iris-373,left_iris-390,left_iris-249,left_iris-263,left_iris-466,left_iris-388,left_iris-387,left_iris-386,left_iris-385,left_iris-384,left_iris-398,right_iris-133,right_iris-33,right_iris-7,right_iris-163,right_iris-144,right_iris-145,right_iris-153,right_iris-154,right_iris-155,right_iris-173,right_iris-157,right_iris-158,right_iris-159,right_iris-160,right_iris-161,right_iris-246,middle_left_right,center_edge_top_left,center_edge_top_right,center_edge_bottom_left,center_edge_bottom_right
30.265491900843113,28.442925306655784,22.80350850198276,15.811388300841896,10.770329614269007,11.180339887498949,13.45362404707371,15.652475842498529,18.24828759089466,16.0312195418814,13.152946437965905,9.433981132056603,7.0,12.206555615733702,20.396078054371138,27.018512172212592,29.427877939124322,24.08318915758459,20.615528128088304,17.0,12.806248474865697,10.04987562112089,14.212670403551895,21.18962010041709,26.68332812825267,26.076809620810597,19.4164878389476,11.40175425099138,8.06225774829855,12.529964086141668,17.11724276862369,21.0,750.5757789857064,680.7819034022571,724.6130001593955,598.802137604735,64.1248781675256
