left_iris-362,left_iris-382,left_iris-381,left_iris-380,left_iris-374,left_iris-373,left_iris-390,left_iris-249,left_iris-263,left_iris-466,left_iris-388,left_iris-387,left_iris-386,left_iris-385,left_iris-384,left_iris-398,right_iris-133,right_iris-33,right_iris-7,right_iris-163,right_iris-144,right_iris-145,right_iris-153,right_iris-154,right_iris-155,right_iris-173,right_iris-157,right_iris-158,right_iris-159,right_iris-160,right_iris-161,right_iris-246,middle_left_right,center_edge_top_left,center_edge_top_right,center_edge_bottom_left,center_edge_bottom_right
37.05401462729781,34.23448553724738,26.476404589747453,17.0,11.40175425099138,14.212670403551895,19.72308292331602,23.08679276123039,26.1725046566048,24.0,20.223748416156685,15.652475842498529,10.198039027185569,14.866068747318506,24.73863375370596,33.06055050963308,39.293765408777,33.015148038438355,26.1725046566048,20.248456731316587,14.142135623730951,12.36931687685298,19.209372712298546,29.154759474226502,35.73513677041127,34.36568055487916,25.179356624028344,15.811388300841896,11.0,15.811388300841896,22.80350850198276,28.284271247461902,791.5560624491483,751.505821667404,775.2167438852182,633.6095011913884,89.62700485902673
