left_iris-362,left_iris-382,left_iris-381,left_iris-380,left_iris-374,left_iris-373,left_iris-390,left_iris-249,left_iris-263,left_iris-466,left_iris-388,left_iris-387,left_iris-386,left_iris-385,left_iris-384,left_iris-398,right_iris-133,right_iris-33,right_iris-7,right_iris-163,right_iris-144,right_iris-145,right_iris-153,right_iris-154,right_iris-155,right_iris-173,right_iris-157,right_iris-158,right_iris-159,right_iris-160,right_iris-161,right_iris-246,middle_left_right,center_edge_top_left,center_edge_top_right,center_edge_bottom_left,center_edge_bottom_right
31.25699921617557,28.442925306655784,21.840329667841555,14.422205101855956,9.219544457292887,12.041594578792296,17.0,20.8806130178211,25.079872407968907,21.0,17.11724276862369,12.083045973594572,6.082762530298219,10.816653826391969,20.223748416156685,28.0178514522438,29.017236257093817,21.37755832643195,18.027756377319946,13.892443989449804,10.0,8.54400374531753,13.416407864998739,20.396078054371138,26.076809620810597,26.076809620810597,19.6468827043885,11.40175425099138,7.0710678118654755,10.295630140987,15.132745950421556,18.027756377319946,734.3269026802709,680.2470139589001,713.2573168219167,578.3044181052052,81.2219182240853
