left_iris-362,left_iris-382,left_iris-381,left_iris-380,left_iris-374,left_iris-373,left_iris-390,left_iris-249,left_iris-263,left_iris-466,left_iris-388,left_iris-387,left_iris-386,left_iris-385,left_iris-384,left_iris-398,right_iris-133,right_iris-33,right_iris-7,right_iris-163,right_iris-144,right_iris-145,right_iris-153,right_iris-154,right_iris-155,right_iris-173,right_iris-157,right_iris-158,right_iris-159,right_iris-160,right_iris-161,right_iris-246,middle_left_right,center_edge_top_left,center_edge_top_right,center_edge_bottom_left,center_edge_bottom_right
30.4138126514911,26.68332812825267,20.248456731316587,12.041594578792296,8.06225774829855,13.038404810405298,18.681541692269406,22.20360331117452,26.0,23.021728866442675,19.235384061671343,14.317821063276353,7.615773105863909,10.0,18.24828759089466,26.019223662515376,31.064449134018133,29.154759474226502,24.515301344262525,21.18962010041709,15.811388300841896,9.219544457292887,12.041594578792296,20.615528128088304,27.294688127912362,27.018512172212592,19.4164878389476,9.219544457292887,7.211102550927978,14.560219778561036,21.02379604162864,25.019992006393608,688.6980470423886,616.769811193771,661.8194617869741,538.3353973128648,74.02702209328699
