left_iris-362,left_iris-382,left_iris-381,left_iris-380,left_iris-374,left_iris-373,left_iris-390,left_iris-249,left_iris-263,left_iris-466,left_iris-388,left_iris-387,left_iris-386,left_iris-385,left_iris-384,left_iris-398,right_iris-133,right_iris-33,right_iris-7,right_iris-163,right_iris-144,right_iris-145,right_iris-153,right_iris-154,right_iris-155,right_iris-173,right_iris-157,right_iris-158,right_iris-159,right_iris-160,right_iris-161,right_iris-246,middle_left_right,center_edge_top_left,center_edge_top_right,center_edge_bottom_left,center_edge_bottom_right
36.013886210738214,32.0,24.186773244895647,13.892443989449804,9.0,15.0,20.248456731316587,25.495097567963924,30.066592756745816,26.019223662515376,22.02271554554524,15.297058540778355,5.830951894845301,10.816653826391969,22.80350850198276,31.25699921617557,40.311288741492746,31.064449134018133,25.079872407968907,19.4164878389476,12.529964086141668,8.246211251235321,17.0,27.892651361962706,36.49657518178932,36.05551275463989,26.076809620810597,13.601470508735444,5.0990195135927845,12.083045973594572,20.396078054371138,26.1725046566048,736.4835368153181,693.9077748519611,719.1022180469199,578.798756045657,92.34717104492157
