left_iris-362,left_iris-382,left_iris-381,left_iris-380,left_iris-374,left_iris-373,left_iris-390,left_iris-249,left_iris-263,left_iris-466,left_iris-388,left_iris-387,left_iris-386,left_iris-385,left_iris-384,left_iris-398,right_iris-133,right_iris-33,right_iris-7,right_iris-163,right_iris-144,right_iris-145,right_iris-153,right_iris-154,right_iris-155,right_iris-173,right_iris-157,right_iris-158,right_iris-159,right_iris-160,right_iris-161,right_iris-246,middle_left_right,center_edge_top_left,center_edge_top_right,center_edge_bottom_left,center_edge_bottom_right
36.345563690772494,32.7566787083184,26.248809496813376,18.439088914585774,14.142135623730951,18.601075237738275,24.698178070456937,30.083217912982647,35.510561809129406,31.25699921617557,27.0,19.4164878389476,10.63014581273465,11.40175425099138,20.615528128088304,31.016124838541646,37.33630940518894,28.071337695236398,23.194827009486403,19.924858845171276,14.212670403551895,12.0,17.69180601295413,27.294688127912362,33.61547262794322,32.01562118716424,23.021728866442675,12.529964086141668,9.055385138137417,15.264337522473747,21.840329667841555,25.317977802344327,700.6832379898923,620.2878364114518,671.2354281472336,553.9467483431958,87.5728268357257
