left_iris-362,left_iris-382,left_iris-381,left_iris-380,left_iris-374,left_iris-373,left_iris-390,left_iris-249,left_iris-263,left_iris-466,left_iris-388,left_iris-387,left_iris-386,left_iris-385,left_iris-384,left_iris-398,right_iris-133,right_iris-33,right_iris-7,right_iris-163,right_iris-144,right_iris-145,right_iris-153,right_iris-154,right_iris-155,right_iris-173,right_iris-157,right_iris-158,right_iris-159,right_iris-160,right_iris-161,right_iris-246,middle_left_right,center_edge_top_left,center_edge_top_right,center_edge_bottom_left,center_edge_bottom_right
27.313000567495326,25.059928172283335,19.209372712298546,13.92838827718412,14.317821063276353,20.591260281974,26.68332812825267,32.01562118716424,37.21558813185679,33.54101966249684,29.120439557122072,22.360679774997898,13.601470508735444,10.770329614269007,15.297058540778355,22.80350850198276,35.22782990761707,28.071337695236398,23.769728648009426,20.12461179749811,14.866068747318506,11.180339887498949,16.64331697709324,25.709920264364882,32.38826948140329,30.0,21.840329667841555,12.806248474865697,11.180339887498949,18.384776310850235,23.345235059857504,26.019223662515376,662.2122016393234,577.2564421468157,631.2091570945403,518.4833652104954,79.76214641043707
