left_iris-362,left_iris-382,left_iris-381,left_iris-380,left_iris-374,left_iris-373,left_iris-390,left_iris-249,left_iris-263,left_iris-466,left_iris-388,left_iris-387,left_iris-386,left_iris-385,left_iris-384,left_iris-398,right_iris-133,right_iris-33,right_iris-7,right_iris-163,right_iris-144,right_iris-145,right_iris-153,right_iris-154,right_iris-155,right_iris-173,right_iris-157,right_iris-158,right_iris-159,right_iris-160,right_iris-161,right_iris-246,middle_left_right,center_edge_top_left,center_edge_top_right,center_edge_bottom_left,center_edge_bottom_right
30.265491900843113,27.073972741361768,22.0,14.317821063276353,7.810249675906654,9.848857801796104,14.142135623730951,18.027756377319946,21.470910553583888,18.384776310850235,14.560219778561036,9.0,4.0,10.816653826391969,19.924858845171276,26.476404589747453,25.632011235952593,29.017236257093817,25.179356624028344,21.587033144922902,15.652475842498529,8.94427190999916,10.295630140987,16.64331697709324,22.360679774997898,21.840329667841555,15.0,6.4031242374328485,7.211102550927978,14.866068747318506,21.213203435596427,26.019223662515376,709.73304840623,669.2690042128053,692.9076417532137,551.9248137201298,74.95331880577403
