left_iris-362,left_iris-382,left_iris-381,left_iris-380,left_iris-374,left_iris-373,left_iris-390,left_iris-249,left_iris-263,left_iris-466,left_iris-388,left_iris-387,left_iris-386,left_iris-385,left_iris-384,left_iris-398,right_iris-133,right_iris-33,right_iris-7,right_iris-163,right_iris-144,right_iris-145,right_iris-153,right_iris-154,right_iris-155,right_iris-173,right_iris-157,right_iris-158,right_iris-159,right_iris-160,right_iris-161,right_iris-246,middle_left_right,center_edge_top_left,center_edge_top_right,center_edge_bottom_left,center_edge_bottom_right
24.331050121192877,21.587033144922902,17.72004514666935,11.661903789690601,6.708203932499369,7.0710678118654755,10.770329614269007,13.152946437965905,16.0312195418814,14.142135623730951,11.704699910719626,8.602325267042627,6.082762530298219,10.295630140987,16.1245154965971,21.095023109728988,23.194827009486403,19.1049731745428,16.76305461424021,13.416407864998739,9.219544457292887,7.0710678118654755,10.816653826391969,17.72004514666935,21.37755832643195,21.02379604162864,15.297058540778355,8.602325267042627,5.385164807134504,10.44030650891055,15.033296378372908,17.029386365926403,755.4528443258388,670.6780151458671,724.8510191756648,610.2532261283015,56.0357029044876
