left_iris-362,left_iris-382,left_iris-381,left_iris-380,left_iris-374,left_iris-373,left_iris-390,left_iris-249,left_iris-263,left_iris-466,left_iris-388,left_iris-387,left_iris-386,left_iris-385,left_iris-384,left_iris-398,right_iris-133,right_iris-33,right_iris-7,right_iris-163,right_iris-144,right_iris-145,right_iris-153,right_iris-154,right_iris-155,right_iris-173,right_iris-157,right_iris-158,right_iris-159,right_iris-160,right_iris-161,right_iris-246,middle_left_right,center_edge_top_left,center_edge_top_right,center_edge_bottom_left,center_edge_bottom_right
28.635642126552707,25.96150997149434,20.615528128088304,13.45362404707371,11.0,14.212670403551895,18.027756377319946,20.615528128088304,23.53720459187964,20.223748416156685,17.029386365926403,11.180339887498949,4.47213595499958,8.94427190999916,18.027756377319946,25.179356624028344,29.427877939124322,23.345235059857504,19.313207915827967,16.1245154965971,12.806248474865697,10.04987562112089,14.212670403551895,21.18962010041709,26.68332812825267,26.076809620810597,19.235384061671343,10.295630140987,5.0990195135927845,10.44030650891055,16.0,20.09975124224178,715.3083251298002,653.9617725830769,691.8569216246955,561.12921862972,67.00746227100382
