left_iris-362,left_iris-382,left_iris-381,left_iris-380,left_iris-374,left_iris-373,left_iris-390,left_iris-249,left_iris-263,left_iris-466,left_iris-388,left_iris-387,left_iris-386,left_iris-385,left_iris-384,left_iris-398,right_iris-133,right_iris-33,right_iris-7,right_iris-163,right_iris-144,right_iris-145,right_iris-153,right_iris-154,right_iris-155,right_iris-173,right_iris-157,right_iris-158,right_iris-159,right_iris-160,right_iris-161,right_iris-246,middle_left_right,center_edge_top_left,center_edge_top_right,center_edge_bottom_left,center_edge_bottom_right
31.04834939252005,27.51363298439521,21.470910553583888,13.601470508735444,11.40175425099138,16.64331697709324,20.8806130178211,24.186773244895647,27.073972741361768,25.317977802344327,21.840329667841555,17.0,9.848857801796104,10.63014581273465,19.1049731745428,26.30589287593181,35.22782990761707,29.154759474226502,25.0,20.591260281974,15.620499351813308,12.165525060596439,17.204650534085253,25.0,31.400636936215164,30.0,21.840329667841555,12.041594578792296,10.770329614269007,16.55294535724685,22.20360331117452,26.0,699.5441372779848,665.7041384879623,684.8080022896929,541.4443646396184,76.10519036176179
