left_iris-362,left_iris-382,left_iris-381,left_iris-380,left_iris-374,left_iris-373,left_iris-390,left_iris-249,left_iris-263,left_iris-466,left_iris-388,left_iris-387,left_iris-386,left_iris-385,left_iris-384,left_iris-398,right_iris-133,right_iris-33,right_iris-7,right_iris-163,right_iris-144,right_iris-145,right_iris-153,right_iris-154,right_iris-155,right_iris-173,right_iris-157,right_iris-158,right_iris-159,right_iris-160,right_iris-161,right_iris-246,middle_left_right,center_edge_top_left,center_edge_top_right,center_edge_bottom_left,center_edge_bottom_right
22.02271554554524,20.09975124224178,16.278820596099706,10.295630140987,5.385164807134504,7.0710678118654755,10.295630140987,12.649110640673518,15.132745950421556,13.0,11.180339887498949,8.06225774829855,6.0,8.602325267042627,15.524174696260024,20.024984394500787,21.213203435596427,19.0,16.1245154965971,13.601470508735444,9.433981132056603,6.0,8.602325267042627,14.560219778561036,18.24828759089466,18.0,13.341664064126334,8.48528137423857,7.0710678118654755,10.816653826391969,14.560219778561036,16.1245154965971,744.153881935719,680.3418258493299,720.0451374740336,590.4786194266478,50.0
