left_iris-362,left_iris-382,left_iris-381,left_iris-380,left_iris-374,left_iris-373,left_iris-390,left_iris-249,left_iris-263,left_iris-466,left_iris-388,left_iris-387,left_iris-386,left_iris-385,left_iris-384,left_iris-398,right_iris-133,right_iris-33,right_iris-7,right_iris-163,right_iris-144,right_iris-145,right_iris-153,right_iris-154,right_iris-155,right_iris-173,right_iris-157,right_iris-158,right_iris-159,right_iris-160,right_iris-161,right_iris-246,middle_left_right,center_edge_top_left,center_edge_top_right,center_edge_bottom_left,center_edge_bottom_right
28.0,25.079872407968907,18.24828759089466,11.661903789690601,7.0,11.40175425099138,16.15549442140351,20.615528128088304,24.186773244895647,20.024984394500787,16.0312195418814,10.44030650891055,4.0,9.848857801796104,18.24828759089466,25.079872407968907,30.0,25.317977802344327,20.8806130178211,16.55294535724685,11.313708498984761,8.54400374531753,13.416407864998739,21.213203435596427,26.019223662515376,26.076809620810597,19.6468827043885,10.816653826391969,6.082762530298219,9.848857801796104,16.0312195418814,21.02379604162864,763.2483213214425,713.055397567398,743.5374906485886,606.4222951046572,78.02563681252464
