left_iris-362,left_iris-382,left_iris-381,left_iris-380,left_iris-374,left_iris-373,left_iris-390,left_iris-249,left_iris-263,left_iris-466,left_iris-388,left_iris-387,left_iris-386,left_iris-385,left_iris-384,left_iris-398,right_iris-133,right_iris-33,right_iris-7,right_iris-163,right_iris-144,right_iris-145,right_iris-153,right_iris-154,right_iris-155,right_iris-173,right_iris-157,right_iris-158,right_iris-159,right_iris-160,right_iris-161,right_iris-246,middle_left_right,center_edge_top_left,center_edge_top_right,center_edge_bottom_left,center_edge_bottom_right
19.026297590440446,16.0,12.041594578792296,6.708203932499369,4.123105625617661,8.94427190999916,13.601470508735444,16.492422502470642,19.235384061671343,16.1245154965971,13.038404810405298,8.0,1.4142135623730951,5.385164807134504,12.165525060596439,16.1245154965971,19.0,20.024984394500787,17.11724276862369,13.152946437965905,7.0710678118654755,1.0,7.0710678118654755,13.0,17.0,17.0,13.0,6.082762530298219,1.0,7.0710678118654755,13.038404810405298,17.029386365926403,745.6976599131849,684.0065789157294,722.2638022218752,591.4093337105866,52.03844732503075
