left_iris-362,left_iris-382,left_iris-381,left_iris-380,left_iris-374,left_iris-373,left_iris-390,left_iris-249,left_iris-263,left_iris-466,left_iris-388,left_iris-387,left_iris-386,left_iris-385,left_iris-384,left_iris-398,right_iris-133,right_iris-33,right_iris-7,right_iris-163,right_iris-144,right_iris-145,right_iris-153,right_iris-154,right_iris-155,right_iris-173,right_iris-157,right_iris-158,right_iris-159,right_iris-160,right_iris-161,right_iris-246,middle_left_right,center_edge_top_left,center_edge_top_right,center_edge_bottom_left,center_edge_bottom_right
40.01249804748511,37.05401462729781,30.265491900843113,20.615528128088304,13.892443989449804,14.866068747318506,19.1049731745428,22.825424421026653,26.92582403567252,23.53720459187964,20.09975124224178,14.317821063276353,7.280109889280518,13.601470508735444,25.0,35.12833614050059,38.27531841800928,33.13608305156178,28.071337695236398,23.53720459187964,17.0,11.180339887498949,16.278820596099706,25.942243542145693,34.539832078341085,32.7566787083184,23.021728866442675,12.206555615733702,9.486832980505138,18.35755975068582,24.73863375370596,29.274562336608895,762.990170316761,691.1975115695947,736.4468752055371,611.8447515505874,79.90619500389191
