left_iris-362,left_iris-382,left_iris-381,left_iris-380,left_iris-374,left_iris-373,left_iris-390,left_iris-249,left_iris-263,left_iris-466,left_iris-388,left_iris-387,left_iris-386,left_iris-385,left_iris-384,left_iris-398,right_iris-133,right_iris-33,right_iris-7,right_iris-163,right_iris-144,right_iris-145,right_iris-153,right_iris-154,right_iris-155,right_iris-173,right_iris-157,right_iris-158,right_iris-159,right_iris-160,right_iris-161,right_iris-246,middle_left_right,center_edge_top_left,center_edge_top_right,center_edge_bottom_left,center_edge_bottom_right
25.317977802344327,22.561028345356956,17.08800749063506,10.63014581273465,9.055385138137417,12.806248474865697,16.55294535724685,19.6468827043885,23.194827009486403,20.024984394500787,17.029386365926403,11.704699910719626,5.385164807134504,8.602325267042627,15.132745950421556,22.02271554554524,26.476404589747453,24.08318915758459,20.615528128088304,16.15549442140351,11.40175425099138,8.0,12.041594578792296,18.027756377319946,23.769728648009426,23.08679276123039,16.1245154965971,8.602325267042627,6.324555320336759,12.649110640673518,17.11724276862369,21.02379604162864,624.1938801366127,587.5525508411993,608.1266315497127,466.28103113894736,66.03029607687671
