left_iris-362,left_iris-382,left_iris-381,left_iris-380,left_iris-374,left_iris-373,left_iris-390,left_iris-249,left_iris-263,left_iris-466,left_iris-388,left_iris-387,left_iris-386,left_iris-385,left_iris-384,left_iris-398,right_iris-133,right_iris-33,right_iris-7,right_iris-163,right_iris-144,right_iris-145,right_iris-153,right_iris-154,right_iris-155,right_iris-173,right_iris-157,right_iris-158,right_iris-159,right_iris-160,right_iris-161,right_iris-246,middle_left_right,center_edge_top_left,center_edge_top_right,center_edge_bottom_left,center_edge_bottom_right
24.041630560342615,20.615528128088304,14.422205101855956,8.246211251235321,11.313708498984761,18.973665961010276,24.331050121192877,28.071337695236398,32.01562118716424,30.14962686336267,26.476404589747453,21.540659228538015,12.727922061357855,7.280109889280518,12.36931687685298,20.223748416156685,38.3275357934736,24.020824298928627,19.4164878389476,15.231546211727817,10.816653826391969,10.295630140987,18.35755975068582,27.892651361962706,34.52535300326414,34.058772731852805,26.30589287593181,15.652475842498529,8.54400374531753,11.40175425099138,16.492422502470642,20.09975124224178,669.9917909944868,615.6208248589386,648.5283339993712,514.3821536562092,73.02739212103907
