left_iris-362,left_iris-382,left_iris-381,left_iris-380,left_iris-374,left_iris-373,left_iris-390,left_iris-249,left_iris-263,left_iris-466,left_iris-388,left_iris-387,left_iris-386,left_iris-385,left_iris-384,left_iris-398,right_iris-133,right_iris-33,right_iris-7,right_iris-163,right_iris-144,right_iris-145,right_iris-153,right_iris-154,right_iris-155,right_iris-173,right_iris-157,right_iris-158,right_iris-159,right_iris-160,right_iris-161,right_iris-246,middle_left_right,center_edge_top_left,center_edge_top_right,center_edge_bottom_left,center_edge_bottom_right
29.068883707497267,26.1725046566048,20.396078054371138,13.0,6.324555320336759,10.0,17.08800749063506,22.561028345356956,28.284271247461902,22.090722034374522,17.0,10.198039027185569,4.123105625617661,10.770329614269007,19.235384061671343,26.0,25.079872407968907,22.561028345356956,18.973665961010276,15.231546211727817,10.816653826391969,5.0,9.486832980505138,17.029386365926403,22.0,22.360679774997898,15.811388300841896,8.602325267042627,4.47213595499958,10.198039027185569,16.0312195418814,19.235384061671343,593.3936298950301,548.466954337269,574.4701906974808,436.48138562829917,83.38465086573187
