left_iris-362,left_iris-382,left_iris-381,left_iris-380,left_iris-374,left_iris-373,left_iris-390,left_iris-249,left_iris-263,left_iris-466,left_iris-388,left_iris-387,left_iris-386,left_iris-385,left_iris-384,left_iris-398,right_iris-133,right_iris-33,right_iris-7,right_iris-163,right_iris-144,right_iris-145,right_iris-153,right_iris-154,right_iris-155,right_iris-173,right_iris-157,right_iris-158,right_iris-159,right_iris-160,right_iris-161,right_iris-246,middle_left_right,center_edge_top_left,center_edge_top_right,center_edge_bottom_left,center_edge_bottom_right
38.62641583165593,35.34119409414458,27.784887978899608,19.209372712298546,14.0,15.620499351813308,20.615528128088304,25.019992006393608,30.4138126514911,25.709920264364882,21.18962010041709,13.601470508735444,8.06225774829855,13.92838827718412,25.019992006393608,34.20526275297414,32.14031735997639,26.92582403567252,24.166091947189145,20.808652046684813,15.620499351813308,11.0,13.601470508735444,22.20360331117452,29.0,28.635642126552707,21.02379604162864,12.206555615733702,9.433981132056603,15.524174696260024,21.02379604162864,24.331050121192877,533.367603065653,465.8121939151014,506.9329344203235,383.64175997928066,82.76472678623425
