left_iris-362,left_iris-382,left_iris-381,left_iris-380,left_iris-374,left_iris-373,left_iris-390,left_iris-249,left_iris-263,left_iris-466,left_iris-388,left_iris-387,left_iris-386,left_iris-385,left_iris-384,left_iris-398,right_iris-133,right_iris-33,right_iris-7,right_iris-163,right_iris-144,right_iris-145,right_iris-153,right_iris-154,right_iris-155,right_iris-173,right_iris-157,right_iris-158,right_iris-159,right_iris-160,right_iris-161,right_iris-246,middle_left_right,center_edge_top_left,center_edge_top_right,center_edge_bottom_left,center_edge_bottom_right
33.734255586866,31.04834939252005,24.166091947189145,15.620499351813308,13.341664064126334,18.601075237738275,24.041630560342615,28.160255680657446,33.06055050963308,30.265491900843113,26.476404589747453,20.248456731316587,11.40175425099138,10.0,20.396078054371138,29.154759474226502,35.510561809129406,33.015148038438355,28.442925306655784,23.769728648009426,17.69180601295413,13.0,16.278820596099706,25.298221281347036,32.7566787083184,31.064449134018133,20.396078054371138,10.63014581273465,10.63014581273465,19.924858845171276,26.30589287593181,30.066592756745816,723.6159202228763,643.9875775199395,694.4926205511474,576.2117666275134,79.00632886041473
