left_iris-362,left_iris-382,left_iris-381,left_iris-380,left_iris-374,left_iris-373,left_iris-390,left_iris-249,left_iris-263,left_iris-466,left_iris-388,left_iris-387,left_iris-386,left_iris-385,left_iris-384,left_iris-398,right_iris-133,right_iris-33,right_iris-7,right_iris-163,right_iris-144,right_iris-145,right_iris-153,right_iris-154,right_iris-155,right_iris-173,right_iris-157,right_iris-158,right_iris-159,right_iris-160,right_iris-161,right_iris-246,middle_left_right,center_edge_top_left,center_edge_top_right,center_edge_bottom_left,center_edge_bottom_right
27.294688127912362,24.515301344262525,19.6468827043885,12.083045973594572,5.385164807134504,10.295630140987,16.492422502470642,22.360679774997898,28.071337695236398,23.021728866442675,18.027756377319946,10.44030650891055,4.0,9.486832980505138,18.027756377319946,24.08318915758459,20.223748416156685,22.847319317591726,19.235384061671343,16.1245154965971,11.40175425099138,6.082762530298219,7.211102550927978,13.038404810405298,18.027756377319946,18.439088914585774,13.0,7.0710678118654755,4.47213595499958,10.04987562112089,15.297058540778355,18.973665961010276,538.8923825774493,490.5150354474366,518.4640778298917,383.020887158912,80.23091673413684
