left_iris-362,left_iris-382,left_iris-381,left_iris-380,left_iris-374,left_iris-373,left_iris-390,left_iris-249,left_iris-263,left_iris-466,left_iris-388,left_iris-387,left_iris-386,left_iris-385,left_iris-384,left_iris-398,right_iris-133,right_iris-33,right_iris-7,right_iris-163,right_iris-144,right_iris-145,right_iris-153,right_iris-154,right_iris-155,right_iris-173,right_iris-157,right_iris-158,right_iris-159,right_iris-160,right_iris-161,right_iris-246,middle_left_right,center_edge_top_left,center_edge_top_right,center_edge_bottom_left,center_edge_bottom_right
40.049968789001575,37.21558813185679,29.614185789921695,19.72308292331602,13.601470508735444,16.1245154965971,20.0,23.259406699226016,26.68332812825267,24.186773244895647,21.0,14.560219778561036,8.246211251235321,14.422205101855956,25.709920264364882,35.014282800023196,36.87817782917155,37.0,31.25699921617557,26.92582403567252,19.72308292331602,13.601470508735444,15.0,24.596747752497688,32.57299494980466,32.14031735997639,22.561028345356956,12.806248474865697,12.083045973594572,21.02379604162864,27.65863337187866,32.14031735997639,835.7463730103768,772.5101941074953,812.1403819537605,681.375080260498,88.20430828479978
