left_iris-362,left_iris-382,left_iris-381,left_iris-380,left_iris-374,left_iris-373,left_iris-390,left_iris-249,left_iris-263,left_iris-466,left_iris-388,left_iris-387,left_iris-386,left_iris-385,left_iris-384,left_iris-398,right_iris-133,right_iris-33,right_iris-7,right_iris-163,right_iris-144,right_iris-145,right_iris-153,right_iris-154,right_iris-155,right_iris-173,right_iris-157,right_iris-158,right_iris-159,right_iris-160,right_iris-161,right_iris-246,middle_left_right,center_edge_top_left,center_edge_top_right,center_edge_bottom_left,center_edge_bottom_right
25.079872407968907,22.0,17.029386365926403,9.486832980505138,5.0,9.433981132056603,14.866068747318506,19.4164878389476,23.194827009486403,20.024984394500787,16.0312195418814,10.770329614269007,6.082762530298219,9.219544457292887,17.08800749063506,22.360679774997898,32.0,23.345235059857504,18.681541692269406,13.0,7.0710678118654755,7.0710678118654755,15.297058540778355,23.08679276123039,29.017236257093817,29.068883707497267,22.20360331117452,12.36931687685298,4.242640687119285,7.280109889280518,14.0,19.1049731745428,666.3122391191686,624.7175361713485,648.9006087221678,508.6963730949927,77.10382610480494
