left_iris-362,left_iris-382,left_iris-381,left_iris-380,left_iris-374,left_iris-373,left_iris-390,left_iris-249,left_iris-263,left_iris-466,left_iris-388,left_iris-387,left_iris-386,left_iris-385,left_iris-384,left_iris-398,right_iris-133,right_iris-33,right_iris-7,right_iris-163,right_iris-144,right_iris-145,right_iris-153,right_iris-154,right_iris-155,right_iris-173,right_iris-157,right_iris-158,right_iris-159,right_iris-160,right_iris-161,right_iris-246,middle_left_right,center_edge_top_left,center_edge_top_right,center_edge_bottom_left,center_edge_bottom_right
39.56008088970496,36.05551275463989,29.546573405388315,20.808652046684813,13.892443989449804,10.295630140987,15.231546211727817,21.095023109728988,28.160255680657446,21.587033144922902,16.55294535724685,10.295630140987,11.40175425099138,19.313207915827967,28.0178514522438,35.6931365951495,24.020824298928627,22.561028345356956,20.615528128088304,18.35755975068582,14.866068747318506,10.44030650891055,10.0,15.524174696260024,21.02379604162864,20.396078054371138,15.652475842498529,8.94427190999916,9.219544457292887,14.560219778561036,19.026297590440446,20.09975124224178,532.124045688597,469.5274219893871,507.20410092979336,380.46813269970454,70.61161377563892
