left_iris-362,left_iris-382,left_iris-381,left_iris-380,left_iris-374,left_iris-373,left_iris-390,left_iris-249,left_iris-263,left_iris-466,left_iris-388,left_iris-387,left_iris-386,left_iris-385,left_iris-384,left_iris-398,right_iris-133,right_iris-33,right_iris-7,right_iris-163,right_iris-144,right_iris-145,right_iris-153,right_iris-154,right_iris-155,right_iris-173,right_iris-157,right_iris-158,right_iris-159,right_iris-160,right_iris-161,right_iris-246,middle_left_right,center_edge_top_left,center_edge_top_right,center_edge_bottom_left,center_edge_bottom_right
34.058772731852805,29.274562336608895,22.80350850198276,14.212670403551895,11.0,15.556349186104045,20.591260281974,25.298221281347036,29.427877939124322,25.179356624028344,20.0,13.601470508735444,6.324555320336759,10.816653826391969,21.37755832643195,30.01666203960727,38.3275357934736,27.16615541441225,22.80350850198276,18.788294228055936,14.142135623730951,11.045361017187261,16.401219466856727,26.248809496813376,33.54101966249684,34.0147027033899,25.317977802344327,14.7648230602334,8.06225774829855,12.529964086141668,19.235384061671343,23.0,616.8776215749766,574.5763656817081,598.9474100453227,459.4975516800933,80.15609770940699
