left_iris-362,left_iris-382,left_iris-381,left_iris-380,left_iris-374,left_iris-373,left_iris-390,left_iris-249,left_iris-263,left_iris-466,left_iris-388,left_iris-387,left_iris-386,left_iris-385,left_iris-384,left_iris-398,right_iris-133,right_iris-33,right_iris-7,right_iris-163,right_iris-144,right_iris-145,right_iris-153,right_iris-154,right_iris-155,right_iris-173,right_iris-157,right_iris-158,right_iris-159,right_iris-160,right_iris-161,right_iris-246,middle_left_right,center_edge_top_left,center_edge_top_right,center_edge_bottom_left,center_edge_bottom_right
33.015148038438355,30.14962686336267,22.561028345356956,14.422205101855956,9.055385138137417,13.45362404707371,18.35755975068582,22.135943621178654,26.30589287593181,24.08318915758459,20.024984394500787,13.601470508735444,7.280109889280518,11.40175425099138,21.587033144922902,29.068883707497267,31.32091952673165,29.154759474226502,25.019992006393608,21.37755832643195,15.652475842498529,10.770329614269007,13.601470508735444,21.470910553583888,27.85677655436824,27.459060435491963,19.0,8.94427190999916,8.06225774829855,16.55294535724685,22.561028345356956,26.30589287593181,649.9269189685868,604.2391910493724,631.1140942808994,492.8539337369643,75.66372975210778
