left_iris-362,left_iris-382,left_iris-381,left_iris-380,left_iris-374,left_iris-373,left_iris-390,left_iris-249,left_iris-263,left_iris-466,left_iris-388,left_iris-387,left_iris-386,left_iris-385,left_iris-384,left_iris-398,right_iris-133,right_iris-33,right_iris-7,right_iris-163,right_iris-144,right_iris-145,right_iris-153,right_iris-154,right_iris-155,right_iris-173,right_iris-157,right_iris-158,right_iris-159,right_iris-160,right_iris-161,right_iris-246,middle_left_right,center_edge_top_left,center_edge_top_right,center_edge_bottom_left,center_edge_bottom_right
27.16615541441225,24.331050121192877,18.681541692269406,12.206555615733702,8.06225774829855,11.313708498984761,14.317821063276353,17.46424919657298,21.02379604162864,18.027756377319946,15.297058540778355,10.295630140987,7.0,10.816653826391969,18.439088914585774,24.0,23.345235059857504,23.194827009486403,20.615528128088304,17.46424919657298,13.601470508735444,9.486832980505138,10.0,15.652475842498529,20.615528128088304,20.024984394500787,14.142135623730951,6.4031242374328485,6.4031242374328485,12.36931687685298,18.027756377319946,21.02379604162864,725.0,662.514150792268,701.2310603502957,571.0735504293646,58.0
