left_iris-362,left_iris-382,left_iris-381,left_iris-380,left_iris-374,left_iris-373,left_iris-390,left_iris-249,left_iris-263,left_iris-466,left_iris-388,left_iris-387,left_iris-386,left_iris-385,left_iris-384,left_iris-398,right_iris-133,right_iris-33,right_iris-7,right_iris-163,right_iris-144,right_iris-145,right_iris-153,right_iris-154,right_iris-155,right_iris-173,right_iris-157,right_iris-158,right_iris-159,right_iris-160,right_iris-161,right_iris-246,middle_left_right,center_edge_top_left,center_edge_top_right,center_edge_bottom_left,center_edge_bottom_right
33.734255586866,31.32091952673165,24.166091947189145,15.811388300841896,14.317821063276353,19.4164878389476,25.0,29.154759474226502,33.06055050963308,30.265491900843113,26.476404589747453,20.248456731316587,10.63014581273465,9.899494936611665,20.223748416156685,29.154759474226502,35.6931365951495,32.01562118716424,26.68332812825267,22.847319317591726,17.69180601295413,13.0,16.278820596099706,25.632011235952593,32.01562118716424,30.14962686336267,20.223748416156685,9.899494936611665,9.219544457292887,18.681541692269406,25.179356624028344,29.017236257093817,713.8494238983457,633.7041896658093,684.5297656055578,566.816548805696,79.05694150420949
