left_iris-362,left_iris-382,left_iris-381,left_iris-380,left_iris-374,left_iris-373,left_iris-390,left_iris-249,left_iris-263,left_iris-466,left_iris-388,left_iris-387,left_iris-386,left_iris-385,left_iris-384,left_iris-398,right_iris-133,right_iris-33,right_iris-7,right_iris-163,right_iris-144,right_iris-145,right_iris-153,right_iris-154,right_iris-155,right_iris-173,right_iris-157,right_iris-158,right_iris-159,right_iris-160,right_iris-161,right_iris-246,middle_left_right,center_edge_top_left,center_edge_top_right,center_edge_bottom_left,center_edge_bottom_right
36.138621999185304,32.57299494980466,26.40075756488817,17.69180601295413,14.0,16.97056274847714,22.847319317591726,26.476404589747453,31.0,27.16615541441225,23.769728648009426,18.867962264113206,12.36931687685298,14.142135623730951,22.360679774997898,31.25699921617557,28.635642126552707,43.01162633521314,37.48332962798263,32.28002478313795,25.942243542145693,16.401219466856727,12.36931687685298,18.027756377319946,24.351591323771842,24.020824298928627,15.652475842498529,12.0,18.384776310850235,28.792360097775937,35.35533905932738,39.05124837953327,858.7345340674265,790.7117047318827,833.6815938954152,705.6380091803445,95.25754563287887
