left_iris-362,left_iris-382,left_iris-381,left_iris-380,left_iris-374,left_iris-373,left_iris-390,left_iris-249,left_iris-263,left_iris-466,left_iris-388,left_iris-387,left_iris-386,left_iris-385,left_iris-384,left_iris-398,right_iris-133,right_iris-33,right_iris-7,right_iris-163,right_iris-144,right_iris-145,right_iris-153,right_iris-154,right_iris-155,right_iris-173,right_iris-157,right_iris-158,right_iris-159,right_iris-160,right_iris-161,right_iris-246,middle_left_right,center_edge_top_left,center_edge_top_right,center_edge_bottom_left,center_edge_bottom_right
23.08679276123039,20.396078054371138,15.811388300841896,9.899494936611665,8.06225774829855,11.313708498984761,14.7648230602334,16.76305461424021,19.235384061671343,17.029386365926403,15.132745950421556,11.180339887498949,7.280109889280518,8.48528137423857,14.560219778561036,20.0,25.495097567963924,23.08679276123039,20.396078054371138,17.08800749063506,12.206555615733702,8.246211251235321,10.63014581273465,17.46424919657298,22.80350850198276,22.090722034374522,15.297058540778355,9.219544457292887,7.280109889280518,12.529964086141668,17.26267650163207,21.02379604162864,754.1153757880819,694.4710217136493,731.3617435988842,599.2411868354844,57.0350769263968
