left_iris-362,left_iris-382,left_iris-381,left_iris-380,left_iris-374,left_iris-373,left_iris-390,left_iris-249,left_iris-263,left_iris-466,left_iris-388,left_iris-387,left_iris-386,left_iris-385,left_iris-384,left_iris-398,right_iris-133,right_iris-33,right_iris-7,right_iris-163,right_iris-144,right_iris-145,right_iris-153,right_iris-154,right_iris-155,right_iris-173,right_iris-157,right_iris-158,right_iris-159,right_iris-160,right_iris-161,right_iris-246,middle_left_right,center_edge_top_left,center_edge_top_right,center_edge_bottom_left,center_edge_bottom_right
30.265491900843113,27.459060435491963,21.840329667841555,14.212670403551895,10.0,15.620499351813308,22.47220505424423,27.65863337187866,33.06055050963308,30.0,26.076809620810597,19.6468827043885,10.63014581273465,8.94427190999916,17.72004514666935,26.019223662515376,34.713109915419565,32.01562118716424,26.476404589747453,22.47220505424423,16.401219466856727,11.045361017187261,15.556349186104045,23.769728648009426,31.04834939252005,30.14962686336267,21.213203435596427,10.63014581273465,8.94427190999916,18.027756377319946,24.186773244895647,28.0178514522438,761.9356928245322,691.7701930554684,735.8980907707262,610.201606028696,87.00574693662483
