left_iris-362,left_iris-382,left_iris-381,left_iris-380,left_iris-374,left_iris-373,left_iris-390,left_iris-249,left_iris-263,left_iris-466,left_iris-388,left_iris-387,left_iris-386,left_iris-385,left_iris-384,left_iris-398,right_iris-133,right_iris-33,right_iris-7,right_iris-163,right_iris-144,right_iris-145,right_iris-153,right_iris-154,right_iris-155,right_iris-173,right_iris-157,right_iris-158,right_iris-159,right_iris-160,right_iris-161,right_iris-246,middle_left_right,center_edge_top_left,center_edge_top_right,center_edge_bottom_left,center_edge_bottom_right
37.0,33.06055050963308,25.317977802344327,15.264337522473747,10.04987562112089,14.866068747318506,19.697715603592208,23.769728648009426,28.160255680657446,25.019992006393608,20.024984394500787,13.601470508735444,6.082762530298219,12.529964086141668,23.53720459187964,33.06055050963308,35.05709628591621,30.14962686336267,26.68332812825267,22.47220505424423,16.401219466856727,10.198039027185569,14.212670403551895,23.769728648009426,31.25699921617557,31.016124838541646,22.561028345356956,11.40175425099138,7.615773105863909,15.811388300841896,22.090722034374522,27.0,794.0283370258268,733.3355302997394,771.0907858352348,639.203410504043,85.00588214941364
