left_iris-362,left_iris-382,left_iris-381,left_iris-380,left_iris-374,left_iris-373,left_iris-390,left_iris-249,left_iris-263,left_iris-466,left_iris-388,left_iris-387,left_iris-386,left_iris-385,left_iris-384,left_iris-398,right_iris-133,right_iris-33,right_iris-7,right_iris-163,right_iris-144,right_iris-145,right_iris-153,right_iris-154,right_iris-155,right_iris-173,right_iris-157,right_iris-158,right_iris-159,right_iris-160,right_iris-161,right_iris-246,middle_left_right,center_edge_top_left,center_edge_top_right,center_edge_bottom_left,center_edge_bottom_right
31.0,29.017236257093817,23.194827009486403,15.811388300841896,9.219544457292887,8.54400374531753,12.806248474865697,16.55294535724685,19.6468827043885,17.26267650163207,13.0,8.54400374531753,5.0990195135927845,12.529964086141668,20.396078054371138,28.071337695236398,25.709920264364882,30.14962686336267,26.476404589747453,22.135943621178654,16.1245154965971,9.848857801796104,10.816653826391969,17.0,22.135943621178654,21.213203435596427,14.035668847618199,5.656854249492381,7.810249675906654,16.278820596099706,23.021728866442675,27.073972741361768,660.7692486791436,618.8020685162583,643.2075870199294,503.20572333788095,73.33484846919642
