left_iris-362,left_iris-382,left_iris-381,left_iris-380,left_iris-374,left_iris-373,left_iris-390,left_iris-249,left_iris-263,left_iris-466,left_iris-388,left_iris-387,left_iris-386,left_iris-385,left_iris-384,left_iris-398,right_iris-133,right_iris-33,right_iris-7,right_iris-163,right_iris-144,right_iris-145,right_iris-153,right_iris-154,right_iris-155,right_iris-173,right_iris-157,right_iris-158,right_iris-159,right_iris-160,right_iris-161,right_iris-246,middle_left_right,center_edge_top_left,center_edge_top_right,center_edge_bottom_left,center_edge_bottom_right
39.45883931389772,35.6931365951495,27.202941017470888,16.64331697709324,10.198039027185569,13.45362404707371,19.697715603592208,23.769728648009426,29.154759474226502,25.019992006393608,20.09975124224178,13.0,7.0,13.416407864998739,25.079872407968907,34.132096331752024,36.345563690772494,30.14962686336267,25.709920264364882,21.540659228538015,15.620499351813308,10.04987562112089,14.212670403551895,24.041630560342615,31.575306807693888,32.01562118716424,23.345235059857504,12.206555615733702,7.0710678118654755,13.92838827718412,21.095023109728988,26.019223662515376,665.1992182797571,621.3614085216429,647.0625935719048,507.8287112796991,91.02197536858887
