left_iris-362,left_iris-382,left_iris-381,left_iris-380,left_iris-374,left_iris-373,left_iris-390,left_iris-249,left_iris-263,left_iris-466,left_iris-388,left_iris-387,left_iris-386,left_iris-385,left_iris-384,left_iris-398,right_iris-133,right_iris-33,right_iris-7,right_iris-163,right_iris-144,right_iris-145,right_iris-153,right_iris-154,right_iris-155,right_iris-173,right_iris-157,right_iris-158,right_iris-159,right_iris-160,right_iris-161,right_iris-246,middle_left_right,center_edge_top_left,center_edge_top_right,center_edge_bottom_left,center_edge_bottom_right
27.892651361962706,24.351591323771842,17.88854381999832,11.661903789690601,10.295630140987,16.55294535724685,21.37755832643195,26.076809620810597,30.066592756745816,26.30589287593181,23.53720459187964,17.88854381999832,10.295630140987,8.602325267042627,16.278820596099706,24.186773244895647,34.132096331752024,24.08318915758459,20.615528128088304,16.15549442140351,12.041594578792296,9.219544457292887,15.264337522473747,23.769728648009426,31.25699921617557,30.0,22.360679774997898,13.038404810405298,7.0,12.083045973594572,17.11724276862369,21.0,636.71736272855,580.5247626070743,614.4989829120956,481.77691933092854,70.178344238091
