left_iris-362,left_iris-382,left_iris-381,left_iris-380,left_iris-374,left_iris-373,left_iris-390,left_iris-249,left_iris-263,left_iris-466,left_iris-388,left_iris-387,left_iris-386,left_iris-385,left_iris-384,left_iris-398,right_iris-133,right_iris-33,right_iris-7,right_iris-163,right_iris-144,right_iris-145,right_iris-153,right_iris-154,right_iris-155,right_iris-173,right_iris-157,right_iris-158,right_iris-159,right_iris-160,right_iris-161,right_iris-246,middle_left_right,center_edge_top_left,center_edge_top_right,center_edge_bottom_left,center_edge_bottom_right
28.160255680657446,25.317977802344327,18.681541692269406,11.40175425099138,7.0710678118654755,11.661903789690601,16.76305461424021,20.396078054371138,24.020824298928627,21.0,17.11724276862369,11.704699910719626,5.385164807134504,8.602325267042627,18.24828759089466,25.019992006393608,28.160255680657446,26.076809620810597,22.561028345356956,18.973665961010276,13.892443989449804,8.246211251235321,9.899494936611665,17.72004514666935,24.331050121192877,24.0,17.26267650163207,8.48528137423857,6.708203932499369,13.601470508735444,19.1049731745428,23.0,663.0671157582767,627.7403922004701,647.6557727682198,505.03267221042245,70.00714249274856
