left_iris-362,left_iris-382,left_iris-381,left_iris-380,left_iris-374,left_iris-373,left_iris-390,left_iris-249,left_iris-263,left_iris-466,left_iris-388,left_iris-387,left_iris-386,left_iris-385,left_iris-384,left_iris-398,right_iris-133,right_iris-33,right_iris-7,right_iris-163,right_iris-144,right_iris-145,right_iris-153,right_iris-154,right_iris-155,right_iris-173,right_iris-157,right_iris-158,right_iris-159,right_iris-160,right_iris-161,right_iris-246,middle_left_right,center_edge_top_left,center_edge_top_right,center_edge_bottom_left,center_edge_bottom_right
41.30375285612676,37.33630940518894,29.832867780352597,18.35755975068582,11.40175425099138,15.556349186104045,22.847319317591726,27.892651361962706,33.13608305156178,30.01666203960727,26.076809620810597,18.973665961010276,9.848857801796104,14.212670403551895,25.495097567963924,36.0,35.6931365951495,33.24154027718932,29.120439557122072,24.166091947189145,17.69180601295413,13.038404810405298,16.97056274847714,24.698178070456937,32.01562118716424,30.066592756745816,21.587033144922902,12.727922061357855,10.770329614269007,18.384776310850235,25.179356624028344,29.017236257093817,615.5818385885016,576.5769679756554,598.6994237511842,457.8657008337707,96.18731725128839
