left_iris-362,left_iris-382,left_iris-381,left_iris-380,left_iris-374,left_iris-373,left_iris-390,left_iris-249,left_iris-263,left_iris-466,left_iris-388,left_iris-387,left_iris-386,left_iris-385,left_iris-384,left_iris-398,right_iris-133,right_iris-33,right_iris-7,right_iris-163,right_iris-144,right_iris-145,right_iris-153,right_iris-154,right_iris-155,right_iris-173,right_iris-157,right_iris-158,right_iris-159,right_iris-160,right_iris-161,right_iris-246,middle_left_right,center_edge_top_left,center_edge_top_right,center_edge_bottom_left,center_edge_bottom_right
28.0,24.020824298928627,18.24828759089466,10.0,7.280109889280518,13.601470508735444,19.697715603592208,23.08679276123039,27.65863337187866,24.331050121192877,20.024984394500787,13.152946437965905,5.656854249492381,7.810249675906654,16.492422502470642,24.08318915758459,32.0624390837628,28.284271247461902,23.769728648009426,18.973665961010276,11.661903789690601,6.082762530298219,12.083045973594572,21.37755832643195,28.160255680657446,28.0178514522438,20.223748416156685,10.295630140987,5.0990195135927845,12.36931687685298,19.0,24.08318915758459,686.8493284556665,654.6464694779924,672.5786199397064,528.7362291350953,80.02499609497022
