left_iris-362,left_iris-382,left_iris-381,left_iris-380,left_iris-374,left_iris-373,left_iris-390,left_iris-249,left_iris-263,left_iris-466,left_iris-388,left_iris-387,left_iris-386,left_iris-385,left_iris-384,left_iris-398,right_iris-133,right_iris-33,right_iris-7,right_iris-163,right_iris-144,right_iris-145,right_iris-153,right_iris-154,right_iris-155,right_iris-173,right_iris-157,right_iris-158,right_iris-159,right_iris-160,right_iris-161,right_iris-246,middle_left_right,center_edge_top_left,center_edge_top_right,center_edge_bottom_left,center_edge_bottom_right
23.345235059857504,20.8806130178211,15.652475842498529,10.0,9.219544457292887,14.212670403551895,18.384776310850235,21.587033144922902,24.186773244895647,21.02379604162864,18.0,12.165525060596439,5.656854249492381,5.830951894845301,14.035668847618199,20.09975124224178,28.160255680657446,20.09975124224178,16.492422502470642,13.416407864998739,9.219544457292887,7.615773105863909,13.892443989449804,20.615528128088304,26.30589287593181,25.019992006393608,19.235384061671343,11.180339887498949,6.082762530298219,8.94427190999916,14.035668847618199,18.0,603.4583664180984,571.2810166634281,588.6951672979828,445.3784907244624,70.00714249274856
