left_iris-362,left_iris-382,left_iris-381,left_iris-380,left_iris-374,left_iris-373,left_iris-390,left_iris-249,left_iris-263,left_iris-466,left_iris-388,left_iris-387,left_iris-386,left_iris-385,left_iris-384,left_iris-398,right_iris-133,right_iris-33,right_iris-7,right_iris-163,right_iris-144,right_iris-145,right_iris-153,right_iris-154,right_iris-155,right_iris-173,right_iris-157,right_iris-158,right_iris-159,right_iris-160,right_iris-161,right_iris-246,middle_left_right,center_edge_top_left,center_edge_top_right,center_edge_bottom_left,center_edge_bottom_right
32.01562118716424,28.460498941515414,21.470910553583888,14.7648230602334,15.231546211727817,21.633307652783937,27.202941017470888,32.2490309931942,38.05259518088089,34.23448553724738,30.59411708155671,23.40939982143925,13.45362404707371,9.848857801796104,18.439088914585774,27.16615541441225,33.54101966249684,28.071337695236398,25.0,21.470910553583888,17.029386365926403,13.0,16.278820596099706,24.351591323771842,30.805843601498726,29.068883707497267,20.396078054371138,9.899494936611665,9.219544457292887,17.46424919657298,23.021728866442675,26.019223662515376,672.5808501585516,588.3578842847269,641.8449968645078,528.2660314652079,77.10382610480494
