left_iris-362,left_iris-382,left_iris-381,left_iris-380,left_iris-374,left_iris-373,left_iris-390,left_iris-249,left_iris-263,left_iris-466,left_iris-388,left_iris-387,left_iris-386,left_iris-385,left_iris-384,left_iris-398,right_iris-133,right_iris-33,right_iris-7,right_iris-163,right_iris-144,right_iris-145,right_iris-153,right_iris-154,right_iris-155,right_iris-173,right_iris-157,right_iris-158,right_iris-159,right_iris-160,right_iris-161,right_iris-246,middle_left_right,center_edge_top_left,center_edge_top_right,center_edge_bottom_left,center_edge_bottom_right
32.38826948140329,28.861739379323623,22.47220505424423,14.866068747318506,12.041594578792296,17.69180601295413,22.825424421026653,27.51363298439521,30.4138126514911,28.071337695236398,24.020824298928627,18.973665961010276,10.816653826391969,10.816653826391969,18.681541692269406,27.018512172212592,34.92849839314596,31.064449134018133,27.073972741361768,22.561028345356956,17.0,10.44030650891055,14.212670403551895,23.259406699226016,30.364452901377952,30.265491900843113,21.213203435596427,12.041594578792296,10.770329614269007,18.867962264113206,25.0,28.284271247461902,637.771902799112,584.5109066561547,616.4843874746546,482.1337988567074,75.4254598925323
