left_iris-362,left_iris-382,left_iris-381,left_iris-380,left_iris-374,left_iris-373,left_iris-390,left_iris-249,left_iris-263,left_iris-466,left_iris-388,left_iris-387,left_iris-386,left_iris-385,left_iris-384,left_iris-398,right_iris-133,right_iris-33,right_iris-7,right_iris-163,right_iris-144,right_iris-145,right_iris-153,right_iris-154,right_iris-155,right_iris-173,right_iris-157,right_iris-158,right_iris-159,right_iris-160,right_iris-161,right_iris-246,middle_left_right,center_edge_top_left,center_edge_top_right,center_edge_bottom_left,center_edge_bottom_right
29.732137494637012,26.40075756488817,20.248456731316587,13.892443989449804,12.36931687685298,16.401219466856727,21.18962010041709,24.331050121192877,28.0,25.079872407968907,21.37755832643195,16.55294535724685,9.433981132056603,9.219544457292887,17.029386365926403,24.73863375370596,29.427877939124322,25.317977802344327,22.135943621178654,18.35755975068582,14.142135623730951,11.0,13.45362404707371,20.248456731316587,26.68332812825267,25.079872407968907,17.26267650163207,8.602325267042627,6.4031242374328485,14.317821063276353,20.0,23.08679276123039,738.0819737671419,678.3546270204104,715.2377227188175,583.3223808495608,71.25307010929424
