left_iris-362,left_iris-382,left_iris-381,left_iris-380,left_iris-374,left_iris-373,left_iris-390,left_iris-249,left_iris-263,left_iris-466,left_iris-388,left_iris-387,left_iris-386,left_iris-385,left_iris-384,left_iris-398,right_iris-133,right_iris-33,right_iris-7,right_iris-163,right_iris-144,right_iris-145,right_iris-153,right_iris-154,right_iris-155,right_iris-173,right_iris-157,right_iris-158,right_iris-159,right_iris-160,right_iris-161,right_iris-246,middle_left_right,center_edge_top_left,center_edge_top_right,center_edge_bottom_left,center_edge_bottom_right
31.78049716414141,29.120439557122072,23.769728648009426,16.278820596099706,14.0,17.69180601295413,21.470910553583888,24.515301344262525,28.0,26.1725046566048,23.769728648009426,20.591260281974,13.416407864998739,13.038404810405298,19.924858845171276,27.073972741361768,37.64306044943742,32.01562118716424,27.459060435491963,22.847319317591726,16.97056274847714,14.0,19.1049731745428,27.294688127912362,34.17601498127012,32.55764119219941,23.194827009486403,14.866068747318506,12.165525060596439,18.027756377319946,23.769728648009426,28.160255680657446,729.9863012413315,694.3918202283204,714.8286507968186,571.9090836837618,72.06247289678588
