left_iris-362,left_iris-382,left_iris-381,left_iris-380,left_iris-374,left_iris-373,left_iris-390,left_iris-249,left_iris-263,left_iris-466,left_iris-388,left_iris-387,left_iris-386,left_iris-385,left_iris-384,left_iris-398,right_iris-133,right_iris-33,right_iris-7,right_iris-163,right_iris-144,right_iris-145,right_iris-153,right_iris-154,right_iris-155,right_iris-173,right_iris-157,right_iris-158,right_iris-159,right_iris-160,right_iris-161,right_iris-246,middle_left_right,center_edge_top_left,center_edge_top_right,center_edge_bottom_left,center_edge_bottom_right
29.017236257093817,25.179356624028344,19.4164878389476,11.661903789690601,7.0,11.40175425099138,17.08800749063506,20.615528128088304,24.186773244895647,22.090722034374522,18.0,12.36931687685298,5.830951894845301,8.602325267042627,18.439088914585774,25.019992006393608,33.13608305156178,25.079872407968907,20.615528128088304,16.15549442140351,10.63014581273465,8.54400374531753,14.7648230602334,23.53720459187964,29.274562336608895,29.0,22.360679774997898,13.416407864998739,7.0710678118654755,11.180339887498949,17.11724276862369,22.0,745.7352076977458,669.1942916672258,717.6496359645143,596.6749533875206,75.02666192761077
