left_iris-362,left_iris-382,left_iris-381,left_iris-380,left_iris-374,left_iris-373,left_iris-390,left_iris-249,left_iris-263,left_iris-466,left_iris-388,left_iris-387,left_iris-386,left_iris-385,left_iris-384,left_iris-398,right_iris-133,right_iris-33,right_iris-7,right_iris-163,right_iris-144,right_iris-145,right_iris-153,right_iris-154,right_iris-155,right_iris-173,right_iris-157,right_iris-158,right_iris-159,right_iris-160,right_iris-161,right_iris-246,middle_left_right,center_edge_top_left,center_edge_top_right,center_edge_bottom_left,center_edge_bottom_right
34.785054261852174,31.953090617340916,25.059928172283335,16.278820596099706,12.041594578792296,15.0,19.6468827043885,23.08679276123039,27.16615541441225,24.515301344262525,21.18962010041709,15.811388300841896,9.219544457292887,11.661903789690601,22.02271554554524,30.59411708155671,33.06055050963308,28.284271247461902,24.351591323771842,21.095023109728988,15.620499351813308,12.041594578792296,15.0,23.53720459187964,30.265491900843113,29.017236257093817,19.924858845171276,10.63014581273465,9.433981132056603,16.76305461424021,22.02271554554524,25.079872407968907,652.3633956622643,607.6001974983221,633.8596059065446,495.1545213365218,72.24956747275377
