left_iris-362,left_iris-382,left_iris-381,left_iris-380,left_iris-374,left_iris-373,left_iris-390,left_iris-249,left_iris-263,left_iris-466,left_iris-388,left_iris-387,left_iris-386,left_iris-385,left_iris-384,left_iris-398,right_iris-133,right_iris-33,right_iris-7,right_iris-163,right_iris-144,right_iris-145,right_iris-153,right_iris-154,right_iris-155,right_iris-173,right_iris-157,right_iris-158,right_iris-159,right_iris-160,right_iris-161,right_iris-246,middle_left_right,center_edge_top_left,center_edge_top_right,center_edge_bottom_left,center_edge_bottom_right
27.459060435491963,23.53720459187964,18.027756377319946,9.899494936611665,7.615773105863909,14.317821063276353,21.37755832643195,27.073972741361768,32.0,28.071337695236398,22.20360331117452,15.811388300841896,7.211102550927978,7.810249675906654,16.1245154965971,24.08318915758459,27.073972741361768,22.0,19.235384061671343,15.811388300841896,12.206555615733702,8.06225774829855,11.40175425099138,18.681541692269406,24.186773244895647,24.020824298928627,17.46424919657298,10.0,7.280109889280518,12.083045973594572,17.26267650163207,20.024984394500787,600.4406715071856,554.4628030806034,581.230591073801,443.654144576606,69.00724599634447
