left_iris-362,left_iris-382,left_iris-381,left_iris-380,left_iris-374,left_iris-373,left_iris-390,left_iris-249,left_iris-263,left_iris-466,left_iris-388,left_iris-387,left_iris-386,left_iris-385,left_iris-384,left_iris-398,right_iris-133,right_iris-33,right_iris-7,right_iris-163,right_iris-144,right_iris-145,right_iris-153,right_iris-154,right_iris-155,right_iris-173,right_iris-157,right_iris-158,right_iris-159,right_iris-160,right_iris-161,right_iris-246,middle_left_right,center_edge_top_left,center_edge_top_right,center_edge_bottom_left,center_edge_bottom_right
25.0,23.08679276123039,18.384776310850235,12.041594578792296,7.0710678118654755,8.48528137423857,12.083045973594572,15.297058540778355,18.0,16.1245154965971,13.601470508735444,9.433981132056603,6.0,9.848857801796104,16.0,22.360679774997898,22.090722034374522,17.11724276862369,14.866068747318506,12.529964086141668,9.219544457292887,7.0710678118654755,10.816653826391969,15.524174696260024,20.223748416156685,19.0,14.560219778561036,8.48528137423857,6.082762530298219,9.848857801796104,13.152946437965905,15.0,736.3762625180146,649.3458246574008,705.0177302735017,592.663479556485,55.14526271584895
