left_iris-362,left_iris-382,left_iris-381,left_iris-380,left_iris-374,left_iris-373,left_iris-390,left_iris-249,left_iris-263,left_iris-466,left_iris-388,left_iris-387,left_iris-386,left_iris-385,left_iris-384,left_iris-398,right_iris-133,right_iris-33,right_iris-7,right_iris-163,right_iris-144,right_iris-145,right_iris-153,right_iris-154,right_iris-155,right_iris-173,right_iris-157,right_iris-158,right_iris-159,right_iris-160,right_iris-161,right_iris-246,middle_left_right,center_edge_top_left,center_edge_top_right,center_edge_bottom_left,center_edge_bottom_right
28.160255680657446,24.698178070456937,19.235384061671343,12.041594578792296,9.055385138137417,11.661903789690601,16.278820596099706,20.024984394500787,23.194827009486403,20.396078054371138,17.08800749063506,11.40175425099138,7.0,10.295630140987,18.027756377319946,24.331050121192877,26.019223662515376,24.515301344262525,21.18962010041709,18.35755975068582,14.866068747318506,10.04987562112089,10.63014581273465,16.278820596099706,22.02271554554524,22.360679774997898,16.15549442140351,9.219544457292887,7.211102550927978,13.341664064126334,18.0,21.213203435596427,780.9750316111265,705.4941530586912,753.3405604373098,631.1275623833901,65.62011886609167
