left_iris-362,left_iris-382,left_iris-381,left_iris-380,left_iris-374,left_iris-373,left_iris-390,left_iris-249,left_iris-263,left_iris-466,left_iris-388,left_iris-387,left_iris-386,left_iris-385,left_iris-384,left_iris-398,right_iris-133,right_iris-33,right_iris-7,right_iris-163,right_iris-144,right_iris-145,right_iris-153,right_iris-154,right_iris-155,right_iris-173,right_iris-157,right_iris-158,right_iris-159,right_iris-160,right_iris-161,right_iris-246,middle_left_right,center_edge_top_left,center_edge_top_right,center_edge_bottom_left,center_edge_bottom_right
26.076809620810597,23.194827009486403,17.72004514666935,10.63014581273465,10.44030650891055,15.811388300841896,20.248456731316587,24.515301344262525,28.071337695236398,25.019992006393608,22.02271554554524,16.492422502470642,7.810249675906654,7.211102550927978,15.524174696260024,22.02271554554524,30.59411708155671,25.0,21.213203435596427,17.72004514666935,13.038404810405298,9.055385138137417,13.45362404707371,21.18962010041709,27.892651361962706,27.16615541441225,19.026297590440446,8.94427190999916,5.385164807134504,12.649110640673518,19.235384061671343,22.02271554554524,745.5172700883595,673.8664556126829,718.95479691007,594.4711935830028,71.25307010929424
