left_iris-362,left_iris-382,left_iris-381,left_iris-380,left_iris-374,left_iris-373,left_iris-390,left_iris-249,left_iris-263,left_iris-466,left_iris-388,left_iris-387,left_iris-386,left_iris-385,left_iris-384,left_iris-398,right_iris-133,right_iris-33,right_iris-7,right_iris-163,right_iris-144,right_iris-145,right_iris-153,right_iris-154,right_iris-155,right_iris-173,right_iris-157,right_iris-158,right_iris-159,right_iris-160,right_iris-161,right_iris-246,middle_left_right,center_edge_top_left,center_edge_top_right,center_edge_bottom_left,center_edge_bottom_right
22.80350850198276,20.8806130178211,16.55294535724685,10.63014581273465,8.06225774829855,11.40175425099138,15.231546211727817,17.46424919657298,21.02379604162864,18.0,15.132745950421556,10.770329614269007,5.385164807134504,7.211102550927978,14.035668847618199,19.235384061671343,27.073972741361768,22.20360331117452,18.681541692269406,15.652475842498529,10.63014581273465,7.280109889280518,12.529964086141668,19.235384061671343,25.079872407968907,23.021728866442675,16.492422502470642,8.48528137423857,6.708203932499369,12.36931687685298,17.029386365926403,20.024984394500787,723.7188680696394,650.1299870025994,696.4689512103178,573.6453608284478,61.07372593840988
