left_iris-362,left_iris-382,left_iris-381,left_iris-380,left_iris-374,left_iris-373,left_iris-390,left_iris-249,left_iris-263,left_iris-466,left_iris-388,left_iris-387,left_iris-386,left_iris-385,left_iris-384,left_iris-398,right_iris-133,right_iris-33,right_iris-7,right_iris-163,right_iris-144,right_iris-145,right_iris-153,right_iris-154,right_iris-155,right_iris-173,right_iris-157,right_iris-158,right_iris-159,right_iris-160,right_iris-161,right_iris-246,middle_left_right,center_edge_top_left,center_edge_top_right,center_edge_bottom_left,center_edge_bottom_right
25.179356624028344,22.090722034374522,17.0,8.54400374531753,6.0,10.816653826391969,16.15549442140351,19.924858845171276,23.53720459187964,20.396078054371138,16.1245154965971,11.0,3.605551275463989,7.211102550927978,15.811388300841896,22.561028345356956,28.071337695236398,31.25699921617557,26.076809620810597,21.02379604162864,14.035668847618199,3.605551275463989,8.54400374531753,18.110770276274835,25.079872407968907,25.0,18.027756377319946,7.280109889280518,3.605551275463989,14.317821063276353,22.360679774997898,27.294688127912362,747.6068485507607,669.0411048657623,718.8991584360076,599.4297289924816,64.93843238021688
