left_iris-362,left_iris-382,left_iris-381,left_iris-380,left_iris-374,left_iris-373,left_iris-390,left_iris-249,left_iris-263,left_iris-466,left_iris-388,left_iris-387,left_iris-386,left_iris-385,left_iris-384,left_iris-398,right_iris-133,right_iris-33,right_iris-7,right_iris-163,right_iris-144,right_iris-145,right_iris-153,right_iris-154,right_iris-155,right_iris-173,right_iris-157,right_iris-158,right_iris-159,right_iris-160,right_iris-161,right_iris-246,middle_left_right,center_edge_top_left,center_edge_top_right,center_edge_bottom_left,center_edge_bottom_right
28.0,25.019992006393608,19.235384061671343,11.180339887498949,6.082762530298219,10.0,15.811388300841896,19.4164878389476,24.08318915758459,21.02379604162864,17.029386365926403,11.704699910719626,6.082762530298219,10.0,18.681541692269406,25.079872407968907,30.14962686336267,24.186773244895647,20.615528128088304,16.15549442140351,12.041594578792296,8.06225774829855,13.038404810405298,20.615528128088304,27.294688127912362,27.0,20.223748416156685,11.180339887498949,5.0,10.770329614269007,17.029386365926403,21.02379604162864,718.618814114966,640.9469556835418,690.0818791998527,570.3621656456536,76.00657866263946
