left_iris-362,left_iris-382,left_iris-381,left_iris-380,left_iris-374,left_iris-373,left_iris-390,left_iris-249,left_iris-263,left_iris-466,left_iris-388,left_iris-387,left_iris-386,left_iris-385,left_iris-384,left_iris-398,right_iris-133,right_iris-33,right_iris-7,right_iris-163,right_iris-144,right_iris-145,right_iris-153,right_iris-154,right_iris-155,right_iris-173,right_iris-157,right_iris-158,right_iris-159,right_iris-160,right_iris-161,right_iris-246,middle_left_right,center_edge_top_left,center_edge_top_right,center_edge_bottom_left,center_edge_bottom_right
30.675723300355934,27.313000567495326,21.095023109728988,14.422205101855956,12.36931687685298,17.204650534085253,23.08679276123039,28.284271247461902,33.0,29.154759474226502,24.73863375370596,18.867962264113206,11.704699910719626,12.041594578792296,19.235384061671343,26.476404589747453,30.59411708155671,30.4138126514911,27.202941017470888,23.259406699226016,19.209372712298546,13.601470508735444,13.892443989449804,20.12461179749811,26.92582403567252,26.019223662515376,17.72004514666935,10.816653826391969,10.816653826391969,18.027756377319946,23.021728866442675,27.073972741361768,649.221841899978,567.0881765651617,619.0226167112152,504.1715977720284,85.21150157109074
