left_iris-362,left_iris-382,left_iris-381,left_iris-380,left_iris-374,left_iris-373,left_iris-390,left_iris-249,left_iris-263,left_iris-466,left_iris-388,left_iris-387,left_iris-386,left_iris-385,left_iris-384,left_iris-398,right_iris-133,right_iris-33,right_iris-7,right_iris-163,right_iris-144,right_iris-145,right_iris-153,right_iris-154,right_iris-155,right_iris-173,right_iris-157,right_iris-158,right_iris-159,right_iris-160,right_iris-161,right_iris-246,middle_left_right,center_edge_top_left,center_edge_top_right,center_edge_bottom_left,center_edge_bottom_right
32.69556544854363,29.068883707497267,21.400934559032695,14.560219778561036,15.811388300841896,23.769728648009426,30.4138126514911,36.013886210738214,41.19465984809196,37.33630940518894,32.7566787083184,24.698178070456937,12.727922061357855,7.810249675906654,18.0,28.160255680657446,33.13608305156178,32.14031735997639,27.892651361962706,24.166091947189145,18.439088914585774,12.041594578792296,14.866068747318506,22.80350850198276,30.265491900843113,29.017236257093817,20.248456731316587,11.661903789690601,12.806248474865697,21.18962010041709,26.1725046566048,30.0,783.9980867323593,696.4574646021105,752.6307195431236,639.9632801966063,95.88534820294495
