left_iris-362,left_iris-382,left_iris-381,left_iris-380,left_iris-374,left_iris-373,left_iris-390,left_iris-249,left_iris-263,left_iris-466,left_iris-388,left_iris-387,left_iris-386,left_iris-385,left_iris-384,left_iris-398,right_iris-133,right_iris-33,right_iris-7,right_iris-163,right_iris-144,right_iris-145,right_iris-153,right_iris-154,right_iris-155,right_iris-173,right_iris-157,right_iris-158,right_iris-159,right_iris-160,right_iris-161,right_iris-246,middle_left_right,center_edge_top_left,center_edge_top_right,center_edge_bottom_left,center_edge_bottom_right
29.427877939124322,26.476404589747453,21.18962010041709,14.212670403551895,10.198039027185569,12.041594578792296,17.0,19.6468827043885,23.08679276123039,21.0,18.110770276274835,13.0,7.280109889280518,10.0,18.24828759089466,25.019992006393608,31.400636936215164,25.019992006393608,21.37755832643195,17.46424919657298,12.041594578792296,9.219544457292887,14.422205101855956,22.80350850198276,28.635642126552707,27.073972741361768,19.235384061671343,9.219544457292887,6.708203932499369,13.92838827718412,19.1049731745428,23.0,757.0534987700671,679.3599929345265,728.6494355998638,608.3831029869255,65.06919393998976
