left_iris-362,left_iris-382,left_iris-381,left_iris-380,left_iris-374,left_iris-373,left_iris-390,left_iris-249,left_iris-263,left_iris-466,left_iris-388,left_iris-387,left_iris-386,left_iris-385,left_iris-384,left_iris-398,right_iris-133,right_iris-33,right_iris-7,right_iris-163,right_iris-144,right_iris-145,right_iris-153,right_iris-154,right_iris-155,right_iris-173,right_iris-157,right_iris-158,right_iris-159,right_iris-160,right_iris-161,right_iris-246,middle_left_right,center_edge_top_left,center_edge_top_right,center_edge_bottom_left,center_edge_bottom_right
29.274562336608895,26.476404589747453,19.924858845171276,13.45362404707371,10.0,12.727922061357855,16.55294535724685,20.615528128088304,24.020824298928627,21.0,18.110770276274835,13.0,7.280109889280518,10.63014581273465,18.439088914585774,25.0,29.154759474226502,16.1245154965971,13.0,11.40175425099138,9.486832980505138,10.295630140987,15.264337522473747,21.587033144922902,26.30589287593181,26.0,20.396078054371138,12.529964086141668,6.708203932499369,7.211102550927978,11.180339887498949,14.0,692.9429990987715,610.5489333378612,662.8499075959805,547.3298822465297,64.03124237432849
