left_iris-362,left_iris-382,left_iris-381,left_iris-380,left_iris-374,left_iris-373,left_iris-390,left_iris-249,left_iris-263,left_iris-466,left_iris-388,left_iris-387,left_iris-386,left_iris-385,left_iris-384,left_iris-398,right_iris-133,right_iris-33,right_iris-7,right_iris-163,right_iris-144,right_iris-145,right_iris-153,right_iris-154,right_iris-155,right_iris-173,right_iris-157,right_iris-158,right_iris-159,right_iris-160,right_iris-161,right_iris-246,middle_left_right,center_edge_top_left,center_edge_top_right,center_edge_bottom_left,center_edge_bottom_right
28.861739379323623,25.298221281347036,19.72308292331602,13.0,16.1245154965971,23.323807579381203,30.364452901377952,34.36568055487916,40.0,36.05551275463989,32.38826948140329,25.298221281347036,15.556349186104045,10.198039027185569,16.15549442140351,24.08318915758459,35.510561809129406,28.0178514522438,23.769728648009426,20.12461179749811,15.620499351813308,13.038404810405298,17.029386365926403,25.632011235952593,32.7566787083184,31.064449134018133,21.37755832643195,12.041594578792296,8.94427190999916,16.15549442140351,22.20360331117452,26.019223662515376,650.1299870025994,579.3694848712694,623.4332362009584,499.76894661433295,84.0
