left_iris-362,left_iris-382,left_iris-381,left_iris-380,left_iris-374,left_iris-373,left_iris-390,left_iris-249,left_iris-263,left_iris-466,left_iris-388,left_iris-387,left_iris-386,left_iris-385,left_iris-384,left_iris-398,right_iris-133,right_iris-33,right_iris-7,right_iris-163,right_iris-144,right_iris-145,right_iris-153,right_iris-154,right_iris-155,right_iris-173,right_iris-157,right_iris-158,right_iris-159,right_iris-160,right_iris-161,right_iris-246,middle_left_right,center_edge_top_left,center_edge_top_right,center_edge_bottom_left,center_edge_bottom_right
29.274562336608895,25.495097567963924,18.973665961010276,12.041594578792296,9.055385138137417,12.806248474865697,17.08800749063506,20.615528128088304,24.08318915758459,22.02271554554524,18.027756377319946,12.36931687685298,4.47213595499958,8.94427190999916,18.110770276274835,25.019992006393608,27.16615541441225,23.08679276123039,19.6468827043885,16.55294535724685,12.041594578792296,9.0,11.40175425099138,18.681541692269406,24.331050121192877,24.0,17.46424919657298,10.0,6.324555320336759,11.704699910719626,17.029386365926403,21.02379604162864,698.0,633.8012306709415,673.5755339974871,544.7972099781716,68.0
