left_iris-362,left_iris-382,left_iris-381,left_iris-380,left_iris-374,left_iris-373,left_iris-390,left_iris-249,left_iris-263,left_iris-466,left_iris-388,left_iris-387,left_iris-386,left_iris-385,left_iris-384,left_iris-398,right_iris-133,right_iris-33,right_iris-7,right_iris-163,right_iris-144,right_iris-145,right_iris-153,right_iris-154,right_iris-155,right_iris-173,right_iris-157,right_iris-158,right_iris-159,right_iris-160,right_iris-161,right_iris-246,middle_left_right,center_edge_top_left,center_edge_top_right,center_edge_bottom_left,center_edge_bottom_right
20.09975124224178,17.26267650163207,13.601470508735444,7.810249675906654,6.082762530298219,9.433981132056603,13.0,15.524174696260024,18.24828759089466,16.1245154965971,13.0,8.246211251235321,3.1622776601683795,6.708203932499369,13.152946437965905,17.0,22.02271554554524,17.0,14.142135623730951,10.44030650891055,7.211102550927978,4.47213595499958,8.94427190999916,15.297058540778355,19.1049731745428,20.0,14.317821063276353,8.06225774829855,5.0990195135927845,7.211102550927978,11.40175425099138,14.035668847618199,740.0249995777169,679.5859033264301,716.9637368793487,585.4374432849337,54.00925846556311
