left_iris-362,left_iris-382,left_iris-381,left_iris-380,left_iris-374,left_iris-373,left_iris-390,left_iris-249,left_iris-263,left_iris-466,left_iris-388,left_iris-387,left_iris-386,left_iris-385,left_iris-384,left_iris-398,right_iris-133,right_iris-33,right_iris-7,right_iris-163,right_iris-144,right_iris-145,right_iris-153,right_iris-154,right_iris-155,right_iris-173,right_iris-157,right_iris-158,right_iris-159,right_iris-160,right_iris-161,right_iris-246,middle_left_right,center_edge_top_left,center_edge_top_right,center_edge_bottom_left,center_edge_bottom_right
35.22782990761707,31.575306807693888,23.08679276123039,13.45362404707371,12.529964086141668,22.360679774997898,30.083217912982647,35.510561809129406,40.11234224026316,37.013511046643494,33.06055050963308,24.515301344262525,13.038404810405298,7.211102550927978,19.4164878389476,30.01666203960727,43.41658669218482,29.068883707497267,23.769728648009426,18.384776310850235,12.041594578792296,11.180339887498949,20.12461179749811,31.04834939252005,38.63935817272331,38.05259518088089,29.274562336608895,17.88854381999832,9.219544457292887,13.038404810405298,20.223748416156685,25.0,636.019653784378,595.8363869385622,618.8869040462886,478.3523805731503,91.02197536858887
