left_iris-362,left_iris-382,left_iris-381,left_iris-380,left_iris-374,left_iris-373,left_iris-390,left_iris-249,left_iris-263,left_iris-466,left_iris-388,left_iris-387,left_iris-386,left_iris-385,left_iris-384,left_iris-398,right_iris-133,right_iris-33,right_iris-7,right_iris-163,right_iris-144,right_iris-145,right_iris-153,right_iris-154,right_iris-155,right_iris-173,right_iris-157,right_iris-158,right_iris-159,right_iris-160,right_iris-161,right_iris-246,middle_left_right,center_edge_top_left,center_edge_top_right,center_edge_bottom_left,center_edge_bottom_right
29.427877939124322,25.709920264364882,20.248456731316587,12.806248474865697,9.0,12.041594578792296,17.46424919657298,20.615528128088304,24.08318915758459,21.0,18.110770276274835,13.0,6.324555320336759,10.0,18.110770276274835,25.079872407968907,31.78049716414141,26.019223662515376,22.360679774997898,18.027756377319946,12.206555615733702,9.0,13.45362404707371,21.540659228538015,28.160255680657446,28.284271247461902,20.024984394500787,10.770329614269007,5.0990195135927845,11.704699910719626,18.110770276274835,22.02271554554524,694.1728891277734,643.7204362143553,674.0741798941716,537.6578837885668,73.02739212103907
