left_iris-362,left_iris-382,left_iris-381,left_iris-380,left_iris-374,left_iris-373,left_iris-390,left_iris-249,left_iris-263,left_iris-466,left_iris-388,left_iris-387,left_iris-386,left_iris-385,left_iris-384,left_iris-398,right_iris-133,right_iris-33,right_iris-7,right_iris-163,right_iris-144,right_iris-145,right_iris-153,right_iris-154,right_iris-155,right_iris-173,right_iris-157,right_iris-158,right_iris-159,right_iris-160,right_iris-161,right_iris-246,middle_left_right,center_edge_top_left,center_edge_top_right,center_edge_bottom_left,center_edge_bottom_right
23.021728866442675,20.09975124224178,15.297058540778355,7.615773105863909,3.1622776601683795,9.486832980505138,15.132745950421556,19.1049731745428,23.0,19.0,15.033296378372908,9.219544457292887,2.23606797749979,7.280109889280518,15.033296378372908,21.0,23.0,24.020824298928627,21.213203435596427,18.24828759089466,12.649110640673518,5.656854249492381,5.830951894845301,14.142135623730951,20.024984394500787,20.09975124224178,14.317821063276353,5.830951894845301,4.242640687119285,12.165525060596439,18.027756377319946,21.0,690.1630242196404,615.0,662.2877018335763,541.1330705103875,59.21148537234985
