left_iris-362,left_iris-382,left_iris-381,left_iris-380,left_iris-374,left_iris-373,left_iris-390,left_iris-249,left_iris-263,left_iris-466,left_iris-388,left_iris-387,left_iris-386,left_iris-385,left_iris-384,left_iris-398,right_iris-133,right_iris-33,right_iris-7,right_iris-163,right_iris-144,right_iris-145,right_iris-153,right_iris-154,right_iris-155,right_iris-173,right_iris-157,right_iris-158,right_iris-159,right_iris-160,right_iris-161,right_iris-246,middle_left_right,center_edge_top_left,center_edge_top_right,center_edge_bottom_left,center_edge_bottom_right
29.120439557122072,25.632011235952593,20.12461179749811,12.806248474865697,10.198039027185569,13.038404810405298,17.46424919657298,21.095023109728988,24.08318915758459,21.37755832643195,18.027756377319946,12.206555615733702,7.0,10.295630140987,19.026297590440446,25.317977802344327,25.019992006393608,23.53720459187964,21.18962010041709,18.35755975068582,14.142135623730951,11.180339887498949,11.40175425099138,16.15549442140351,21.213203435596427,21.02379604162864,15.524174696260024,7.810249675906654,6.4031242374328485,13.341664064126334,18.0,21.095023109728988,764.603165047072,685.5785877636495,735.811117067417,616.4560000519097,66.48308055437865
