left_iris-362,left_iris-382,left_iris-381,left_iris-380,left_iris-374,left_iris-373,left_iris-390,left_iris-249,left_iris-263,left_iris-466,left_iris-388,left_iris-387,left_iris-386,left_iris-385,left_iris-384,left_iris-398,right_iris-133,right_iris-33,right_iris-7,right_iris-163,right_iris-144,right_iris-145,right_iris-153,right_iris-154,right_iris-155,right_iris-173,right_iris-157,right_iris-158,right_iris-159,right_iris-160,right_iris-161,right_iris-246,middle_left_right,center_edge_top_left,center_edge_top_right,center_edge_bottom_left,center_edge_bottom_right
34.23448553724738,30.4138126514911,23.08679276123039,14.212670403551895,12.649110640673518,19.72308292331602,25.709920264364882,31.144823004794873,36.05551275463989,32.14031735997639,28.442925306655784,21.18962010041709,12.041594578792296,10.816653826391969,20.8806130178211,29.0,37.656340767525464,32.01562118716424,26.30589287593181,22.47220505424423,16.97056274847714,13.038404810405298,17.69180601295413,27.51363298439521,34.92849839314596,33.13608305156178,23.08679276123039,10.816653826391969,7.810249675906654,17.72004514666935,25.179356624028344,29.068883707497267,677.2665649506108,603.2329566593655,649.6845388340406,527.9109773437184,81.00617260431454
