left_iris-362,left_iris-382,left_iris-381,left_iris-380,left_iris-374,left_iris-373,left_iris-390,left_iris-249,left_iris-263,left_iris-466,left_iris-388,left_iris-387,left_iris-386,left_iris-385,left_iris-384,left_iris-398,right_iris-133,right_iris-33,right_iris-7,right_iris-163,right_iris-144,right_iris-145,right_iris-153,right_iris-154,right_iris-155,right_iris-173,right_iris-157,right_iris-158,right_iris-159,right_iris-160,right_iris-161,right_iris-246,middle_left_right,center_edge_top_left,center_edge_top_right,center_edge_bottom_left,center_edge_bottom_right
27.018512172212592,24.08318915758459,18.24828759089466,11.180339887498949,5.0,10.816653826391969,17.08800749063506,21.840329667841555,26.476404589747453,22.090722034374522,18.0,11.40175425099138,5.0990195135927845,9.433981132056603,17.46424919657298,24.020824298928627,28.071337695236398,24.351591323771842,20.12461179749811,16.1245154965971,10.63014581273465,6.324555320336759,11.40175425099138,19.026297590440446,24.020824298928627,24.331050121192877,17.72004514666935,9.433981132056603,4.0,9.055385138137417,16.278820596099706,20.8806130178211,595.3024441407913,551.0762197736353,576.6151229373021,438.2750278078823,82.21921916437786
