left_iris-362,left_iris-382,left_iris-381,left_iris-380,left_iris-374,left_iris-373,left_iris-390,left_iris-249,left_iris-263,left_iris-466,left_iris-388,left_iris-387,left_iris-386,left_iris-385,left_iris-384,left_iris-398,right_iris-133,right_iris-33,right_iris-7,right_iris-163,right_iris-144,right_iris-145,right_iris-153,right_iris-154,right_iris-155,right_iris-173,right_iris-157,right_iris-158,right_iris-159,right_iris-160,right_iris-161,right_iris-246,middle_left_right,center_edge_top_left,center_edge_top_right,center_edge_bottom_left,center_edge_bottom_right
27.294688127912362,24.515301344262525,18.027756377319946,10.63014581273465,9.219544457292887,13.601470508735444,18.027756377319946,21.587033144922902,25.079872407968907,22.0,19.1049731745428,13.92838827718412,6.708203932499369,8.48528137423857,16.278820596099706,24.020824298928627,26.476404589747453,27.0,23.194827009486403,19.924858845171276,15.264337522473747,9.486832980505138,11.40175425099138,17.46424919657298,23.769728648009426,23.08679276123039,16.278820596099706,7.810249675906654,8.06225774829855,14.866068747318506,20.223748416156685,24.08318915758459,759.9243383390218,695.6184298881104,735.7207350618847,606.2878854141818,70.06425622241343
