left_iris-362,left_iris-382,left_iris-381,left_iris-380,left_iris-374,left_iris-373,left_iris-390,left_iris-249,left_iris-263,left_iris-466,left_iris-388,left_iris-387,left_iris-386,left_iris-385,left_iris-384,left_iris-398,right_iris-133,right_iris-33,right_iris-7,right_iris-163,right_iris-144,right_iris-145,right_iris-153,right_iris-154,right_iris-155,right_iris-173,right_iris-157,right_iris-158,right_iris-159,right_iris-160,right_iris-161,right_iris-246,middle_left_right,center_edge_top_left,center_edge_top_right,center_edge_bottom_left,center_edge_bottom_right
28.861739379323623,25.0,18.384776310850235,10.63014581273465,8.54400374531753,14.317821063276353,20.396078054371138,24.08318915758459,29.017236257093817,26.076809620810597,22.360679774997898,16.15549442140351,8.602325267042627,7.810249675906654,16.1245154965971,24.186773244895647,31.25699921617557,22.02271554554524,18.24828759089466,13.601470508735444,7.810249675906654,7.211102550927978,13.92838827718412,22.561028345356956,28.442925306655784,28.071337695236398,20.09975124224178,10.770329614269007,5.0,9.848857801796104,16.1245154965971,19.026297590440446,741.5025286538138,682.5144687111036,718.9061134807521,586.5372963418439,73.02739212103907
