left_iris-362,left_iris-382,left_iris-381,left_iris-380,left_iris-374,left_iris-373,left_iris-390,left_iris-249,left_iris-263,left_iris-466,left_iris-388,left_iris-387,left_iris-386,left_iris-385,left_iris-384,left_iris-398,right_iris-133,right_iris-33,right_iris-7,right_iris-163,right_iris-144,right_iris-145,right_iris-153,right_iris-154,right_iris-155,right_iris-173,right_iris-157,right_iris-158,right_iris-159,right_iris-160,right_iris-161,right_iris-246,middle_left_right,center_edge_top_left,center_edge_top_right,center_edge_bottom_left,center_edge_bottom_right
27.294688127912362,24.515301344262525,18.027756377319946,11.313708498984761,9.219544457292887,13.601470508735444,17.72004514666935,21.213203435596427,24.0,21.02379604162864,18.24828759089466,13.0,6.324555320336759,8.602325267042627,17.26267650163207,24.020824298928627,25.317977802344327,27.018512172212592,23.08679276123039,20.615528128088304,16.1245154965971,10.770329614269007,10.295630140987,16.55294535724685,22.561028345356956,22.02271554554524,15.524174696260024,8.602325267042627,8.602325267042627,15.231546211727817,20.396078054371138,24.186773244895647,758.0461727361995,691.8337950693071,733.235296477195,605.0074379708071,71.06335201775947
