left_iris-362,left_iris-382,left_iris-381,left_iris-380,left_iris-374,left_iris-373,left_iris-390,left_iris-249,left_iris-263,left_iris-466,left_iris-388,left_iris-387,left_iris-386,left_iris-385,left_iris-384,left_iris-398,right_iris-133,right_iris-33,right_iris-7,right_iris-163,right_iris-144,right_iris-145,right_iris-153,right_iris-154,right_iris-155,right_iris-173,right_iris-157,right_iris-158,right_iris-159,right_iris-160,right_iris-161,right_iris-246,middle_left_right,center_edge_top_left,center_edge_top_right,center_edge_bottom_left,center_edge_bottom_right
29.068883707497267,26.019223662515376,19.026297590440446,11.180339887498949,7.0710678118654755,12.727922061357855,18.35755975068582,21.93171219946131,25.96150997149434,22.561028345356956,19.235384061671343,13.038404810405298,5.656854249492381,8.48528137423857,18.027756377319946,25.317977802344327,29.120439557122072,26.076809620810597,22.360679774997898,18.973665961010276,13.038404810405298,8.246211251235321,12.041594578792296,19.697715603592208,25.298221281347036,25.317977802344327,18.0,8.94427190999916,5.385164807134504,12.36931687685298,19.026297590440446,23.021728866442675,679.1170738539857,635.0590523722971,660.9841147864297,521.7278984298233,75.66372975210778
