left_iris-362,left_iris-382,left_iris-381,left_iris-380,left_iris-374,left_iris-373,left_iris-390,left_iris-249,left_iris-263,left_iris-466,left_iris-388,left_iris-387,left_iris-386,left_iris-385,left_iris-384,left_iris-398,right_iris-133,right_iris-33,right_iris-7,right_iris-163,right_iris-144,right_iris-145,right_iris-153,right_iris-154,right_iris-155,right_iris-173,right_iris-157,right_iris-158,right_iris-159,right_iris-160,right_iris-161,right_iris-246,middle_left_right,center_edge_top_left,center_edge_top_right,center_edge_bottom_left,center_edge_bottom_right
34.23448553724738,30.59411708155671,23.769728648009426,15.264337522473747,8.54400374531753,10.63014581273465,15.652475842498529,19.6468827043885,24.186773244895647,20.0,16.1245154965971,10.295630140987,7.0710678118654755,13.416407864998739,22.20360331117452,30.01666203960727,30.4138126514911,28.071337695236398,24.515301344262525,19.924858845171276,14.422205101855956,9.219544457292887,12.041594578792296,19.313207915827967,25.709920264364882,26.019223662515376,18.681541692269406,11.313708498984761,9.486832980505138,14.7648230602334,20.396078054371138,24.020824298928627,564.1276451300716,507.8779380914276,541.4240482283734,409.9268227379126,77.10382610480494
