left_iris-362,left_iris-382,left_iris-381,left_iris-380,left_iris-374,left_iris-373,left_iris-390,left_iris-249,left_iris-263,left_iris-466,left_iris-388,left_iris-387,left_iris-386,left_iris-385,left_iris-384,left_iris-398,right_iris-133,right_iris-33,right_iris-7,right_iris-163,right_iris-144,right_iris-145,right_iris-153,right_iris-154,right_iris-155,right_iris-173,right_iris-157,right_iris-158,right_iris-159,right_iris-160,right_iris-161,right_iris-246,middle_left_right,center_edge_top_left,center_edge_top_right,center_edge_bottom_left,center_edge_bottom_right
24.331050121192877,21.587033144922902,16.55294535724685,11.40175425099138,10.04987562112089,12.041594578792296,14.7648230602334,17.72004514666935,20.09975124224178,18.0,15.132745950421556,11.180339887498949,7.280109889280518,9.219544457292887,15.524174696260024,21.0,26.30589287593181,21.02379604162864,18.439088914585774,15.231546211727817,12.041594578792296,9.0,12.041594578792296,18.384776310850235,23.769728648009426,23.021728866442675,17.26267650163207,10.0,7.0710678118654755,11.180339887498949,15.297058540778355,19.026297590440446,741.9845011858401,680.8384536731162,718.7078683303808,587.5721232325441,58.034472514187634
