left_iris-362,left_iris-382,left_iris-381,left_iris-380,left_iris-374,left_iris-373,left_iris-390,left_iris-249,left_iris-263,left_iris-466,left_iris-388,left_iris-387,left_iris-386,left_iris-385,left_iris-384,left_iris-398,right_iris-133,right_iris-33,right_iris-7,right_iris-163,right_iris-144,right_iris-145,right_iris-153,right_iris-154,right_iris-155,right_iris-173,right_iris-157,right_iris-158,right_iris-159,right_iris-160,right_iris-161,right_iris-246,middle_left_right,center_edge_top_left,center_edge_top_right,center_edge_bottom_left,center_edge_bottom_right
34.785054261852174,30.083217912982647,23.706539182259394,14.866068747318506,11.045361017187261,15.264337522473747,21.840329667841555,27.16615541441225,33.06055050963308,28.160255680657446,23.53720459187964,15.652475842498529,7.280109889280518,11.180339887498949,22.0,29.832867780352597,33.015148038438355,21.587033144922902,18.788294228055936,16.401219466856727,13.038404810405298,11.40175425099138,15.811388300841896,23.345235059857504,29.068883707497267,29.274562336608895,23.08679276123039,13.601470508735444,7.0,11.180339887498949,16.0312195418814,19.1049731745428,541.7647090758127,482.2955525401411,517.8889842427621,388.8560144835103,84.34453153583817
