left_iris-362,left_iris-382,left_iris-381,left_iris-380,left_iris-374,left_iris-373,left_iris-390,left_iris-249,left_iris-263,left_iris-466,left_iris-388,left_iris-387,left_iris-386,left_iris-385,left_iris-384,left_iris-398,right_iris-133,right_iris-33,right_iris-7,right_iris-163,right_iris-144,right_iris-145,right_iris-153,right_iris-154,right_iris-155,right_iris-173,right_iris-157,right_iris-158,right_iris-159,right_iris-160,right_iris-161,right_iris-246,middle_left_right,center_edge_top_left,center_edge_top_right,center_edge_bottom_left,center_edge_bottom_right
33.54101966249684,30.805843601498726,25.0,16.401219466856727,11.045361017187261,14.142135623730951,18.384776310850235,22.20360331117452,27.073972741361768,24.186773244895647,20.396078054371138,14.866068747318506,6.708203932499369,10.295630140987,21.095023109728988,29.154759474226502,37.21558813185679,28.0178514522438,22.80350850198276,19.235384061671343,13.601470508735444,12.649110640673518,17.4928556845359,27.65863337187866,34.36568055487916,32.0,23.53720459187964,12.806248474865697,8.54400374531753,15.231546211727817,21.213203435596427,25.019992006393608,694.9424436599048,647.1050919286604,675.6811378157599,538.0009293672271,75.02666192761077
