left_iris-362,left_iris-382,left_iris-381,left_iris-380,left_iris-374,left_iris-373,left_iris-390,left_iris-249,left_iris-263,left_iris-466,left_iris-388,left_iris-387,left_iris-386,left_iris-385,left_iris-384,left_iris-398,right_iris-133,right_iris-33,right_iris-7,right_iris-163,right_iris-144,right_iris-145,right_iris-153,right_iris-154,right_iris-155,right_iris-173,right_iris-157,right_iris-158,right_iris-159,right_iris-160,right_iris-161,right_iris-246,middle_left_right,center_edge_top_left,center_edge_top_right,center_edge_bottom_left,center_edge_bottom_right
33.015148038438355,29.068883707497267,21.587033144922902,13.601470508735444,10.0,16.278820596099706,21.470910553583888,25.632011235952593,28.635642126552707,25.179356624028344,21.02379604162864,14.866068747318506,8.54400374531753,12.041594578792296,21.18962010041709,29.274562336608895,39.20459156782532,28.160255680657446,23.769728648009426,19.697715603592208,14.142135623730951,10.198039027185569,16.64331697709324,26.92582403567252,34.36568055487916,35.0,26.476404589747453,15.264337522473747,9.219544457292887,13.038404810405298,19.235384061671343,24.0,645.7398857125057,614.5567508375447,631.5694736131568,487.62690655869267,86.28441342444185
