left_iris-362,left_iris-382,left_iris-381,left_iris-380,left_iris-374,left_iris-373,left_iris-390,left_iris-249,left_iris-263,left_iris-466,left_iris-388,left_iris-387,left_iris-386,left_iris-385,left_iris-384,left_iris-398,right_iris-133,right_iris-33,right_iris-7,right_iris-163,right_iris-144,right_iris-145,right_iris-153,right_iris-154,right_iris-155,right_iris-173,right_iris-157,right_iris-158,right_iris-159,right_iris-160,right_iris-161,right_iris-246,middle_left_right,center_edge_top_left,center_edge_top_right,center_edge_bottom_left,center_edge_bottom_right
35.6931365951495,32.01562118716424,25.632011235952593,17.029386365926403,12.041594578792296,14.866068747318506,19.313207915827967,23.194827009486403,27.073972741361768,24.186773244895647,20.396078054371138,14.317821063276353,7.280109889280518,11.661903789690601,22.090722034374522,31.144823004794873,35.22782990761707,29.154759474226502,25.0,20.591260281974,16.401219466856727,13.152946437965905,17.204650534085253,25.96150997149434,32.38826948140329,31.0,21.840329667841555,12.041594578792296,8.94427190999916,16.76305461424021,22.090722034374522,26.019223662515376,687.1280812192149,642.6857708087211,668.9132978196801,529.7593793412251,75.16648189186454
