left_iris-362,left_iris-382,left_iris-381,left_iris-380,left_iris-374,left_iris-373,left_iris-390,left_iris-249,left_iris-263,left_iris-466,left_iris-388,left_iris-387,left_iris-386,left_iris-385,left_iris-384,left_iris-398,right_iris-133,right_iris-33,right_iris-7,right_iris-163,right_iris-144,right_iris-145,right_iris-153,right_iris-154,right_iris-155,right_iris-173,right_iris-157,right_iris-158,right_iris-159,right_iris-160,right_iris-161,right_iris-246,middle_left_right,center_edge_top_left,center_edge_top_right,center_edge_bottom_left,center_edge_bottom_right
35.6931365951495,32.28002478313795,25.079872407968907,16.401219466856727,14.317821063276353,20.0,25.632011235952593,29.427877939124322,34.0,31.064449134018133,27.294688127912362,21.18962010041709,11.40175425099138,11.40175425099138,20.396078054371138,30.14962686336267,33.95585369269929,37.013511046643494,31.25699921617557,27.202941017470888,20.248456731316587,12.649110640673518,15.0,23.259406699226016,31.32091952673165,29.154759474226502,19.235384061671343,9.433981132056603,12.727922061357855,22.47220505424423,29.427877939124322,33.13608305156178,707.017680118397,637.8667572463704,681.0829611728662,555.4043572029301,84.02380615040002
