left_iris-362,left_iris-382,left_iris-381,left_iris-380,left_iris-374,left_iris-373,left_iris-390,left_iris-249,left_iris-263,left_iris-466,left_iris-388,left_iris-387,left_iris-386,left_iris-385,left_iris-384,left_iris-398,right_iris-133,right_iris-33,right_iris-7,right_iris-163,right_iris-144,right_iris-145,right_iris-153,right_iris-154,right_iris-155,right_iris-173,right_iris-157,right_iris-158,right_iris-159,right_iris-160,right_iris-161,right_iris-246,middle_left_right,center_edge_top_left,center_edge_top_right,center_edge_bottom_left,center_edge_bottom_right
32.0624390837628,28.160255680657446,21.587033144922902,11.40175425099138,8.246211251235321,15.652475842498529,21.840329667841555,26.30589287593181,31.064449134018133,27.0,23.194827009486403,16.76305461424021,8.602325267042627,9.899494936611665,19.6468827043885,28.0178514522438,30.805843601498726,30.066592756745816,26.019223662515376,21.213203435596427,14.866068747318506,8.06225774829855,11.313708498984761,20.615528128088304,26.92582403567252,27.16615541441225,19.026297590440446,8.94427190999916,7.211102550927978,16.55294535724685,22.561028345356956,27.294688127912362,670.6780151458671,611.4809890748853,647.6951443387545,516.2450968290159,79.30952023559341
