left_iris-362,left_iris-382,left_iris-381,left_iris-380,left_iris-374,left_iris-373,left_iris-390,left_iris-249,left_iris-263,left_iris-466,left_iris-388,left_iris-387,left_iris-386,left_iris-385,left_iris-384,left_iris-398,right_iris-133,right_iris-33,right_iris-7,right_iris-163,right_iris-144,right_iris-145,right_iris-153,right_iris-154,right_iris-155,right_iris-173,right_iris-157,right_iris-158,right_iris-159,right_iris-160,right_iris-161,right_iris-246,middle_left_right,center_edge_top_left,center_edge_top_right,center_edge_bottom_left,center_edge_bottom_right
33.52610922848042,30.083217912982647,22.825424421026653,14.422205101855956,12.649110640673518,17.4928556845359,22.80350850198276,27.16615541441225,31.016124838541646,28.160255680657446,24.515301344262525,18.788294228055936,10.295630140987,9.899494936611665,19.1049731745428,28.442925306655784,32.14031735997639,23.08679276123039,19.924858845171276,17.4928556845359,12.806248474865697,10.198039027185569,15.264337522473747,23.769728648009426,29.274562336608895,28.0,20.615528128088304,12.041594578792296,9.219544457292887,13.416407864998739,18.24828759089466,21.0,623.8501422617454,582.3134894539195,606.2087099341283,466.3571592674439,69.1158447825099
