left_iris-362,left_iris-382,left_iris-381,left_iris-380,left_iris-374,left_iris-373,left_iris-390,left_iris-249,left_iris-263,left_iris-466,left_iris-388,left_iris-387,left_iris-386,left_iris-385,left_iris-384,left_iris-398,right_iris-133,right_iris-33,right_iris-7,right_iris-163,right_iris-144,right_iris-145,right_iris-153,right_iris-154,right_iris-155,right_iris-173,right_iris-157,right_iris-158,right_iris-159,right_iris-160,right_iris-161,right_iris-246,middle_left_right,center_edge_top_left,center_edge_top_right,center_edge_bottom_left,center_edge_bottom_right
25.179356624028344,22.02271554554524,16.0312195418814,8.94427190999916,7.0710678118654755,11.40175425099138,16.55294535724685,19.924858845171276,23.53720459187964,20.223748416156685,16.0312195418814,11.045361017187261,3.605551275463989,7.810249675906654,15.811388300841896,22.360679774997898,32.38826948140329,26.1725046566048,21.0,17.11724276862369,11.180339887498949,7.0,13.038404810405298,21.840329667841555,28.442925306655784,28.071337695236398,21.02379604162864,10.44030650891055,4.0,11.180339887498949,17.46424919657298,22.20360331117452,737.2625041326868,656.5485511369285,707.8530921031567,590.2169092799697,64.38167441127949
