left_iris-362,left_iris-382,left_iris-381,left_iris-380,left_iris-374,left_iris-373,left_iris-390,left_iris-249,left_iris-263,left_iris-466,left_iris-388,left_iris-387,left_iris-386,left_iris-385,left_iris-384,left_iris-398,right_iris-133,right_iris-33,right_iris-7,right_iris-163,right_iris-144,right_iris-145,right_iris-153,right_iris-154,right_iris-155,right_iris-173,right_iris-157,right_iris-158,right_iris-159,right_iris-160,right_iris-161,right_iris-246,middle_left_right,center_edge_top_left,center_edge_top_right,center_edge_bottom_left,center_edge_bottom_right
31.25699921617557,27.459060435491963,20.8806130178211,12.041594578792296,9.055385138137417,13.601470508735444,18.973665961010276,22.360679774997898,26.0,23.08679276123039,19.4164878389476,14.317821063276353,8.246211251235321,10.63014581273465,19.4164878389476,27.0,30.4138126514911,32.01562118716424,27.294688127912362,23.769728648009426,17.88854381999832,11.180339887498949,11.40175425099138,19.697715603592208,26.92582403567252,26.076809620810597,18.439088914585774,9.219544457292887,9.433981132056603,18.027756377319946,24.186773244895647,28.0178514522438,724.7965231704688,655.6904757581888,698.9492113165305,573.0008725996846,77.00649323271382
