left_iris-362,left_iris-382,left_iris-381,left_iris-380,left_iris-374,left_iris-373,left_iris-390,left_iris-249,left_iris-263,left_iris-466,left_iris-388,left_iris-387,left_iris-386,left_iris-385,left_iris-384,left_iris-398,right_iris-133,right_iris-33,right_iris-7,right_iris-163,right_iris-144,right_iris-145,right_iris-153,right_iris-154,right_iris-155,right_iris-173,right_iris-157,right_iris-158,right_iris-159,right_iris-160,right_iris-161,right_iris-246,middle_left_right,center_edge_top_left,center_edge_top_right,center_edge_bottom_left,center_edge_bottom_right
25.709920264364882,22.135943621178654,16.55294535724685,10.63014581273465,8.246211251235321,12.206555615733702,17.08800749063506,19.4164878389476,22.090722034374522,20.024984394500787,16.0312195418814,11.40175425099138,4.47213595499958,7.615773105863909,16.0,22.20360331117452,27.073972741361768,18.110770276274835,14.866068747318506,11.661903789690601,9.433981132056603,8.54400374531753,12.529964086141668,19.4164878389476,24.186773244895647,24.0,18.24828759089466,10.295630140987,4.123105625617661,7.615773105863909,12.041594578792296,15.033296378372908,840.535543567314,755.3806987208503,810.0617260431454,694.6221994724903,62.03224967708329
