left_iris-362,left_iris-382,left_iris-381,left_iris-380,left_iris-374,left_iris-373,left_iris-390,left_iris-249,left_iris-263,left_iris-466,left_iris-388,left_iris-387,left_iris-386,left_iris-385,left_iris-384,left_iris-398,right_iris-133,right_iris-33,right_iris-7,right_iris-163,right_iris-144,right_iris-145,right_iris-153,right_iris-154,right_iris-155,right_iris-173,right_iris-157,right_iris-158,right_iris-159,right_iris-160,right_iris-161,right_iris-246,middle_left_right,center_edge_top_left,center_edge_top_right,center_edge_bottom_left,center_edge_bottom_right
26.476404589747453,22.80350850198276,17.46424919657298,10.816653826391969,10.44030650891055,15.811388300841896,20.248456731316587,23.53720459187964,27.16615541441225,24.020824298928627,20.0,15.297058540778355,6.4031242374328485,6.4031242374328485,15.132745950421556,22.02271554554524,31.25699921617557,21.02379604162864,17.46424919657298,13.416407864998739,10.0,8.94427190999916,14.7648230602334,22.80350850198276,28.442925306655784,28.0178514522438,21.37755832643195,12.529964086141668,7.280109889280518,9.433981132056603,15.297058540778355,18.027756377319946,704.7077408401301,641.6486577559405,680.6709924772761,551.101624022285,74.0
