left_iris-362,left_iris-382,left_iris-381,left_iris-380,left_iris-374,left_iris-373,left_iris-390,left_iris-249,left_iris-263,left_iris-466,left_iris-388,left_iris-387,left_iris-386,left_iris-385,left_iris-384,left_iris-398,right_iris-133,right_iris-33,right_iris-7,right_iris-163,right_iris-144,right_iris-145,right_iris-153,right_iris-154,right_iris-155,right_iris-173,right_iris-157,right_iris-158,right_iris-159,right_iris-160,right_iris-161,right_iris-246,middle_left_right,center_edge_top_left,center_edge_top_right,center_edge_bottom_left,center_edge_bottom_right
39.05124837953327,34.48187929913333,26.0,14.866068747318506,10.770329614269007,18.788294228055936,25.495097567963924,31.064449134018133,36.013886210738214,32.14031735997639,27.294688127912362,19.924858845171276,8.602325267042627,10.295630140987,23.021728866442675,33.37663853655727,32.14031735997639,37.12142238654117,32.55764119219941,26.92582403567252,20.12461179749811,10.816653826391969,10.63014581273465,20.8806130178211,28.284271247461902,27.018512172212592,18.384776310850235,10.770329614269007,14.142135623730951,23.08679276123039,30.066592756745816,34.0147027033899,809.3114357279279,736.3321261496064,782.550317870998,658.243875778575,96.62815324738438
