left_iris-362,left_iris-382,left_iris-381,left_iris-380,left_iris-374,left_iris-373,left_iris-390,left_iris-249,left_iris-263,left_iris-466,left_iris-388,left_iris-387,left_iris-386,left_iris-385,left_iris-384,left_iris-398,right_iris-133,right_iris-33,right_iris-7,right_iris-163,right_iris-144,right_iris-145,right_iris-153,right_iris-154,right_iris-155,right_iris-173,right_iris-157,right_iris-158,right_iris-159,right_iris-160,right_iris-161,right_iris-246,middle_left_right,center_edge_top_left,center_edge_top_right,center_edge_bottom_left,center_edge_bottom_right
27.294688127912362,23.769728648009426,18.027756377319946,10.63014581273465,8.246211251235321,14.422205101855956,18.027756377319946,21.587033144922902,25.079872407968907,22.02271554554524,18.027756377319946,12.649110640673518,6.708203932499369,8.602325267042627,17.26267650163207,24.020824298928627,29.274562336608895,24.331050121192877,22.135943621178654,18.788294228055936,13.45362404707371,10.04987562112089,12.727922061357855,20.248456731316587,26.68332812825267,26.019223662515376,18.110770276274835,9.433981132056603,5.385164807134504,12.36931687685298,18.0,22.090722034374522,649.9307655435308,582.7606712879654,624.347659561562,498.20678437773205,62.0
