left_iris-362,left_iris-382,left_iris-381,left_iris-380,left_iris-374,left_iris-373,left_iris-390,left_iris-249,left_iris-263,left_iris-466,left_iris-388,left_iris-387,left_iris-386,left_iris-385,left_iris-384,left_iris-398,right_iris-133,right_iris-33,right_iris-7,right_iris-163,right_iris-144,right_iris-145,right_iris-153,right_iris-154,right_iris-155,right_iris-173,right_iris-157,right_iris-158,right_iris-159,right_iris-160,right_iris-161,right_iris-246,middle_left_right,center_edge_top_left,center_edge_top_right,center_edge_bottom_left,center_edge_bottom_right
24.515301344262525,21.587033144922902,17.08800749063506,11.313708498984761,9.055385138137417,15.0,20.248456731316587,25.495097567963924,31.016124838541646,26.019223662515376,22.090722034374522,15.524174696260024,7.810249675906654,7.0710678118654755,15.297058540778355,21.095023109728988,27.16615541441225,19.4164878389476,15.811388300841896,13.416407864998739,8.48528137423857,5.385164807134504,11.40175425099138,19.026297590440446,25.019992006393608,24.515301344262525,18.384776310850235,11.313708498984761,7.0710678118654755,10.770329614269007,15.033296378372908,17.11724276862369,568.5367182513369,515.978681730166,547.022851442241,413.3206987316266,74.73285756613352
