left_iris-362,left_iris-382,left_iris-381,left_iris-380,left_iris-374,left_iris-373,left_iris-390,left_iris-249,left_iris-263,left_iris-466,left_iris-388,left_iris-387,left_iris-386,left_iris-385,left_iris-384,left_iris-398,right_iris-133,right_iris-33,right_iris-7,right_iris-163,right_iris-144,right_iris-145,right_iris-153,right_iris-154,right_iris-155,right_iris-173,right_iris-157,right_iris-158,right_iris-159,right_iris-160,right_iris-161,right_iris-246,middle_left_right,center_edge_top_left,center_edge_top_right,center_edge_bottom_left,center_edge_bottom_right
45.70557952810576,40.792156108742276,32.984845004941285,20.12461179749811,10.295630140987,11.40175425099138,18.681541692269406,25.079872407968907,31.016124838541646,27.16615541441225,21.37755832643195,13.416407864998739,6.324555320336759,15.811388300841896,30.01666203960727,40.19950248448356,25.179356624028344,35.35533905932738,31.78049716414141,28.460498941515414,22.360679774997898,13.45362404707371,9.486832980505138,15.231546211727817,21.587033144922902,21.02379604162864,13.92838827718412,8.06225774829855,14.422205101855956,23.345235059857504,30.0,33.13608305156178,752.9156659281304,669.8372936766062,722.8291637724643,606.8624226297094,85.0
