left_iris-362,left_iris-382,left_iris-381,left_iris-380,left_iris-374,left_iris-373,left_iris-390,left_iris-249,left_iris-263,left_iris-466,left_iris-388,left_iris-387,left_iris-386,left_iris-385,left_iris-384,left_iris-398,right_iris-133,right_iris-33,right_iris-7,right_iris-163,right_iris-144,right_iris-145,right_iris-153,right_iris-154,right_iris-155,right_iris-173,right_iris-157,right_iris-158,right_iris-159,right_iris-160,right_iris-161,right_iris-246,middle_left_right,center_edge_top_left,center_edge_top_right,center_edge_bottom_left,center_edge_bottom_right
24.331050121192877,21.37755832643195,16.76305461424021,10.816653826391969,7.0710678118654755,9.219544457292887,13.0,16.278820596099706,19.0,17.11724276862369,14.560219778561036,11.661903789690601,7.0710678118654755,9.219544457292887,15.297058540778355,21.02379604162864,22.360679774997898,18.110770276274835,15.524174696260024,13.416407864998739,9.899494936611665,8.0,10.63014581273465,16.15549442140351,19.6468827043885,19.1049731745428,13.152946437965905,7.810249675906654,6.324555320336759,10.770329614269007,14.142135623730951,17.0,739.6925036797385,654.9389284505846,709.045132555044,594.6805865336449,52.009614495783374
