left_iris-362,left_iris-382,left_iris-381,left_iris-380,left_iris-374,left_iris-373,left_iris-390,left_iris-249,left_iris-263,left_iris-466,left_iris-388,left_iris-387,left_iris-386,left_iris-385,left_iris-384,left_iris-398,right_iris-133,right_iris-33,right_iris-7,right_iris-163,right_iris-144,right_iris-145,right_iris-153,right_iris-154,right_iris-155,right_iris-173,right_iris-157,right_iris-158,right_iris-159,right_iris-160,right_iris-161,right_iris-246,middle_left_right,center_edge_top_left,center_edge_top_right,center_edge_bottom_left,center_edge_bottom_right
27.294688127912362,25.317977802344327,19.6468827043885,13.038404810405298,8.246211251235321,10.63014581273465,15.652475842498529,19.6468827043885,24.186773244895647,21.02379604162864,18.110770276274835,13.0,7.280109889280518,9.899494936611665,17.46424919657298,24.020824298928627,23.08679276123039,14.866068747318506,13.892443989449804,11.40175425099138,8.06225774829855,8.06225774829855,12.529964086141668,17.46424919657298,21.213203435596427,21.0,17.029386365926403,10.04987562112089,3.1622776601683795,4.0,9.219544457292887,12.649110640673518,654.2239677663912,575.6813354625978,625.1471826698094,507.2563454507001,60.63827174318213
