left_iris-362,left_iris-382,left_iris-381,left_iris-380,left_iris-374,left_iris-373,left_iris-390,left_iris-249,left_iris-263,left_iris-466,left_iris-388,left_iris-387,left_iris-386,left_iris-385,left_iris-384,left_iris-398,right_iris-133,right_iris-33,right_iris-7,right_iris-163,right_iris-144,right_iris-145,right_iris-153,right_iris-154,right_iris-155,right_iris-173,right_iris-157,right_iris-158,right_iris-159,right_iris-160,right_iris-161,right_iris-246,middle_left_right,center_edge_top_left,center_edge_top_right,center_edge_bottom_left,center_edge_bottom_right
28.0178514522438,25.179356624028344,19.4164878389476,11.661903789690601,8.06225774829855,11.313708498984761,16.1245154965971,19.313207915827967,23.53720459187964,21.37755832643195,17.029386365926403,12.165525060596439,5.830951894845301,7.810249675906654,17.46424919657298,24.020824298928627,33.54101966249684,24.08318915758459,20.615528128088304,16.55294535724685,10.63014581273465,9.486832980505138,16.64331697709324,24.041630560342615,30.805843601498726,30.14962686336267,23.08679276123039,13.416407864998739,7.0710678118654755,11.180339887498949,17.11724276862369,21.0,732.8737954109152,652.0766826071915,703.423059047683,585.9214964481164,76.53103945458993
