left_iris-362,left_iris-382,left_iris-381,left_iris-380,left_iris-374,left_iris-373,left_iris-390,left_iris-249,left_iris-263,left_iris-466,left_iris-388,left_iris-387,left_iris-386,left_iris-385,left_iris-384,left_iris-398,right_iris-133,right_iris-33,right_iris-7,right_iris-163,right_iris-144,right_iris-145,right_iris-153,right_iris-154,right_iris-155,right_iris-173,right_iris-157,right_iris-158,right_iris-159,right_iris-160,right_iris-161,right_iris-246,middle_left_right,center_edge_top_left,center_edge_top_right,center_edge_bottom_left,center_edge_bottom_right
24.041630560342615,20.615528128088304,15.264337522473747,10.295630140987,10.770329614269007,15.811388300841896,20.248456731316587,22.561028345356956,26.1725046566048,23.0,20.09975124224178,14.560219778561036,7.810249675906654,6.4031242374328485,13.038404810405298,20.223748416156685,28.442925306655784,22.090722034374522,19.6468827043885,16.15549442140351,12.041594578792296,9.0,12.041594578792296,19.313207915827967,24.73863375370596,25.019992006393608,17.26267650163207,10.0,7.280109889280518,12.083045973594572,16.1245154965971,20.0,752.4074693940777,685.8695211189953,727.4730235548257,599.5139698122138,69.02897942168927
