left_iris-362,left_iris-382,left_iris-381,left_iris-380,left_iris-374,left_iris-373,left_iris-390,left_iris-249,left_iris-263,left_iris-466,left_iris-388,left_iris-387,left_iris-386,left_iris-385,left_iris-384,left_iris-398,right_iris-133,right_iris-33,right_iris-7,right_iris-163,right_iris-144,right_iris-145,right_iris-153,right_iris-154,right_iris-155,right_iris-173,right_iris-157,right_iris-158,right_iris-159,right_iris-160,right_iris-161,right_iris-246,middle_left_right,center_edge_top_left,center_edge_top_right,center_edge_bottom_left,center_edge_bottom_right
37.33630940518894,33.54101966249684,25.298221281347036,15.556349186104045,13.152946437965905,18.601075237738275,24.041630560342615,28.160255680657446,33.13608305156178,30.265491900843113,26.68332812825267,20.615528128088304,11.661903789690601,12.806248474865697,22.80350850198276,32.0,36.138621999185304,33.015148038438355,28.442925306655784,24.166091947189145,18.384776310850235,15.0,17.69180601295413,26.40075756488817,33.52610922848042,31.25699921617557,21.213203435596427,9.899494936611665,10.0,20.248456731316587,26.30589287593181,30.066592756745816,685.1642138932826,610.1229384312641,657.3051041943916,536.1436374704077,81.0
