left_iris-362,left_iris-382,left_iris-381,left_iris-380,left_iris-374,left_iris-373,left_iris-390,left_iris-249,left_iris-263,left_iris-466,left_iris-388,left_iris-387,left_iris-386,left_iris-385,left_iris-384,left_iris-398,right_iris-133,right_iris-33,right_iris-7,right_iris-163,right_iris-144,right_iris-145,right_iris-153,right_iris-154,right_iris-155,right_iris-173,right_iris-157,right_iris-158,right_iris-159,right_iris-160,right_iris-161,right_iris-246,middle_left_right,center_edge_top_left,center_edge_top_right,center_edge_bottom_left,center_edge_bottom_right
32.38826948140329,29.614185789921695,24.041630560342615,15.811388300841896,10.198039027185569,14.142135623730951,19.697715603592208,25.709920264364882,31.064449134018133,27.0,23.194827009486403,18.384776310850235,11.180339887498949,12.206555615733702,19.924858845171276,28.0178514522438,27.202941017470888,43.01162633521314,37.48332962798263,32.57299494980466,25.553864678361276,16.64331697709324,13.341664064126334,18.601075237738275,23.769728648009426,22.20360331117452,13.0,11.045361017187261,18.439088914585774,28.460498941515414,35.35533905932738,39.05124837953327,757.3427229464875,691.713813654173,732.7127677337144,604.12581471081,85.0
