left_iris-362,left_iris-382,left_iris-381,left_iris-380,left_iris-374,left_iris-373,left_iris-390,left_iris-249,left_iris-263,left_iris-466,left_iris-388,left_iris-387,left_iris-386,left_iris-385,left_iris-384,left_iris-398,right_iris-133,right_iris-33,right_iris-7,right_iris-163,right_iris-144,right_iris-145,right_iris-153,right_iris-154,right_iris-155,right_iris-173,right_iris-157,right_iris-158,right_iris-159,right_iris-160,right_iris-161,right_iris-246,middle_left_right,center_edge_top_left,center_edge_top_right,center_edge_bottom_left,center_edge_bottom_right
31.32091952673165,27.85677655436824,20.248456731316587,12.649110640673518,15.811388300841896,25.079872407968907,32.55764119219941,38.05259518088089,43.18564576337837,39.45883931389772,34.713109915419565,26.570660511172846,14.866068747318506,8.54400374531753,17.26267650163207,26.30589287593181,35.12833614050059,30.0,25.495097567963924,21.02379604162864,15.556349186104045,12.165525060596439,16.64331697709324,25.709920264364882,32.38826948140329,31.016124838541646,22.47220505424423,14.422205101855956,13.0,19.72308292331602,24.73863375370596,28.160255680657446,802.8953854643829,718.2903312728079,772.4901293867773,657.0700114904042,96.87620966986684
