left_iris-362,left_iris-382,left_iris-381,left_iris-380,left_iris-374,left_iris-373,left_iris-390,left_iris-249,left_iris-263,left_iris-466,left_iris-388,left_iris-387,left_iris-386,left_iris-385,left_iris-384,left_iris-398,right_iris-133,right_iris-33,right_iris-7,right_iris-163,right_iris-144,right_iris-145,right_iris-153,right_iris-154,right_iris-155,right_iris-173,right_iris-157,right_iris-158,right_iris-159,right_iris-160,right_iris-161,right_iris-246,middle_left_right,center_edge_top_left,center_edge_top_right,center_edge_bottom_left,center_edge_bottom_right
33.24154027718932,30.4138126514911,23.769728648009426,14.422205101855956,8.246211251235321,11.40175425099138,16.76305461424021,21.213203435596427,25.0,22.02271554554524,18.24828759089466,12.649110640673518,5.385164807134504,10.295630140987,21.213203435596427,29.017236257093817,27.459060435491963,28.0178514522438,24.331050121192877,20.8806130178211,15.264337522473747,9.486832980505138,11.40175425099138,18.384776310850235,23.769728648009426,23.08679276123039,15.297058540778355,7.0710678118654755,8.48528137423857,15.524174696260024,21.095023109728988,25.019992006393608,659.2662588059546,609.3701666474984,639.1650803978578,502.82402488345764,68.0294054067798
