left_iris-362,left_iris-382,left_iris-381,left_iris-380,left_iris-374,left_iris-373,left_iris-390,left_iris-249,left_iris-263,left_iris-466,left_iris-388,left_iris-387,left_iris-386,left_iris-385,left_iris-384,left_iris-398,right_iris-133,right_iris-33,right_iris-7,right_iris-163,right_iris-144,right_iris-145,right_iris-153,right_iris-154,right_iris-155,right_iris-173,right_iris-157,right_iris-158,right_iris-159,right_iris-160,right_iris-161,right_iris-246,middle_left_right,center_edge_top_left,center_edge_top_right,center_edge_bottom_left,center_edge_bottom_right
37.12142238654117,33.37663853655727,25.96150997149434,16.401219466856727,13.038404810405298,17.804493814764857,22.47220505424423,25.632011235952593,29.274562336608895,26.019223662515376,23.194827009486403,17.46424919657298,11.704699910719626,14.212670403551895,23.08679276123039,32.01562118716424,39.45883931389772,34.0,29.427877939124322,25.0,18.867962264113206,12.36931687685298,16.278820596099706,25.632011235952593,34.92849839314596,34.058772731852805,24.515301344262525,14.142135623730951,11.40175425099138,19.235384061671343,25.495097567963924,30.066592756745816,792.5004731859786,732.7052613431952,769.842191621114,637.4613713786899,87.14355971613737
