left_iris-362,left_iris-382,left_iris-381,left_iris-380,left_iris-374,left_iris-373,left_iris-390,left_iris-249,left_iris-263,left_iris-466,left_iris-388,left_iris-387,left_iris-386,left_iris-385,left_iris-384,left_iris-398,right_iris-133,right_iris-33,right_iris-7,right_iris-163,right_iris-144,right_iris-145,right_iris-153,right_iris-154,right_iris-155,right_iris-173,right_iris-157,right_iris-158,right_iris-159,right_iris-160,right_iris-161,right_iris-246,middle_left_right,center_edge_top_left,center_edge_top_right,center_edge_bottom_left,center_edge_bottom_right
27.018512172212592,24.186773244895647,17.46424919657298,10.0,6.082762530298219,12.083045973594572,17.46424919657298,21.095023109728988,25.0,22.02271554554524,18.110770276274835,12.36931687685298,5.0,7.211102550927978,16.278820596099706,24.020824298928627,26.019223662515376,31.0,26.076809620810597,21.37755832643195,14.866068747318506,7.211102550927978,7.810249675906654,16.278820596099706,23.08679276123039,23.021728866442675,15.297058540778355,6.4031242374328485,5.830951894845301,15.297058540778355,23.021728866442675,27.018512172212592,685.5887980415083,644.7728282116113,668.5297300793735,527.856040980872,71.0
