left_iris-362,left_iris-382,left_iris-381,left_iris-380,left_iris-374,left_iris-373,left_iris-390,left_iris-249,left_iris-263,left_iris-466,left_iris-388,left_iris-387,left_iris-386,left_iris-385,left_iris-384,left_iris-398,right_iris-133,right_iris-33,right_iris-7,right_iris-163,right_iris-144,right_iris-145,right_iris-153,right_iris-154,right_iris-155,right_iris-173,right_iris-157,right_iris-158,right_iris-159,right_iris-160,right_iris-161,right_iris-246,middle_left_right,center_edge_top_left,center_edge_top_right,center_edge_bottom_left,center_edge_bottom_right
21.0,17.11724276862369,11.704699910719626,7.280109889280518,11.40175425099138,19.72308292331602,24.698178070456937,28.160255680657446,30.59411708155671,28.284271247461902,24.08318915758459,18.0,9.486832980505138,5.0990195135927845,10.770329614269007,17.11724276862369,35.35533905932738,22.090722034374522,18.110770276274835,13.601470508735444,8.48528137423857,8.94427190999916,16.1245154965971,24.73863375370596,31.575306807693888,31.064449134018133,24.020824298928627,14.560219778561036,7.211102550927978,8.602325267042627,14.560219778561036,18.24828759089466,726.2299911185161,646.2275141155783,697.0007173597456,578.9732290874941,64.38167441127949
