left_iris-362,left_iris-382,left_iris-381,left_iris-380,left_iris-374,left_iris-373,left_iris-390,left_iris-249,left_iris-263,left_iris-466,left_iris-388,left_iris-387,left_iris-386,left_iris-385,left_iris-384,left_iris-398,right_iris-133,right_iris-33,right_iris-7,right_iris-163,right_iris-144,right_iris-145,right_iris-153,right_iris-154,right_iris-155,right_iris-173,right_iris-157,right_iris-158,right_iris-159,right_iris-160,right_iris-161,right_iris-246,middle_left_right,center_edge_top_left,center_edge_top_right,center_edge_bottom_left,center_edge_bottom_right
29.068883707497267,26.1725046566048,20.615528128088304,13.038404810405298,9.055385138137417,12.727922061357855,17.4928556845359,21.540659228538015,24.515301344262525,22.20360331117452,19.026297590440446,14.317821063276353,7.211102550927978,8.48528137423857,17.46424919657298,25.019992006393608,33.734255586866,27.0,22.20360331117452,17.72004514666935,12.206555615733702,9.055385138137417,15.0,23.40939982143925,30.083217912982647,29.154759474226502,22.090722034374522,12.529964086141668,8.0,13.892443989449804,19.4164878389476,24.08318915758459,738.2045786907584,658.745777975085,709.1868583102763,590.5472038711215,73.55270219373317
