left_iris-362,left_iris-382,left_iris-381,left_iris-380,left_iris-374,left_iris-373,left_iris-390,left_iris-249,left_iris-263,left_iris-466,left_iris-388,left_iris-387,left_iris-386,left_iris-385,left_iris-384,left_iris-398,right_iris-133,right_iris-33,right_iris-7,right_iris-163,right_iris-144,right_iris-145,right_iris-153,right_iris-154,right_iris-155,right_iris-173,right_iris-157,right_iris-158,right_iris-159,right_iris-160,right_iris-161,right_iris-246,middle_left_right,center_edge_top_left,center_edge_top_right,center_edge_bottom_left,center_edge_bottom_right
36.40054944640259,32.89376840679705,24.596747752497688,15.811388300841896,13.92838827718412,21.470910553583888,27.65863337187866,32.0624390837628,37.12142238654117,33.24154027718932,28.635642126552707,21.18962010041709,10.0,10.0,22.02271554554524,31.400636936215164,32.38826948140329,32.14031735997639,27.892651361962706,24.166091947189145,18.439088914585774,13.341664064126334,14.212670403551895,21.540659228538015,28.635642126552707,27.0,18.973665961010276,11.180339887498949,12.041594578792296,19.924858845171276,26.076809620810597,29.0,803.1220330684497,720.8363198396706,773.4371338382972,656.128798331547,96.62815324738438
