left_iris-362,left_iris-382,left_iris-381,left_iris-380,left_iris-374,left_iris-373,left_iris-390,left_iris-249,left_iris-263,left_iris-466,left_iris-388,left_iris-387,left_iris-386,left_iris-385,left_iris-384,left_iris-398,right_iris-133,right_iris-33,right_iris-7,right_iris-163,right_iris-144,right_iris-145,right_iris-153,right_iris-154,right_iris-155,right_iris-173,right_iris-157,right_iris-158,right_iris-159,right_iris-160,right_iris-161,right_iris-246,middle_left_right,center_edge_top_left,center_edge_top_right,center_edge_bottom_left,center_edge_bottom_right
46.04345773288535,41.19465984809196,34.36568055487916,22.47220505424423,12.041594578792296,10.816653826391969,16.55294535724685,21.587033144922902,26.019223662515376,23.021728866442675,18.24828759089466,10.816653826391969,8.94427190999916,19.313207915827967,31.400636936215164,41.012193308819754,33.54101966249684,43.01162633521314,38.2099463490856,32.7566787083184,24.698178070456937,14.212670403551895,11.180339887498949,20.615528128088304,28.861739379323623,28.0178514522438,18.681541692269406,8.54400374531753,14.212670403551895,25.709920264364882,34.132096331752024,39.01281840626232,651.0491532902873,611.117828245912,634.0859563182266,493.32038271289787,90.00555538409837
