left_iris-362,left_iris-382,left_iris-381,left_iris-380,left_iris-374,left_iris-373,left_iris-390,left_iris-249,left_iris-263,left_iris-466,left_iris-388,left_iris-387,left_iris-386,left_iris-385,left_iris-384,left_iris-398,right_iris-133,right_iris-33,right_iris-7,right_iris-163,right_iris-144,right_iris-145,right_iris-153,right_iris-154,right_iris-155,right_iris-173,right_iris-157,right_iris-158,right_iris-159,right_iris-160,right_iris-161,right_iris-246,middle_left_right,center_edge_top_left,center_edge_top_right,center_edge_bottom_left,center_edge_bottom_right
32.14031735997639,28.284271247461902,21.840329667841555,14.212670403551895,11.0,16.278820596099706,21.95449840010015,25.632011235952593,29.427877939124322,27.16615541441225,23.0,17.72004514666935,10.0,10.0,18.973665961010276,27.018512172212592,33.52610922848042,30.066592756745816,26.076809620810597,22.561028345356956,17.0,11.40175425099138,15.0,22.825424421026653,30.083217912982647,29.614185789921695,21.0,10.295630140987,7.615773105863909,16.55294535724685,22.561028345356956,27.294688127912362,698.2964986307751,641.8862827635437,676.3268440628392,542.971454129957,78.77182237323191
