left_iris-362,left_iris-382,left_iris-381,left_iris-380,left_iris-374,left_iris-373,left_iris-390,left_iris-249,left_iris-263,left_iris-466,left_iris-388,left_iris-387,left_iris-386,left_iris-385,left_iris-384,left_iris-398,right_iris-133,right_iris-33,right_iris-7,right_iris-163,right_iris-144,right_iris-145,right_iris-153,right_iris-154,right_iris-155,right_iris-173,right_iris-157,right_iris-158,right_iris-159,right_iris-160,right_iris-161,right_iris-246,middle_left_right,center_edge_top_left,center_edge_top_right,center_edge_bottom_left,center_edge_bottom_right
33.734255586866,30.083217912982647,22.847319317591726,15.0,13.341664064126334,19.4164878389476,25.0,29.154759474226502,33.13608305156178,30.265491900843113,26.68332812825267,20.615528128088304,12.206555615733702,10.816653826391969,19.6468827043885,29.068883707497267,36.49657518178932,31.016124838541646,26.68332812825267,21.93171219946131,16.97056274847714,13.038404810405298,17.029386365926403,26.248809496813376,33.734255586866,31.064449134018133,21.37755832643195,10.63014581273465,10.0,18.973665961010276,25.179356624028344,29.017236257093817,717.0843743939761,636.4039597614081,687.6118090899836,570.2718649907252,78.00640999302557
