left_iris-362,left_iris-382,left_iris-381,left_iris-380,left_iris-374,left_iris-373,left_iris-390,left_iris-249,left_iris-263,left_iris-466,left_iris-388,left_iris-387,left_iris-386,left_iris-385,left_iris-384,left_iris-398,right_iris-133,right_iris-33,right_iris-7,right_iris-163,right_iris-144,right_iris-145,right_iris-153,right_iris-154,right_iris-155,right_iris-173,right_iris-157,right_iris-158,right_iris-159,right_iris-160,right_iris-161,right_iris-246,middle_left_right,center_edge_top_left,center_edge_top_right,center_edge_bottom_left,center_edge_bottom_right
22.561028345356956,20.8806130178211,16.15549442140351,10.63014581273465,7.0,9.219544457292887,12.649110640673518,15.132745950421556,19.026297590440446,16.1245154965971,14.560219778561036,10.295630140987,6.082762530298219,8.06225774829855,14.035668847618199,20.223748416156685,22.090722034374522,18.24828759089466,14.866068747318506,12.529964086141668,9.219544457292887,7.0710678118654755,10.0,15.524174696260024,20.223748416156685,19.0,14.317821063276353,7.810249675906654,5.385164807134504,9.486832980505138,14.035668847618199,16.0312195418814,729.2989784717925,643.8765409610759,698.4103378387235,584.7879957728271,54.3323108288245
