left_iris-362,left_iris-382,left_iris-381,left_iris-380,left_iris-374,left_iris-373,left_iris-390,left_iris-249,left_iris-263,left_iris-466,left_iris-388,left_iris-387,left_iris-386,left_iris-385,left_iris-384,left_iris-398,right_iris-133,right_iris-33,right_iris-7,right_iris-163,right_iris-144,right_iris-145,right_iris-153,right_iris-154,right_iris-155,right_iris-173,right_iris-157,right_iris-158,right_iris-159,right_iris-160,right_iris-161,right_iris-246,middle_left_right,center_edge_top_left,center_edge_top_right,center_edge_bottom_left,center_edge_bottom_right
31.04834939252005,27.51363298439521,22.360679774997898,15.620499351813308,12.041594578792296,15.556349186104045,19.697715603592208,23.53720459187964,27.018512172212592,24.08318915758459,20.396078054371138,15.652475842498529,9.486832980505138,11.313708498984761,18.24828759089466,26.30589287593181,31.32091952673165,32.14031735997639,27.65863337187866,23.40939982143925,17.204650534085253,11.40175425099138,13.601470508735444,21.470910553583888,28.460498941515414,26.30589287593181,18.110770276274835,9.219544457292887,9.433981132056603,17.72004514666935,24.08318915758459,28.0178514522438,729.3421693553719,653.1768520087037,701.3130542061797,580.2930294256514,79.1012010022604
