left_iris-362,left_iris-382,left_iris-381,left_iris-380,left_iris-374,left_iris-373,left_iris-390,left_iris-249,left_iris-263,left_iris-466,left_iris-388,left_iris-387,left_iris-386,left_iris-385,left_iris-384,left_iris-398,right_iris-133,right_iris-33,right_iris-7,right_iris-163,right_iris-144,right_iris-145,right_iris-153,right_iris-154,right_iris-155,right_iris-173,right_iris-157,right_iris-158,right_iris-159,right_iris-160,right_iris-161,right_iris-246,middle_left_right,center_edge_top_left,center_edge_top_right,center_edge_bottom_left,center_edge_bottom_right
31.064449134018133,27.0,20.223748416156685,12.806248474865697,11.045361017187261,16.278820596099706,20.808652046684813,24.596747752497688,27.202941017470888,23.53720459187964,20.09975124224178,14.317821063276353,7.615773105863909,11.313708498984761,20.615528128088304,27.459060435491963,41.48493702538308,28.0,22.360679774997898,17.88854381999832,12.806248474865697,12.649110640673518,20.0,30.463092423455635,37.0,36.6742416417845,28.0,17.72004514666935,8.602325267042627,10.63014581273465,17.72004514666935,23.08679276123039,709.9802814163221,672.8833479883419,694.2420327234588,551.9710137316995,83.67795408588812
