left_iris-362,left_iris-382,left_iris-381,left_iris-380,left_iris-374,left_iris-373,left_iris-390,left_iris-249,left_iris-263,left_iris-466,left_iris-388,left_iris-387,left_iris-386,left_iris-385,left_iris-384,left_iris-398,right_iris-133,right_iris-33,right_iris-7,right_iris-163,right_iris-144,right_iris-145,right_iris-153,right_iris-154,right_iris-155,right_iris-173,right_iris-157,right_iris-158,right_iris-159,right_iris-160,right_iris-161,right_iris-246,middle_left_right,center_edge_top_left,center_edge_top_right,center_edge_bottom_left,center_edge_bottom_right
29.732137494637012,26.832815729997478,20.808652046684813,14.7648230602334,13.601470508735444,18.601075237738275,24.351591323771842,29.427877939124322,35.0,30.14962686336267,25.709920264364882,19.72308292331602,13.0,12.206555615733702,18.439088914585774,25.495097567963924,29.274562336608895,27.16615541441225,24.73863375370596,21.540659228538015,17.204650534085253,11.704699910719626,12.206555615733702,19.697715603592208,25.709920264364882,25.0,18.681541692269406,10.0,9.433981132056603,17.08800749063506,22.090722034374522,25.019992006393608,639.038340007859,551.3347440530117,607.0996623290117,497.36304647611286,83.05419917138447
