left_iris-362,left_iris-382,left_iris-381,left_iris-380,left_iris-374,left_iris-373,left_iris-390,left_iris-249,left_iris-263,left_iris-466,left_iris-388,left_iris-387,left_iris-386,left_iris-385,left_iris-384,left_iris-398,right_iris-133,right_iris-33,right_iris-7,right_iris-163,right_iris-144,right_iris-145,right_iris-153,right_iris-154,right_iris-155,right_iris-173,right_iris-157,right_iris-158,right_iris-159,right_iris-160,right_iris-161,right_iris-246,middle_left_right,center_edge_top_left,center_edge_top_right,center_edge_bottom_left,center_edge_bottom_right
27.294688127912362,23.769728648009426,17.46424919657298,10.63014581273465,9.486832980505138,15.264337522473747,19.924858845171276,22.561028345356956,26.076809620810597,23.021728866442675,20.223748416156685,15.231546211727817,8.06225774829855,9.219544457292887,16.278820596099706,23.021728866442675,28.284271247461902,25.019992006393608,21.37755832643195,18.027756377319946,13.601470508735444,9.219544457292887,11.313708498984761,19.313207915827967,25.709920264364882,25.019992006393608,18.24828759089466,9.219544457292887,7.615773105863909,14.317821063276353,19.235384061671343,22.02271554554524,746.0730527233911,684.6349392194354,722.7205545714056,591.7136131609615,70.06425622241343
