left_iris-362,left_iris-382,left_iris-381,left_iris-380,left_iris-374,left_iris-373,left_iris-390,left_iris-249,left_iris-263,left_iris-466,left_iris-388,left_iris-387,left_iris-386,left_iris-385,left_iris-384,left_iris-398,right_iris-133,right_iris-33,right_iris-7,right_iris-163,right_iris-144,right_iris-145,right_iris-153,right_iris-154,right_iris-155,right_iris-173,right_iris-157,right_iris-158,right_iris-159,right_iris-160,right_iris-161,right_iris-246,middle_left_right,center_edge_top_left,center_edge_top_right,center_edge_bottom_left,center_edge_bottom_right
36.124783736376884,31.400636936215164,24.041630560342615,14.142135623730951,12.165525060596439,17.804493814764857,23.769728648009426,27.892651361962706,32.2490309931942,28.0178514522438,24.020824298928627,16.492422502470642,8.06225774829855,11.40175425099138,22.561028345356956,31.0,38.2099463490856,31.144823004794873,26.68332812825267,21.540659228538015,16.401219466856727,11.0,15.811388300841896,25.96150997149434,33.37663853655727,33.0,23.53720459187964,12.806248474865697,9.486832980505138,16.15549442140351,23.08679276123039,27.0,791.1188279898286,729.5676802052021,767.8990819111584,636.5288681591747,87.0
