left_iris-362,left_iris-382,left_iris-381,left_iris-380,left_iris-374,left_iris-373,left_iris-390,left_iris-249,left_iris-263,left_iris-466,left_iris-388,left_iris-387,left_iris-386,left_iris-385,left_iris-384,left_iris-398,right_iris-133,right_iris-33,right_iris-7,right_iris-163,right_iris-144,right_iris-145,right_iris-153,right_iris-154,right_iris-155,right_iris-173,right_iris-157,right_iris-158,right_iris-159,right_iris-160,right_iris-161,right_iris-246,middle_left_right,center_edge_top_left,center_edge_top_right,center_edge_bottom_left,center_edge_bottom_right
27.16615541441225,24.08318915758459,19.026297590440446,10.198039027185569,3.1622776601683795,8.54400374531753,15.297058540778355,20.396078054371138,25.179356624028344,21.095023109728988,16.0,9.055385138137417,3.1622776601683795,9.848857801796104,18.681541692269406,24.331050121192877,33.015148038438355,28.160255680657446,23.345235059857504,18.681541692269406,11.180339887498949,5.0990195135927845,13.0,22.20360331117452,29.068883707497267,29.017236257093817,21.213203435596427,11.180339887498949,5.0990195135927845,12.36931687685298,20.024984394500787,24.020824298928627,686.3388376013702,642.309115613347,668.2521979013612,528.9243802284028,82.02438661763951
