left_iris-362,left_iris-382,left_iris-381,left_iris-380,left_iris-374,left_iris-373,left_iris-390,left_iris-249,left_iris-263,left_iris-466,left_iris-388,left_iris-387,left_iris-386,left_iris-385,left_iris-384,left_iris-398,right_iris-133,right_iris-33,right_iris-7,right_iris-163,right_iris-144,right_iris-145,right_iris-153,right_iris-154,right_iris-155,right_iris-173,right_iris-157,right_iris-158,right_iris-159,right_iris-160,right_iris-161,right_iris-246,middle_left_right,center_edge_top_left,center_edge_top_right,center_edge_bottom_left,center_edge_bottom_right
30.14962686336267,27.294688127912362,20.615528128088304,12.529964086141668,7.280109889280518,10.0,15.231546211727817,18.681541692269406,22.20360331117452,19.0,15.132745950421556,8.94427190999916,5.385164807134504,11.704699910719626,20.09975124224178,27.018512172212592,25.179356624028344,29.274562336608895,24.73863375370596,21.18962010041709,15.264337522473747,8.54400374531753,10.0,16.15549442140351,22.360679774997898,22.0,15.524174696260024,7.810249675906654,7.211102550927978,13.601470508735444,20.024984394500787,25.079872407968907,607.8832124676582,560.1089179793515,588.1513410679262,451.3557355346224,76.05918747922567
