left_iris-362,left_iris-382,left_iris-381,left_iris-380,left_iris-374,left_iris-373,left_iris-390,left_iris-249,left_iris-263,left_iris-466,left_iris-388,left_iris-387,left_iris-386,left_iris-385,left_iris-384,left_iris-398,right_iris-133,right_iris-33,right_iris-7,right_iris-163,right_iris-144,right_iris-145,right_iris-153,right_iris-154,right_iris-155,right_iris-173,right_iris-157,right_iris-158,right_iris-159,right_iris-160,right_iris-161,right_iris-246,middle_left_right,center_edge_top_left,center_edge_top_right,center_edge_bottom_left,center_edge_bottom_right
39.05124837953327,35.12833614050059,28.284271247461902,17.88854381999832,11.704699910719626,13.601470508735444,19.72308292331602,24.351591323771842,29.427877939124322,26.1725046566048,22.02271554554524,15.297058540778355,7.211102550927978,11.40175425099138,23.769728648009426,34.0147027033899,38.600518131237564,30.066592756745816,25.079872407968907,20.8806130178211,15.0,12.0,16.97056274847714,27.313000567495326,34.785054261852174,33.54101966249684,24.0,12.083045973594572,7.0710678118654755,15.652475842498529,22.561028345356956,26.30589287593181,726.9422260400065,655.0915966488961,700.2463852102344,576.1466827119635,81.61494961096282
