left_iris-362,left_iris-382,left_iris-381,left_iris-380,left_iris-374,left_iris-373,left_iris-390,left_iris-249,left_iris-263,left_iris-466,left_iris-388,left_iris-387,left_iris-386,left_iris-385,left_iris-384,left_iris-398,right_iris-133,right_iris-33,right_iris-7,right_iris-163,right_iris-144,right_iris-145,right_iris-153,right_iris-154,right_iris-155,right_iris-173,right_iris-157,right_iris-158,right_iris-159,right_iris-160,right_iris-161,right_iris-246,middle_left_right,center_edge_top_left,center_edge_top_right,center_edge_bottom_left,center_edge_bottom_right
31.25699921617557,27.459060435491963,21.18962010041709,14.142135623730951,12.041594578792296,16.97056274847714,20.12461179749811,22.80350850198276,25.079872407968907,24.020824298928627,21.37755832643195,16.55294535724685,11.180339887498949,11.40175425099138,19.924858845171276,27.0,37.0,33.015148038438355,28.284271247461902,24.041630560342615,17.804493814764857,13.152946437965905,17.804493814764857,26.419689627245813,33.61547262794322,31.575306807693888,23.194827009486403,14.142135623730951,12.165525060596439,19.4164878389476,25.0,29.274562336608895,750.1713137677286,721.8427806662611,737.466609413606,592.1629843210397,67.11929677819934
