left_iris-362,left_iris-382,left_iris-381,left_iris-380,left_iris-374,left_iris-373,left_iris-390,left_iris-249,left_iris-263,left_iris-466,left_iris-388,left_iris-387,left_iris-386,left_iris-385,left_iris-384,left_iris-398,right_iris-133,right_iris-33,right_iris-7,right_iris-163,right_iris-144,right_iris-145,right_iris-153,right_iris-154,right_iris-155,right_iris-173,right_iris-157,right_iris-158,right_iris-159,right_iris-160,right_iris-161,right_iris-246,middle_left_right,center_edge_top_left,center_edge_top_right,center_edge_bottom_left,center_edge_bottom_right
31.144823004794873,27.294688127912362,19.924858845171276,11.40175425099138,13.038404810405298,22.360679774997898,30.083217912982647,35.35533905932738,40.01249804748511,37.0,32.14031735997639,24.515301344262525,13.038404810405298,7.615773105863909,17.72004514666935,27.018512172212592,44.181444068749045,27.073972741361768,21.587033144922902,16.55294535724685,10.0,11.40175425099138,21.540659228538015,31.575306807693888,39.319206502675,39.01281840626232,30.265491900843113,18.384776310850235,9.433981132056603,11.40175425099138,18.24828759089466,23.0,645.8637627239974,605.3428780451621,628.6811592532418,488.20077836890016,97.0
