left_iris-362,left_iris-382,left_iris-381,left_iris-380,left_iris-374,left_iris-373,left_iris-390,left_iris-249,left_iris-263,left_iris-466,left_iris-388,left_iris-387,left_iris-386,left_iris-385,left_iris-384,left_iris-398,right_iris-133,right_iris-33,right_iris-7,right_iris-163,right_iris-144,right_iris-145,right_iris-153,right_iris-154,right_iris-155,right_iris-173,right_iris-157,right_iris-158,right_iris-159,right_iris-160,right_iris-161,right_iris-246,middle_left_right,center_edge_top_left,center_edge_top_right,center_edge_bottom_left,center_edge_bottom_right
30.265491900843113,27.65863337187866,21.18962010041709,14.212670403551895,10.04987562112089,12.806248474865697,17.0,19.924858845171276,23.08679276123039,20.0,17.11724276862369,11.704699910719626,6.324555320336759,10.0,18.24828759089466,26.019223662515376,30.265491900843113,18.027756377319946,14.866068747318506,12.806248474865697,10.770329614269007,11.180339887498949,16.64331697709324,22.80350850198276,27.459060435491963,27.018512172212592,20.223748416156685,12.529964086141668,6.324555320336759,8.602325267042627,12.165525060596439,16.0,708.9266534698777,627.9148031381327,679.3209845132122,562.3850993758637,64.00781202322104
