left_iris-362,left_iris-382,left_iris-381,left_iris-380,left_iris-374,left_iris-373,left_iris-390,left_iris-249,left_iris-263,left_iris-466,left_iris-388,left_iris-387,left_iris-386,left_iris-385,left_iris-384,left_iris-398,right_iris-133,right_iris-33,right_iris-7,right_iris-163,right_iris-144,right_iris-145,right_iris-153,right_iris-154,right_iris-155,right_iris-173,right_iris-157,right_iris-158,right_iris-159,right_iris-160,right_iris-161,right_iris-246,middle_left_right,center_edge_top_left,center_edge_top_right,center_edge_bottom_left,center_edge_bottom_right
27.294688127912362,23.53720459187964,18.027756377319946,10.63014581273465,9.219544457292887,13.601470508735444,18.027756377319946,20.396078054371138,24.020824298928627,21.02379604162864,18.24828759089466,13.0,6.708203932499369,8.602325267042627,16.1245154965971,23.021728866442675,28.160255680657446,23.0,19.235384061671343,15.811388300841896,11.40175425099138,8.0,11.40175425099138,18.681541692269406,25.317977802344327,25.0,18.24828759089466,10.0,6.082762530298219,12.083045973594572,16.278820596099706,20.024984394500787,757.792847683323,690.253576593414,732.5639903789976,605.1859218455102,67.06713054842886
