left_iris-362,left_iris-382,left_iris-381,left_iris-380,left_iris-374,left_iris-373,left_iris-390,left_iris-249,left_iris-263,left_iris-466,left_iris-388,left_iris-387,left_iris-386,left_iris-385,left_iris-384,left_iris-398,right_iris-133,right_iris-33,right_iris-7,right_iris-163,right_iris-144,right_iris-145,right_iris-153,right_iris-154,right_iris-155,right_iris-173,right_iris-157,right_iris-158,right_iris-159,right_iris-160,right_iris-161,right_iris-246,middle_left_right,center_edge_top_left,center_edge_top_right,center_edge_bottom_left,center_edge_bottom_right
25.709920264364882,22.80350850198276,18.384776310850235,12.041594578792296,9.0,10.63014581273465,14.866068747318506,19.235384061671343,22.0,20.024984394500787,17.26267650163207,13.0,6.708203932499369,7.810249675906654,15.132745950421556,22.20360331117452,26.076809620810597,21.095023109728988,17.72004514666935,14.317821063276353,10.63014581273465,8.246211251235321,11.661903789690601,19.4164878389476,24.186773244895647,23.0,16.492422502470642,8.48528137423857,5.385164807134504,11.704699910719626,16.0312195418814,19.026297590440446,710.6004503235274,631.9438266175246,681.7279516053306,562.8969710346646,60.07495318350236
