left_iris-362,left_iris-382,left_iris-381,left_iris-380,left_iris-374,left_iris-373,left_iris-390,left_iris-249,left_iris-263,left_iris-466,left_iris-388,left_iris-387,left_iris-386,left_iris-385,left_iris-384,left_iris-398,right_iris-133,right_iris-33,right_iris-7,right_iris-163,right_iris-144,right_iris-145,right_iris-153,right_iris-154,right_iris-155,right_iris-173,right_iris-157,right_iris-158,right_iris-159,right_iris-160,right_iris-161,right_iris-246,middle_left_right,center_edge_top_left,center_edge_top_right,center_edge_bottom_left,center_edge_bottom_right
34.36568055487916,31.575306807693888,24.73863375370596,16.1245154965971,10.770329614269007,12.206555615733702,17.4928556845359,21.18962010041709,26.30589287593181,23.08679276123039,19.0,13.341664064126334,6.324555320336759,11.661903789690601,21.213203435596427,30.066592756745816,30.083217912982647,30.265491900843113,25.96150997149434,21.540659228538015,15.811388300841896,10.198039027185569,13.45362404707371,21.02379604162864,27.202941017470888,25.317977802344327,18.110770276274835,8.602325267042627,7.810249675906654,16.278820596099706,23.0,27.073972741361768,668.823594081429,620.4232426336073,649.2495668077107,512.0790954530364,80.00624975587844
