left_iris-362,left_iris-382,left_iris-381,left_iris-380,left_iris-374,left_iris-373,left_iris-390,left_iris-249,left_iris-263,left_iris-466,left_iris-388,left_iris-387,left_iris-386,left_iris-385,left_iris-384,left_iris-398,right_iris-133,right_iris-33,right_iris-7,right_iris-163,right_iris-144,right_iris-145,right_iris-153,right_iris-154,right_iris-155,right_iris-173,right_iris-157,right_iris-158,right_iris-159,right_iris-160,right_iris-161,right_iris-246,middle_left_right,center_edge_top_left,center_edge_top_right,center_edge_bottom_left,center_edge_bottom_right
28.442925306655784,24.73863375370596,19.313207915827967,12.727922061357855,10.04987562112089,12.727922061357855,17.0,20.248456731316587,22.360679774997898,20.09975124224178,17.0,11.40175425099138,5.385164807134504,9.433981132056603,17.11724276862369,24.08318915758459,29.274562336608895,23.194827009486403,19.924858845171276,16.55294535724685,12.727922061357855,9.055385138137417,12.806248474865697,19.924858845171276,26.476404589747453,26.019223662515376,18.24828759089466,10.816653826391969,6.082762530298219,11.40175425099138,17.029386365926403,20.024984394500787,718.0376034721302,656.4891469019119,694.5343763990376,563.8953803676707,67.0
