left_iris-362,left_iris-382,left_iris-381,left_iris-380,left_iris-374,left_iris-373,left_iris-390,left_iris-249,left_iris-263,left_iris-466,left_iris-388,left_iris-387,left_iris-386,left_iris-385,left_iris-384,left_iris-398,right_iris-133,right_iris-33,right_iris-7,right_iris-163,right_iris-144,right_iris-145,right_iris-153,right_iris-154,right_iris-155,right_iris-173,right_iris-157,right_iris-158,right_iris-159,right_iris-160,right_iris-161,right_iris-246,middle_left_right,center_edge_top_left,center_edge_top_right,center_edge_bottom_left,center_edge_bottom_right
32.7566787083184,29.120439557122072,23.769728648009426,16.401219466856727,10.770329614269007,10.295630140987,13.416407864998739,16.492422502470642,20.024984394500787,16.0312195418814,13.341664064126334,7.810249675906654,7.211102550927978,13.92838827718412,22.02271554554524,29.274562336608895,22.090722034374522,26.076809620810597,23.53720459187964,20.248456731316587,16.64331697709324,10.295630140987,8.94427190999916,13.416407864998739,18.439088914585774,19.1049731745428,13.416407864998739,8.54400374531753,10.0,15.811388300841896,20.09975124224178,24.0,773.1144805266553,698.5026843183925,745.7251504408309,622.9815406575061,68.11754546370561
