left_iris-362,left_iris-382,left_iris-381,left_iris-380,left_iris-374,left_iris-373,left_iris-390,left_iris-249,left_iris-263,left_iris-466,left_iris-388,left_iris-387,left_iris-386,left_iris-385,left_iris-384,left_iris-398,right_iris-133,right_iris-33,right_iris-7,right_iris-163,right_iris-144,right_iris-145,right_iris-153,right_iris-154,right_iris-155,right_iris-173,right_iris-157,right_iris-158,right_iris-159,right_iris-160,right_iris-161,right_iris-246,middle_left_right,center_edge_top_left,center_edge_top_right,center_edge_bottom_left,center_edge_bottom_right
30.066592756745816,27.294688127912362,20.8806130178211,14.142135623730951,12.041594578792296,16.278820596099706,20.591260281974,23.40939982143925,25.317977802344327,23.08679276123039,21.02379604162864,15.524174696260024,8.602325267042627,10.63014581273465,19.924858845171276,26.019223662515376,45.221676218380054,30.14962686336267,23.194827009486403,17.46424919657298,13.038404810405298,16.15549442140351,24.20743687382041,34.438350715445125,41.78516483155236,41.0,32.01562118716424,19.6468827043885,10.0,12.041594578792296,18.384776310850235,24.515301344262525,775.5623766016503,723.3235790432938,755.2463174355768,619.0290784769323,76.11832893594026
