left_iris-362,left_iris-382,left_iris-381,left_iris-380,left_iris-374,left_iris-373,left_iris-390,left_iris-249,left_iris-263,left_iris-466,left_iris-388,left_iris-387,left_iris-386,left_iris-385,left_iris-384,left_iris-398,right_iris-133,right_iris-33,right_iris-7,right_iris-163,right_iris-144,right_iris-145,right_iris-153,right_iris-154,right_iris-155,right_iris-173,right_iris-157,right_iris-158,right_iris-159,right_iris-160,right_iris-161,right_iris-246,middle_left_right,center_edge_top_left,center_edge_top_right,center_edge_bottom_left,center_edge_bottom_right
33.06055050963308,29.154759474226502,22.561028345356956,14.422205101855956,9.219544457292887,12.727922061357855,17.46424919657298,21.840329667841555,25.179356624028344,22.02271554554524,18.0,11.180339887498949,3.0,10.44030650891055,21.095023109728988,29.0,29.068883707497267,30.14962686336267,25.495097567963924,20.248456731316587,14.422205101855956,9.055385138137417,12.206555615733702,19.6468827043885,26.1725046566048,26.019223662515376,18.439088914585774,8.602325267042627,5.830951894845301,13.601470508735444,21.095023109728988,26.019223662515376,778.6051630961614,723.4818587912208,757.3810137572766,622.5961773091768,86.05230967266364
