left_iris-362,left_iris-382,left_iris-381,left_iris-380,left_iris-374,left_iris-373,left_iris-390,left_iris-249,left_iris-263,left_iris-466,left_iris-388,left_iris-387,left_iris-386,left_iris-385,left_iris-384,left_iris-398,right_iris-133,right_iris-33,right_iris-7,right_iris-163,right_iris-144,right_iris-145,right_iris-153,right_iris-154,right_iris-155,right_iris-173,right_iris-157,right_iris-158,right_iris-159,right_iris-160,right_iris-161,right_iris-246,middle_left_right,center_edge_top_left,center_edge_top_right,center_edge_bottom_left,center_edge_bottom_right
22.090722034374522,19.235384061671343,15.297058540778355,9.433981132056603,6.0,9.219544457292887,13.0,15.811388300841896,19.235384061671343,17.11724276862369,14.0,9.219544457292887,4.47213595499958,7.211102550927978,13.341664064126334,19.0,22.360679774997898,16.0312195418814,13.038404810405298,10.44030650891055,6.4031242374328485,5.0990195135927845,9.433981132056603,15.811388300841896,20.396078054371138,20.09975124224178,15.033296378372908,8.94427190999916,4.123105625617661,7.211102550927978,11.40175425099138,13.152946437965905,751.5271119527225,689.7050094061954,728.0748587885727,597.2378085821426,55.226805085936306
