left_iris-362,left_iris-382,left_iris-381,left_iris-380,left_iris-374,left_iris-373,left_iris-390,left_iris-249,left_iris-263,left_iris-466,left_iris-388,left_iris-387,left_iris-386,left_iris-385,left_iris-384,left_iris-398,right_iris-133,right_iris-33,right_iris-7,right_iris-163,right_iris-144,right_iris-145,right_iris-153,right_iris-154,right_iris-155,right_iris-173,right_iris-157,right_iris-158,right_iris-159,right_iris-160,right_iris-161,right_iris-246,middle_left_right,center_edge_top_left,center_edge_top_right,center_edge_bottom_left,center_edge_bottom_right
24.331050121192877,21.37755832643195,17.72004514666935,10.816653826391969,6.324555320336759,7.810249675906654,10.770329614269007,14.317821063276353,17.0,15.033296378372908,12.165525060596439,8.06225774829855,5.0,8.94427190999916,16.1245154965971,21.02379604162864,22.360679774997898,19.026297590440446,16.492422502470642,13.416407864998739,9.899494936611665,7.0710678118654755,10.63014581273465,15.811388300841896,20.615528128088304,20.09975124224178,14.142135623730951,7.211102550927978,5.385164807134504,10.770329614269007,14.142135623730951,17.0,753.6318729990127,668.1773716611481,722.8146373725424,608.8193492325946,55.0
