left_iris-362,left_iris-382,left_iris-381,left_iris-380,left_iris-374,left_iris-373,left_iris-390,left_iris-249,left_iris-263,left_iris-466,left_iris-388,left_iris-387,left_iris-386,left_iris-385,left_iris-384,left_iris-398,right_iris-133,right_iris-33,right_iris-7,right_iris-163,right_iris-144,right_iris-145,right_iris-153,right_iris-154,right_iris-155,right_iris-173,right_iris-157,right_iris-158,right_iris-159,right_iris-160,right_iris-161,right_iris-246,middle_left_right,center_edge_top_left,center_edge_top_right,center_edge_bottom_left,center_edge_bottom_right
26.076809620810597,23.194827009486403,17.46424919657298,11.661903789690601,7.280109889280518,10.63014581273465,14.7648230602334,18.027756377319946,21.37755832643195,19.1049731745428,16.0312195418814,11.704699910719626,7.280109889280518,9.219544457292887,15.524174696260024,22.0,24.331050121192877,20.0,17.26267650163207,14.866068747318506,10.816653826391969,7.0710678118654755,9.899494936611665,16.15549442140351,21.587033144922902,21.02379604162864,15.297058540778355,9.219544457292887,7.0710678118654755,11.180339887498949,15.297058540778355,18.027756377319946,686.8223933448879,618.8093405888441,661.1542936410532,535.0,62.12889826803627
