left_iris-362,left_iris-382,left_iris-381,left_iris-380,left_iris-374,left_iris-373,left_iris-390,left_iris-249,left_iris-263,left_iris-466,left_iris-388,left_iris-387,left_iris-386,left_iris-385,left_iris-384,left_iris-398,right_iris-133,right_iris-33,right_iris-7,right_iris-163,right_iris-144,right_iris-145,right_iris-153,right_iris-154,right_iris-155,right_iris-173,right_iris-157,right_iris-158,right_iris-159,right_iris-160,right_iris-161,right_iris-246,middle_left_right,center_edge_top_left,center_edge_top_right,center_edge_bottom_left,center_edge_bottom_right
27.459060435491963,24.041630560342615,17.46424919657298,10.816653826391969,10.295630140987,16.55294535724685,21.587033144922902,25.179356624028344,29.0,26.076809620810597,23.345235059857504,17.46424919657298,10.0,8.602325267042627,16.278820596099706,23.08679276123039,36.345563690772494,26.019223662515376,21.37755832643195,17.08800749063506,12.041594578792296,9.486832980505138,16.1245154965971,25.96150997149434,32.55764119219941,32.0624390837628,24.08318915758459,12.649110640673518,5.0990195135927845,11.704699910719626,18.110770276274835,22.02271554554524,681.3530655981523,624.8535828496144,659.2738429514703,526.1577710155007,75.0066663703967
