left_iris-362,left_iris-382,left_iris-381,left_iris-380,left_iris-374,left_iris-373,left_iris-390,left_iris-249,left_iris-263,left_iris-466,left_iris-388,left_iris-387,left_iris-386,left_iris-385,left_iris-384,left_iris-398,right_iris-133,right_iris-33,right_iris-7,right_iris-163,right_iris-144,right_iris-145,right_iris-153,right_iris-154,right_iris-155,right_iris-173,right_iris-157,right_iris-158,right_iris-159,right_iris-160,right_iris-161,right_iris-246,middle_left_right,center_edge_top_left,center_edge_top_right,center_edge_bottom_left,center_edge_bottom_right
30.4138126514911,27.65863337187866,22.135943621178654,15.811388300841896,11.704699910719626,12.083045973594572,14.212670403551895,16.15549442140351,19.235384061671343,17.0,14.142135623730951,10.295630140987,7.0,12.206555615733702,19.235384061671343,26.076809620810597,30.4138126514911,23.08679276123039,19.924858845171276,17.0,12.806248474865697,10.198039027185569,14.212670403551895,22.135943621178654,27.65863337187866,27.018512172212592,19.235384061671343,11.40175425099138,7.0710678118654755,12.083045973594572,17.11724276862369,21.0,734.444007396071,662.0483366039069,707.6072356894042,583.7876326199452,65.00769185258002
