left_iris-362,left_iris-382,left_iris-381,left_iris-380,left_iris-374,left_iris-373,left_iris-390,left_iris-249,left_iris-263,left_iris-466,left_iris-388,left_iris-387,left_iris-386,left_iris-385,left_iris-384,left_iris-398,right_iris-133,right_iris-33,right_iris-7,right_iris-163,right_iris-144,right_iris-145,right_iris-153,right_iris-154,right_iris-155,right_iris-173,right_iris-157,right_iris-158,right_iris-159,right_iris-160,right_iris-161,right_iris-246,middle_left_right,center_edge_top_left,center_edge_top_right,center_edge_bottom_left,center_edge_bottom_right
28.071337695236398,25.179356624028344,19.4164878389476,11.661903789690601,7.0,10.816653826391969,15.811388300841896,20.396078054371138,24.08318915758459,21.0,17.029386365926403,11.40175425099138,4.47213595499958,9.433981132056603,17.26267650163207,25.019992006393608,28.160255680657446,25.019992006393608,22.360679774997898,17.72004514666935,13.038404810405298,8.246211251235321,10.63014581273465,18.681541692269406,25.317977802344327,25.019992006393608,18.110770276274835,8.06225774829855,5.385164807134504,12.36931687685298,19.1049731745428,22.0,655.5676929196557,617.8745827431325,639.3504516304027,497.66354095915045,69.02897942168927
