left_iris-362,left_iris-382,left_iris-381,left_iris-380,left_iris-374,left_iris-373,left_iris-390,left_iris-249,left_iris-263,left_iris-466,left_iris-388,left_iris-387,left_iris-386,left_iris-385,left_iris-384,left_iris-398,right_iris-133,right_iris-33,right_iris-7,right_iris-163,right_iris-144,right_iris-145,right_iris-153,right_iris-154,right_iris-155,right_iris-173,right_iris-157,right_iris-158,right_iris-159,right_iris-160,right_iris-161,right_iris-246,middle_left_right,center_edge_top_left,center_edge_top_right,center_edge_bottom_left,center_edge_bottom_right
20.396078054371138,18.439088914585774,14.866068747318506,9.219544457292887,6.082762530298219,7.810249675906654,11.704699910719626,14.317821063276353,17.029386365926403,15.0,12.041594578792296,8.246211251235321,2.23606797749979,6.324555320336759,13.0,17.11724276862369,23.021728866442675,20.223748416156685,16.76305461424021,13.416407864998739,9.219544457292887,6.082762530298219,10.295630140987,16.278820596099706,21.095023109728988,20.0,15.132745950421556,7.615773105863909,3.1622776601683795,9.055385138137417,14.035668847618199,17.11724276862369,759.6426791590899,676.9468221359784,729.6965122569793,613.3163946936361,56.08029957123981
