left_iris-362,left_iris-382,left_iris-381,left_iris-380,left_iris-374,left_iris-373,left_iris-390,left_iris-249,left_iris-263,left_iris-466,left_iris-388,left_iris-387,left_iris-386,left_iris-385,left_iris-384,left_iris-398,right_iris-133,right_iris-33,right_iris-7,right_iris-163,right_iris-144,right_iris-145,right_iris-153,right_iris-154,right_iris-155,right_iris-173,right_iris-157,right_iris-158,right_iris-159,right_iris-160,right_iris-161,right_iris-246,middle_left_right,center_edge_top_left,center_edge_top_right,center_edge_bottom_left,center_edge_bottom_right
31.78049716414141,29.120439557122072,23.40939982143925,16.401219466856727,11.180339887498949,12.727922061357855,17.46424919657298,20.396078054371138,25.0,22.02271554554524,19.235384061671343,13.92838827718412,7.615773105863909,10.0,20.09975124224178,27.294688127912362,31.575306807693888,35.12833614050059,28.861739379323623,23.769728648009426,17.69180601295413,13.038404810405298,15.556349186104045,22.847319317591726,28.861739379323623,27.073972741361768,19.4164878389476,10.0,10.0,18.681541692269406,26.076809620810597,30.0,727.3162998310983,681.5342984766064,708.8645850936553,569.99035079552,81.00617260431454
