left_iris-362,left_iris-382,left_iris-381,left_iris-380,left_iris-374,left_iris-373,left_iris-390,left_iris-249,left_iris-263,left_iris-466,left_iris-388,left_iris-387,left_iris-386,left_iris-385,left_iris-384,left_iris-398,right_iris-133,right_iris-33,right_iris-7,right_iris-163,right_iris-144,right_iris-145,right_iris-153,right_iris-154,right_iris-155,right_iris-173,right_iris-157,right_iris-158,right_iris-159,right_iris-160,right_iris-161,right_iris-246,middle_left_right,center_edge_top_left,center_edge_top_right,center_edge_bottom_left,center_edge_bottom_right
21.095023109728988,18.24828759089466,14.560219778561036,8.602325267042627,6.0,8.602325267042627,12.083045973594572,14.560219778561036,17.11724276862369,15.0,12.041594578792296,8.94427190999916,5.0990195135927845,7.810249675906654,13.341664064126334,18.0,22.090722034374522,17.029386365926403,14.317821063276353,11.704699910719626,7.810249675906654,6.082762530298219,9.433981132056603,15.524174696260024,20.223748416156685,20.0,14.317821063276353,8.602325267042627,6.0,8.602325267042627,12.36931687685298,15.033296378372908,728.7008988604309,664.5336710807061,704.418199651315,575.2434267334135,50.00999900019995
