left_iris-362,left_iris-382,left_iris-381,left_iris-380,left_iris-374,left_iris-373,left_iris-390,left_iris-249,left_iris-263,left_iris-466,left_iris-388,left_iris-387,left_iris-386,left_iris-385,left_iris-384,left_iris-398,right_iris-133,right_iris-33,right_iris-7,right_iris-163,right_iris-144,right_iris-145,right_iris-153,right_iris-154,right_iris-155,right_iris-173,right_iris-157,right_iris-158,right_iris-159,right_iris-160,right_iris-161,right_iris-246,middle_left_right,center_edge_top_left,center_edge_top_right,center_edge_bottom_left,center_edge_bottom_right
26.1725046566048,23.021728866442675,18.027756377319946,10.770329614269007,6.082762530298219,9.899494936611665,14.7648230602334,19.313207915827967,22.80350850198276,19.4164878389476,15.033296378372908,10.198039027185569,5.0990195135927845,9.219544457292887,17.08800749063506,22.360679774997898,33.0,21.37755832643195,16.492422502470642,11.704699910719626,5.656854249492381,7.211102550927978,15.297058540778355,24.08318915758459,30.01666203960727,30.01666203960727,23.08679276123039,14.317821063276353,5.830951894845301,5.385164807134504,12.0,17.11724276862369,675.3969203364788,633.9250744370347,658.073704078806,517.7460767596409,75.02666192761077
