left_iris-362,left_iris-382,left_iris-381,left_iris-380,left_iris-374,left_iris-373,left_iris-390,left_iris-249,left_iris-263,left_iris-466,left_iris-388,left_iris-387,left_iris-386,left_iris-385,left_iris-384,left_iris-398,right_iris-133,right_iris-33,right_iris-7,right_iris-163,right_iris-144,right_iris-145,right_iris-153,right_iris-154,right_iris-155,right_iris-173,right_iris-157,right_iris-158,right_iris-159,right_iris-160,right_iris-161,right_iris-246,middle_left_right,center_edge_top_left,center_edge_top_right,center_edge_bottom_left,center_edge_bottom_right
29.154759474226502,26.30589287593181,20.615528128088304,14.422205101855956,9.486832980505138,10.816653826391969,13.892443989449804,16.76305461424021,19.1049731745428,17.0,14.142135623730951,9.848857801796104,6.0,10.816653826391969,19.4164878389476,26.0,31.400636936215164,22.20360331117452,18.027756377319946,15.264337522473747,11.40175425099138,10.44030650891055,15.0,22.135943621178654,28.635642126552707,28.071337695236398,20.09975124224178,12.083045973594572,6.082762530298219,9.848857801796104,15.033296378372908,19.026297590440446,738.650797061778,665.3608043760919,711.5511225484786,588.3068927014199,65.03076195155643
