left_iris-362,left_iris-382,left_iris-381,left_iris-380,left_iris-374,left_iris-373,left_iris-390,left_iris-249,left_iris-263,left_iris-466,left_iris-388,left_iris-387,left_iris-386,left_iris-385,left_iris-384,left_iris-398,right_iris-133,right_iris-33,right_iris-7,right_iris-163,right_iris-144,right_iris-145,right_iris-153,right_iris-154,right_iris-155,right_iris-173,right_iris-157,right_iris-158,right_iris-159,right_iris-160,right_iris-161,right_iris-246,middle_left_right,center_edge_top_left,center_edge_top_right,center_edge_bottom_left,center_edge_bottom_right
36.22154055254967,32.55764119219941,25.0,15.811388300841896,10.04987562112089,14.866068747318506,21.93171219946131,26.92582403567252,32.38826948140329,28.071337695236398,22.02271554554524,14.560219778561036,7.280109889280518,11.40175425099138,22.360679774997898,32.01562118716424,38.118237105091836,26.30589287593181,23.08679276123039,18.788294228055936,13.45362404707371,9.219544457292887,16.1245154965971,25.709920264364882,33.37663853655727,34.0,25.317977802344327,14.7648230602334,8.06225774829855,12.529964086141668,19.1049731745428,23.021728866442675,630.4363568196238,591.1429607125505,613.5552134893811,472.7049819919397,85.0235261559999
