left_iris-362,left_iris-382,left_iris-381,left_iris-380,left_iris-374,left_iris-373,left_iris-390,left_iris-249,left_iris-263,left_iris-466,left_iris-388,left_iris-387,left_iris-386,left_iris-385,left_iris-384,left_iris-398,right_iris-133,right_iris-33,right_iris-7,right_iris-163,right_iris-144,right_iris-145,right_iris-153,right_iris-154,right_iris-155,right_iris-173,right_iris-157,right_iris-158,right_iris-159,right_iris-160,right_iris-161,right_iris-246,middle_left_right,center_edge_top_left,center_edge_top_right,center_edge_bottom_left,center_edge_bottom_right
37.05401462729781,33.13608305156178,25.495097567963924,16.1245154965971,10.198039027185569,14.142135623730951,20.12461179749811,24.041630560342615,28.284271247461902,25.079872407968907,20.024984394500787,13.601470508735444,6.082762530298219,12.529964086141668,23.53720459187964,33.015148038438355,38.2099463490856,32.01562118716424,26.1725046566048,21.587033144922902,14.7648230602334,8.0,15.264337522473747,25.709920264364882,34.36568055487916,34.0147027033899,25.179356624028344,13.0,6.082762530298219,14.866068747318506,22.20360331117452,28.0178514522438,685.3094191677217,642.3776148030066,667.5694720401765,527.7774152045538,90.27181176868004
