left_iris-362,left_iris-382,left_iris-381,left_iris-380,left_iris-374,left_iris-373,left_iris-390,left_iris-249,left_iris-263,left_iris-466,left_iris-388,left_iris-387,left_iris-386,left_iris-385,left_iris-384,left_iris-398,right_iris-133,right_iris-33,right_iris-7,right_iris-163,right_iris-144,right_iris-145,right_iris-153,right_iris-154,right_iris-155,right_iris-173,right_iris-157,right_iris-158,right_iris-159,right_iris-160,right_iris-161,right_iris-246,middle_left_right,center_edge_top_left,center_edge_top_right,center_edge_bottom_left,center_edge_bottom_right
27.0,24.020824298928627,18.110770276274835,10.770329614269007,5.0990195135927845,9.433981132056603,15.811388300841896,21.587033144922902,26.476404589747453,22.090722034374522,17.0,10.44030650891055,5.0,10.295630140987,18.439088914585774,24.08318915758459,26.1725046566048,25.0,21.18962010041709,16.55294535724685,10.816653826391969,5.0990195135927845,10.44030650891055,18.027756377319946,23.021728866442675,23.345235059857504,16.76305461424021,8.602325267042627,4.123105625617661,10.04987562112089,17.11724276862369,21.587033144922902,601.9177684700793,556.8707210834486,583.013721965444,444.97752752245816,82.09750300709517
