left_iris-362,left_iris-382,left_iris-381,left_iris-380,left_iris-374,left_iris-373,left_iris-390,left_iris-249,left_iris-263,left_iris-466,left_iris-388,left_iris-387,left_iris-386,left_iris-385,left_iris-384,left_iris-398,right_iris-133,right_iris-33,right_iris-7,right_iris-163,right_iris-144,right_iris-145,right_iris-153,right_iris-154,right_iris-155,right_iris-173,right_iris-157,right_iris-158,right_iris-159,right_iris-160,right_iris-161,right_iris-246,middle_left_right,center_edge_top_left,center_edge_top_right,center_edge_bottom_left,center_edge_bottom_right
42.1070065428546,37.33630940518894,29.832867780352597,20.591260281974,13.416407864998739,13.416407864998739,17.204650534085253,20.615528128088304,24.331050121192877,21.02379604162864,18.24828759089466,13.038404810405298,10.04987562112089,15.811388300841896,27.459060435491963,37.0,31.25699921617557,33.06055050963308,29.427877939124322,25.0,19.235384061671343,11.180339887498949,10.816653826391969,19.313207915827967,26.68332812825267,27.0,18.973665961010276,11.661903789690601,12.529964086141668,20.12461179749811,26.476404589747453,30.01666203960727,687.4307237824041,619.9685475893111,661.9373082097729,535.4073215786276,77.10382610480494
