left_iris-362,left_iris-382,left_iris-381,left_iris-380,left_iris-374,left_iris-373,left_iris-390,left_iris-249,left_iris-263,left_iris-466,left_iris-388,left_iris-387,left_iris-386,left_iris-385,left_iris-384,left_iris-398,right_iris-133,right_iris-33,right_iris-7,right_iris-163,right_iris-144,right_iris-145,right_iris-153,right_iris-154,right_iris-155,right_iris-173,right_iris-157,right_iris-158,right_iris-159,right_iris-160,right_iris-161,right_iris-246,middle_left_right,center_edge_top_left,center_edge_top_right,center_edge_bottom_left,center_edge_bottom_right
31.25699921617557,27.459060435491963,20.8806130178211,12.727922061357855,9.219544457292887,14.422205101855956,18.681541692269406,23.194827009486403,27.0,24.020824298928627,20.223748416156685,15.231546211727817,7.615773105863909,10.63014581273465,19.4164878389476,27.0,31.25699921617557,29.017236257093817,25.317977802344327,20.8806130178211,15.264337522473747,9.219544457292887,12.806248474865697,20.8806130178211,28.442925306655784,28.0178514522438,19.235384061671343,10.0,6.708203932499369,14.866068747318506,22.20360331117452,26.019223662515376,713.6231498487139,642.384619990236,687.0647713280023,562.7237332830383,79.02531240052139
