left_iris-362,left_iris-382,left_iris-381,left_iris-380,left_iris-374,left_iris-373,left_iris-390,left_iris-249,left_iris-263,left_iris-466,left_iris-388,left_iris-387,left_iris-386,left_iris-385,left_iris-384,left_iris-398,right_iris-133,right_iris-33,right_iris-7,right_iris-163,right_iris-144,right_iris-145,right_iris-153,right_iris-154,right_iris-155,right_iris-173,right_iris-157,right_iris-158,right_iris-159,right_iris-160,right_iris-161,right_iris-246,middle_left_right,center_edge_top_left,center_edge_top_right,center_edge_bottom_left,center_edge_bottom_right
30.0,26.019223662515376,20.223748416156685,12.529964086141668,7.280109889280518,10.63014581273465,15.231546211727817,18.681541692269406,22.20360331117452,19.026297590440446,15.033296378372908,9.486832980505138,4.0,10.295630140987,19.6468827043885,26.1725046566048,26.076809620810597,26.076809620810597,22.360679774997898,18.439088914585774,12.083045973594572,6.324555320336759,9.433981132056603,17.46424919657298,23.194827009486403,23.0,16.0312195418814,6.082762530298219,3.1622776601683795,12.041594578792296,19.0,23.021728866442675,672.7057306133195,605.33709617039,647.1730834946707,520.8003456220051,65.12296062065974
