left_iris-362,left_iris-382,left_iris-381,left_iris-380,left_iris-374,left_iris-373,left_iris-390,left_iris-249,left_iris-263,left_iris-466,left_iris-388,left_iris-387,left_iris-386,left_iris-385,left_iris-384,left_iris-398,right_iris-133,right_iris-33,right_iris-7,right_iris-163,right_iris-144,right_iris-145,right_iris-153,right_iris-154,right_iris-155,right_iris-173,right_iris-157,right_iris-158,right_iris-159,right_iris-160,right_iris-161,right_iris-246,middle_left_right,center_edge_top_left,center_edge_top_right,center_edge_bottom_left,center_edge_bottom_right
18.110770276274835,15.297058540778355,11.704699910719626,7.211102550927978,6.708203932499369,10.816653826391969,14.866068747318506,17.46424919657298,19.1049731745428,17.029386365926403,15.033296378372908,10.44030650891055,5.656854249492381,5.0,10.44030650891055,15.0,23.08679276123039,16.0,12.165525060596439,9.486832980505138,5.656854249492381,5.830951894845301,10.770329614269007,16.278820596099706,20.09975124224178,20.0,15.132745950421556,8.94427190999916,5.385164807134504,6.4031242374328485,10.44030650891055,13.038404810405298,749.669260407548,688.116269245249,726.2947060250405,595.3184022017125,52.0
