left_iris-362,left_iris-382,left_iris-381,left_iris-380,left_iris-374,left_iris-373,left_iris-390,left_iris-249,left_iris-263,left_iris-466,left_iris-388,left_iris-387,left_iris-386,left_iris-385,left_iris-384,left_iris-398,right_iris-133,right_iris-33,right_iris-7,right_iris-163,right_iris-144,right_iris-145,right_iris-153,right_iris-154,right_iris-155,right_iris-173,right_iris-157,right_iris-158,right_iris-159,right_iris-160,right_iris-161,right_iris-246,middle_left_right,center_edge_top_left,center_edge_top_right,center_edge_bottom_left,center_edge_bottom_right
23.021728866442675,20.024984394500787,13.601470508735444,8.602325267042627,10.295630140987,16.64331697709324,20.615528128088304,24.041630560342615,27.459060435491963,24.186773244895647,21.02379604162864,15.132745950421556,7.211102550927978,6.708203932499369,13.92838827718412,20.223748416156685,32.55764119219941,22.0,18.24828759089466,14.866068747318506,10.63014581273465,9.055385138137417,15.0,23.40939982143925,28.861739379323623,29.154759474226502,22.02271554554524,12.36931687685298,5.385164807134504,8.94427190999916,15.297058540778355,19.026297590440446,707.3676554663776,631.8773615188314,679.4622874008535,558.2732305959153,63.28506932918696
