left_iris-362,left_iris-382,left_iris-381,left_iris-380,left_iris-374,left_iris-373,left_iris-390,left_iris-249,left_iris-263,left_iris-466,left_iris-388,left_iris-387,left_iris-386,left_iris-385,left_iris-384,left_iris-398,right_iris-133,right_iris-33,right_iris-7,right_iris-163,right_iris-144,right_iris-145,right_iris-153,right_iris-154,right_iris-155,right_iris-173,right_iris-157,right_iris-158,right_iris-159,right_iris-160,right_iris-161,right_iris-246,middle_left_right,center_edge_top_left,center_edge_top_right,center_edge_bottom_left,center_edge_bottom_right
32.01562118716424,28.071337695236398,22.20360331117452,12.083045973594572,6.0,13.416407864998739,19.6468827043885,24.331050121192877,29.068883707497267,25.079872407968907,20.024984394500787,13.0,2.23606797749979,9.055385138137417,20.024984394500787,28.0,35.0,31.064449134018133,25.495097567963924,19.924858845171276,13.601470508735444,8.06225774829855,14.7648230602334,24.331050121192877,31.064449134018133,31.064449134018133,22.561028345356956,11.661903789690601,6.082762530298219,13.601470508735444,21.095023109728988,26.0,771.5244649393823,715.0174823037546,749.8333148106984,615.8327695080865,88.2779700718135
