left_iris-362,left_iris-382,left_iris-381,left_iris-380,left_iris-374,left_iris-373,left_iris-390,left_iris-249,left_iris-263,left_iris-466,left_iris-388,left_iris-387,left_iris-386,left_iris-385,left_iris-384,left_iris-398,right_iris-133,right_iris-33,right_iris-7,right_iris-163,right_iris-144,right_iris-145,right_iris-153,right_iris-154,right_iris-155,right_iris-173,right_iris-157,right_iris-158,right_iris-159,right_iris-160,right_iris-161,right_iris-246,middle_left_right,center_edge_top_left,center_edge_top_right,center_edge_bottom_left,center_edge_bottom_right
32.2490309931942,29.427877939124322,23.53720459187964,14.866068747318506,6.4031242374328485,7.810249675906654,13.92838827718412,18.439088914585774,23.194827009486403,19.026297590440446,14.035668847618199,6.708203932499369,5.656854249492381,13.341664064126334,22.02271554554524,29.068883707497267,27.018512172212592,28.284271247461902,24.515301344262525,20.615528128088304,13.92838827718412,5.830951894845301,8.06225774829855,17.26267650163207,24.08318915758459,24.020824298928627,16.492422502470642,7.0710678118654755,6.4031242374328485,14.317821063276353,21.0,25.079872407968907,545.6308275748356,488.4802964296513,522.5064592902178,391.934943581202,76.0
