left_iris-362,left_iris-382,left_iris-381,left_iris-380,left_iris-374,left_iris-373,left_iris-390,left_iris-249,left_iris-263,left_iris-466,left_iris-388,left_iris-387,left_iris-386,left_iris-385,left_iris-384,left_iris-398,right_iris-133,right_iris-33,right_iris-7,right_iris-163,right_iris-144,right_iris-145,right_iris-153,right_iris-154,right_iris-155,right_iris-173,right_iris-157,right_iris-158,right_iris-159,right_iris-160,right_iris-161,right_iris-246,middle_left_right,center_edge_top_left,center_edge_top_right,center_edge_bottom_left,center_edge_bottom_right
27.459060435491963,24.73863375370596,18.384776310850235,12.041594578792296,11.180339887498949,14.866068747318506,18.788294228055936,21.840329667841555,25.317977802344327,22.090722034374522,19.0,13.341664064126334,6.4031242374328485,7.810249675906654,16.1245154965971,24.08318915758459,28.635642126552707,21.37755832643195,18.384776310850235,15.811388300841896,12.206555615733702,10.198039027185569,13.45362404707371,20.248456731316587,25.96150997149434,25.079872407968907,18.110770276274835,10.295630140987,5.0,10.44030650891055,15.0,19.1049731745428,695.599022425995,631.8686572381954,671.3106583393414,542.2711498872128,70.02856560004639
