left_iris-362,left_iris-382,left_iris-381,left_iris-380,left_iris-374,left_iris-373,left_iris-390,left_iris-249,left_iris-263,left_iris-466,left_iris-388,left_iris-387,left_iris-386,left_iris-385,left_iris-384,left_iris-398,right_iris-133,right_iris-33,right_iris-7,right_iris-163,right_iris-144,right_iris-145,right_iris-153,right_iris-154,right_iris-155,right_iris-173,right_iris-157,right_iris-158,right_iris-159,right_iris-160,right_iris-161,right_iris-246,middle_left_right,center_edge_top_left,center_edge_top_right,center_edge_bottom_left,center_edge_bottom_right
28.442925306655784,25.709920264364882,20.248456731316587,13.45362404707371,10.0,13.45362404707371,16.64331697709324,19.313207915827967,21.37755832643195,19.1049731745428,16.0,11.40175425099138,5.385164807134504,9.433981132056603,18.110770276274835,25.079872407968907,26.92582403567252,26.30589287593181,22.80350850198276,19.697715603592208,15.0,10.198039027185569,12.206555615733702,18.35755975068582,24.351591323771842,23.345235059857504,16.1245154965971,7.810249675906654,7.211102550927978,14.560219778561036,20.024984394500787,24.08318915758459,729.2420722914991,669.1741178497566,706.2534955665707,574.6250951707557,69.0
