left_iris-362,left_iris-382,left_iris-381,left_iris-380,left_iris-374,left_iris-373,left_iris-390,left_iris-249,left_iris-263,left_iris-466,left_iris-388,left_iris-387,left_iris-386,left_iris-385,left_iris-384,left_iris-398,right_iris-133,right_iris-33,right_iris-7,right_iris-163,right_iris-144,right_iris-145,right_iris-153,right_iris-154,right_iris-155,right_iris-173,right_iris-157,right_iris-158,right_iris-159,right_iris-160,right_iris-161,right_iris-246,middle_left_right,center_edge_top_left,center_edge_top_right,center_edge_bottom_left,center_edge_bottom_right
38.63935817272331,34.20526275297414,26.0,16.97056274847714,13.038404810405298,17.804493814764857,23.769728648009426,28.635642126552707,33.06055050963308,29.017236257093817,24.186773244895647,16.15549442140351,8.246211251235321,13.038404810405298,24.186773244895647,34.132096331752024,37.21558813185679,26.1725046566048,22.135943621178654,18.35755975068582,15.0,12.36931687685298,17.804493814764857,26.248809496813376,33.54101966249684,33.0,25.317977802344327,14.7648230602334,7.0710678118654755,12.083045973594572,18.110770276274835,23.021728866442675,604.0736710037941,548.6392257212384,581.8977573423015,449.22711405256916,90.0499861188218
