left_iris-362,left_iris-382,left_iris-381,left_iris-380,left_iris-374,left_iris-373,left_iris-390,left_iris-249,left_iris-263,left_iris-466,left_iris-388,left_iris-387,left_iris-386,left_iris-385,left_iris-384,left_iris-398,right_iris-133,right_iris-33,right_iris-7,right_iris-163,right_iris-144,right_iris-145,right_iris-153,right_iris-154,right_iris-155,right_iris-173,right_iris-157,right_iris-158,right_iris-159,right_iris-160,right_iris-161,right_iris-246,middle_left_right,center_edge_top_left,center_edge_top_right,center_edge_bottom_left,center_edge_bottom_right
27.65863337187866,24.041630560342615,17.88854381999832,10.295630140987,10.816653826391969,17.46424919657298,22.561028345356956,27.073972741361768,31.016124838541646,28.160255680657446,24.515301344262525,18.384776310850235,10.63014581273465,8.06225774829855,15.297058540778355,23.08679276123039,34.132096331752024,25.079872407968907,20.615528128088304,16.15549442140351,11.313708498984761,8.54400374531753,14.7648230602334,24.515301344262525,31.25699921617557,30.0,22.360679774997898,12.529964086141668,6.0,11.704699910719626,17.11724276862369,22.02271554554524,672.0602651548446,596.124986894527,643.8672223370281,523.607677560213,74.16872656315464
