left_iris-362,left_iris-382,left_iris-381,left_iris-380,left_iris-374,left_iris-373,left_iris-390,left_iris-249,left_iris-263,left_iris-466,left_iris-388,left_iris-387,left_iris-386,left_iris-385,left_iris-384,left_iris-398,right_iris-133,right_iris-33,right_iris-7,right_iris-163,right_iris-144,right_iris-145,right_iris-153,right_iris-154,right_iris-155,right_iris-173,right_iris-157,right_iris-158,right_iris-159,right_iris-160,right_iris-161,right_iris-246,middle_left_right,center_edge_top_left,center_edge_top_right,center_edge_bottom_left,center_edge_bottom_right
32.14031735997639,28.0178514522438,22.02271554554524,13.92838827718412,8.54400374531753,11.40175425099138,16.1245154965971,19.313207915827967,23.53720459187964,20.223748416156685,16.0,11.704699910719626,6.082762530298219,12.041594578792296,20.248456731316587,28.442925306655784,28.861739379323623,23.021728866442675,19.4164878389476,16.15549442140351,11.313708498984761,10.04987562112089,13.45362404707371,20.615528128088304,26.248809496813376,25.317977802344327,19.0,9.486832980505138,4.123105625617661,10.770329614269007,16.1245154965971,20.024984394500787,729.7040495981915,662.2446677777028,704.3919363536183,577.2936860905374,69.42621983083913
