left_iris-362,left_iris-382,left_iris-381,left_iris-380,left_iris-374,left_iris-373,left_iris-390,left_iris-249,left_iris-263,left_iris-466,left_iris-388,left_iris-387,left_iris-386,left_iris-385,left_iris-384,left_iris-398,right_iris-133,right_iris-33,right_iris-7,right_iris-163,right_iris-144,right_iris-145,right_iris-153,right_iris-154,right_iris-155,right_iris-173,right_iris-157,right_iris-158,right_iris-159,right_iris-160,right_iris-161,right_iris-246,middle_left_right,center_edge_top_left,center_edge_top_right,center_edge_bottom_left,center_edge_bottom_right
29.068883707497267,25.179356624028344,19.4164878389476,11.180339887498949,6.082762530298219,10.816653826391969,15.811388300841896,19.6468827043885,24.186773244895647,21.095023109728988,17.0,11.180339887498949,3.605551275463989,8.94427190999916,18.24828759089466,25.0,31.016124838541646,25.179356624028344,20.615528128088304,16.15549442140351,10.63014581273465,6.324555320336759,13.0,22.20360331117452,28.071337695236398,28.0178514522438,21.37755832643195,11.180339887498949,5.0,11.40175425099138,18.027756377319946,22.090722034374522,726.6009909159221,648.0347212919999,697.8173113358539,578.6613863046333,76.00657866263946
