left_iris-362,left_iris-382,left_iris-381,left_iris-380,left_iris-374,left_iris-373,left_iris-390,left_iris-249,left_iris-263,left_iris-466,left_iris-388,left_iris-387,left_iris-386,left_iris-385,left_iris-384,left_iris-398,right_iris-133,right_iris-33,right_iris-7,right_iris-163,right_iris-144,right_iris-145,right_iris-153,right_iris-154,right_iris-155,right_iris-173,right_iris-157,right_iris-158,right_iris-159,right_iris-160,right_iris-161,right_iris-246,middle_left_right,center_edge_top_left,center_edge_top_right,center_edge_bottom_left,center_edge_bottom_right
27.018512172212592,24.020824298928627,19.1049731745428,12.649110640673518,5.830951894845301,7.0710678118654755,12.083045973594572,14.560219778561036,18.110770276274835,16.0312195418814,13.038404810405298,8.54400374531753,5.0,9.433981132056603,17.46424919657298,24.020824298928627,24.515301344262525,23.08679276123039,19.026297590440446,16.1245154965971,10.770329614269007,6.324555320336759,9.219544457292887,16.15549442140351,21.840329667841555,21.213203435596427,15.033296378372908,6.708203932499369,5.385164807134504,12.083045973594572,17.46424919657298,20.223748416156685,778.4863518392599,717.5242156192361,755.407836866947,623.8116702980155,61.29437168288782
