left_iris-362,left_iris-382,left_iris-381,left_iris-380,left_iris-374,left_iris-373,left_iris-390,left_iris-249,left_iris-263,left_iris-466,left_iris-388,left_iris-387,left_iris-386,left_iris-385,left_iris-384,left_iris-398,right_iris-133,right_iris-33,right_iris-7,right_iris-163,right_iris-144,right_iris-145,right_iris-153,right_iris-154,right_iris-155,right_iris-173,right_iris-157,right_iris-158,right_iris-159,right_iris-160,right_iris-161,right_iris-246,middle_left_right,center_edge_top_left,center_edge_top_right,center_edge_bottom_left,center_edge_bottom_right
31.04834939252005,28.460498941515414,21.93171219946131,14.866068747318506,11.045361017187261,14.212670403551895,18.681541692269406,22.090722034374522,25.179356624028344,23.53720459187964,19.924858845171276,15.264337522473747,8.246211251235321,10.816653826391969,19.1049731745428,27.294688127912362,35.05709628591621,28.160255680657446,24.041630560342615,20.12461179749811,14.866068747318506,11.180339887498949,15.811388300841896,24.515301344262525,32.2490309931942,31.016124838541646,21.840329667841555,12.041594578792296,8.54400374531753,15.811388300841896,21.095023109728988,25.019992006393608,688.849765914165,645.6887795215277,671.0543942185313,531.3322877446843,75.05997601918082
