left_iris-362,left_iris-382,left_iris-381,left_iris-380,left_iris-374,left_iris-373,left_iris-390,left_iris-249,left_iris-263,left_iris-466,left_iris-388,left_iris-387,left_iris-386,left_iris-385,left_iris-384,left_iris-398,right_iris-133,right_iris-33,right_iris-7,right_iris-163,right_iris-144,right_iris-145,right_iris-153,right_iris-154,right_iris-155,right_iris-173,right_iris-157,right_iris-158,right_iris-159,right_iris-160,right_iris-161,right_iris-246,middle_left_right,center_edge_top_left,center_edge_top_right,center_edge_bottom_left,center_edge_bottom_right
29.017236257093817,26.076809620810597,20.396078054371138,12.529964086141668,7.280109889280518,10.63014581273465,15.231546211727817,19.6468827043885,23.194827009486403,20.024984394500787,15.033296378372908,8.54400374531753,4.123105625617661,10.44030650891055,20.09975124224178,26.019223662515376,29.017236257093817,24.331050121192877,20.8806130178211,15.652475842498529,9.899494936611665,7.615773105863909,13.0,20.223748416156685,26.019223662515376,26.1725046566048,19.6468827043885,10.816653826391969,5.0990195135927845,9.486832980505138,16.0312195418814,20.024984394500787,752.814054066474,701.6615993482899,732.754392685571,596.1786644958037,80.05623023850174
