left_iris-362,left_iris-382,left_iris-381,left_iris-380,left_iris-374,left_iris-373,left_iris-390,left_iris-249,left_iris-263,left_iris-466,left_iris-388,left_iris-387,left_iris-386,left_iris-385,left_iris-384,left_iris-398,right_iris-133,right_iris-33,right_iris-7,right_iris-163,right_iris-144,right_iris-145,right_iris-153,right_iris-154,right_iris-155,right_iris-173,right_iris-157,right_iris-158,right_iris-159,right_iris-160,right_iris-161,right_iris-246,middle_left_right,center_edge_top_left,center_edge_top_right,center_edge_bottom_left,center_edge_bottom_right
27.459060435491963,23.769728648009426,18.384776310850235,12.727922061357855,10.0,12.727922061357855,16.55294535724685,18.681541692269406,22.090722034374522,19.0,16.1245154965971,11.704699910719626,5.385164807134504,8.06225774829855,17.029386365926403,23.08679276123039,23.345235059857504,29.017236257093817,25.179356624028344,21.587033144922902,16.55294535724685,10.816653826391969,8.94427190999916,14.7648230602334,20.615528128088304,20.024984394500787,13.601470508735444,7.615773105863909,9.899494936611665,17.08800749063506,22.360679774997898,26.076809620810597,766.6981152970184,699.1609256816345,741.5025286538138,614.0244294814336,68.0294054067798
