left_iris-362,left_iris-382,left_iris-381,left_iris-380,left_iris-374,left_iris-373,left_iris-390,left_iris-249,left_iris-263,left_iris-466,left_iris-388,left_iris-387,left_iris-386,left_iris-385,left_iris-384,left_iris-398,right_iris-133,right_iris-33,right_iris-7,right_iris-163,right_iris-144,right_iris-145,right_iris-153,right_iris-154,right_iris-155,right_iris-173,right_iris-157,right_iris-158,right_iris-159,right_iris-160,right_iris-161,right_iris-246,middle_left_right,center_edge_top_left,center_edge_top_right,center_edge_bottom_left,center_edge_bottom_right
30.4138126514911,27.65863337187866,20.248456731316587,12.727922061357855,10.198039027185569,15.811388300841896,21.18962010041709,25.495097567963924,29.154759474226502,26.019223662515376,22.02271554554524,15.297058540778355,5.656854249492381,8.06225774829855,19.1049731745428,27.073972741361768,31.25699921617557,24.020824298928627,19.4164878389476,16.15549442140351,11.313708498984761,9.219544457292887,14.422205101855956,21.840329667841555,28.442925306655784,27.018512172212592,20.09975124224178,10.770329614269007,5.0,10.44030650891055,17.029386365926403,21.0,823.153084183009,736.6009774633753,792.2001009845934,678.14526467417,84.0
