left_iris-362,left_iris-382,left_iris-381,left_iris-380,left_iris-374,left_iris-373,left_iris-390,left_iris-249,left_iris-263,left_iris-466,left_iris-388,left_iris-387,left_iris-386,left_iris-385,left_iris-384,left_iris-398,right_iris-133,right_iris-33,right_iris-7,right_iris-163,right_iris-144,right_iris-145,right_iris-153,right_iris-154,right_iris-155,right_iris-173,right_iris-157,right_iris-158,right_iris-159,right_iris-160,right_iris-161,right_iris-246,middle_left_right,center_edge_top_left,center_edge_top_right,center_edge_bottom_left,center_edge_bottom_right
25.079872407968907,22.02271554554524,17.0,9.055385138137417,2.23606797749979,8.246211251235321,13.152946437965905,18.027756377319946,21.0,18.027756377319946,14.142135623730951,8.246211251235321,3.0,8.54400374531753,16.278820596099706,22.20360331117452,23.0,21.0,19.026297590440446,16.1245154965971,11.180339887498949,4.242640687119285,6.324555320336759,14.035668847618199,20.0,20.024984394500787,15.132745950421556,7.280109889280518,2.23606797749979,9.219544457292887,15.033296378372908,19.0,674.4790582367996,600.6013652998134,646.9327631214854,525.0923728259629,56.00892785976178
