left_iris-362,left_iris-382,left_iris-381,left_iris-380,left_iris-374,left_iris-373,left_iris-390,left_iris-249,left_iris-263,left_iris-466,left_iris-388,left_iris-387,left_iris-386,left_iris-385,left_iris-384,left_iris-398,right_iris-133,right_iris-33,right_iris-7,right_iris-163,right_iris-144,right_iris-145,right_iris-153,right_iris-154,right_iris-155,right_iris-173,right_iris-157,right_iris-158,right_iris-159,right_iris-160,right_iris-161,right_iris-246,middle_left_right,center_edge_top_left,center_edge_top_right,center_edge_bottom_left,center_edge_bottom_right
25.0,21.02379604162864,16.1245154965971,8.94427190999916,5.0990195135927845,11.661903789690601,17.46424919657298,22.135943621178654,25.709920264364882,22.360679774997898,18.027756377319946,11.180339887498949,4.47213595499958,7.810249675906654,15.524174696260024,21.095023109728988,30.0,25.709920264364882,19.924858845171276,15.231546211727817,8.602325267042627,5.0,13.341664064126334,21.095023109728988,27.018512172212592,27.018512172212592,20.223748416156685,11.40175425099138,3.605551275463989,8.06225774829855,16.1245154965971,20.396078054371138,651.2641553164123,613.0619870779789,634.8582518956496,493.40145926010393,75.05997601918082
