left_iris-362,left_iris-382,left_iris-381,left_iris-380,left_iris-374,left_iris-373,left_iris-390,left_iris-249,left_iris-263,left_iris-466,left_iris-388,left_iris-387,left_iris-386,left_iris-385,left_iris-384,left_iris-398,right_iris-133,right_iris-33,right_iris-7,right_iris-163,right_iris-144,right_iris-145,right_iris-153,right_iris-154,right_iris-155,right_iris-173,right_iris-157,right_iris-158,right_iris-159,right_iris-160,right_iris-161,right_iris-246,middle_left_right,center_edge_top_left,center_edge_top_right,center_edge_bottom_left,center_edge_bottom_right
23.021728866442675,21.0,16.1245154965971,8.94427190999916,5.0990195135927845,9.219544457292887,13.892443989449804,16.15549442140351,18.681541692269406,17.26267650163207,14.035668847618199,10.198039027185569,4.47213595499958,7.810249675906654,14.560219778561036,20.09975124224178,25.709920264364882,20.223748416156685,16.0312195418814,12.041594578792296,7.280109889280518,4.123105625617661,11.180339887498949,18.027756377319946,23.769728648009426,23.194827009486403,17.0,9.219544457292887,4.123105625617661,8.06225774829855,13.601470508735444,17.26267650163207,765.4051214879607,700.7460310269335,741.1106530066884,611.8373966994826,58.69412236331676
