left_iris-362,left_iris-382,left_iris-381,left_iris-380,left_iris-374,left_iris-373,left_iris-390,left_iris-249,left_iris-263,left_iris-466,left_iris-388,left_iris-387,left_iris-386,left_iris-385,left_iris-384,left_iris-398,right_iris-133,right_iris-33,right_iris-7,right_iris-163,right_iris-144,right_iris-145,right_iris-153,right_iris-154,right_iris-155,right_iris-173,right_iris-157,right_iris-158,right_iris-159,right_iris-160,right_iris-161,right_iris-246,middle_left_right,center_edge_top_left,center_edge_top_right,center_edge_bottom_left,center_edge_bottom_right
24.331050121192877,21.587033144922902,16.55294535724685,10.0,9.219544457292887,13.601470508735444,17.08800749063506,20.396078054371138,24.020824298928627,21.02379604162864,17.26267650163207,13.0,6.708203932499369,8.48528137423857,15.297058540778355,21.02379604162864,24.0,18.24828759089466,15.811388300841896,13.416407864998739,10.0,7.0710678118654755,10.816653826391969,16.278820596099706,22.090722034374522,22.090722034374522,16.492422502470642,8.602325267042627,5.0,8.54400374531753,13.038404810405298,16.0312195418814,697.6603758276659,633.1903347335617,673.1493147883314,544.5456821975545,58.034472514187634
