left_iris-362,left_iris-382,left_iris-381,left_iris-380,left_iris-374,left_iris-373,left_iris-390,left_iris-249,left_iris-263,left_iris-466,left_iris-388,left_iris-387,left_iris-386,left_iris-385,left_iris-384,left_iris-398,right_iris-133,right_iris-33,right_iris-7,right_iris-163,right_iris-144,right_iris-145,right_iris-153,right_iris-154,right_iris-155,right_iris-173,right_iris-157,right_iris-158,right_iris-159,right_iris-160,right_iris-161,right_iris-246,middle_left_right,center_edge_top_left,center_edge_top_right,center_edge_bottom_left,center_edge_bottom_right
22.360679774997898,19.6468827043885,15.231546211727817,9.219544457292887,8.246211251235321,12.206555615733702,16.15549442140351,18.681541692269406,21.095023109728988,19.0,17.11724276862369,13.0,7.615773105863909,7.810249675906654,14.317821063276353,20.024984394500787,25.495097567963924,22.20360331117452,17.72004514666935,14.7648230602334,10.63014581273465,8.06225774829855,12.041594578792296,18.027756377319946,22.80350850198276,22.090722034374522,16.1245154965971,9.433981132056603,5.0990195135927845,9.848857801796104,15.033296378372908,19.026297590440446,753.3299409953119,693.1854008849292,730.4149505589271,598.5866687456379,60.07495318350236
