left_iris-362,left_iris-382,left_iris-381,left_iris-380,left_iris-374,left_iris-373,left_iris-390,left_iris-249,left_iris-263,left_iris-466,left_iris-388,left_iris-387,left_iris-386,left_iris-385,left_iris-384,left_iris-398,right_iris-133,right_iris-33,right_iris-7,right_iris-163,right_iris-144,right_iris-145,right_iris-153,right_iris-154,right_iris-155,right_iris-173,right_iris-157,right_iris-158,right_iris-159,right_iris-160,right_iris-161,right_iris-246,middle_left_right,center_edge_top_left,center_edge_top_right,center_edge_bottom_left,center_edge_bottom_right
30.265491900843113,26.476404589747453,20.248456731316587,12.727922061357855,9.055385138137417,13.45362404707371,17.46424919657298,20.615528128088304,23.194827009486403,20.024984394500787,17.029386365926403,10.44030650891055,5.0990195135927845,10.295630140987,19.235384061671343,26.019223662515376,28.284271247461902,26.476404589747453,23.08679276123039,19.697715603592208,15.0,9.219544457292887,11.313708498984761,18.973665961010276,25.495097567963924,25.019992006393608,17.26267650163207,7.810249675906654,6.4031242374328485,14.317821063276353,20.0,23.08679276123039,650.969277308845,582.6328174759811,625.0287993364785,499.66088500101745,63.00793600809346
