left_iris-362,left_iris-382,left_iris-381,left_iris-380,left_iris-374,left_iris-373,left_iris-390,left_iris-249,left_iris-263,left_iris-466,left_iris-388,left_iris-387,left_iris-386,left_iris-385,left_iris-384,left_iris-398,right_iris-133,right_iris-33,right_iris-7,right_iris-163,right_iris-144,right_iris-145,right_iris-153,right_iris-154,right_iris-155,right_iris-173,right_iris-157,right_iris-158,right_iris-159,right_iris-160,right_iris-161,right_iris-246,middle_left_right,center_edge_top_left,center_edge_top_right,center_edge_bottom_left,center_edge_bottom_right
39.0,35.05709628591621,26.30589287593181,15.652475842498529,10.04987562112089,14.866068747318506,20.12461179749811,25.298221281347036,29.427877939124322,25.179356624028344,21.0,13.601470508735444,7.0710678118654755,13.038404810405298,24.73863375370596,34.132096331752024,38.8329756778952,31.016124838541646,26.30589287593181,22.135943621178654,15.811388300841896,11.045361017187261,16.278820596099706,26.92582403567252,34.20526275297414,34.23448553724738,25.019992006393608,13.0,7.0,14.317821063276353,22.360679774997898,27.018512172212592,712.9670399113833,677.142525617761,697.6546423553706,554.9071994487006,89.80534505250787
