left_iris-362,left_iris-382,left_iris-381,left_iris-380,left_iris-374,left_iris-373,left_iris-390,left_iris-249,left_iris-263,left_iris-466,left_iris-388,left_iris-387,left_iris-386,left_iris-385,left_iris-384,left_iris-398,right_iris-133,right_iris-33,right_iris-7,right_iris-163,right_iris-144,right_iris-145,right_iris-153,right_iris-154,right_iris-155,right_iris-173,right_iris-157,right_iris-158,right_iris-159,right_iris-160,right_iris-161,right_iris-246,middle_left_right,center_edge_top_left,center_edge_top_right,center_edge_bottom_left,center_edge_bottom_right
31.32091952673165,27.85677655436824,21.470910553583888,14.212670403551895,11.180339887498949,15.620499351813308,20.248456731316587,23.53720459187964,27.018512172212592,24.020824298928627,21.37755832643195,15.231546211727817,8.94427190999916,9.219544457292887,18.027756377319946,26.476404589747453,28.635642126552707,27.073972741361768,23.53720459187964,19.697715603592208,15.620499351813308,11.180339887498949,12.806248474865697,19.697715603592208,25.96150997149434,24.08318915758459,17.26267650163207,8.48528137423857,7.810249675906654,15.524174696260024,21.02379604162864,24.0,773.0588593373728,714.7866814651767,750.8128928035267,617.7539963448233,74.02702209328699
