left_iris-362,left_iris-382,left_iris-381,left_iris-380,left_iris-374,left_iris-373,left_iris-390,left_iris-249,left_iris-263,left_iris-466,left_iris-388,left_iris-387,left_iris-386,left_iris-385,left_iris-384,left_iris-398,right_iris-133,right_iris-33,right_iris-7,right_iris-163,right_iris-144,right_iris-145,right_iris-153,right_iris-154,right_iris-155,right_iris-173,right_iris-157,right_iris-158,right_iris-159,right_iris-160,right_iris-161,right_iris-246,middle_left_right,center_edge_top_left,center_edge_top_right,center_edge_bottom_left,center_edge_bottom_right
42.190046219457976,37.48332962798263,28.861739379323623,18.027756377319946,12.041594578792296,16.278820596099706,21.93171219946131,26.92582403567252,32.2490309931942,28.071337695236398,23.021728866442675,15.524174696260024,7.0710678118654755,13.892443989449804,26.30589287593181,37.013511046643494,34.36568055487916,30.14962686336267,26.92582403567252,23.769728648009426,18.439088914585774,13.341664064126334,14.212670403551895,22.47220505424423,30.805843601498726,30.01666203960727,20.615528128088304,11.313708498984761,8.94427190999916,17.08800749063506,23.08679276123039,27.0,760.231543676004,692.2802900559859,734.882303501724,607.7433668909929,88.09086218218096
