left_iris-362,left_iris-382,left_iris-381,left_iris-380,left_iris-374,left_iris-373,left_iris-390,left_iris-249,left_iris-263,left_iris-466,left_iris-388,left_iris-387,left_iris-386,left_iris-385,left_iris-384,left_iris-398,right_iris-133,right_iris-33,right_iris-7,right_iris-163,right_iris-144,right_iris-145,right_iris-153,right_iris-154,right_iris-155,right_iris-173,right_iris-157,right_iris-158,right_iris-159,right_iris-160,right_iris-161,right_iris-246,middle_left_right,center_edge_top_left,center_edge_top_right,center_edge_bottom_left,center_edge_bottom_right
29.068883707497267,26.019223662515376,20.024984394500787,12.649110640673518,7.280109889280518,11.313708498984761,16.55294535724685,20.8806130178211,24.331050121192877,21.213203435596427,17.029386365926403,11.045361017187261,3.1622776601683795,8.94427190999916,18.681541692269406,25.317977802344327,28.160255680657446,22.0,19.235384061671343,15.811388300841896,11.40175425099138,8.06225774829855,12.206555615733702,19.6468827043885,25.317977802344327,25.019992006393608,18.110770276274835,8.54400374531753,4.123105625617661,10.44030650891055,16.1245154965971,20.024984394500787,711.3402842521995,637.0282568301033,683.8164958525058,561.6983176047441,69.46221994724903
