left_iris-362,left_iris-382,left_iris-381,left_iris-380,left_iris-374,left_iris-373,left_iris-390,left_iris-249,left_iris-263,left_iris-466,left_iris-388,left_iris-387,left_iris-386,left_iris-385,left_iris-384,left_iris-398,right_iris-133,right_iris-33,right_iris-7,right_iris-163,right_iris-144,right_iris-145,right_iris-153,right_iris-154,right_iris-155,right_iris-173,right_iris-157,right_iris-158,right_iris-159,right_iris-160,right_iris-161,right_iris-246,middle_left_right,center_edge_top_left,center_edge_top_right,center_edge_bottom_left,center_edge_bottom_right
40.70626487409524,37.73592452822641,31.622776601683793,22.627416997969522,15.652475842498529,12.165525060596439,13.601470508735444,15.0,16.15549442140351,12.041594578792296,8.94427190999916,8.06225774829855,12.806248474865697,20.223748416156685,28.442925306655784,35.84689665786984,18.439088914585774,52.81098370604357,45.69463863518345,38.47076812334269,30.23243291566195,19.209372712298546,13.038404810405298,12.041594578792296,15.231546211727817,13.038404810405298,8.06225774829855,12.041594578792296,21.18962010041709,33.015148038438355,41.43669871020132,47.53945729601885,800.8245750474944,741.9029586138607,778.4728640100437,645.5385348683686,82.87339742040264
