left_iris-362,left_iris-382,left_iris-381,left_iris-380,left_iris-374,left_iris-373,left_iris-390,left_iris-249,left_iris-263,left_iris-466,left_iris-388,left_iris-387,left_iris-386,left_iris-385,left_iris-384,left_iris-398,right_iris-133,right_iris-33,right_iris-7,right_iris-163,right_iris-144,right_iris-145,right_iris-153,right_iris-154,right_iris-155,right_iris-173,right_iris-157,right_iris-158,right_iris-159,right_iris-160,right_iris-161,right_iris-246,middle_left_right,center_edge_top_left,center_edge_top_right,center_edge_bottom_left,center_edge_bottom_right
23.769728648009426,22.135943621178654,16.55294535724685,10.63014581273465,8.06225774829855,12.206555615733702,16.76305461424021,20.223748416156685,24.0,21.02379604162864,18.110770276274835,13.601470508735444,6.4031242374328485,6.4031242374328485,14.142135623730951,20.223748416156685,26.076809620810597,20.09975124224178,16.76305461424021,13.892443989449804,10.63014581273465,8.246211251235321,12.529964086141668,19.4164878389476,24.186773244895647,23.0,16.492422502470642,9.219544457292887,6.324555320336759,11.704699910719626,15.033296378372908,18.027756377319946,697.2209119066925,620.0137095258459,668.7428504290718,549.0145717556138,59.07622195096772
