left_iris-362,left_iris-382,left_iris-381,left_iris-380,left_iris-374,left_iris-373,left_iris-390,left_iris-249,left_iris-263,left_iris-466,left_iris-388,left_iris-387,left_iris-386,left_iris-385,left_iris-384,left_iris-398,right_iris-133,right_iris-33,right_iris-7,right_iris-163,right_iris-144,right_iris-145,right_iris-153,right_iris-154,right_iris-155,right_iris-173,right_iris-157,right_iris-158,right_iris-159,right_iris-160,right_iris-161,right_iris-246,middle_left_right,center_edge_top_left,center_edge_top_right,center_edge_bottom_left,center_edge_bottom_right
34.36568055487916,30.805843601498726,22.47220505424423,13.601470508735444,13.038404810405298,23.259406699226016,31.04834939252005,36.49657518178932,41.048751503547585,38.0,34.132096331752024,25.709920264364882,13.601470508735444,8.06225774829855,18.439088914585774,29.017236257093817,43.41658669218482,28.0178514522438,23.53720459187964,18.384776310850235,12.041594578792296,11.180339887498949,20.12461179749811,31.04834939252005,39.6232255123179,38.05259518088089,29.274562336608895,17.88854381999832,10.44030650891055,12.806248474865697,19.6468827043885,24.08318915758459,635.6429815548977,595.6861589797097,618.5806333858181,477.9560649264742,93.04837451562494
