left_iris-362,left_iris-382,left_iris-381,left_iris-380,left_iris-374,left_iris-373,left_iris-390,left_iris-249,left_iris-263,left_iris-466,left_iris-388,left_iris-387,left_iris-386,left_iris-385,left_iris-384,left_iris-398,right_iris-133,right_iris-33,right_iris-7,right_iris-163,right_iris-144,right_iris-145,right_iris-153,right_iris-154,right_iris-155,right_iris-173,right_iris-157,right_iris-158,right_iris-159,right_iris-160,right_iris-161,right_iris-246,middle_left_right,center_edge_top_left,center_edge_top_right,center_edge_bottom_left,center_edge_bottom_right
27.459060435491963,24.73863375370596,18.973665961010276,12.041594578792296,9.0,11.313708498984761,15.652475842498529,18.681541692269406,21.213203435596427,19.026297590440446,16.0312195418814,10.770329614269007,6.082762530298219,8.602325267042627,17.11724276862369,24.08318915758459,25.179356624028344,19.1049731745428,15.811388300841896,13.416407864998739,9.899494936611665,8.06225774829855,11.40175425099138,17.72004514666935,22.360679774997898,22.0,16.278820596099706,9.433981132056603,5.0,8.94427190999916,13.038404810405298,16.0312195418814,841.3637738814288,758.2829287277935,811.5374298207076,694.401180874572,62.03224967708329
