left_iris-362,left_iris-382,left_iris-381,left_iris-380,left_iris-374,left_iris-373,left_iris-390,left_iris-249,left_iris-263,left_iris-466,left_iris-388,left_iris-387,left_iris-386,left_iris-385,left_iris-384,left_iris-398,right_iris-133,right_iris-33,right_iris-7,right_iris-163,right_iris-144,right_iris-145,right_iris-153,right_iris-154,right_iris-155,right_iris-173,right_iris-157,right_iris-158,right_iris-159,right_iris-160,right_iris-161,right_iris-246,middle_left_right,center_edge_top_left,center_edge_top_right,center_edge_bottom_left,center_edge_bottom_right
33.734255586866,31.04834939252005,24.698178070456937,16.97056274847714,14.0,17.69180601295413,22.360679774997898,25.709920264364882,30.01666203960727,28.0178514522438,25.179356624028344,20.248456731316587,11.40175425099138,11.40175425099138,19.4164878389476,28.071337695236398,36.05551275463989,32.0624390837628,27.294688127912362,23.08679276123039,17.029386365926403,13.038404810405298,17.69180601295413,25.942243542145693,33.24154027718932,30.59411708155671,22.090722034374522,12.727922061357855,11.704699910719626,19.235384061671343,25.709920264364882,29.274562336608895,720.7065977219856,678.2462679587703,703.2908359988775,563.0435151922096,73.06161783043132
