left_iris-362,left_iris-382,left_iris-381,left_iris-380,left_iris-374,left_iris-373,left_iris-390,left_iris-249,left_iris-263,left_iris-466,left_iris-388,left_iris-387,left_iris-386,left_iris-385,left_iris-384,left_iris-398,right_iris-133,right_iris-33,right_iris-7,right_iris-163,right_iris-144,right_iris-145,right_iris-153,right_iris-154,right_iris-155,right_iris-173,right_iris-157,right_iris-158,right_iris-159,right_iris-160,right_iris-161,right_iris-246,middle_left_right,center_edge_top_left,center_edge_top_right,center_edge_bottom_left,center_edge_bottom_right
25.179356624028344,22.360679774997898,17.72004514666935,10.816653826391969,7.0710678118654755,10.63014581273465,14.317821063276353,17.72004514666935,21.213203435596427,19.026297590440446,15.033296378372908,10.770329614269007,6.082762530298219,9.219544457292887,16.278820596099706,22.0,24.020824298928627,21.213203435596427,18.681541692269406,15.231546211727817,10.63014581273465,7.0,10.0,16.492422502470642,21.095023109728988,21.02379604162864,15.524174696260024,8.48528137423857,5.385164807134504,10.44030650891055,15.033296378372908,19.026297590440446,714.4403404063911,653.0122510336234,690.9594778277523,560.290103428572,59.033888572581766
