left_iris-362,left_iris-382,left_iris-381,left_iris-380,left_iris-374,left_iris-373,left_iris-390,left_iris-249,left_iris-263,left_iris-466,left_iris-388,left_iris-387,left_iris-386,left_iris-385,left_iris-384,left_iris-398,right_iris-133,right_iris-33,right_iris-7,right_iris-163,right_iris-144,right_iris-145,right_iris-153,right_iris-154,right_iris-155,right_iris-173,right_iris-157,right_iris-158,right_iris-159,right_iris-160,right_iris-161,right_iris-246,middle_left_right,center_edge_top_left,center_edge_top_right,center_edge_bottom_left,center_edge_bottom_right
23.345235059857504,20.396078054371138,16.492422502470642,11.180339887498949,6.708203932499369,7.810249675906654,11.180339887498949,13.601470508735444,17.029386365926403,15.0,12.165525060596439,8.06225774829855,4.0,8.94427190999916,15.033296378372908,20.09975124224178,20.09975124224178,19.235384061671343,16.492422502470642,13.0,10.0,6.082762530298219,7.810249675906654,13.601470508735444,17.26267650163207,17.0,12.165525060596439,5.656854249492381,5.0,10.198039027185569,15.0,17.029386365926403,745.434772465036,665.0360892462904,716.1515202804502,598.1412876570217,52.009614495783374
