left_iris-362,left_iris-382,left_iris-381,left_iris-380,left_iris-374,left_iris-373,left_iris-390,left_iris-249,left_iris-263,left_iris-466,left_iris-388,left_iris-387,left_iris-386,left_iris-385,left_iris-384,left_iris-398,right_iris-133,right_iris-33,right_iris-7,right_iris-163,right_iris-144,right_iris-145,right_iris-153,right_iris-154,right_iris-155,right_iris-173,right_iris-157,right_iris-158,right_iris-159,right_iris-160,right_iris-161,right_iris-246,middle_left_right,center_edge_top_left,center_edge_top_right,center_edge_bottom_left,center_edge_bottom_right
28.635642126552707,25.96150997149434,19.697715603592208,12.041594578792296,9.486832980505138,15.264337522473747,19.6468827043885,23.345235059857504,27.018512172212592,25.019992006393608,21.213203435596427,15.811388300841896,7.211102550927978,7.810249675906654,17.11724276862369,25.079872407968907,34.36568055487916,26.0,22.20360331117452,17.72004514666935,12.806248474865697,9.055385138137417,14.422205101855956,24.041630560342615,30.59411708155671,30.066592756745816,22.20360331117452,11.180339887498949,6.082762530298219,12.083045973594572,19.235384061671343,23.08679276123039,699.9464265213445,645.0775147220681,678.4725491867744,544.2655601817921,74.00675644831355
