left_iris-362,left_iris-382,left_iris-381,left_iris-380,left_iris-374,left_iris-373,left_iris-390,left_iris-249,left_iris-263,left_iris-466,left_iris-388,left_iris-387,left_iris-386,left_iris-385,left_iris-384,left_iris-398,right_iris-133,right_iris-33,right_iris-7,right_iris-163,right_iris-144,right_iris-145,right_iris-153,right_iris-154,right_iris-155,right_iris-173,right_iris-157,right_iris-158,right_iris-159,right_iris-160,right_iris-161,right_iris-246,middle_left_right,center_edge_top_left,center_edge_top_right,center_edge_bottom_left,center_edge_bottom_right
38.07886552931954,35.17101079013795,28.460498941515414,18.601075237738275,12.36931687685298,14.212670403551895,18.788294228055936,23.345235059857504,27.073972741361768,25.179356624028344,21.587033144922902,15.652475842498529,8.246211251235321,12.529964086141668,24.08318915758459,33.37663853655727,32.7566787083184,36.05551275463989,30.14962686336267,24.73863375370596,17.4928556845359,11.40175425099138,14.142135623730951,22.47220505424423,30.083217912982647,28.160255680657446,18.24828759089466,8.602325267042627,11.313708498984761,21.18962010041709,28.442925306655784,32.14031735997639,819.126974284207,756.2863214418201,795.5934891639072,664.7322769356097,88.0056816347672
