left_iris-362,left_iris-382,left_iris-381,left_iris-380,left_iris-374,left_iris-373,left_iris-390,left_iris-249,left_iris-263,left_iris-466,left_iris-388,left_iris-387,left_iris-386,left_iris-385,left_iris-384,left_iris-398,right_iris-133,right_iris-33,right_iris-7,right_iris-163,right_iris-144,right_iris-145,right_iris-153,right_iris-154,right_iris-155,right_iris-173,right_iris-157,right_iris-158,right_iris-159,right_iris-160,right_iris-161,right_iris-246,middle_left_right,center_edge_top_left,center_edge_top_right,center_edge_bottom_left,center_edge_bottom_right
36.124783736376884,32.2490309931942,26.68332812825267,17.0,9.486832980505138,12.041594578792296,18.027756377319946,23.194827009486403,29.017236257093817,26.1725046566048,21.587033144922902,16.1245154965971,10.198039027185569,13.45362404707371,22.80350850198276,31.016124838541646,30.364452901377952,38.01315561749642,32.55764119219941,26.570660511172846,20.808652046684813,14.560219778561036,15.264337522473747,21.470910553583888,27.51363298439521,25.317977802344327,17.26267650163207,8.06225774829855,11.313708498984761,21.840329667841555,29.154759474226502,34.0147027033899,808.2233602167163,736.7665844757076,781.936698205168,656.6010965571105,89.05054744357274
