left_iris-362,left_iris-382,left_iris-381,left_iris-380,left_iris-374,left_iris-373,left_iris-390,left_iris-249,left_iris-263,left_iris-466,left_iris-388,left_iris-387,left_iris-386,left_iris-385,left_iris-384,left_iris-398,right_iris-133,right_iris-33,right_iris-7,right_iris-163,right_iris-144,right_iris-145,right_iris-153,right_iris-154,right_iris-155,right_iris-173,right_iris-157,right_iris-158,right_iris-159,right_iris-160,right_iris-161,right_iris-246,middle_left_right,center_edge_top_left,center_edge_top_right,center_edge_bottom_left,center_edge_bottom_right
41.048751503547585,38.01315561749642,31.016124838541646,20.615528128088304,11.40175425099138,8.54400374531753,13.601470508735444,18.027756377319946,23.194827009486403,20.024984394500787,15.033296378372908,8.06225774829855,7.211102550927978,17.46424919657298,28.635642126552707,37.21558813185679,34.52535300326414,35.12833614050059,30.01666203960727,24.331050121192877,17.46424919657298,9.848857801796104,13.45362404707371,23.40939982143925,30.805843601498726,30.066592756745816,21.095023109728988,8.94427190999916,6.4031242374328485,17.72004514666935,25.317977802344327,31.144823004794873,737.4171139863788,692.3034016961061,719.224582449738,579.9862067325395,92.07062506576133
