left_iris-362,left_iris-382,left_iris-381,left_iris-380,left_iris-374,left_iris-373,left_iris-390,left_iris-249,left_iris-263,left_iris-466,left_iris-388,left_iris-387,left_iris-386,left_iris-385,left_iris-384,left_iris-398,right_iris-133,right_iris-33,right_iris-7,right_iris-163,right_iris-144,right_iris-145,right_iris-153,right_iris-154,right_iris-155,right_iris-173,right_iris-157,right_iris-158,right_iris-159,right_iris-160,right_iris-161,right_iris-246,middle_left_right,center_edge_top_left,center_edge_top_right,center_edge_bottom_left,center_edge_bottom_right
18.027756377319946,16.1245154965971,12.36931687685298,7.0710678118654755,6.082762530298219,10.0,13.0,15.524174696260024,18.24828759089466,16.0312195418814,13.038404810405298,9.486832980505138,4.47213595499958,5.656854249492381,11.40175425099138,16.0312195418814,23.08679276123039,16.0312195418814,13.341664064126334,9.848857801796104,7.0710678118654755,5.385164807134504,10.295630140987,16.492422502470642,20.223748416156685,20.0,15.132745950421556,8.94427190999916,5.385164807134504,6.4031242374328485,10.198039027185569,13.038404810405298,751.0326224605693,689.3837828089663,727.6331493273242,596.6992542311411,53.0
