left_iris-362,left_iris-382,left_iris-381,left_iris-380,left_iris-374,left_iris-373,left_iris-390,left_iris-249,left_iris-263,left_iris-466,left_iris-388,left_iris-387,left_iris-386,left_iris-385,left_iris-384,left_iris-398,right_iris-133,right_iris-33,right_iris-7,right_iris-163,right_iris-144,right_iris-145,right_iris-153,right_iris-154,right_iris-155,right_iris-173,right_iris-157,right_iris-158,right_iris-159,right_iris-160,right_iris-161,right_iris-246,middle_left_right,center_edge_top_left,center_edge_top_right,center_edge_bottom_left,center_edge_bottom_right
22.80350850198276,20.615528128088304,15.264337522473747,10.770329614269007,11.180339887498949,16.1245154965971,20.8806130178211,24.331050121192877,27.018512172212592,24.0,21.095023109728988,15.524174696260024,7.810249675906654,5.656854249492381,13.038404810405298,19.235384061671343,28.160255680657446,22.0,18.24828759089466,14.866068747318506,10.63014581273465,8.06225774829855,12.206555615733702,19.6468827043885,25.317977802344327,25.0,18.24828759089466,10.816653826391969,6.0,11.180339887498949,16.278820596099706,19.026297590440446,756.6273851771425,688.7561251996239,731.2899561733362,604.139884463855,71.06335201775947
