left_iris-362,left_iris-382,left_iris-381,left_iris-380,left_iris-374,left_iris-373,left_iris-390,left_iris-249,left_iris-263,left_iris-466,left_iris-388,left_iris-387,left_iris-386,left_iris-385,left_iris-384,left_iris-398,right_iris-133,right_iris-33,right_iris-7,right_iris-163,right_iris-144,right_iris-145,right_iris-153,right_iris-154,right_iris-155,right_iris-173,right_iris-157,right_iris-158,right_iris-159,right_iris-160,right_iris-161,right_iris-246,middle_left_right,center_edge_top_left,center_edge_top_right,center_edge_bottom_left,center_edge_bottom_right
31.78049716414141,29.120439557122072,23.40939982143925,15.620499351813308,11.40175425099138,12.206555615733702,16.1245154965971,18.973665961010276,23.08679276123039,20.0,17.26267650163207,12.529964086141668,7.0710678118654755,10.816653826391969,20.09975124224178,27.294688127912362,29.274562336608895,20.223748416156685,17.08800749063506,15.0,12.083045973594572,11.704699910719626,15.811388300841896,21.840329667841555,27.459060435491963,26.0,19.6468827043885,12.041594578792296,8.0,11.661903789690601,15.132745950421556,18.027756377319946,689.5288246331694,606.1765419413721,659.128212110512,544.4722215136416,63.071388124885914
