left_iris-362,left_iris-382,left_iris-381,left_iris-380,left_iris-374,left_iris-373,left_iris-390,left_iris-249,left_iris-263,left_iris-466,left_iris-388,left_iris-387,left_iris-386,left_iris-385,left_iris-384,left_iris-398,right_iris-133,right_iris-33,right_iris-7,right_iris-163,right_iris-144,right_iris-145,right_iris-153,right_iris-154,right_iris-155,right_iris-173,right_iris-157,right_iris-158,right_iris-159,right_iris-160,right_iris-161,right_iris-246,middle_left_right,center_edge_top_left,center_edge_top_right,center_edge_bottom_left,center_edge_bottom_right
25.495097567963924,23.53720459187964,18.681541692269406,12.529964086141668,7.615773105863909,7.211102550927978,10.295630140987,12.36931687685298,15.033296378372908,13.0,10.198039027185569,6.708203932499369,4.47213595499958,10.44030650891055,17.0,23.194827009486403,22.20360331117452,19.1049731745428,15.524174696260024,13.0,9.219544457292887,6.082762530298219,9.433981132056603,15.524174696260024,19.235384061671343,19.026297590440446,14.142135623730951,7.211102550927978,4.47213595499958,9.486832980505138,14.035668847618199,17.029386365926403,755.5461600723016,669.664094901317,724.6033397659716,610.9418957642372,56.0
