left_iris-362,left_iris-382,left_iris-381,left_iris-380,left_iris-374,left_iris-373,left_iris-390,left_iris-249,left_iris-263,left_iris-466,left_iris-388,left_iris-387,left_iris-386,left_iris-385,left_iris-384,left_iris-398,right_iris-133,right_iris-33,right_iris-7,right_iris-163,right_iris-144,right_iris-145,right_iris-153,right_iris-154,right_iris-155,right_iris-173,right_iris-157,right_iris-158,right_iris-159,right_iris-160,right_iris-161,right_iris-246,middle_left_right,center_edge_top_left,center_edge_top_right,center_edge_bottom_left,center_edge_bottom_right
29.068883707497267,25.179356624028344,18.439088914585774,11.40175425099138,8.06225774829855,12.206555615733702,16.76305461424021,21.37755832643195,25.019992006393608,22.0,18.110770276274835,13.601470508735444,6.708203932499369,9.219544457292887,17.46424919657298,25.019992006393608,28.635642126552707,31.064449134018133,26.30589287593181,22.80350850198276,17.0,9.848857801796104,10.816653826391969,18.788294228055936,25.0,25.079872407968907,17.11724276862369,7.810249675906654,7.810249675906654,16.492422502470642,23.08679276123039,27.0,723.8957107208192,689.5106960736722,709.1015442092903,565.795899596312,73.17103251970687
