left_iris-362,left_iris-382,left_iris-381,left_iris-380,left_iris-374,left_iris-373,left_iris-390,left_iris-249,left_iris-263,left_iris-466,left_iris-388,left_iris-387,left_iris-386,left_iris-385,left_iris-384,left_iris-398,right_iris-133,right_iris-33,right_iris-7,right_iris-163,right_iris-144,right_iris-145,right_iris-153,right_iris-154,right_iris-155,right_iris-173,right_iris-157,right_iris-158,right_iris-159,right_iris-160,right_iris-161,right_iris-246,middle_left_right,center_edge_top_left,center_edge_top_right,center_edge_bottom_left,center_edge_bottom_right
29.614185789921695,26.92582403567252,21.18962010041709,13.45362404707371,10.0,14.142135623730951,17.88854381999832,21.18962010041709,24.331050121192877,22.090722034374522,18.0,13.341664064126334,5.830951894845301,8.94427190999916,18.110770276274835,26.076809620810597,31.78049716414141,25.179356624028344,20.8806130178211,17.0,12.806248474865697,10.198039027185569,15.0,22.47220505424423,28.861739379323623,27.16615541441225,20.223748416156685,10.816653826391969,6.082762530298219,12.649110640673518,18.027756377319946,22.02271554554524,739.5376934274548,679.2760852554726,716.530529705469,584.9068301875094,74.0
