left_iris-362,left_iris-382,left_iris-381,left_iris-380,left_iris-374,left_iris-373,left_iris-390,left_iris-249,left_iris-263,left_iris-466,left_iris-388,left_iris-387,left_iris-386,left_iris-385,left_iris-384,left_iris-398,right_iris-133,right_iris-33,right_iris-7,right_iris-163,right_iris-144,right_iris-145,right_iris-153,right_iris-154,right_iris-155,right_iris-173,right_iris-157,right_iris-158,right_iris-159,right_iris-160,right_iris-161,right_iris-246,middle_left_right,center_edge_top_left,center_edge_top_right,center_edge_bottom_left,center_edge_bottom_right
24.515301344262525,22.561028345356956,18.027756377319946,12.529964086141668,8.06225774829855,6.708203932499369,9.433981132056603,11.40175425099138,14.0,12.041594578792296,10.44030650891055,7.211102550927978,4.47213595499958,9.486832980505138,16.0312195418814,21.213203435596427,22.20360331117452,20.223748416156685,17.72004514666935,14.317821063276353,10.63014581273465,7.0,10.0,15.811388300841896,20.396078054371138,20.024984394500787,14.142135623730951,7.211102550927978,4.47213595499958,10.198039027185569,15.0,18.110770276274835,765.5638444963294,682.046919207176,735.3828934643503,619.5869591913632,56.0357029044876
