left_iris-362,left_iris-382,left_iris-381,left_iris-380,left_iris-374,left_iris-373,left_iris-390,left_iris-249,left_iris-263,left_iris-466,left_iris-388,left_iris-387,left_iris-386,left_iris-385,left_iris-384,left_iris-398,right_iris-133,right_iris-33,right_iris-7,right_iris-163,right_iris-144,right_iris-145,right_iris-153,right_iris-154,right_iris-155,right_iris-173,right_iris-157,right_iris-158,right_iris-159,right_iris-160,right_iris-161,right_iris-246,middle_left_right,center_edge_top_left,center_edge_top_right,center_edge_bottom_left,center_edge_bottom_right
29.274562336608895,25.495097567963924,19.924858845171276,12.806248474865697,8.0,12.041594578792296,17.08800749063506,20.396078054371138,25.079872407968907,21.0,18.110770276274835,11.704699910719626,6.324555320336759,10.0,18.24828759089466,25.019992006393608,27.459060435491963,26.076809620810597,22.561028345356956,18.973665961010276,14.422205101855956,9.486832980505138,11.40175425099138,18.384776310850235,23.769728648009426,24.020824298928627,17.26267650163207,8.48528137423857,7.211102550927978,13.92838827718412,20.09975124224178,23.0,645.5176217579192,607.694824727017,629.2002860774937,487.6402362397918,69.0
