left_iris-362,left_iris-382,left_iris-381,left_iris-380,left_iris-374,left_iris-373,left_iris-390,left_iris-249,left_iris-263,left_iris-466,left_iris-388,left_iris-387,left_iris-386,left_iris-385,left_iris-384,left_iris-398,right_iris-133,right_iris-33,right_iris-7,right_iris-163,right_iris-144,right_iris-145,right_iris-153,right_iris-154,right_iris-155,right_iris-173,right_iris-157,right_iris-158,right_iris-159,right_iris-160,right_iris-161,right_iris-246,middle_left_right,center_edge_top_left,center_edge_top_right,center_edge_bottom_left,center_edge_bottom_right
39.20459156782532,35.35533905932738,27.202941017470888,17.69180601295413,14.035668847618199,19.79898987322333,24.596747752497688,29.120439557122072,33.13608305156178,30.066592756745816,25.019992006393608,18.439088914585774,7.810249675906654,10.816653826391969,23.345235059857504,34.0,40.311288741492746,33.0,27.294688127912362,23.08679276123039,16.401219466856727,11.0,16.401219466856727,26.92582403567252,35.510561809129406,35.0,25.709920264364882,14.866068747318506,11.40175425099138,18.35755975068582,24.515301344262525,29.068883707497267,802.6362812631884,733.7063445275637,777.1261158911082,650.1730538864249,91.0
