left_iris-362,left_iris-382,left_iris-381,left_iris-380,left_iris-374,left_iris-373,left_iris-390,left_iris-249,left_iris-263,left_iris-466,left_iris-388,left_iris-387,left_iris-386,left_iris-385,left_iris-384,left_iris-398,right_iris-133,right_iris-33,right_iris-7,right_iris-163,right_iris-144,right_iris-145,right_iris-153,right_iris-154,right_iris-155,right_iris-173,right_iris-157,right_iris-158,right_iris-159,right_iris-160,right_iris-161,right_iris-246,middle_left_right,center_edge_top_left,center_edge_top_right,center_edge_bottom_left,center_edge_bottom_right
29.068883707497267,26.1725046566048,21.587033144922902,14.422205101855956,10.44030650891055,11.661903789690601,13.601470508735444,15.811388300841896,19.026297590440446,17.0,14.142135623730951,9.848857801796104,6.082762530298219,10.816653826391969,19.4164878389476,26.019223662515376,31.25699921617557,22.02271554554524,17.72004514666935,14.7648230602334,10.816653826391969,10.44030650891055,15.811388300841896,22.80350850198276,28.442925306655784,28.0178514522438,21.213203435596427,12.529964086141668,6.082762530298219,9.433981132056603,15.132745950421556,19.0,748.9839784668294,672.8127525545276,721.0249648937269,599.7307729306543,63.0317380372777
