left_iris-362,left_iris-382,left_iris-381,left_iris-380,left_iris-374,left_iris-373,left_iris-390,left_iris-249,left_iris-263,left_iris-466,left_iris-388,left_iris-387,left_iris-386,left_iris-385,left_iris-384,left_iris-398,right_iris-133,right_iris-33,right_iris-7,right_iris-163,right_iris-144,right_iris-145,right_iris-153,right_iris-154,right_iris-155,right_iris-173,right_iris-157,right_iris-158,right_iris-159,right_iris-160,right_iris-161,right_iris-246,middle_left_right,center_edge_top_left,center_edge_top_right,center_edge_bottom_left,center_edge_bottom_right
22.20360331117452,18.681541692269406,14.317821063276353,9.433981132056603,8.94427190999916,14.7648230602334,18.973665961010276,22.360679774997898,25.079872407968907,22.02271554554524,19.026297590440446,13.152946437965905,5.656854249492381,5.0,13.152946437965905,19.026297590440446,29.154759474226502,20.223748416156685,16.76305461424021,13.038404810405298,9.433981132056603,8.94427190999916,14.7648230602334,21.587033144922902,26.30589287593181,26.0,19.235384061671343,11.180339887498949,6.082762530298219,8.94427190999916,14.035668847618199,17.029386365926403,621.7523622793885,584.7016333139493,605.537777516812,463.8706716316521,67.0
