left_iris-362,left_iris-382,left_iris-381,left_iris-380,left_iris-374,left_iris-373,left_iris-390,left_iris-249,left_iris-263,left_iris-466,left_iris-388,left_iris-387,left_iris-386,left_iris-385,left_iris-384,left_iris-398,right_iris-133,right_iris-33,right_iris-7,right_iris-163,right_iris-144,right_iris-145,right_iris-153,right_iris-154,right_iris-155,right_iris-173,right_iris-157,right_iris-158,right_iris-159,right_iris-160,right_iris-161,right_iris-246,middle_left_right,center_edge_top_left,center_edge_top_right,center_edge_bottom_left,center_edge_bottom_right
32.14031735997639,28.442925306655784,22.80350850198276,15.264337522473747,9.486832980505138,11.40175425099138,14.7648230602334,18.973665961010276,22.20360331117452,19.0,15.132745950421556,10.816653826391969,7.0710678118654755,12.529964086141668,21.37755832643195,28.0,28.635642126552707,31.016124838541646,26.30589287593181,21.587033144922902,15.652475842498529,8.54400374531753,10.63014581273465,18.384776310850235,25.0,24.08318915758459,17.26267650163207,9.219544457292887,8.94427190999916,16.15549442140351,22.20360331117452,27.018512172212592,583.8878316937253,529.4572692862002,561.8941181397079,428.981351576033,77.1621668954417
