left_iris-362,left_iris-382,left_iris-381,left_iris-380,left_iris-374,left_iris-373,left_iris-390,left_iris-249,left_iris-263,left_iris-466,left_iris-388,left_iris-387,left_iris-386,left_iris-385,left_iris-384,left_iris-398,right_iris-133,right_iris-33,right_iris-7,right_iris-163,right_iris-144,right_iris-145,right_iris-153,right_iris-154,right_iris-155,right_iris-173,right_iris-157,right_iris-158,right_iris-159,right_iris-160,right_iris-161,right_iris-246,middle_left_right,center_edge_top_left,center_edge_top_right,center_edge_bottom_left,center_edge_bottom_right
27.16615541441225,23.021728866442675,17.11724276862369,9.433981132056603,7.0710678118654755,12.806248474865697,17.46424919657298,20.8806130178211,23.345235059857504,21.095023109728988,17.0,12.36931687685298,5.830951894845301,8.48528137423857,17.08800749063506,23.53720459187964,30.265491900843113,25.079872407968907,21.02379604162864,17.11724276862369,11.180339887498949,6.082762530298219,12.206555615733702,19.924858845171276,26.476404589747453,27.018512172212592,20.09975124224178,10.770329614269007,5.0,11.180339887498949,17.46424919657298,21.213203435596427,729.4799517464479,652.641555526462,701.2424687652624,580.7245474405228,61.66036003787198
