left_iris-362,left_iris-382,left_iris-381,left_iris-380,left_iris-374,left_iris-373,left_iris-390,left_iris-249,left_iris-263,left_iris-466,left_iris-388,left_iris-387,left_iris-386,left_iris-385,left_iris-384,left_iris-398,right_iris-133,right_iris-33,right_iris-7,right_iris-163,right_iris-144,right_iris-145,right_iris-153,right_iris-154,right_iris-155,right_iris-173,right_iris-157,right_iris-158,right_iris-159,right_iris-160,right_iris-161,right_iris-246,middle_left_right,center_edge_top_left,center_edge_top_right,center_edge_bottom_left,center_edge_bottom_right
38.2099463490856,34.36568055487916,26.68332812825267,16.64331697709324,11.045361017187261,16.401219466856727,23.40939982143925,28.442925306655784,34.0147027033899,30.066592756745816,26.30589287593181,19.313207915827967,9.848857801796104,13.45362404707371,24.515301344262525,33.0,36.49657518178932,36.22154055254967,31.78049716414141,26.570660511172846,19.4164878389476,12.165525060596439,15.556349186104045,24.698178070456937,31.78049716414141,31.064449134018133,22.360679774997898,12.041594578792296,9.433981132056603,19.924858845171276,28.071337695236398,33.015148038438355,612.3601881246037,576.7885227706945,596.560977604134,454.4062059435368,97.02061636580135
