left_iris-362,left_iris-382,left_iris-381,left_iris-380,left_iris-374,left_iris-373,left_iris-390,left_iris-249,left_iris-263,left_iris-466,left_iris-388,left_iris-387,left_iris-386,left_iris-385,left_iris-384,left_iris-398,right_iris-133,right_iris-33,right_iris-7,right_iris-163,right_iris-144,right_iris-145,right_iris-153,right_iris-154,right_iris-155,right_iris-173,right_iris-157,right_iris-158,right_iris-159,right_iris-160,right_iris-161,right_iris-246,middle_left_right,center_edge_top_left,center_edge_top_right,center_edge_bottom_left,center_edge_bottom_right
35.35533905932738,31.78049716414141,24.351591323771842,16.278820596099706,13.0,16.97056274847714,22.360679774997898,26.248809496813376,30.265491900843113,27.018512172212592,23.08679276123039,17.08800749063506,9.848857801796104,12.041594578792296,21.37755832643195,30.01666203960727,35.12833614050059,30.14962686336267,26.68332812825267,22.47220505424423,17.204650534085253,11.180339887498949,13.45362404707371,23.08679276123039,30.4138126514911,31.016124838541646,21.840329667841555,12.727922061357855,9.848857801796104,17.46424919657298,23.194827009486403,27.0,736.5242697969973,674.2165824125063,712.859032347911,582.4671664566167,85.0235261559999
