left_iris-362,left_iris-382,left_iris-381,left_iris-380,left_iris-374,left_iris-373,left_iris-390,left_iris-249,left_iris-263,left_iris-466,left_iris-388,left_iris-387,left_iris-386,left_iris-385,left_iris-384,left_iris-398,right_iris-133,right_iris-33,right_iris-7,right_iris-163,right_iris-144,right_iris-145,right_iris-153,right_iris-154,right_iris-155,right_iris-173,right_iris-157,right_iris-158,right_iris-159,right_iris-160,right_iris-161,right_iris-246,middle_left_right,center_edge_top_left,center_edge_top_right,center_edge_bottom_left,center_edge_bottom_right
22.090722034374522,19.026297590440446,14.0,7.280109889280518,4.0,8.94427190999916,13.92838827718412,17.72004514666935,20.396078054371138,17.26267650163207,14.035668847618199,9.055385138137417,2.8284271247461903,6.708203932499369,13.341664064126334,19.235384061671343,22.360679774997898,24.186773244895647,21.02379604162864,17.0,11.045361017187261,4.242640687119285,6.4031242374328485,14.560219778561036,19.4164878389476,20.223748416156685,14.035668847618199,6.082762530298219,2.8284271247461903,10.44030650891055,17.26267650163207,21.213203435596427,722.8395395936777,649.8438273923974,695.7707955929166,572.5355884135064,56.568542494923804
