left_iris-362,left_iris-382,left_iris-381,left_iris-380,left_iris-374,left_iris-373,left_iris-390,left_iris-249,left_iris-263,left_iris-466,left_iris-388,left_iris-387,left_iris-386,left_iris-385,left_iris-384,left_iris-398,right_iris-133,right_iris-33,right_iris-7,right_iris-163,right_iris-144,right_iris-145,right_iris-153,right_iris-154,right_iris-155,right_iris-173,right_iris-157,right_iris-158,right_iris-159,right_iris-160,right_iris-161,right_iris-246,middle_left_right,center_edge_top_left,center_edge_top_right,center_edge_bottom_left,center_edge_bottom_right
30.01666203960727,26.076809620810597,20.396078054371138,12.529964086141668,7.280109889280518,10.63014581273465,16.15549442140351,19.4164878389476,24.08318915758459,20.0,16.0312195418814,9.486832980505138,4.123105625617661,10.44030650891055,19.1049731745428,26.019223662515376,27.0,27.294688127912362,22.80350850198276,18.384776310850235,12.806248474865697,7.0,10.816653826391969,17.26267650163207,23.021728866442675,23.194827009486403,16.76305461424021,9.219544457292887,6.324555320336759,11.704699910719626,18.027756377319946,23.021728866442675,749.6752630306005,698.5076950184587,729.5978344266107,593.0539604454218,77.23341245859851
