left_iris-362,left_iris-382,left_iris-381,left_iris-380,left_iris-374,left_iris-373,left_iris-390,left_iris-249,left_iris-263,left_iris-466,left_iris-388,left_iris-387,left_iris-386,left_iris-385,left_iris-384,left_iris-398,right_iris-133,right_iris-33,right_iris-7,right_iris-163,right_iris-144,right_iris-145,right_iris-153,right_iris-154,right_iris-155,right_iris-173,right_iris-157,right_iris-158,right_iris-159,right_iris-160,right_iris-161,right_iris-246,middle_left_right,center_edge_top_left,center_edge_top_right,center_edge_bottom_left,center_edge_bottom_right
33.54101966249684,30.805843601498726,24.351591323771842,15.811388300841896,9.219544457292887,12.206555615733702,17.72004514666935,22.090722034374522,27.018512172212592,24.186773244895647,20.396078054371138,14.317821063276353,7.280109889280518,11.661903789690601,21.095023109728988,29.154759474226502,35.12833614050059,27.0,22.360679774997898,17.46424919657298,12.727922061357855,9.486832980505138,17.0,25.709920264364882,32.2490309931942,31.0,22.360679774997898,12.206555615733702,7.280109889280518,13.92838827718412,20.223748416156685,24.020824298928627,663.7748112123569,614.2450651002416,643.8144142530516,507.2445169738161,78.00640999302557
