left_iris-362,left_iris-382,left_iris-381,left_iris-380,left_iris-374,left_iris-373,left_iris-390,left_iris-249,left_iris-263,left_iris-466,left_iris-388,left_iris-387,left_iris-386,left_iris-385,left_iris-384,left_iris-398,right_iris-133,right_iris-33,right_iris-7,right_iris-163,right_iris-144,right_iris-145,right_iris-153,right_iris-154,right_iris-155,right_iris-173,right_iris-157,right_iris-158,right_iris-159,right_iris-160,right_iris-161,right_iris-246,middle_left_right,center_edge_top_left,center_edge_top_right,center_edge_bottom_left,center_edge_bottom_right
22.80350850198276,20.8806130178211,16.55294535724685,10.63014581273465,8.0,10.0,13.92838827718412,16.278820596099706,19.0,17.11724276862369,14.560219778561036,10.295630140987,6.082762530298219,8.602325267042627,14.035668847618199,20.223748416156685,21.095023109728988,17.11724276862369,14.560219778561036,12.529964086141668,8.48528137423857,6.082762530298219,9.433981132056603,15.524174696260024,19.235384061671343,19.0,14.317821063276353,7.810249675906654,5.385164807134504,9.848857801796104,13.038404810405298,16.0312195418814,724.693728412217,638.6556192503124,693.6000288350629,580.5867721538272,54.3323108288245
