left_iris-362,left_iris-382,left_iris-381,left_iris-380,left_iris-374,left_iris-373,left_iris-390,left_iris-249,left_iris-263,left_iris-466,left_iris-388,left_iris-387,left_iris-386,left_iris-385,left_iris-384,left_iris-398,right_iris-133,right_iris-33,right_iris-7,right_iris-163,right_iris-144,right_iris-145,right_iris-153,right_iris-154,right_iris-155,right_iris-173,right_iris-157,right_iris-158,right_iris-159,right_iris-160,right_iris-161,right_iris-246,middle_left_right,center_edge_top_left,center_edge_top_right,center_edge_bottom_left,center_edge_bottom_right
34.713109915419565,32.01562118716424,24.698178070456937,15.556349186104045,12.041594578792296,17.204650534085253,23.08679276123039,27.16615541441225,32.0624390837628,29.154759474226502,25.317977802344327,18.973665961010276,8.602325267042627,9.219544457292887,20.09975124224178,30.14962686336267,35.35533905932738,26.019223662515376,22.80350850198276,19.235384061671343,15.0,12.165525060596439,17.204650534085253,26.248809496813376,32.55764119219941,31.064449134018133,22.360679774997898,11.40175425099138,7.615773105863909,15.231546211727817,20.223748416156685,24.020824298928627,661.1565623965325,612.3952971733208,641.4265351542607,504.507680813682,74.02702209328699
