left_iris-362,left_iris-382,left_iris-381,left_iris-380,left_iris-374,left_iris-373,left_iris-390,left_iris-249,left_iris-263,left_iris-466,left_iris-388,left_iris-387,left_iris-386,left_iris-385,left_iris-384,left_iris-398,right_iris-133,right_iris-33,right_iris-7,right_iris-163,right_iris-144,right_iris-145,right_iris-153,right_iris-154,right_iris-155,right_iris-173,right_iris-157,right_iris-158,right_iris-159,right_iris-160,right_iris-161,right_iris-246,middle_left_right,center_edge_top_left,center_edge_top_right,center_edge_bottom_left,center_edge_bottom_right
37.013511046643494,33.13608305156178,26.476404589747453,16.1245154965971,11.180339887498949,15.0,19.72308292331602,22.47220505424423,26.30589287593181,23.08679276123039,20.0,13.601470508735444,6.324555320336759,12.529964086141668,23.53720459187964,33.06055050963308,36.345563690772494,33.015148038438355,28.442925306655784,24.041630560342615,17.204650534085253,11.180339887498949,14.866068747318506,24.351591323771842,32.55764119219941,32.0,22.80350850198276,12.727922061357855,9.848857801796104,18.384776310850235,25.317977802344327,30.01666203960727,838.150941060141,777.6226591348789,815.4121657174364,683.0790583819709,83.02409288875127
