left_iris-362,left_iris-382,left_iris-381,left_iris-380,left_iris-374,left_iris-373,left_iris-390,left_iris-249,left_iris-263,left_iris-466,left_iris-388,left_iris-387,left_iris-386,left_iris-385,left_iris-384,left_iris-398,right_iris-133,right_iris-33,right_iris-7,right_iris-163,right_iris-144,right_iris-145,right_iris-153,right_iris-154,right_iris-155,right_iris-173,right_iris-157,right_iris-158,right_iris-159,right_iris-160,right_iris-161,right_iris-246,middle_left_right,center_edge_top_left,center_edge_top_right,center_edge_bottom_left,center_edge_bottom_right
22.090722034374522,19.1049731745428,14.317821063276353,6.708203932499369,3.605551275463989,10.44030650891055,16.1245154965971,20.024984394500787,24.0,20.0,16.0312195418814,10.04987562112089,2.23606797749979,6.082762530298219,14.035668847618199,19.0,22.0,20.223748416156685,18.439088914585774,15.524174696260024,10.770329614269007,4.47213595499958,6.708203932499369,13.152946437965905,19.026297590440446,19.026297590440446,14.142135623730951,6.708203932499369,3.605551275463989,9.219544457292887,15.0,18.110770276274835,657.8001216175016,580.2594247403483,629.0476929454554,510.29501271323437,55.326304774492215
