left_iris-362,left_iris-382,left_iris-381,left_iris-380,left_iris-374,left_iris-373,left_iris-390,left_iris-249,left_iris-263,left_iris-466,left_iris-388,left_iris-387,left_iris-386,left_iris-385,left_iris-384,left_iris-398,right_iris-133,right_iris-33,right_iris-7,right_iris-163,right_iris-144,right_iris-145,right_iris-153,right_iris-154,right_iris-155,right_iris-173,right_iris-157,right_iris-158,right_iris-159,right_iris-160,right_iris-161,right_iris-246,middle_left_right,center_edge_top_left,center_edge_top_right,center_edge_bottom_left,center_edge_bottom_right
25.179356624028344,22.090722034374522,17.0,9.486832980505138,6.082762530298219,10.0,14.317821063276353,18.027756377319946,21.587033144922902,18.24828759089466,15.033296378372908,9.055385138137417,3.1622776601683795,8.602325267042627,17.08800749063506,22.561028345356956,27.16615541441225,32.2490309931942,27.073972741361768,22.0,15.132745950421556,5.656854249492381,8.06225774829855,17.46424919657298,24.331050121192877,24.020824298928627,17.029386365926403,6.708203932499369,5.656854249492381,15.811388300841896,23.53720459187964,28.442925306655784,748.2365935985756,670.4162885849358,719.7624608160668,599.7149322803293,64.93843238021688
