left_iris-362,left_iris-382,left_iris-381,left_iris-380,left_iris-374,left_iris-373,left_iris-390,left_iris-249,left_iris-263,left_iris-466,left_iris-388,left_iris-387,left_iris-386,left_iris-385,left_iris-384,left_iris-398,right_iris-133,right_iris-33,right_iris-7,right_iris-163,right_iris-144,right_iris-145,right_iris-153,right_iris-154,right_iris-155,right_iris-173,right_iris-157,right_iris-158,right_iris-159,right_iris-160,right_iris-161,right_iris-246,middle_left_right,center_edge_top_left,center_edge_top_right,center_edge_bottom_left,center_edge_bottom_right
30.805843601498726,27.202941017470888,21.02379604162864,13.45362404707371,10.04987562112089,12.806248474865697,17.08800749063506,20.223748416156685,23.0,20.223748416156685,16.76305461424021,12.206555615733702,8.0,11.661903789690601,20.09975124224178,27.294688127912362,25.179356624028344,27.16615541441225,23.769728648009426,20.248456731316587,15.811388300841896,10.770329614269007,10.816653826391969,16.55294535724685,21.587033144922902,21.0,14.560219778561036,7.211102550927978,8.602325267042627,15.524174696260024,21.095023109728988,24.020824298928627,786.0846010449511,711.989466214213,758.8998616418374,635.6327556065688,66.12110101926616
