left_iris-362,left_iris-382,left_iris-381,left_iris-380,left_iris-374,left_iris-373,left_iris-390,left_iris-249,left_iris-263,left_iris-466,left_iris-388,left_iris-387,left_iris-386,left_iris-385,left_iris-384,left_iris-398,right_iris-133,right_iris-33,right_iris-7,right_iris-163,right_iris-144,right_iris-145,right_iris-153,right_iris-154,right_iris-155,right_iris-173,right_iris-157,right_iris-158,right_iris-159,right_iris-160,right_iris-161,right_iris-246,middle_left_right,center_edge_top_left,center_edge_top_right,center_edge_bottom_left,center_edge_bottom_right
30.4138126514911,27.65863337187866,22.135943621178654,14.422205101855956,10.44030650891055,12.206555615733702,15.264337522473747,18.973665961010276,21.213203435596427,19.0,17.11724276862369,12.083045973594572,7.0710678118654755,10.816653826391969,19.235384061671343,27.073972741361768,28.442925306655784,23.08679276123039,19.6468827043885,17.0,12.806248474865697,11.045361017187261,14.142135623730951,20.248456731316587,25.709920264364882,25.079872407968907,18.24828759089466,10.63014581273465,7.280109889280518,12.083045973594572,17.11724276862369,20.0,714.0343129009977,634.1490361105975,684.7955899390709,566.8730016502815,65.00769185258002
