left_iris-362,left_iris-382,left_iris-381,left_iris-380,left_iris-374,left_iris-373,left_iris-390,left_iris-249,left_iris-263,left_iris-466,left_iris-388,left_iris-387,left_iris-386,left_iris-385,left_iris-384,left_iris-398,right_iris-133,right_iris-33,right_iris-7,right_iris-163,right_iris-144,right_iris-145,right_iris-153,right_iris-154,right_iris-155,right_iris-173,right_iris-157,right_iris-158,right_iris-159,right_iris-160,right_iris-161,right_iris-246,middle_left_right,center_edge_top_left,center_edge_top_right,center_edge_bottom_left,center_edge_bottom_right
24.186773244895647,20.024984394500787,15.033296378372908,8.06225774829855,7.280109889280518,13.038404810405298,17.46424919657298,20.8806130178211,24.515301344262525,21.213203435596427,18.027756377319946,12.041594578792296,5.656854249492381,7.0710678118654755,15.231546211727817,20.615528128088304,32.2490309931942,26.1725046566048,22.0,18.110770276274835,12.083045973594572,7.0,13.601470508735444,21.840329667841555,28.442925306655784,29.068883707497267,21.02379604162864,10.44030650891055,5.0,11.180339887498949,17.46424919657298,22.360679774997898,738.0006775064641,659.2002730581959,709.1861532771209,590.0381343608225,63.63961030678928
