left_iris-362,left_iris-382,left_iris-381,left_iris-380,left_iris-374,left_iris-373,left_iris-390,left_iris-249,left_iris-263,left_iris-466,left_iris-388,left_iris-387,left_iris-386,left_iris-385,left_iris-384,left_iris-398,right_iris-133,right_iris-33,right_iris-7,right_iris-163,right_iris-144,right_iris-145,right_iris-153,right_iris-154,right_iris-155,right_iris-173,right_iris-157,right_iris-158,right_iris-159,right_iris-160,right_iris-161,right_iris-246,middle_left_right,center_edge_top_left,center_edge_top_right,center_edge_bottom_left,center_edge_bottom_right
23.53720459187964,19.924858845171276,14.7648230602334,9.848857801796104,10.295630140987,16.1245154965971,21.18962010041709,23.769728648009426,27.294688127912362,24.08318915758459,21.0,15.132745950421556,6.708203932499369,5.0,13.038404810405298,20.09975124224178,30.4138126514911,20.09975124224178,15.524174696260024,12.529964086141668,8.602325267042627,8.94427190999916,14.7648230602334,21.840329667841555,27.459060435491963,26.076809620810597,20.09975124224178,12.083045973594572,6.324555320336759,8.06225774829855,13.152946437965905,17.0,612.2434156444641,581.0697032198461,597.8645331511144,454.138745319093,65.03076195155643
