left_iris-362,left_iris-382,left_iris-381,left_iris-380,left_iris-374,left_iris-373,left_iris-390,left_iris-249,left_iris-263,left_iris-466,left_iris-388,left_iris-387,left_iris-386,left_iris-385,left_iris-384,left_iris-398,right_iris-133,right_iris-33,right_iris-7,right_iris-163,right_iris-144,right_iris-145,right_iris-153,right_iris-154,right_iris-155,right_iris-173,right_iris-157,right_iris-158,right_iris-159,right_iris-160,right_iris-161,right_iris-246,middle_left_right,center_edge_top_left,center_edge_top_right,center_edge_bottom_left,center_edge_bottom_right
24.186773244895647,21.02379604162864,16.0312195418814,9.486832980505138,5.0990195135927845,9.219544457292887,13.0,16.76305461424021,20.223748416156685,17.11724276862369,13.0,8.246211251235321,4.0,8.602325267042627,15.811388300841896,21.37755832643195,24.08318915758459,22.20360331117452,19.026297590440446,16.0312195418814,11.180339887498949,4.47213595499958,8.06225774829855,15.524174696260024,21.213203435596427,22.02271554554524,16.0312195418814,7.615773105863909,4.123105625617661,9.848857801796104,15.524174696260024,19.4164878389476,720.0222218792973,647.8672703571311,693.2041546326739,569.4137335892067,57.706152185014034
