left_iris-362,left_iris-382,left_iris-381,left_iris-380,left_iris-374,left_iris-373,left_iris-390,left_iris-249,left_iris-263,left_iris-466,left_iris-388,left_iris-387,left_iris-386,left_iris-385,left_iris-384,left_iris-398,right_iris-133,right_iris-33,right_iris-7,right_iris-163,right_iris-144,right_iris-145,right_iris-153,right_iris-154,right_iris-155,right_iris-173,right_iris-157,right_iris-158,right_iris-159,right_iris-160,right_iris-161,right_iris-246,middle_left_right,center_edge_top_left,center_edge_top_right,center_edge_bottom_left,center_edge_bottom_right
38.01315561749642,33.015148038438355,25.179356624028344,15.652475842498529,9.219544457292887,14.142135623730951,20.12461179749811,24.351591323771842,28.442925306655784,25.179356624028344,21.0,13.601470508735444,6.324555320336759,12.206555615733702,23.769728648009426,33.13608305156178,37.656340767525464,30.0,25.179356624028344,20.615528128088304,13.892443989449804,9.0,15.0,25.298221281347036,32.984845004941285,33.13608305156178,24.08318915758459,13.0,7.0710678118654755,13.416407864998739,20.396078054371138,26.076809620810597,716.4670264569054,680.3859199013453,701.0884394996112,558.4129296497351,90.93404203047393
