left_iris-362,left_iris-382,left_iris-381,left_iris-380,left_iris-374,left_iris-373,left_iris-390,left_iris-249,left_iris-263,left_iris-466,left_iris-388,left_iris-387,left_iris-386,left_iris-385,left_iris-384,left_iris-398,right_iris-133,right_iris-33,right_iris-7,right_iris-163,right_iris-144,right_iris-145,right_iris-153,right_iris-154,right_iris-155,right_iris-173,right_iris-157,right_iris-158,right_iris-159,right_iris-160,right_iris-161,right_iris-246,middle_left_right,center_edge_top_left,center_edge_top_right,center_edge_bottom_left,center_edge_bottom_right
32.38826948140329,29.614185789921695,23.08679276123039,15.264337522473747,10.770329614269007,11.661903789690601,14.422205101855956,18.027756377319946,21.095023109728988,19.0,15.132745950421556,10.295630140987,7.0,11.661903789690601,20.223748416156685,28.071337695236398,27.16615541441225,20.09975124224178,16.76305461424021,14.7648230602334,11.40175425099138,9.055385138137417,12.806248474865697,18.973665961010276,24.515301344262525,24.0,17.46424919657298,10.63014581273465,7.0710678118654755,11.180339887498949,15.132745950421556,18.0,683.1046771908387,601.1089751451062,653.0941739136861,537.4309257941899,62.00806399170998
