left_iris-362,left_iris-382,left_iris-381,left_iris-380,left_iris-374,left_iris-373,left_iris-390,left_iris-249,left_iris-263,left_iris-466,left_iris-388,left_iris-387,left_iris-386,left_iris-385,left_iris-384,left_iris-398,right_iris-133,right_iris-33,right_iris-7,right_iris-163,right_iris-144,right_iris-145,right_iris-153,right_iris-154,right_iris-155,right_iris-173,right_iris-157,right_iris-158,right_iris-159,right_iris-160,right_iris-161,right_iris-246,middle_left_right,center_edge_top_left,center_edge_top_right,center_edge_bottom_left,center_edge_bottom_right
30.14962686336267,26.476404589747453,19.924858845171276,11.40175425099138,8.06225774829855,13.038404810405298,17.72004514666935,22.360679774997898,26.019223662515376,23.0,19.1049731745428,12.36931687685298,5.385164807134504,8.94427190999916,18.24828759089466,26.019223662515376,28.160255680657446,27.0,23.194827009486403,18.681541692269406,13.892443989449804,8.246211251235321,10.63014581273465,18.681541692269406,24.331050121192877,25.0,17.26267650163207,7.810249675906654,7.211102550927978,13.601470508735444,20.09975124224178,24.020824298928627,645.8637627239974,605.3428780451621,628.6811592532418,488.20077836890016,69.00724599634447
