left_iris-362,left_iris-382,left_iris-381,left_iris-380,left_iris-374,left_iris-373,left_iris-390,left_iris-249,left_iris-263,left_iris-466,left_iris-388,left_iris-387,left_iris-386,left_iris-385,left_iris-384,left_iris-398,right_iris-133,right_iris-33,right_iris-7,right_iris-163,right_iris-144,right_iris-145,right_iris-153,right_iris-154,right_iris-155,right_iris-173,right_iris-157,right_iris-158,right_iris-159,right_iris-160,right_iris-161,right_iris-246,middle_left_right,center_edge_top_left,center_edge_top_right,center_edge_bottom_left,center_edge_bottom_right
37.656340767525464,33.734255586866,26.68332812825267,16.15549442140351,5.830951894845301,10.44030650891055,20.0,27.073972741361768,34.36568055487916,29.427877939124322,23.53720459187964,14.317821063276353,5.0990195135927845,11.40175425099138,24.0,33.24154027718932,33.37663853655727,32.2490309931942,27.459060435491963,21.840329667841555,14.317821063276353,4.123105625617661,11.180339887498949,22.02271554554524,29.154759474226502,29.614185789921695,20.8806130178211,8.94427190999916,4.47213595499958,15.0,23.08679276123039,28.160255680657446,635.3243266238119,576.9202717880522,612.4026453241364,480.9750513280289,95.35197952848173
