left_iris-362,left_iris-382,left_iris-381,left_iris-380,left_iris-374,left_iris-373,left_iris-390,left_iris-249,left_iris-263,left_iris-466,left_iris-388,left_iris-387,left_iris-386,left_iris-385,left_iris-384,left_iris-398,right_iris-133,right_iris-33,right_iris-7,right_iris-163,right_iris-144,right_iris-145,right_iris-153,right_iris-154,right_iris-155,right_iris-173,right_iris-157,right_iris-158,right_iris-159,right_iris-160,right_iris-161,right_iris-246,middle_left_right,center_edge_top_left,center_edge_top_right,center_edge_bottom_left,center_edge_bottom_right
31.25699921617557,27.65863337187866,22.135943621178654,14.212670403551895,11.045361017187261,12.806248474865697,16.64331697709324,19.313207915827967,21.587033144922902,19.1049731745428,15.0,9.486832980505138,5.0,11.180339887498949,20.223748416156685,27.018512172212592,27.892651361962706,28.071337695236398,24.515301344262525,19.924858845171276,15.264337522473747,9.848857801796104,10.816653826391969,17.88854381999832,24.351591323771842,23.194827009486403,15.132745950421556,7.810249675906654,8.602325267042627,15.811388300841896,21.095023109728988,25.0,672.1078782457471,608.1356756514125,647.63338394496,519.065506463298,63.0317380372777
