left_iris-362,left_iris-382,left_iris-381,left_iris-380,left_iris-374,left_iris-373,left_iris-390,left_iris-249,left_iris-263,left_iris-466,left_iris-388,left_iris-387,left_iris-386,left_iris-385,left_iris-384,left_iris-398,right_iris-133,right_iris-33,right_iris-7,right_iris-163,right_iris-144,right_iris-145,right_iris-153,right_iris-154,right_iris-155,right_iris-173,right_iris-157,right_iris-158,right_iris-159,right_iris-160,right_iris-161,right_iris-246,middle_left_right,center_edge_top_left,center_edge_top_right,center_edge_bottom_left,center_edge_bottom_right
26.1725046566048,23.53720459187964,17.72004514666935,11.40175425099138,8.0,10.63014581273465,14.317821063276353,17.72004514666935,21.095023109728988,19.0,15.132745950421556,10.770329614269007,6.082762530298219,8.602325267042627,16.278820596099706,23.021728866442675,24.08318915758459,19.4164878389476,17.08800749063506,13.892443989449804,10.63014581273465,8.06225774829855,10.816653826391969,16.492422502470642,22.20360331117452,22.0,15.297058540778355,8.602325267042627,5.0990195135927845,9.219544457292887,14.0,17.11724276862369,706.1402127056638,645.7816968604793,682.9597352699499,551.7553805809238,58.008620049092706
