left_iris-362,left_iris-382,left_iris-381,left_iris-380,left_iris-374,left_iris-373,left_iris-390,left_iris-249,left_iris-263,left_iris-466,left_iris-388,left_iris-387,left_iris-386,left_iris-385,left_iris-384,left_iris-398,right_iris-133,right_iris-33,right_iris-7,right_iris-163,right_iris-144,right_iris-145,right_iris-153,right_iris-154,right_iris-155,right_iris-173,right_iris-157,right_iris-158,right_iris-159,right_iris-160,right_iris-161,right_iris-246,middle_left_right,center_edge_top_left,center_edge_top_right,center_edge_bottom_left,center_edge_bottom_right
38.07886552931954,34.48187929913333,27.313000567495326,17.69180601295413,13.038404810405298,18.601075237738275,24.041630560342615,29.154759474226502,34.132096331752024,31.400636936215164,27.892651361962706,21.470910553583888,13.416407864998739,13.601470508735444,22.561028345356956,32.2490309931942,37.107950630558946,31.016124838541646,26.92582403567252,22.360679774997898,17.69180601295413,14.035668847618199,19.1049731745428,27.313000567495326,34.48187929913333,32.2490309931942,22.360679774997898,12.727922061357855,10.770329614269007,18.788294228055936,24.331050121192877,28.0178514522438,638.679888520063,595.157122111464,620.4933520997627,481.36472658473843,81.00617260431454
