left_iris-362,left_iris-382,left_iris-381,left_iris-380,left_iris-374,left_iris-373,left_iris-390,left_iris-249,left_iris-263,left_iris-466,left_iris-388,left_iris-387,left_iris-386,left_iris-385,left_iris-384,left_iris-398,right_iris-133,right_iris-33,right_iris-7,right_iris-163,right_iris-144,right_iris-145,right_iris-153,right_iris-154,right_iris-155,right_iris-173,right_iris-157,right_iris-158,right_iris-159,right_iris-160,right_iris-161,right_iris-246,middle_left_right,center_edge_top_left,center_edge_top_right,center_edge_bottom_left,center_edge_bottom_right
20.223748416156685,17.46424919657298,13.416407864998739,8.94427190999916,10.295630140987,15.264337522473747,19.313207915827967,21.587033144922902,24.186773244895647,22.02271554554524,19.026297590440446,14.560219778561036,8.48528137423857,6.708203932499369,12.649110640673518,18.0,29.427877939124322,20.09975124224178,15.811388300841896,13.038404810405298,10.295630140987,9.848857801796104,15.264337522473747,21.840329667841555,26.476404589747453,27.073972741361768,20.09975124224178,12.083045973594572,5.830951894845301,8.06225774829855,13.152946437965905,16.0,754.6893400598686,694.4465422190538,731.7485907058516,599.9633322128944,59.033888572581766
