left_iris-362,left_iris-382,left_iris-381,left_iris-380,left_iris-374,left_iris-373,left_iris-390,left_iris-249,left_iris-263,left_iris-466,left_iris-388,left_iris-387,left_iris-386,left_iris-385,left_iris-384,left_iris-398,right_iris-133,right_iris-33,right_iris-7,right_iris-163,right_iris-144,right_iris-145,right_iris-153,right_iris-154,right_iris-155,right_iris-173,right_iris-157,right_iris-158,right_iris-159,right_iris-160,right_iris-161,right_iris-246,middle_left_right,center_edge_top_left,center_edge_top_right,center_edge_bottom_left,center_edge_bottom_right
29.017236257093817,25.019992006393608,19.1049731745428,11.704699910719626,6.082762530298219,10.0,15.231546211727817,19.6468827043885,23.194827009486403,20.024984394500787,16.0312195418814,9.486832980505138,4.0,9.848857801796104,19.235384061671343,25.079872407968907,28.0,28.284271247461902,23.769728648009426,18.384776310850235,12.806248474865697,8.06225774829855,12.529964086141668,19.235384061671343,25.019992006393608,25.079872407968907,18.439088914585774,9.433981132056603,5.0990195135927845,12.36931687685298,19.0,24.08318915758459,758.3567761944242,708.4525389890279,738.7184849453816,601.5022859474434,82.05485969764375
