left_iris-362,left_iris-382,left_iris-381,left_iris-380,left_iris-374,left_iris-373,left_iris-390,left_iris-249,left_iris-263,left_iris-466,left_iris-388,left_iris-387,left_iris-386,left_iris-385,left_iris-384,left_iris-398,right_iris-133,right_iris-33,right_iris-7,right_iris-163,right_iris-144,right_iris-145,right_iris-153,right_iris-154,right_iris-155,right_iris-173,right_iris-157,right_iris-158,right_iris-159,right_iris-160,right_iris-161,right_iris-246,middle_left_right,center_edge_top_left,center_edge_top_right,center_edge_bottom_left,center_edge_bottom_right
28.442925306655784,25.495097567963924,19.924858845171276,12.041594578792296,9.055385138137417,15.0,20.615528128088304,24.73863375370596,29.154759474226502,27.073972741361768,23.0,17.26267650163207,7.810249675906654,7.810249675906654,16.278820596099706,24.08318915758459,36.22154055254967,25.179356624028344,19.924858845171276,15.264337522473747,10.295630140987,10.0,18.384776310850235,27.459060435491963,34.23448553724738,33.0,25.317977802344327,14.7648230602334,7.0710678118654755,11.704699910719626,18.027756377319946,22.02271554554524,737.0189956846431,652.6078454937544,706.4679752118988,591.8589358960461,77.0
