left_iris-362,left_iris-382,left_iris-381,left_iris-380,left_iris-374,left_iris-373,left_iris-390,left_iris-249,left_iris-263,left_iris-466,left_iris-388,left_iris-387,left_iris-386,left_iris-385,left_iris-384,left_iris-398,right_iris-133,right_iris-33,right_iris-7,right_iris-163,right_iris-144,right_iris-145,right_iris-153,right_iris-154,right_iris-155,right_iris-173,right_iris-157,right_iris-158,right_iris-159,right_iris-160,right_iris-161,right_iris-246,middle_left_right,center_edge_top_left,center_edge_top_right,center_edge_bottom_left,center_edge_bottom_right
36.138621999185304,31.953090617340916,23.706539182259394,15.0,12.36931687685298,17.4928556845359,23.769728648009426,28.071337695236398,32.14031735997639,28.442925306655784,25.298221281347036,18.867962264113206,11.40175425099138,13.45362404707371,22.20360331117452,31.25699921617557,33.06055050963308,35.22782990761707,31.04834939252005,26.92582403567252,20.808652046684813,13.92838827718412,13.601470508735444,21.18962010041709,28.442925306655784,28.071337695236398,20.12461179749811,13.92838827718412,14.422205101855956,22.47220505424423,28.160255680657446,32.0,801.5609770940698,730.0684899377592,775.2418977325723,650.0,87.5728268357257
