left_iris-362,left_iris-382,left_iris-381,left_iris-380,left_iris-374,left_iris-373,left_iris-390,left_iris-249,left_iris-263,left_iris-466,left_iris-388,left_iris-387,left_iris-386,left_iris-385,left_iris-384,left_iris-398,right_iris-133,right_iris-33,right_iris-7,right_iris-163,right_iris-144,right_iris-145,right_iris-153,right_iris-154,right_iris-155,right_iris-173,right_iris-157,right_iris-158,right_iris-159,right_iris-160,right_iris-161,right_iris-246,middle_left_right,center_edge_top_left,center_edge_top_right,center_edge_bottom_left,center_edge_bottom_right
32.28002478313795,28.792360097775937,23.259406699226016,14.866068747318506,12.041594578792296,14.866068747318506,19.697715603592208,23.345235059857504,27.0,25.079872407968907,21.587033144922902,15.652475842498529,9.486832980505138,10.63014581273465,19.1049731745428,27.294688127912362,32.38826948140329,30.14962686336267,25.709920264364882,21.540659228538015,15.811388300841896,10.198039027185569,13.45362404707371,22.135943621178654,29.614185789921695,28.0178514522438,19.6468827043885,10.63014581273465,9.433981132056603,17.08800749063506,23.08679276123039,27.018512172212592,711.6010118036652,633.3056134284616,682.8440524746482,563.7162406743307,79.05694150420949
