left_iris-362,left_iris-382,left_iris-381,left_iris-380,left_iris-374,left_iris-373,left_iris-390,left_iris-249,left_iris-263,left_iris-466,left_iris-388,left_iris-387,left_iris-386,left_iris-385,left_iris-384,left_iris-398,right_iris-133,right_iris-33,right_iris-7,right_iris-163,right_iris-144,right_iris-145,right_iris-153,right_iris-154,right_iris-155,right_iris-173,right_iris-157,right_iris-158,right_iris-159,right_iris-160,right_iris-161,right_iris-246,middle_left_right,center_edge_top_left,center_edge_top_right,center_edge_bottom_left,center_edge_bottom_right
30.083217912982647,26.570660511172846,20.12461179749811,11.661903789690601,12.529964086141668,20.12461179749811,26.92582403567252,32.38826948140329,37.05401462729781,33.0,28.160255680657446,20.615528128088304,10.63014581273465,7.211102550927978,16.1245154965971,25.317977802344327,30.01666203960727,28.635642126552707,25.632011235952593,21.95449840010015,16.278820596099706,10.04987562112089,12.806248474865697,19.4164878389476,26.019223662515376,26.30589287593181,18.788294228055936,11.661903789690601,10.295630140987,17.08800749063506,23.021728866442675,26.1725046566048,761.614732000373,690.5483328486139,735.2938188234687,610.2106193766215,83.74365647617735
