left_iris-362,left_iris-382,left_iris-381,left_iris-380,left_iris-374,left_iris-373,left_iris-390,left_iris-249,left_iris-263,left_iris-466,left_iris-388,left_iris-387,left_iris-386,left_iris-385,left_iris-384,left_iris-398,right_iris-133,right_iris-33,right_iris-7,right_iris-163,right_iris-144,right_iris-145,right_iris-153,right_iris-154,right_iris-155,right_iris-173,right_iris-157,right_iris-158,right_iris-159,right_iris-160,right_iris-161,right_iris-246,middle_left_right,center_edge_top_left,center_edge_top_right,center_edge_bottom_left,center_edge_bottom_right
25.317977802344327,22.090722034374522,17.0,9.219544457292887,4.0,10.0,15.231546211727817,18.973665961010276,22.561028345356956,19.4164878389476,15.297058540778355,9.055385138137417,2.23606797749979,7.615773105863909,16.76305461424021,22.561028345356956,27.073972741361768,32.2490309931942,27.073972741361768,22.02271554554524,15.033296378372908,5.0,7.615773105863909,17.11724276862369,24.08318915758459,24.0,17.029386365926403,6.324555320336759,4.47213595499958,15.297058540778355,23.194827009486403,28.284271247461902,745.6118293053028,667.2608185709693,716.9637368793487,597.3583514106085,65.92419889539804
