left_iris-362,left_iris-382,left_iris-381,left_iris-380,left_iris-374,left_iris-373,left_iris-390,left_iris-249,left_iris-263,left_iris-466,left_iris-388,left_iris-387,left_iris-386,left_iris-385,left_iris-384,left_iris-398,right_iris-133,right_iris-33,right_iris-7,right_iris-163,right_iris-144,right_iris-145,right_iris-153,right_iris-154,right_iris-155,right_iris-173,right_iris-157,right_iris-158,right_iris-159,right_iris-160,right_iris-161,right_iris-246,middle_left_right,center_edge_top_left,center_edge_top_right,center_edge_bottom_left,center_edge_bottom_right
31.78049716414141,28.460498941515414,22.360679774997898,15.0,12.165525060596439,17.029386365926403,21.540659228538015,24.73863375370596,28.0178514522438,25.019992006393608,22.360679774997898,17.0,11.704699910719626,12.041594578792296,19.4164878389476,27.073972741361768,30.083217912982647,38.3275357934736,33.95585369269929,28.792360097775937,22.47220505424423,14.7648230602334,13.0,18.867962264113206,25.632011235952593,25.179356624028344,16.492422502470642,9.848857801796104,13.45362404707371,23.08679276123039,30.066592756745816,35.05709628591621,690.2897942168927,616.1168720299745,662.7216610312356,540.8326913195984,84.29116205154607
