left_iris-362,left_iris-382,left_iris-381,left_iris-380,left_iris-374,left_iris-373,left_iris-390,left_iris-249,left_iris-263,left_iris-466,left_iris-388,left_iris-387,left_iris-386,left_iris-385,left_iris-384,left_iris-398,right_iris-133,right_iris-33,right_iris-7,right_iris-163,right_iris-144,right_iris-145,right_iris-153,right_iris-154,right_iris-155,right_iris-173,right_iris-157,right_iris-158,right_iris-159,right_iris-160,right_iris-161,right_iris-246,middle_left_right,center_edge_top_left,center_edge_top_right,center_edge_bottom_left,center_edge_bottom_right
27.16615541441225,24.020824298928627,18.027756377319946,10.770329614269007,6.324555320336759,9.899494936611665,13.892443989449804,17.46424919657298,20.615528128088304,17.26267650163207,14.035668847618199,9.055385138137417,4.0,9.433981132056603,17.72004514666935,24.331050121192877,27.16615541441225,32.14031735997639,27.018512172212592,22.02271554554524,16.278820596099706,7.0710678118654755,7.810249675906654,16.492422502470642,23.345235059857504,23.021728866442675,16.0312195418814,5.830951894845301,6.4031242374328485,15.524174696260024,23.345235059857504,28.160255680657446,743.4097120699998,665.0248115672076,714.7433105668076,595.1957661139736,64.93843238021688
