left_iris-362,left_iris-382,left_iris-381,left_iris-380,left_iris-374,left_iris-373,left_iris-390,left_iris-249,left_iris-263,left_iris-466,left_iris-388,left_iris-387,left_iris-386,left_iris-385,left_iris-384,left_iris-398,right_iris-133,right_iris-33,right_iris-7,right_iris-163,right_iris-144,right_iris-145,right_iris-153,right_iris-154,right_iris-155,right_iris-173,right_iris-157,right_iris-158,right_iris-159,right_iris-160,right_iris-161,right_iris-246,middle_left_right,center_edge_top_left,center_edge_top_right,center_edge_bottom_left,center_edge_bottom_right
28.460498941515414,25.079872407968907,18.867962264113206,12.529964086141668,11.180339887498949,18.35755975068582,25.0,29.427877939124322,34.0147027033899,30.066592756745816,26.476404589747453,20.12461179749811,12.529964086141668,11.180339887498949,16.492422502470642,23.345235059857504,32.38826948140329,32.38826948140329,29.120439557122072,25.079872407968907,19.4164878389476,12.649110640673518,13.601470508735444,20.615528128088304,28.861739379323623,28.0178514522438,19.6468827043885,10.816653826391969,10.816653826391969,18.973665961010276,25.019992006393608,29.068883707497267,654.0030580968257,576.2117666275134,625.1559805360579,506.67543852055826,85.14693182963201
