left_iris-362,left_iris-382,left_iris-381,left_iris-380,left_iris-374,left_iris-373,left_iris-390,left_iris-249,left_iris-263,left_iris-466,left_iris-388,left_iris-387,left_iris-386,left_iris-385,left_iris-384,left_iris-398,right_iris-133,right_iris-33,right_iris-7,right_iris-163,right_iris-144,right_iris-145,right_iris-153,right_iris-154,right_iris-155,right_iris-173,right_iris-157,right_iris-158,right_iris-159,right_iris-160,right_iris-161,right_iris-246,middle_left_right,center_edge_top_left,center_edge_top_right,center_edge_bottom_left,center_edge_bottom_right
31.400636936215164,27.65863337187866,22.47220505424423,14.866068747318506,11.0,14.142135623730951,18.788294228055936,21.587033144922902,25.019992006393608,22.02271554554524,19.235384061671343,14.317821063276353,8.54400374531753,10.63014581273465,19.4164878389476,27.073972741361768,29.832867780352597,34.0147027033899,28.284271247461902,23.769728648009426,17.0,10.770329614269007,11.40175425099138,19.697715603592208,25.96150997149434,25.179356624028344,17.26267650163207,8.602325267042627,9.219544457292887,18.027756377319946,25.179356624028344,30.01666203960727,763.1212223493723,688.7336204948906,735.7676263603884,612.9877649676215,76.00657866263946
