left_iris-362,left_iris-382,left_iris-381,left_iris-380,left_iris-374,left_iris-373,left_iris-390,left_iris-249,left_iris-263,left_iris-466,left_iris-388,left_iris-387,left_iris-386,left_iris-385,left_iris-384,left_iris-398,right_iris-133,right_iris-33,right_iris-7,right_iris-163,right_iris-144,right_iris-145,right_iris-153,right_iris-154,right_iris-155,right_iris-173,right_iris-157,right_iris-158,right_iris-159,right_iris-160,right_iris-161,right_iris-246,middle_left_right,center_edge_top_left,center_edge_top_right,center_edge_bottom_left,center_edge_bottom_right
36.05551275463989,32.2490309931942,25.495097567963924,16.1245154965971,10.44030650891055,14.142135623730951,21.02379604162864,26.68332812825267,33.13608305156178,29.0,23.08679276123039,14.866068747318506,7.0710678118654755,13.038404810405298,23.53720459187964,32.01562118716424,29.068883707497267,20.09975124224178,17.46424919657298,15.231546211727817,10.63014581273465,8.06225774829855,12.206555615733702,19.6468827043885,25.179356624028344,26.019223662515376,19.4164878389476,11.661903789690601,6.0,10.295630140987,14.317821063276353,18.0,548.6055048939994,494.84138872976257,526.5624369436164,393.91369613152574,82.29823813423954
