left_iris-362,left_iris-382,left_iris-381,left_iris-380,left_iris-374,left_iris-373,left_iris-390,left_iris-249,left_iris-263,left_iris-466,left_iris-388,left_iris-387,left_iris-386,left_iris-385,left_iris-384,left_iris-398,right_iris-133,right_iris-33,right_iris-7,right_iris-163,right_iris-144,right_iris-145,right_iris-153,right_iris-154,right_iris-155,right_iris-173,right_iris-157,right_iris-158,right_iris-159,right_iris-160,right_iris-161,right_iris-246,middle_left_right,center_edge_top_left,center_edge_top_right,center_edge_bottom_left,center_edge_bottom_right
24.331050121192877,21.587033144922902,16.15549442140351,11.313708498984761,8.0,11.313708498984761,14.317821063276353,17.46424919657298,20.024984394500787,17.029386365926403,14.317821063276353,10.816653826391969,7.0710678118654755,9.899494936611665,15.524174696260024,21.02379604162864,24.186773244895647,22.090722034374522,18.681541692269406,15.231546211727817,12.041594578792296,9.0,11.313708498984761,17.08800749063506,21.587033144922902,22.02271554554524,15.297058540778355,8.602325267042627,5.0990195135927845,10.44030650891055,15.033296378372908,19.0,748.3214549911021,685.3356841723623,724.4894754239015,594.3778259659423,62.07253821135398
