left_iris-362,left_iris-382,left_iris-381,left_iris-380,left_iris-374,left_iris-373,left_iris-390,left_iris-249,left_iris-263,left_iris-466,left_iris-388,left_iris-387,left_iris-386,left_iris-385,left_iris-384,left_iris-398,right_iris-133,right_iris-33,right_iris-7,right_iris-163,right_iris-144,right_iris-145,right_iris-153,right_iris-154,right_iris-155,right_iris-173,right_iris-157,right_iris-158,right_iris-159,right_iris-160,right_iris-161,right_iris-246,middle_left_right,center_edge_top_left,center_edge_top_right,center_edge_bottom_left,center_edge_bottom_right
29.120439557122072,26.248809496813376,20.615528128088304,13.45362404707371,10.0,14.866068747318506,21.02379604162864,25.96150997149434,31.400636936215164,27.073972741361768,23.021728866442675,15.524174696260024,7.211102550927978,7.810249675906654,17.029386365926403,25.317977802344327,29.427877939124322,23.345235059857504,19.924858845171276,16.55294535724685,12.041594578792296,9.055385138137417,13.601470508735444,21.18962010041709,26.68332812825267,25.079872407968907,18.110770276274835,8.602325267042627,6.708203932499369,12.649110640673518,18.027756377319946,21.095023109728988,625.2071656659095,574.4423382725197,604.6354273444454,469.1311117374332,80.05623023850174
