left_iris-362,left_iris-382,left_iris-381,left_iris-380,left_iris-374,left_iris-373,left_iris-390,left_iris-249,left_iris-263,left_iris-466,left_iris-388,left_iris-387,left_iris-386,left_iris-385,left_iris-384,left_iris-398,right_iris-133,right_iris-33,right_iris-7,right_iris-163,right_iris-144,right_iris-145,right_iris-153,right_iris-154,right_iris-155,right_iris-173,right_iris-157,right_iris-158,right_iris-159,right_iris-160,right_iris-161,right_iris-246,middle_left_right,center_edge_top_left,center_edge_top_right,center_edge_bottom_left,center_edge_bottom_right
32.7566787083184,29.120439557122072,22.360679774997898,14.422205101855956,14.560219778561036,20.808652046684813,26.570660511172846,30.59411708155671,35.05709628591621,32.01562118716424,28.160255680657446,21.840329667841555,12.041594578792296,10.295630140987,18.681541692269406,28.071337695236398,34.92849839314596,32.01562118716424,28.635642126552707,24.698178070456937,19.209372712298546,14.142135623730951,16.401219466856727,24.166091947189145,31.32091952673165,30.14962686336267,20.396078054371138,11.40175425099138,11.661903789690601,20.615528128088304,26.30589287593181,30.066592756745816,664.1987654309514,597.8795865389619,638.9522673877916,512.0156247615887,80.02499609497022
