left_iris-362,left_iris-382,left_iris-381,left_iris-380,left_iris-374,left_iris-373,left_iris-390,left_iris-249,left_iris-263,left_iris-466,left_iris-388,left_iris-387,left_iris-386,left_iris-385,left_iris-384,left_iris-398,right_iris-133,right_iris-33,right_iris-7,right_iris-163,right_iris-144,right_iris-145,right_iris-153,right_iris-154,right_iris-155,right_iris-173,right_iris-157,right_iris-158,right_iris-159,right_iris-160,right_iris-161,right_iris-246,middle_left_right,center_edge_top_left,center_edge_top_right,center_edge_bottom_left,center_edge_bottom_right
35.510561809129406,30.805843601498726,24.351591323771842,15.811388300841896,9.486832980505138,11.313708498984761,16.55294535724685,21.840329667841555,26.1725046566048,21.0,16.278820596099706,10.816653826391969,7.615773105863909,14.317821063276353,23.08679276123039,31.144823004794873,26.019223662515376,27.16615541441225,23.53720459187964,18.681541692269406,14.317821063276353,7.615773105863909,9.219544457292887,16.492422502470642,22.20360331117452,23.08679276123039,16.15549442140351,10.295630140987,9.848857801796104,15.231546211727817,20.09975124224178,24.0,525.7841762548584,470.0521247691579,502.9403543164935,371.95295401434845,75.02666192761077
