left_iris-362,left_iris-382,left_iris-381,left_iris-380,left_iris-374,left_iris-373,left_iris-390,left_iris-249,left_iris-263,left_iris-466,left_iris-388,left_iris-387,left_iris-386,left_iris-385,left_iris-384,left_iris-398,right_iris-133,right_iris-33,right_iris-7,right_iris-163,right_iris-144,right_iris-145,right_iris-153,right_iris-154,right_iris-155,right_iris-173,right_iris-157,right_iris-158,right_iris-159,right_iris-160,right_iris-161,right_iris-246,middle_left_right,center_edge_top_left,center_edge_top_right,center_edge_bottom_left,center_edge_bottom_right
27.459060435491963,24.041630560342615,17.88854381999832,11.40175425099138,10.198039027185569,15.620499351813308,19.697715603592208,23.769728648009426,27.294688127912362,24.08318915758459,20.0,14.317821063276353,6.4031242374328485,7.810249675906654,16.278820596099706,23.08679276123039,27.459060435491963,23.53720459187964,21.18962010041709,17.88854381999832,13.45362404707371,9.055385138137417,12.041594578792296,19.313207915827967,24.73863375370596,24.08318915758459,17.11724276862369,8.06225774829855,5.385164807134504,12.36931687685298,18.0,21.213203435596427,629.6292559911745,562.1681243186953,603.8484909312931,478.2603893278221,65.0
