left_iris-362,left_iris-382,left_iris-381,left_iris-380,left_iris-374,left_iris-373,left_iris-390,left_iris-249,left_iris-263,left_iris-466,left_iris-388,left_iris-387,left_iris-386,left_iris-385,left_iris-384,left_iris-398,right_iris-133,right_iris-33,right_iris-7,right_iris-163,right_iris-144,right_iris-145,right_iris-153,right_iris-154,right_iris-155,right_iris-173,right_iris-157,right_iris-158,right_iris-159,right_iris-160,right_iris-161,right_iris-246,middle_left_right,center_edge_top_left,center_edge_top_right,center_edge_bottom_left,center_edge_bottom_right
31.144823004794873,28.071337695236398,22.02271554554524,14.142135623730951,5.0,8.06225774829855,16.492422502470642,23.194827009486403,31.016124838541646,27.018512172212592,22.20360331117452,15.231546211727817,9.219544457292887,14.142135623730951,21.540659228538015,28.442925306655784,22.02271554554524,23.53720459187964,19.924858845171276,15.231546211727817,10.0,6.0,9.433981132056603,15.297058540778355,19.1049731745428,19.1049731745428,13.601470508735444,7.0710678118654755,5.830951894845301,11.40175425099138,17.0,20.223748416156685,544.8348373589927,503.03578401541176,526.5405967254567,387.7434718986253,80.06247560499239
