left_iris-362,left_iris-382,left_iris-381,left_iris-380,left_iris-374,left_iris-373,left_iris-390,left_iris-249,left_iris-263,left_iris-466,left_iris-388,left_iris-387,left_iris-386,left_iris-385,left_iris-384,left_iris-398,right_iris-133,right_iris-33,right_iris-7,right_iris-163,right_iris-144,right_iris-145,right_iris-153,right_iris-154,right_iris-155,right_iris-173,right_iris-157,right_iris-158,right_iris-159,right_iris-160,right_iris-161,right_iris-246,middle_left_right,center_edge_top_left,center_edge_top_right,center_edge_bottom_left,center_edge_bottom_right
24.186773244895647,21.587033144922902,17.08800749063506,11.313708498984761,9.0,11.313708498984761,14.7648230602334,17.72004514666935,20.09975124224178,18.0,15.132745950421556,10.770329614269007,6.082762530298219,8.602325267042627,15.297058540778355,21.02379604162864,26.30589287593181,22.20360331117452,18.973665961010276,16.55294535724685,12.727922061357855,9.0,12.041594578792296,18.384776310850235,23.53720459187964,23.08679276123039,16.1245154965971,8.06225774829855,4.123105625617661,10.198039027185569,16.0,19.026297590440446,739.7513095628827,678.6250805857385,716.471911522008,585.3477598829605,58.0
