left_iris-362,left_iris-382,left_iris-381,left_iris-380,left_iris-374,left_iris-373,left_iris-390,left_iris-249,left_iris-263,left_iris-466,left_iris-388,left_iris-387,left_iris-386,left_iris-385,left_iris-384,left_iris-398,right_iris-133,right_iris-33,right_iris-7,right_iris-163,right_iris-144,right_iris-145,right_iris-153,right_iris-154,right_iris-155,right_iris-173,right_iris-157,right_iris-158,right_iris-159,right_iris-160,right_iris-161,right_iris-246,middle_left_right,center_edge_top_left,center_edge_top_right,center_edge_bottom_left,center_edge_bottom_right
36.124783736376884,32.0,25.179356624028344,15.652475842498529,10.44030650891055,13.601470508735444,17.804493814764857,20.12461179749811,23.08679276123039,20.223748416156685,17.0,11.704699910719626,8.06225774829855,14.212670403551895,24.351591323771842,32.55764119219941,36.68787265568828,32.0624390837628,26.076809620810597,21.587033144922902,15.264337522473747,10.04987562112089,15.556349186104045,24.596747752497688,32.89376840679705,32.7566787083184,24.020824298928627,12.649110640673518,6.0,13.892443989449804,21.587033144922902,27.16615541441225,701.0,660.2279909243473,684.0328939458979,543.2319946394911,79.55501241279521
