left_iris-362,left_iris-382,left_iris-381,left_iris-380,left_iris-374,left_iris-373,left_iris-390,left_iris-249,left_iris-263,left_iris-466,left_iris-388,left_iris-387,left_iris-386,left_iris-385,left_iris-384,left_iris-398,right_iris-133,right_iris-33,right_iris-7,right_iris-163,right_iris-144,right_iris-145,right_iris-153,right_iris-154,right_iris-155,right_iris-173,right_iris-157,right_iris-158,right_iris-159,right_iris-160,right_iris-161,right_iris-246,middle_left_right,center_edge_top_left,center_edge_top_right,center_edge_bottom_left,center_edge_bottom_right
30.59411708155671,27.892651361962706,22.47220505424423,15.0,11.40175425099138,11.661903789690601,15.811388300841896,18.384776310850235,21.213203435596427,19.026297590440446,16.0312195418814,11.180339887498949,6.082762530298219,10.816653826391969,19.1049731745428,27.16615541441225,28.442925306655784,22.20360331117452,18.973665961010276,16.64331697709324,12.806248474865697,11.045361017187261,14.866068747318506,20.615528128088304,25.709920264364882,25.079872407968907,18.24828759089466,10.0,6.082762530298219,11.704699910719626,16.0312195418814,20.024984394500787,705.6238374658271,626.1030266657398,676.4650767038902,558.3950214677777,64.00781202322104
