left_iris-362,left_iris-382,left_iris-381,left_iris-380,left_iris-374,left_iris-373,left_iris-390,left_iris-249,left_iris-263,left_iris-466,left_iris-388,left_iris-387,left_iris-386,left_iris-385,left_iris-384,left_iris-398,right_iris-133,right_iris-33,right_iris-7,right_iris-163,right_iris-144,right_iris-145,right_iris-153,right_iris-154,right_iris-155,right_iris-173,right_iris-157,right_iris-158,right_iris-159,right_iris-160,right_iris-161,right_iris-246,middle_left_right,center_edge_top_left,center_edge_top_right,center_edge_bottom_left,center_edge_bottom_right
23.0,20.024984394500787,15.132745950421556,8.94427190999916,6.082762530298219,9.219544457292887,13.038404810405298,16.15549442140351,18.681541692269406,17.26267650163207,14.035668847618199,10.198039027185569,4.47213595499958,7.0710678118654755,14.560219778561036,20.09975124224178,25.709920264364882,21.213203435596427,17.029386365926403,13.038404810405298,7.280109889280518,4.123105625617661,11.180339887498949,18.027756377319946,23.769728648009426,23.345235059857504,17.029386365926403,9.055385138137417,3.1622776601683795,7.615773105863909,13.341664064126334,17.26267650163207,768.8283293427734,703.418083361524,744.3097473498517,615.4648649598123,59.033888572581766
