left_iris-362,left_iris-382,left_iris-381,left_iris-380,left_iris-374,left_iris-373,left_iris-390,left_iris-249,left_iris-263,left_iris-466,left_iris-388,left_iris-387,left_iris-386,left_iris-385,left_iris-384,left_iris-398,right_iris-133,right_iris-33,right_iris-7,right_iris-163,right_iris-144,right_iris-145,right_iris-153,right_iris-154,right_iris-155,right_iris-173,right_iris-157,right_iris-158,right_iris-159,right_iris-160,right_iris-161,right_iris-246,middle_left_right,center_edge_top_left,center_edge_top_right,center_edge_bottom_left,center_edge_bottom_right
38.01315561749642,35.014282800023196,29.068883707497267,18.439088914585774,8.48528137423857,9.219544457292887,17.72004514666935,24.331050121192877,31.016124838541646,27.0,21.02379604162864,13.341664064126334,4.0,13.0,25.317977802344327,34.0147027033899,34.92849839314596,32.0624390837628,27.294688127912362,21.18962010041709,15.620499351813308,12.041594578792296,17.029386365926403,25.632011235952593,32.01562118716424,30.265491900843113,21.095023109728988,10.0,8.602325267042627,18.027756377319946,24.331050121192877,29.068883707497267,766.475700854241,691.7983810330868,739.0433004905734,616.4292335702453,92.04890004774636
