left_iris-362,left_iris-382,left_iris-381,left_iris-380,left_iris-374,left_iris-373,left_iris-390,left_iris-249,left_iris-263,left_iris-466,left_iris-388,left_iris-387,left_iris-386,left_iris-385,left_iris-384,left_iris-398,right_iris-133,right_iris-33,right_iris-7,right_iris-163,right_iris-144,right_iris-145,right_iris-153,right_iris-154,right_iris-155,right_iris-173,right_iris-157,right_iris-158,right_iris-159,right_iris-160,right_iris-161,right_iris-246,middle_left_right,center_edge_top_left,center_edge_top_right,center_edge_bottom_left,center_edge_bottom_right
24.515301344262525,22.135943621178654,17.0,11.40175425099138,10.198039027185569,14.212670403551895,17.08800749063506,20.396078054371138,24.020824298928627,21.0,18.110770276274835,12.649110640673518,5.830951894845301,7.810249675906654,15.132745950421556,21.095023109728988,24.020824298928627,19.235384061671343,16.76305461424021,13.892443989449804,10.63014581273465,8.0,10.63014581273465,16.492422502470642,21.095023109728988,21.02379604162864,15.524174696260024,8.602325267042627,5.0990195135927845,9.486832980505138,14.035668847618199,17.029386365926403,698.3301511462898,631.320045618702,673.0267453823808,546.0448699511791,60.03332407921454
