left_iris-362,left_iris-382,left_iris-381,left_iris-380,left_iris-374,left_iris-373,left_iris-390,left_iris-249,left_iris-263,left_iris-466,left_iris-388,left_iris-387,left_iris-386,left_iris-385,left_iris-384,left_iris-398,right_iris-133,right_iris-33,right_iris-7,right_iris-163,right_iris-144,right_iris-145,right_iris-153,right_iris-154,right_iris-155,right_iris-173,right_iris-157,right_iris-158,right_iris-159,right_iris-160,right_iris-161,right_iris-246,middle_left_right,center_edge_top_left,center_edge_top_right,center_edge_bottom_left,center_edge_bottom_right
24.0,21.02379604162864,16.1245154965971,8.94427190999916,5.0,9.433981132056603,13.92838827718412,17.46424919657298,21.095023109728988,19.026297590440446,16.0,11.180339887498949,5.0,7.810249675906654,14.560219778561036,20.09975124224178,26.476404589747453,19.026297590440446,15.033296378372908,11.180339887498949,6.708203932499369,4.47213595499958,11.180339887498949,18.681541692269406,23.53720459187964,23.08679276123039,17.029386365926403,9.486832980505138,5.0990195135927845,8.94427190999916,13.341664064126334,16.1245154965971,762.6585081148705,702.6720429901848,739.8297101360556,607.8223424652964,60.29925372672534
