left_iris-362,left_iris-382,left_iris-381,left_iris-380,left_iris-374,left_iris-373,left_iris-390,left_iris-249,left_iris-263,left_iris-466,left_iris-388,left_iris-387,left_iris-386,left_iris-385,left_iris-384,left_iris-398,right_iris-133,right_iris-33,right_iris-7,right_iris-163,right_iris-144,right_iris-145,right_iris-153,right_iris-154,right_iris-155,right_iris-173,right_iris-157,right_iris-158,right_iris-159,right_iris-160,right_iris-161,right_iris-246,middle_left_right,center_edge_top_left,center_edge_top_right,center_edge_bottom_left,center_edge_bottom_right
27.018512172212592,23.021728866442675,17.26267650163207,10.0,8.246211251235321,13.601470508735444,18.788294228055936,22.135943621178654,25.709920264364882,22.360679774997898,19.1049731745428,13.038404810405298,5.656854249492381,7.810249675906654,16.76305461424021,23.194827009486403,33.54101966249684,23.021728866442675,18.110770276274835,14.560219778561036,9.219544457292887,8.54400374531753,15.264337522473747,24.041630560342615,29.832867780352597,30.14962686336267,23.0,12.36931687685298,5.0,8.06225774829855,14.317821063276353,19.1049731745428,731.0437743391294,650.7111494357539,701.7300050589258,583.8878316937253,63.50590523722971
