left_iris-362,left_iris-382,left_iris-381,left_iris-380,left_iris-374,left_iris-373,left_iris-390,left_iris-249,left_iris-263,left_iris-466,left_iris-388,left_iris-387,left_iris-386,left_iris-385,left_iris-384,left_iris-398,right_iris-133,right_iris-33,right_iris-7,right_iris-163,right_iris-144,right_iris-145,right_iris-153,right_iris-154,right_iris-155,right_iris-173,right_iris-157,right_iris-158,right_iris-159,right_iris-160,right_iris-161,right_iris-246,middle_left_right,center_edge_top_left,center_edge_top_right,center_edge_bottom_left,center_edge_bottom_right
22.090722034374522,20.024984394500787,15.0,8.54400374531753,5.0990195135927845,9.219544457292887,13.038404810405298,15.652475842498529,18.973665961010276,16.492422502470642,14.142135623730951,10.04987562112089,5.0,7.0710678118654755,13.92838827718412,19.4164878389476,21.540659228538015,17.26267650163207,14.0,11.045361017187261,6.708203932499369,5.0990195135927845,9.219544457292887,14.7648230602334,19.697715603592208,18.681541692269406,14.035668847618199,8.246211251235321,4.47213595499958,7.810249675906654,11.704699910719626,14.317821063276353,793.3051115428414,733.9843322578487,770.8002335235765,638.148101932459,54.57105459856901
