left_iris-362,left_iris-382,left_iris-381,left_iris-380,left_iris-374,left_iris-373,left_iris-390,left_iris-249,left_iris-263,left_iris-466,left_iris-388,left_iris-387,left_iris-386,left_iris-385,left_iris-384,left_iris-398,right_iris-133,right_iris-33,right_iris-7,right_iris-163,right_iris-144,right_iris-145,right_iris-153,right_iris-154,right_iris-155,right_iris-173,right_iris-157,right_iris-158,right_iris-159,right_iris-160,right_iris-161,right_iris-246,middle_left_right,center_edge_top_left,center_edge_top_right,center_edge_bottom_left,center_edge_bottom_right
25.0,23.0,17.029386365926403,10.44030650891055,4.47213595499958,8.602325267042627,13.0,16.492422502470642,20.223748416156685,17.11724276862369,15.0,9.486832980505138,4.123105625617661,8.602325267042627,16.492422502470642,22.090722034374522,25.495097567963924,19.026297590440446,16.0312195418814,12.36931687685298,8.06225774829855,6.082762530298219,10.816653826391969,17.72004514666935,22.561028345356956,22.090722034374522,16.0312195418814,8.54400374531753,5.0990195135927845,8.94427190999916,13.341664064126334,16.1245154965971,776.4946876830517,719.335804753246,754.6151336939911,620.9218952493139,62.51399843235114
