left_iris-362,left_iris-382,left_iris-381,left_iris-380,left_iris-374,left_iris-373,left_iris-390,left_iris-249,left_iris-263,left_iris-466,left_iris-388,left_iris-387,left_iris-386,left_iris-385,left_iris-384,left_iris-398,right_iris-133,right_iris-33,right_iris-7,right_iris-163,right_iris-144,right_iris-145,right_iris-153,right_iris-154,right_iris-155,right_iris-173,right_iris-157,right_iris-158,right_iris-159,right_iris-160,right_iris-161,right_iris-246,middle_left_right,center_edge_top_left,center_edge_top_right,center_edge_bottom_left,center_edge_bottom_right
24.08318915758459,21.02379604162864,17.029386365926403,9.0,1.0,8.0,14.0,19.0,23.021728866442675,19.0,14.0,8.0,1.0,8.06225774829855,16.1245154965971,21.095023109728988,20.024984394500787,22.090722034374522,20.09975124224178,16.1245154965971,11.180339887498949,3.605551275463989,4.47213595499958,12.041594578792296,17.0,17.11724276862369,12.165525060596439,5.0990195135927845,2.23606797749979,10.0,16.0312195418814,19.026297590440446,668.1953307229855,596.3094834060582,641.237085639937,518.0588769628409,54.230987451824994
