left_iris-362,left_iris-382,left_iris-381,left_iris-380,left_iris-374,left_iris-373,left_iris-390,left_iris-249,left_iris-263,left_iris-466,left_iris-388,left_iris-387,left_iris-386,left_iris-385,left_iris-384,left_iris-398,right_iris-133,right_iris-33,right_iris-7,right_iris-163,right_iris-144,right_iris-145,right_iris-153,right_iris-154,right_iris-155,right_iris-173,right_iris-157,right_iris-158,right_iris-159,right_iris-160,right_iris-161,right_iris-246,middle_left_right,center_edge_top_left,center_edge_top_right,center_edge_bottom_left,center_edge_bottom_right
29.614185789921695,26.92582403567252,21.02379604162864,15.0,14.142135623730951,18.384776310850235,21.470910553583888,23.769728648009426,27.018512172212592,25.079872407968907,22.561028345356956,19.235384061671343,13.416407864998739,12.529964086141668,18.973665961010276,25.019992006393608,38.600518131237564,32.0,27.65863337187866,22.847319317591726,18.384776310850235,15.0,19.849433241279208,28.178005607210743,35.11409973215888,33.37663853655727,24.186773244895647,15.620499351813308,12.041594578792296,18.027756377319946,23.769728648009426,28.160255680657446,731.3179882923706,702.0156693407919,718.2102756157141,573.2591037218685,69.06518659932803
