left_iris-362,left_iris-382,left_iris-381,left_iris-380,left_iris-374,left_iris-373,left_iris-390,left_iris-249,left_iris-263,left_iris-466,left_iris-388,left_iris-387,left_iris-386,left_iris-385,left_iris-384,left_iris-398,right_iris-133,right_iris-33,right_iris-7,right_iris-163,right_iris-144,right_iris-145,right_iris-153,right_iris-154,right_iris-155,right_iris-173,right_iris-157,right_iris-158,right_iris-159,right_iris-160,right_iris-161,right_iris-246,middle_left_right,center_edge_top_left,center_edge_top_right,center_edge_bottom_left,center_edge_bottom_right
26.30589287593181,23.53720459187964,18.973665961010276,12.806248474865697,9.219544457292887,10.63014581273465,14.7648230602334,17.72004514666935,21.213203435596427,18.110770276274835,15.0,9.219544457292887,3.0,8.246211251235321,17.029386365926403,23.08679276123039,27.294688127912362,22.20360331117452,18.973665961010276,15.652475842498529,12.041594578792296,9.055385138137417,12.806248474865697,19.924858845171276,24.515301344262525,24.020824298928627,17.11724276862369,8.54400374531753,4.123105625617661,10.198039027185569,16.0,19.1049731745428,600.4431696672051,566.773323296007,585.1768963313572,442.4160937398186,69.00724599634447
