left_iris-362,left_iris-382,left_iris-381,left_iris-380,left_iris-374,left_iris-373,left_iris-390,left_iris-249,left_iris-263,left_iris-466,left_iris-388,left_iris-387,left_iris-386,left_iris-385,left_iris-384,left_iris-398,right_iris-133,right_iris-33,right_iris-7,right_iris-163,right_iris-144,right_iris-145,right_iris-153,right_iris-154,right_iris-155,right_iris-173,right_iris-157,right_iris-158,right_iris-159,right_iris-160,right_iris-161,right_iris-246,middle_left_right,center_edge_top_left,center_edge_top_right,center_edge_bottom_left,center_edge_bottom_right
38.2099463490856,34.36568055487916,26.68332812825267,16.64331697709324,10.198039027185569,13.45362404707371,18.973665961010276,24.331050121192877,30.01666203960727,26.019223662515376,21.213203435596427,13.92838827718412,6.082762530298219,12.529964086141668,24.186773244895647,34.0147027033899,38.01315561749642,29.068883707497267,25.495097567963924,19.924858845171276,14.422205101855956,8.06225774829855,14.317821063276353,25.179356624028344,33.015148038438355,33.13608305156178,24.515301344262525,12.529964086141668,6.324555320336759,14.560219778561036,21.095023109728988,26.0,654.9900762607018,607.216600563588,635.5407146674397,498.2087915723688,87.05170877128145
