left_iris-362,left_iris-382,left_iris-381,left_iris-380,left_iris-374,left_iris-373,left_iris-390,left_iris-249,left_iris-263,left_iris-466,left_iris-388,left_iris-387,left_iris-386,left_iris-385,left_iris-384,left_iris-398,right_iris-133,right_iris-33,right_iris-7,right_iris-163,right_iris-144,right_iris-145,right_iris-153,right_iris-154,right_iris-155,right_iris-173,right_iris-157,right_iris-158,right_iris-159,right_iris-160,right_iris-161,right_iris-246,middle_left_right,center_edge_top_left,center_edge_top_right,center_edge_bottom_left,center_edge_bottom_right
31.575306807693888,27.892651361962706,21.540659228538015,14.866068747318506,12.041594578792296,15.556349186104045,20.12461179749811,23.769728648009426,28.160255680657446,25.0,22.090722034374522,16.15549442140351,9.433981132056603,10.63014581273465,18.681541692269406,27.073972741361768,33.95585369269929,27.0,22.360679774997898,18.027756377319946,13.45362404707371,11.0,15.556349186104045,24.166091947189145,30.364452901377952,29.274562336608895,21.095023109728988,12.206555615733702,9.055385138137417,14.422205101855956,19.6468827043885,23.194827009486403,601.6942745281859,561.7259118110896,584.410814410548,444.1125983351519,79.0
