left_iris-362,left_iris-382,left_iris-381,left_iris-380,left_iris-374,left_iris-373,left_iris-390,left_iris-249,left_iris-263,left_iris-466,left_iris-388,left_iris-387,left_iris-386,left_iris-385,left_iris-384,left_iris-398,right_iris-133,right_iris-33,right_iris-7,right_iris-163,right_iris-144,right_iris-145,right_iris-153,right_iris-154,right_iris-155,right_iris-173,right_iris-157,right_iris-158,right_iris-159,right_iris-160,right_iris-161,right_iris-246,middle_left_right,center_edge_top_left,center_edge_top_right,center_edge_bottom_left,center_edge_bottom_right
23.345235059857504,20.8806130178211,15.652475842498529,10.295630140987,9.848857801796104,15.0,19.313207915827967,22.80350850198276,25.317977802344327,22.090722034374522,19.0,14.142135623730951,6.4031242374328485,6.4031242374328485,14.142135623730951,20.09975124224178,28.635642126552707,22.090722034374522,17.72004514666935,14.7648230602334,10.63014581273465,9.219544457292887,14.212670403551895,21.540659228538015,25.96150997149434,25.179356624028344,19.026297590440446,10.770329614269007,5.0,9.848857801796104,15.132745950421556,19.026297590440446,620.1233748214947,589.8754105741314,606.0965269657961,462.0097401570664,67.06713054842886
