left_iris-362,left_iris-382,left_iris-381,left_iris-380,left_iris-374,left_iris-373,left_iris-390,left_iris-249,left_iris-263,left_iris-466,left_iris-388,left_iris-387,left_iris-386,left_iris-385,left_iris-384,left_iris-398,right_iris-133,right_iris-33,right_iris-7,right_iris-163,right_iris-144,right_iris-145,right_iris-153,right_iris-154,right_iris-155,right_iris-173,right_iris-157,right_iris-158,right_iris-159,right_iris-160,right_iris-161,right_iris-246,middle_left_right,center_edge_top_left,center_edge_top_right,center_edge_bottom_left,center_edge_bottom_right
26.30589287593181,23.53720459187964,17.46424919657298,11.40175425099138,10.198039027185569,15.0,19.313207915827967,22.561028345356956,26.076809620810597,23.0,19.1049731745428,14.560219778561036,7.211102550927978,8.48528137423857,15.524174696260024,23.021728866442675,29.427877939124322,21.37755832643195,18.027756377319946,15.264337522473747,11.40175425099138,10.198039027185569,13.601470508735444,21.18962010041709,26.68332812825267,26.076809620810597,19.235384061671343,11.180339887498949,6.0,9.848857801796104,15.033296378372908,19.1049731745428,694.4299820716269,629.1526046993687,669.6514018502463,541.6022525802491,70.00714249274856
