left_iris-362,left_iris-382,left_iris-381,left_iris-380,left_iris-374,left_iris-373,left_iris-390,left_iris-249,left_iris-263,left_iris-466,left_iris-388,left_iris-387,left_iris-386,left_iris-385,left_iris-384,left_iris-398,right_iris-133,right_iris-33,right_iris-7,right_iris-163,right_iris-144,right_iris-145,right_iris-153,right_iris-154,right_iris-155,right_iris-173,right_iris-157,right_iris-158,right_iris-159,right_iris-160,right_iris-161,right_iris-246,middle_left_right,center_edge_top_left,center_edge_top_right,center_edge_bottom_left,center_edge_bottom_right
30.265491900843113,27.459060435491963,21.840329667841555,13.601470508735444,10.198039027185569,12.806248474865697,16.1245154965971,19.924858845171276,23.194827009486403,20.024984394500787,17.11724276862369,12.083045973594572,7.0710678118654755,11.40175425099138,19.4164878389476,27.018512172212592,31.144823004794873,19.026297590440446,15.524174696260024,12.206555615733702,9.848857801796104,10.295630140987,15.652475842498529,22.561028345356956,28.284271247461902,28.0,21.37755832643195,13.038404810405298,7.280109889280518,9.219544457292887,13.341664064126334,16.0312195418814,717.0006973497307,638.192760848946,688.1060964705952,569.2890302825094,65.00769185258002
