left_iris-362,left_iris-382,left_iris-381,left_iris-380,left_iris-374,left_iris-373,left_iris-390,left_iris-249,left_iris-263,left_iris-466,left_iris-388,left_iris-387,left_iris-386,left_iris-385,left_iris-384,left_iris-398,right_iris-133,right_iris-33,right_iris-7,right_iris-163,right_iris-144,right_iris-145,right_iris-153,right_iris-154,right_iris-155,right_iris-173,right_iris-157,right_iris-158,right_iris-159,right_iris-160,right_iris-161,right_iris-246,middle_left_right,center_edge_top_left,center_edge_top_right,center_edge_bottom_left,center_edge_bottom_right
31.0,27.073972741361768,21.37755832643195,13.892443989449804,9.486832980505138,11.40175425099138,16.1245154965971,18.973665961010276,23.194827009486403,20.09975124224178,17.0,11.40175425099138,5.0990195135927845,10.816653826391969,19.6468827043885,27.073972741361768,29.832867780352597,29.017236257093817,26.076809620810597,21.587033144922902,17.0,10.770329614269007,12.206555615733702,20.12461179749811,26.248809496813376,25.317977802344327,17.029386365926403,7.211102550927978,7.0710678118654755,16.76305461424021,23.194827009486403,26.076809620810597,779.928201823732,708.7933408265063,753.6497860412354,628.4011457659828,66.61080993352356
