left_iris-362,left_iris-382,left_iris-381,left_iris-380,left_iris-374,left_iris-373,left_iris-390,left_iris-249,left_iris-263,left_iris-466,left_iris-388,left_iris-387,left_iris-386,left_iris-385,left_iris-384,left_iris-398,right_iris-133,right_iris-33,right_iris-7,right_iris-163,right_iris-144,right_iris-145,right_iris-153,right_iris-154,right_iris-155,right_iris-173,right_iris-157,right_iris-158,right_iris-159,right_iris-160,right_iris-161,right_iris-246,middle_left_right,center_edge_top_left,center_edge_top_right,center_edge_bottom_left,center_edge_bottom_right
31.016124838541646,26.832815729997478,20.0,13.341664064126334,15.0,23.769728648009426,30.4138126514911,35.05709628591621,40.11234224026316,36.345563690772494,31.78049716414141,24.166091947189145,13.45362404707371,9.433981132056603,17.11724276862369,25.709920264364882,32.14031735997639,28.160255680657446,23.769728648009426,21.02379604162864,16.278820596099706,11.045361017187261,14.866068747318506,21.840329667841555,29.274562336608895,28.0178514522438,20.248456731316587,12.206555615733702,10.295630140987,17.08800749063506,22.20360331117452,25.0,760.5918747922568,676.0177512462228,730.0684899377592,615.223536610881,91.0823802938856
