left_iris-362,left_iris-382,left_iris-381,left_iris-380,left_iris-374,left_iris-373,left_iris-390,left_iris-249,left_iris-263,left_iris-466,left_iris-388,left_iris-387,left_iris-386,left_iris-385,left_iris-384,left_iris-398,right_iris-133,right_iris-33,right_iris-7,right_iris-163,right_iris-144,right_iris-145,right_iris-153,right_iris-154,right_iris-155,right_iris-173,right_iris-157,right_iris-158,right_iris-159,right_iris-160,right_iris-161,right_iris-246,middle_left_right,center_edge_top_left,center_edge_top_right,center_edge_bottom_left,center_edge_bottom_right
27.0,23.08679276123039,17.46424919657298,10.816653826391969,7.0710678118654755,12.206555615733702,18.027756377319946,21.37755832643195,25.079872407968907,22.0,18.110770276274835,12.083045973594572,7.280109889280518,9.899494936611665,17.72004514666935,24.08318915758459,31.0,27.294688127912362,22.561028345356956,17.72004514666935,11.661903789690601,6.082762530298219,11.704699910719626,21.095023109728988,27.018512172212592,27.073972741361768,19.235384061671343,9.848857801796104,4.123105625617661,11.180339887498949,18.0,23.08679276123039,689.0,646.3133914750645,671.3575798335787,531.4329684917939,80.02499609497022
