left_iris-362,left_iris-382,left_iris-381,left_iris-380,left_iris-374,left_iris-373,left_iris-390,left_iris-249,left_iris-263,left_iris-466,left_iris-388,left_iris-387,left_iris-386,left_iris-385,left_iris-384,left_iris-398,right_iris-133,right_iris-33,right_iris-7,right_iris-163,right_iris-144,right_iris-145,right_iris-153,right_iris-154,right_iris-155,right_iris-173,right_iris-157,right_iris-158,right_iris-159,right_iris-160,right_iris-161,right_iris-246,middle_left_right,center_edge_top_left,center_edge_top_right,center_edge_bottom_left,center_edge_bottom_right
24.73863375370596,22.135943621178654,17.0,11.180339887498949,13.416407864998739,21.095023109728988,28.792360097775937,34.92849839314596,41.19465984809196,36.05551275463989,31.016124838541646,24.331050121192877,13.892443989449804,7.0710678118654755,11.704699910719626,20.09975124224178,35.73513677041127,27.0,23.345235059857504,19.313207915827967,14.866068747318506,12.0,17.69180601295413,25.942243542145693,33.24154027718932,30.805843601498726,22.0,10.770329614269007,6.324555320336759,14.317821063276353,20.396078054371138,24.08318915758459,723.8839686027036,652.6162731651732,697.357870823869,572.8944056281227,84.2140130857092
