left_iris-362,left_iris-382,left_iris-381,left_iris-380,left_iris-374,left_iris-373,left_iris-390,left_iris-249,left_iris-263,left_iris-466,left_iris-388,left_iris-387,left_iris-386,left_iris-385,left_iris-384,left_iris-398,right_iris-133,right_iris-33,right_iris-7,right_iris-163,right_iris-144,right_iris-145,right_iris-153,right_iris-154,right_iris-155,right_iris-173,right_iris-157,right_iris-158,right_iris-159,right_iris-160,right_iris-161,right_iris-246,middle_left_right,center_edge_top_left,center_edge_top_right,center_edge_bottom_left,center_edge_bottom_right
24.331050121192877,21.587033144922902,17.72004514666935,11.661903789690601,6.708203932499369,6.4031242374328485,9.848857801796104,13.152946437965905,16.0312195418814,13.152946437965905,10.770329614269007,7.0710678118654755,6.324555320336759,10.770329614269007,16.0312195418814,21.095023109728988,20.09975124224178,17.11724276862369,15.524174696260024,13.416407864998739,9.899494936611665,7.0,9.219544457292887,13.601470508735444,18.24828759089466,18.027756377319946,12.649110640673518,7.810249675906654,6.324555320336759,9.848857801796104,13.038404810405298,16.0312195418814,724.1781548762708,641.119333665738,693.9985590763139,578.4755828900646,52.23983154643591
