left_iris-362,left_iris-382,left_iris-381,left_iris-380,left_iris-374,left_iris-373,left_iris-390,left_iris-249,left_iris-263,left_iris-466,left_iris-388,left_iris-387,left_iris-386,left_iris-385,left_iris-384,left_iris-398,right_iris-133,right_iris-33,right_iris-7,right_iris-163,right_iris-144,right_iris-145,right_iris-153,right_iris-154,right_iris-155,right_iris-173,right_iris-157,right_iris-158,right_iris-159,right_iris-160,right_iris-161,right_iris-246,middle_left_right,center_edge_top_left,center_edge_top_right,center_edge_bottom_left,center_edge_bottom_right
36.124783736376884,33.24154027718932,26.476404589747453,18.384776310850235,10.816653826391969,10.770329614269007,15.0,18.384776310850235,22.561028345356956,19.235384061671343,16.0,10.44030650891055,5.0990195135927845,13.0,23.194827009486403,32.0,27.892651361962706,31.144823004794873,26.68332812825267,22.135943621178654,16.1245154965971,9.486832980505138,11.40175425099138,18.788294228055936,25.298221281347036,24.186773244895647,16.1245154965971,7.0710678118654755,8.48528137423857,17.46424919657298,24.020824298928627,28.071337695236398,707.7909295830232,658.8383716815529,688.2354248365889,550.9700536326816,80.09993757800315
