left_iris-362,left_iris-382,left_iris-381,left_iris-380,left_iris-374,left_iris-373,left_iris-390,left_iris-249,left_iris-263,left_iris-466,left_iris-388,left_iris-387,left_iris-386,left_iris-385,left_iris-384,left_iris-398,right_iris-133,right_iris-33,right_iris-7,right_iris-163,right_iris-144,right_iris-145,right_iris-153,right_iris-154,right_iris-155,right_iris-173,right_iris-157,right_iris-158,right_iris-159,right_iris-160,right_iris-161,right_iris-246,middle_left_right,center_edge_top_left,center_edge_top_right,center_edge_bottom_left,center_edge_bottom_right
31.575306807693888,27.892651361962706,21.18962010041709,14.212670403551895,10.04987562112089,12.727922061357855,17.0,19.924858845171276,23.194827009486403,21.02379604162864,17.029386365926403,11.40175425099138,5.0990195135927845,9.848857801796104,20.024984394500787,27.16615541441225,28.284271247461902,25.179356624028344,21.840329667841555,17.46424919657298,12.806248474865697,8.0,11.40175425099138,19.924858845171276,25.495097567963924,24.08318915758459,17.11724276862369,8.06225774829855,5.0,12.165525060596439,19.0,22.090722034374522,723.7437391784471,662.4990566031018,700.3606213944356,569.4778309995921,73.06161783043132
