left_iris-362,left_iris-382,left_iris-381,left_iris-380,left_iris-374,left_iris-373,left_iris-390,left_iris-249,left_iris-263,left_iris-466,left_iris-388,left_iris-387,left_iris-386,left_iris-385,left_iris-384,left_iris-398,right_iris-133,right_iris-33,right_iris-7,right_iris-163,right_iris-144,right_iris-145,right_iris-153,right_iris-154,right_iris-155,right_iris-173,right_iris-157,right_iris-158,right_iris-159,right_iris-160,right_iris-161,right_iris-246,middle_left_right,center_edge_top_left,center_edge_top_right,center_edge_bottom_left,center_edge_bottom_right
27.018512172212592,24.08318915758459,19.235384061671343,10.770329614269007,5.0,11.180339887498949,17.72004514666935,22.360679774997898,27.073972741361768,23.021728866442675,19.0,12.041594578792296,2.8284271247461903,7.615773105863909,17.11724276862369,24.0,24.0,15.132745950421556,12.36931687685298,9.848857801796104,5.656854249492381,5.656854249492381,11.40175425099138,17.029386365926403,21.0,21.02379604162864,16.1245154965971,9.486832980505138,3.605551275463989,4.47213595499958,10.0,13.038404810405298,664.0067770738489,587.0306635943305,635.456528804292,516.1443596514448,60.8276253029822
