left_iris-362,left_iris-382,left_iris-381,left_iris-380,left_iris-374,left_iris-373,left_iris-390,left_iris-249,left_iris-263,left_iris-466,left_iris-388,left_iris-387,left_iris-386,left_iris-385,left_iris-384,left_iris-398,right_iris-133,right_iris-33,right_iris-7,right_iris-163,right_iris-144,right_iris-145,right_iris-153,right_iris-154,right_iris-155,right_iris-173,right_iris-157,right_iris-158,right_iris-159,right_iris-160,right_iris-161,right_iris-246,middle_left_right,center_edge_top_left,center_edge_top_right,center_edge_bottom_left,center_edge_bottom_right
26.476404589747453,23.769728648009426,18.384776310850235,12.041594578792296,10.198039027185569,15.0,19.313207915827967,23.53720459187964,27.073972741361768,24.0,21.095023109728988,15.524174696260024,7.810249675906654,7.810249675906654,15.297058540778355,23.021728866442675,31.400636936215164,23.021728866442675,19.6468827043885,16.55294535724685,12.041594578792296,10.198039027185569,15.811388300841896,23.08679276123039,29.614185789921695,28.0178514522438,20.223748416156685,11.661903789690601,6.082762530298219,12.083045973594572,17.11724276862369,20.0,720.1562330494683,638.6900656813131,690.4527500126276,573.6941693969009,68.00735254367721
