left_iris-362,left_iris-382,left_iris-381,left_iris-380,left_iris-374,left_iris-373,left_iris-390,left_iris-249,left_iris-263,left_iris-466,left_iris-388,left_iris-387,left_iris-386,left_iris-385,left_iris-384,left_iris-398,right_iris-133,right_iris-33,right_iris-7,right_iris-163,right_iris-144,right_iris-145,right_iris-153,right_iris-154,right_iris-155,right_iris-173,right_iris-157,right_iris-158,right_iris-159,right_iris-160,right_iris-161,right_iris-246,middle_left_right,center_edge_top_left,center_edge_top_right,center_edge_bottom_left,center_edge_bottom_right
23.021728866442675,20.024984394500787,15.0,6.082762530298219,2.8284271247461903,12.36931687685298,18.24828759089466,23.194827009486403,26.076809620810597,22.20360331117452,18.24828759089466,11.40175425099138,2.8284271247461903,6.082762530298219,14.035668847618199,20.024984394500787,21.02379604162864,27.0,24.020824298928627,19.026297590440446,13.152946437965905,4.123105625617661,5.0990195135927845,13.038404810405298,18.027756377319946,18.110770276274835,13.038404810405298,5.0,4.123105625617661,12.041594578792296,19.026297590440446,24.0,734.706744218399,663.9231883282885,708.3741948998425,583.4329438761579,60.0
