left_iris-362,left_iris-382,left_iris-381,left_iris-380,left_iris-374,left_iris-373,left_iris-390,left_iris-249,left_iris-263,left_iris-466,left_iris-388,left_iris-387,left_iris-386,left_iris-385,left_iris-384,left_iris-398,right_iris-133,right_iris-33,right_iris-7,right_iris-163,right_iris-144,right_iris-145,right_iris-153,right_iris-154,right_iris-155,right_iris-173,right_iris-157,right_iris-158,right_iris-159,right_iris-160,right_iris-161,right_iris-246,middle_left_right,center_edge_top_left,center_edge_top_right,center_edge_bottom_left,center_edge_bottom_right
33.54101966249684,30.083217912982647,22.847319317591726,15.0,14.560219778561036,20.808652046684813,26.248809496813376,30.4138126514911,35.014282800023196,32.0624390837628,28.442925306655784,21.540659228538015,12.806248474865697,11.661903789690601,19.924858845171276,29.017236257093817,34.52535300326414,33.015148038438355,28.635642126552707,25.079872407968907,19.849433241279208,14.142135623730951,16.401219466856727,24.166091947189145,31.04834939252005,30.066592756745816,20.615528128088304,11.40175425099138,10.816653826391969,20.248456731316587,26.30589287593181,30.01666203960727,657.3431371817918,588.727441181401,631.3477647065839,506.06323715519983,83.0
