left_iris-362,left_iris-382,left_iris-381,left_iris-380,left_iris-374,left_iris-373,left_iris-390,left_iris-249,left_iris-263,left_iris-466,left_iris-388,left_iris-387,left_iris-386,left_iris-385,left_iris-384,left_iris-398,right_iris-133,right_iris-33,right_iris-7,right_iris-163,right_iris-144,right_iris-145,right_iris-153,right_iris-154,right_iris-155,right_iris-173,right_iris-157,right_iris-158,right_iris-159,right_iris-160,right_iris-161,right_iris-246,middle_left_right,center_edge_top_left,center_edge_top_right,center_edge_bottom_left,center_edge_bottom_right
32.2490309931942,28.635642126552707,22.135943621178654,14.422205101855956,9.486832980505138,11.40175425099138,15.264337522473747,18.384776310850235,21.37755832643195,18.110770276274835,15.033296378372908,8.94427190999916,6.082762530298219,12.083045973594572,21.095023109728988,28.0178514522438,29.832867780352597,29.154759474226502,25.709920264364882,21.18962010041709,15.811388300841896,11.180339887498949,12.806248474865697,20.12461179749811,26.248809496813376,26.1725046566048,18.24828759089466,10.63014581273465,8.246211251235321,14.317821063276353,21.213203435596427,25.0,589.0135821863533,537.3425350742299,567.923410329245,433.4016612796956,75.23961722390672
