left_iris-362,left_iris-382,left_iris-381,left_iris-380,left_iris-374,left_iris-373,left_iris-390,left_iris-249,left_iris-263,left_iris-466,left_iris-388,left_iris-387,left_iris-386,left_iris-385,left_iris-384,left_iris-398,right_iris-133,right_iris-33,right_iris-7,right_iris-163,right_iris-144,right_iris-145,right_iris-153,right_iris-154,right_iris-155,right_iris-173,right_iris-157,right_iris-158,right_iris-159,right_iris-160,right_iris-161,right_iris-246,middle_left_right,center_edge_top_left,center_edge_top_right,center_edge_bottom_left,center_edge_bottom_right
24.08318915758459,21.02379604162864,16.0,9.219544457292887,3.605551275463989,7.211102550927978,11.704699910719626,14.317821063276353,18.24828759089466,15.033296378372908,12.041594578792296,6.708203932499369,5.0990195135927845,9.433981132056603,16.492422502470642,21.213203435596427,21.37755832643195,23.021728866442675,20.024984394500787,17.11724276862369,12.36931687685298,5.656854249492381,6.4031242374328485,13.0,18.439088914585774,19.1049731745428,13.0,5.385164807134504,3.605551275463989,10.44030650891055,16.278820596099706,20.09975124224178,715.1964765013877,649.2349343650571,690.2941402040148,562.4108818292904,57.42821606144492
