left_iris-362,left_iris-382,left_iris-381,left_iris-380,left_iris-374,left_iris-373,left_iris-390,left_iris-249,left_iris-263,left_iris-466,left_iris-388,left_iris-387,left_iris-386,left_iris-385,left_iris-384,left_iris-398,right_iris-133,right_iris-33,right_iris-7,right_iris-163,right_iris-144,right_iris-145,right_iris-153,right_iris-154,right_iris-155,right_iris-173,right_iris-157,right_iris-158,right_iris-159,right_iris-160,right_iris-161,right_iris-246,middle_left_right,center_edge_top_left,center_edge_top_right,center_edge_bottom_left,center_edge_bottom_right
31.144823004794873,28.284271247461902,21.587033144922902,13.892443989449804,9.219544457292887,12.727922061357855,18.35755975068582,22.47220505424423,26.68332812825267,23.345235059857504,19.1049731745428,13.038404810405298,5.0,9.433981132056603,19.235384061671343,27.0,31.78049716414141,27.073972741361768,22.360679774997898,18.027756377319946,12.206555615733702,8.06225774829855,13.601470508735444,22.47220505424423,29.120439557122072,27.294688127912362,20.024984394500787,9.848857801796104,5.385164807134504,13.341664064126334,20.024984394500787,24.020824298928627,699.1602105383287,649.3265742290239,679.2827099227537,542.5172808307584,79.1012010022604
