left_iris-362,left_iris-382,left_iris-381,left_iris-380,left_iris-374,left_iris-373,left_iris-390,left_iris-249,left_iris-263,left_iris-466,left_iris-388,left_iris-387,left_iris-386,left_iris-385,left_iris-384,left_iris-398,right_iris-133,right_iris-33,right_iris-7,right_iris-163,right_iris-144,right_iris-145,right_iris-153,right_iris-154,right_iris-155,right_iris-173,right_iris-157,right_iris-158,right_iris-159,right_iris-160,right_iris-161,right_iris-246,middle_left_right,center_edge_top_left,center_edge_top_right,center_edge_bottom_left,center_edge_bottom_right
30.59411708155671,27.892651361962706,21.18962010041709,13.45362404707371,10.0,13.45362404707371,18.788294228055936,22.135943621178654,25.495097567963924,22.20360331117452,19.026297590440446,13.152946437965905,5.830951894845301,8.94427190999916,19.1049731745428,26.1725046566048,27.65863337187866,27.073972741361768,22.561028345356956,19.313207915827967,13.601470508735444,9.219544457292887,12.041594578792296,18.384776310850235,25.0,24.08318915758459,17.46424919657298,9.219544457292887,8.06225774829855,14.866068747318506,20.09975124224178,24.0,746.300877662622,687.9425848135875,723.9233384827429,591.1556478627266,72.00694410957877
