left_iris-362,left_iris-382,left_iris-381,left_iris-380,left_iris-374,left_iris-373,left_iris-390,left_iris-249,left_iris-263,left_iris-466,left_iris-388,left_iris-387,left_iris-386,left_iris-385,left_iris-384,left_iris-398,right_iris-133,right_iris-33,right_iris-7,right_iris-163,right_iris-144,right_iris-145,right_iris-153,right_iris-154,right_iris-155,right_iris-173,right_iris-157,right_iris-158,right_iris-159,right_iris-160,right_iris-161,right_iris-246,middle_left_right,center_edge_top_left,center_edge_top_right,center_edge_bottom_left,center_edge_bottom_right
35.73513677041127,32.31098884280702,25.059928172283335,16.401219466856727,13.341664064126334,18.867962264113206,24.73863375370596,30.066592756745816,34.23448553724738,31.575306807693888,28.460498941515414,22.47220505424423,14.317821063276353,13.601470508735444,21.37755832643195,30.4138126514911,36.6742416417845,31.144823004794873,26.92582403567252,22.825424421026653,17.69180601295413,14.0,17.69180601295413,26.92582403567252,33.95585369269929,32.0624390837628,22.561028345356956,13.45362404707371,11.704699910719626,18.788294228055936,24.331050121192877,28.0,616.7090075554272,577.0008665504758,599.6082054141688,459.05337380309055,81.09870529176159
