left_iris-362,left_iris-382,left_iris-381,left_iris-380,left_iris-374,left_iris-373,left_iris-390,left_iris-249,left_iris-263,left_iris-466,left_iris-388,left_iris-387,left_iris-386,left_iris-385,left_iris-384,left_iris-398,right_iris-133,right_iris-33,right_iris-7,right_iris-163,right_iris-144,right_iris-145,right_iris-153,right_iris-154,right_iris-155,right_iris-173,right_iris-157,right_iris-158,right_iris-159,right_iris-160,right_iris-161,right_iris-246,middle_left_right,center_edge_top_left,center_edge_top_right,center_edge_bottom_left,center_edge_bottom_right
36.138621999185304,32.57299494980466,26.40075756488817,18.439088914585774,15.0,18.384776310850235,21.93171219946131,25.709920264364882,30.0,27.073972741361768,23.345235059857504,17.08800749063506,8.94427190999916,11.40175425099138,22.090722034374522,31.400636936215164,34.92849839314596,31.0,26.30589287593181,22.47220505424423,17.804493814764857,13.152946437965905,16.278820596099706,25.079872407968907,32.28002478313795,30.14962686336267,21.213203435596427,9.899494936611665,9.433981132056603,18.027756377319946,24.331050121192877,28.071337695236398,768.1907315244047,707.4015832608802,745.1288479182645,613.5283204547285,85.0235261559999
