left_iris-362,left_iris-382,left_iris-381,left_iris-380,left_iris-374,left_iris-373,left_iris-390,left_iris-249,left_iris-263,left_iris-466,left_iris-388,left_iris-387,left_iris-386,left_iris-385,left_iris-384,left_iris-398,right_iris-133,right_iris-33,right_iris-7,right_iris-163,right_iris-144,right_iris-145,right_iris-153,right_iris-154,right_iris-155,right_iris-173,right_iris-157,right_iris-158,right_iris-159,right_iris-160,right_iris-161,right_iris-246,middle_left_right,center_edge_top_left,center_edge_top_right,center_edge_bottom_left,center_edge_bottom_right
26.019223662515376,23.0,18.027756377319946,10.44030650891055,5.0,6.4031242374328485,10.770329614269007,14.317821063276353,17.11724276862369,15.033296378372908,11.045361017187261,7.211102550927978,5.0990195135927845,10.295630140987,17.46424919657298,23.08679276123039,20.396078054371138,24.020824298928627,21.02379604162864,18.110770276274835,13.601470508735444,7.0710678118654755,5.830951894845301,12.083045973594572,17.72004514666935,17.11724276862369,12.165525060596439,5.656854249492381,7.211102550927978,13.0,18.24828759089466,21.095023109728988,707.5485849042453,640.8002808988149,682.367203197809,555.0900827793629,58.215118311311535
