left_iris-362,left_iris-382,left_iris-381,left_iris-380,left_iris-374,left_iris-373,left_iris-390,left_iris-249,left_iris-263,left_iris-466,left_iris-388,left_iris-387,left_iris-386,left_iris-385,left_iris-384,left_iris-398,right_iris-133,right_iris-33,right_iris-7,right_iris-163,right_iris-144,right_iris-145,right_iris-153,right_iris-154,right_iris-155,right_iris-173,right_iris-157,right_iris-158,right_iris-159,right_iris-160,right_iris-161,right_iris-246,middle_left_right,center_edge_top_left,center_edge_top_right,center_edge_bottom_left,center_edge_bottom_right
31.016124838541646,27.018512172212592,20.223748416156685,11.40175425099138,10.04987562112089,16.278820596099706,20.248456731316587,23.706539182259394,25.298221281347036,23.769728648009426,20.09975124224178,14.142135623730951,7.211102550927978,9.899494936611665,20.248456731316587,27.294688127912362,40.52159917870962,28.0,22.360679774997898,16.15549442140351,11.40175425099138,12.083045973594572,20.808652046684813,29.154759474226502,36.68787265568828,36.6742416417845,28.0178514522438,16.492422502470642,7.810249675906654,10.0,17.46424919657298,23.08679276123039,723.6090104469401,688.7742736194493,708.6677641885512,565.5174621530267,74.73285756613352
