left_iris-362,left_iris-382,left_iris-381,left_iris-380,left_iris-374,left_iris-373,left_iris-390,left_iris-249,left_iris-263,left_iris-466,left_iris-388,left_iris-387,left_iris-386,left_iris-385,left_iris-384,left_iris-398,right_iris-133,right_iris-33,right_iris-7,right_iris-163,right_iris-144,right_iris-145,right_iris-153,right_iris-154,right_iris-155,right_iris-173,right_iris-157,right_iris-158,right_iris-159,right_iris-160,right_iris-161,right_iris-246,middle_left_right,center_edge_top_left,center_edge_top_right,center_edge_bottom_left,center_edge_bottom_right
30.59411708155671,27.892651361962706,22.135943621178654,14.212670403551895,10.04987562112089,14.142135623730951,18.788294228055936,22.561028345356956,27.073972741361768,25.0,21.213203435596427,17.08800749063506,9.433981132056603,10.0,18.439088914585774,26.076809620810597,31.400636936215164,23.021728866442675,19.4164878389476,16.55294535724685,12.041594578792296,10.198039027185569,15.0,23.08679276123039,28.635642126552707,27.073972741361768,19.235384061671343,11.40175425099138,8.246211251235321,13.416407864998739,18.24828759089466,21.02379604162864,708.7171509142416,626.2427644292587,678.6604452891004,562.9209535982827,64.00781202322104
