left_iris-362,left_iris-382,left_iris-381,left_iris-380,left_iris-374,left_iris-373,left_iris-390,left_iris-249,left_iris-263,left_iris-466,left_iris-388,left_iris-387,left_iris-386,left_iris-385,left_iris-384,left_iris-398,right_iris-133,right_iris-33,right_iris-7,right_iris-163,right_iris-144,right_iris-145,right_iris-153,right_iris-154,right_iris-155,right_iris-173,right_iris-157,right_iris-158,right_iris-159,right_iris-160,right_iris-161,right_iris-246,middle_left_right,center_edge_top_left,center_edge_top_right,center_edge_bottom_left,center_edge_bottom_right
39.319206502675,35.05709628591621,27.018512172212592,15.811388300841896,8.54400374531753,12.041594578792296,18.35755975068582,22.47220505424423,26.476404589747453,23.194827009486403,18.0,11.40175425099138,6.0,14.422205101855956,26.248809496813376,34.713109915419565,40.024992192379,33.06055050963308,28.0178514522438,22.360679774997898,15.231546211727817,9.055385138137417,15.620499351813308,26.92582403567252,35.17101079013795,35.35533905932738,26.019223662515376,12.36931687685298,5.0,13.92838827718412,23.345235059857504,28.160255680657446,762.6093364233092,725.9290598949735,747.243601511582,604.5436295256117,89.26925562588724
