left_iris-362,left_iris-382,left_iris-381,left_iris-380,left_iris-374,left_iris-373,left_iris-390,left_iris-249,left_iris-263,left_iris-466,left_iris-388,left_iris-387,left_iris-386,left_iris-385,left_iris-384,left_iris-398,right_iris-133,right_iris-33,right_iris-7,right_iris-163,right_iris-144,right_iris-145,right_iris-153,right_iris-154,right_iris-155,right_iris-173,right_iris-157,right_iris-158,right_iris-159,right_iris-160,right_iris-161,right_iris-246,middle_left_right,center_edge_top_left,center_edge_top_right,center_edge_bottom_left,center_edge_bottom_right
24.186773244895647,22.360679774997898,17.46424919657298,11.180339887498949,6.708203932499369,7.810249675906654,10.770329614269007,14.317821063276353,17.0,15.132745950421556,12.36931687685298,8.602325267042627,6.082762530298219,9.433981132056603,16.1245154965971,22.02271554554524,21.37755832643195,19.026297590440446,16.492422502470642,13.92838827718412,10.0,7.0710678118654755,9.219544457292887,14.866068747318506,18.439088914585774,18.027756377319946,13.152946437965905,7.0710678118654755,5.830951894845301,10.770329614269007,15.132745950421556,18.0,746.5929279064998,661.3629865663787,715.8219052250357,601.7482862460017,56.0
