left_iris-362,left_iris-382,left_iris-381,left_iris-380,left_iris-374,left_iris-373,left_iris-390,left_iris-249,left_iris-263,left_iris-466,left_iris-388,left_iris-387,left_iris-386,left_iris-385,left_iris-384,left_iris-398,right_iris-133,right_iris-33,right_iris-7,right_iris-163,right_iris-144,right_iris-145,right_iris-153,right_iris-154,right_iris-155,right_iris-173,right_iris-157,right_iris-158,right_iris-159,right_iris-160,right_iris-161,right_iris-246,middle_left_right,center_edge_top_left,center_edge_top_right,center_edge_bottom_left,center_edge_bottom_right
24.08318915758459,21.37755832643195,16.76305461424021,10.63014581273465,9.055385138137417,11.40175425099138,14.422205101855956,16.55294535724685,18.439088914585774,16.1245154965971,14.035668847618199,9.848857801796104,6.082762530298219,9.219544457292887,15.524174696260024,21.0,25.495097567963924,24.020824298928627,20.396078054371138,16.76305461424021,13.038404810405298,8.246211251235321,10.63014581273465,17.46424919657298,22.80350850198276,22.02271554554524,16.492422502470642,9.219544457292887,8.54400374531753,13.416407864998739,18.24828759089466,21.02379604162864,755.3118561230189,696.4165420206501,732.8001091702976,600.2466159837971,57.0350769263968
