left_iris-362,left_iris-382,left_iris-381,left_iris-380,left_iris-374,left_iris-373,left_iris-390,left_iris-249,left_iris-263,left_iris-466,left_iris-388,left_iris-387,left_iris-386,left_iris-385,left_iris-384,left_iris-398,right_iris-133,right_iris-33,right_iris-7,right_iris-163,right_iris-144,right_iris-145,right_iris-153,right_iris-154,right_iris-155,right_iris-173,right_iris-157,right_iris-158,right_iris-159,right_iris-160,right_iris-161,right_iris-246,middle_left_right,center_edge_top_left,center_edge_top_right,center_edge_bottom_left,center_edge_bottom_right
39.05124837953327,35.17101079013795,28.792360097775937,19.209372712298546,13.341664064126334,15.0,19.235384061671343,22.561028345356956,27.0,24.08318915758459,20.396078054371138,14.7648230602334,8.246211251235321,13.038404810405298,24.08318915758459,33.37663853655727,32.01562118716424,33.0,28.284271247461902,24.041630560342615,18.027756377319946,11.40175425099138,14.212670403551895,21.93171219946131,29.120439557122072,27.16615541441225,18.24828759089466,8.602325267042627,9.899494936611665,19.924858845171276,26.1725046566048,30.066592756745816,792.8303727784399,733.6756776669102,770.3765313143956,637.6362599476288,85.0
