left_iris-362,left_iris-382,left_iris-381,left_iris-380,left_iris-374,left_iris-373,left_iris-390,left_iris-249,left_iris-263,left_iris-466,left_iris-388,left_iris-387,left_iris-386,left_iris-385,left_iris-384,left_iris-398,right_iris-133,right_iris-33,right_iris-7,right_iris-163,right_iris-144,right_iris-145,right_iris-153,right_iris-154,right_iris-155,right_iris-173,right_iris-157,right_iris-158,right_iris-159,right_iris-160,right_iris-161,right_iris-246,middle_left_right,center_edge_top_left,center_edge_top_right,center_edge_bottom_left,center_edge_bottom_right
32.64965543462902,29.154759474226502,22.02271554554524,14.317821063276353,12.083045973594572,17.46424919657298,22.090722034374522,27.073972741361768,30.805843601498726,27.202941017470888,23.769728648009426,18.027756377319946,9.486832980505138,9.433981132056603,19.026297590440446,27.85677655436824,31.064449134018133,21.840329667841555,19.72308292331602,16.97056274847714,14.317821063276353,11.704699910719626,15.652475842498529,22.20360331117452,28.0,26.476404589747453,19.697715603592208,12.206555615733702,8.94427190999916,13.601470508735444,18.027756377319946,20.396078054371138,583.8878316937253,529.4572692862002,561.8941181397079,428.981351576033,69.3757882838098
