left_iris-362,left_iris-382,left_iris-381,left_iris-380,left_iris-374,left_iris-373,left_iris-390,left_iris-249,left_iris-263,left_iris-466,left_iris-388,left_iris-387,left_iris-386,left_iris-385,left_iris-384,left_iris-398,right_iris-133,right_iris-33,right_iris-7,right_iris-163,right_iris-144,right_iris-145,right_iris-153,right_iris-154,right_iris-155,right_iris-173,right_iris-157,right_iris-158,right_iris-159,right_iris-160,right_iris-161,right_iris-246,middle_left_right,center_edge_top_left,center_edge_top_right,center_edge_bottom_left,center_edge_bottom_right
27.459060435491963,24.73863375370596,20.248456731316587,13.45362404707371,10.04987562112089,12.806248474865697,16.1245154965971,18.973665961010276,22.20360331117452,20.024984394500787,17.029386365926403,12.649110640673518,6.708203932499369,9.219544457292887,16.278820596099706,23.08679276123039,29.614185789921695,28.0,23.345235059857504,19.313207915827967,14.212670403551895,10.0,14.212670403551895,21.18962010041709,27.65863337187866,25.079872407968907,17.26267650163207,8.602325267042627,9.433981132056603,17.08800749063506,22.20360331117452,25.019992006393608,769.8324493030935,694.8683328516273,742.322032543828,619.8725675491697,67.11929677819934
