left_iris-362,left_iris-382,left_iris-381,left_iris-380,left_iris-374,left_iris-373,left_iris-390,left_iris-249,left_iris-263,left_iris-466,left_iris-388,left_iris-387,left_iris-386,left_iris-385,left_iris-384,left_iris-398,right_iris-133,right_iris-33,right_iris-7,right_iris-163,right_iris-144,right_iris-145,right_iris-153,right_iris-154,right_iris-155,right_iris-173,right_iris-157,right_iris-158,right_iris-159,right_iris-160,right_iris-161,right_iris-246,middle_left_right,center_edge_top_left,center_edge_top_right,center_edge_bottom_left,center_edge_bottom_right
26.076809620810597,24.0,18.24828759089466,10.816653826391969,9.0,14.212670403551895,18.027756377319946,21.93171219946131,24.73863375370596,22.360679774997898,19.026297590440446,14.317821063276353,8.602325267042627,9.433981132056603,16.55294535724685,23.53720459187964,35.73513677041127,31.04834939252005,26.1725046566048,20.024984394500787,13.92838827718412,8.06225774829855,14.866068747318506,24.596747752497688,31.953090617340916,30.805843601498726,22.02271554554524,10.770329614269007,7.0710678118654755,15.264337522473747,22.47220505424423,27.202941017470888,783.077263110097,727.8804846951181,761.8464412202763,627.0645899745895,73.49829930005184
