left_iris-362,left_iris-382,left_iris-381,left_iris-380,left_iris-374,left_iris-373,left_iris-390,left_iris-249,left_iris-263,left_iris-466,left_iris-388,left_iris-387,left_iris-386,left_iris-385,left_iris-384,left_iris-398,right_iris-133,right_iris-33,right_iris-7,right_iris-163,right_iris-144,right_iris-145,right_iris-153,right_iris-154,right_iris-155,right_iris-173,right_iris-157,right_iris-158,right_iris-159,right_iris-160,right_iris-161,right_iris-246,middle_left_right,center_edge_top_left,center_edge_top_right,center_edge_bottom_left,center_edge_bottom_right
28.0178514522438,25.079872407968907,20.223748416156685,13.416407864998739,7.615773105863909,10.63014581273465,16.55294535724685,21.18962010041709,26.30589287593181,22.20360331117452,17.11724276862369,10.0,2.23606797749979,8.54400374531753,18.24828759089466,25.019992006393608,27.073972741361768,19.0,16.278820596099706,13.92838827718412,9.219544457292887,7.280109889280518,11.661903789690601,19.4164878389476,24.186773244895647,24.0,18.24828759089466,10.295630140987,6.0,10.295630140987,14.317821063276353,17.11724276862369,662.7050626032669,582.7332151164887,633.2282368940918,516.3119212259194,70.34912934784623
