left_iris-362,left_iris-382,left_iris-381,left_iris-380,left_iris-374,left_iris-373,left_iris-390,left_iris-249,left_iris-263,left_iris-466,left_iris-388,left_iris-387,left_iris-386,left_iris-385,left_iris-384,left_iris-398,right_iris-133,right_iris-33,right_iris-7,right_iris-163,right_iris-144,right_iris-145,right_iris-153,right_iris-154,right_iris-155,right_iris-173,right_iris-157,right_iris-158,right_iris-159,right_iris-160,right_iris-161,right_iris-246,middle_left_right,center_edge_top_left,center_edge_top_right,center_edge_bottom_left,center_edge_bottom_right
26.248809496813376,22.847319317591726,18.027756377319946,12.529964086141668,10.44030650891055,14.422205101855956,18.681541692269406,22.090722034374522,25.079872407968907,21.37755832643195,18.681541692269406,12.529964086141668,6.324555320336759,8.94427190999916,17.0,23.53720459187964,26.0,23.194827009486403,19.924858845171276,17.0,13.45362404707371,10.0,12.041594578792296,17.46424919657298,23.08679276123039,23.194827009486403,17.08800749063506,10.63014581273465,7.615773105863909,13.0,17.11724276862369,20.024984394500787,765.2012807098534,686.0269673999703,736.3647194155895,617.1166826459969,67.47592163134935
