left_iris-362,left_iris-382,left_iris-381,left_iris-380,left_iris-374,left_iris-373,left_iris-390,left_iris-249,left_iris-263,left_iris-466,left_iris-388,left_iris-387,left_iris-386,left_iris-385,left_iris-384,left_iris-398,right_iris-133,right_iris-33,right_iris-7,right_iris-163,right_iris-144,right_iris-145,right_iris-153,right_iris-154,right_iris-155,right_iris-173,right_iris-157,right_iris-158,right_iris-159,right_iris-160,right_iris-161,right_iris-246,middle_left_right,center_edge_top_left,center_edge_top_right,center_edge_bottom_left,center_edge_bottom_right
24.08318915758459,21.095023109728988,15.297058540778355,7.615773105863909,3.1622776601683795,10.44030650891055,16.278820596099706,20.09975124224178,24.020824298928627,21.02379604162864,16.0,10.0,1.0,7.0,15.0,21.02379604162864,22.0,27.073972741361768,24.08318915758459,20.09975124224178,14.142135623730951,5.385164807134504,4.47213595499958,13.038404810405298,19.0,19.0,13.0,5.0990195135927845,4.123105625617661,13.038404810405298,19.1049731745428,23.08679276123039,704.230076040494,629.3170901858617,676.4909459852364,554.9234181398367,58.008620049092706
