left_iris-362,left_iris-382,left_iris-381,left_iris-380,left_iris-374,left_iris-373,left_iris-390,left_iris-249,left_iris-263,left_iris-466,left_iris-388,left_iris-387,left_iris-386,left_iris-385,left_iris-384,left_iris-398,right_iris-133,right_iris-33,right_iris-7,right_iris-163,right_iris-144,right_iris-145,right_iris-153,right_iris-154,right_iris-155,right_iris-173,right_iris-157,right_iris-158,right_iris-159,right_iris-160,right_iris-161,right_iris-246,middle_left_right,center_edge_top_left,center_edge_top_right,center_edge_bottom_left,center_edge_bottom_right
35.22782990761707,30.4138126514911,23.08679276123039,13.45362404707371,10.198039027185569,16.1245154965971,22.80350850198276,28.284271247461902,33.0,29.068883707497267,24.186773244895647,15.811388300841896,6.708203932499369,10.816653826391969,22.20360331117452,31.0,40.01249804748511,26.076809620810597,21.587033144922902,16.55294535724685,11.40175425099138,10.295630140987,18.788294228055936,28.284271247461902,36.05551275463989,36.05551275463989,27.459060435491963,16.15549442140351,6.708203932499369,9.848857801796104,17.11724276862369,22.0,596.4176389075025,541.5847117487716,574.3814063842945,441.4906567527789,89.02246907382428
