left_iris-362,left_iris-382,left_iris-381,left_iris-380,left_iris-374,left_iris-373,left_iris-390,left_iris-249,left_iris-263,left_iris-466,left_iris-388,left_iris-387,left_iris-386,left_iris-385,left_iris-384,left_iris-398,right_iris-133,right_iris-33,right_iris-7,right_iris-163,right_iris-144,right_iris-145,right_iris-153,right_iris-154,right_iris-155,right_iris-173,right_iris-157,right_iris-158,right_iris-159,right_iris-160,right_iris-161,right_iris-246,middle_left_right,center_edge_top_left,center_edge_top_right,center_edge_bottom_left,center_edge_bottom_right
36.013886210738214,33.13608305156178,25.495097567963924,16.1245154965971,11.180339887498949,14.866068747318506,19.72308292331602,23.40939982143925,26.476404589747453,23.194827009486403,20.0,13.341664064126334,6.324555320336759,12.529964086141668,23.53720459187964,32.01562118716424,36.22154055254967,33.0,28.284271247461902,22.80350850198276,16.1245154965971,10.198039027185569,14.212670403551895,24.041630560342615,31.400636936215164,31.0,22.80350850198276,12.727922061357855,10.770329614269007,17.46424919657298,24.331050121192877,29.068883707497267,844.2375258184156,784.5616610566693,821.7889023344134,688.9390393931817,83.05419917138447
