left_iris-362,left_iris-382,left_iris-381,left_iris-380,left_iris-374,left_iris-373,left_iris-390,left_iris-249,left_iris-263,left_iris-466,left_iris-388,left_iris-387,left_iris-386,left_iris-385,left_iris-384,left_iris-398,right_iris-133,right_iris-33,right_iris-7,right_iris-163,right_iris-144,right_iris-145,right_iris-153,right_iris-154,right_iris-155,right_iris-173,right_iris-157,right_iris-158,right_iris-159,right_iris-160,right_iris-161,right_iris-246,middle_left_right,center_edge_top_left,center_edge_top_right,center_edge_bottom_left,center_edge_bottom_right
35.05709628591621,32.14031735997639,25.317977802344327,15.231546211727817,7.615773105863909,10.63014581273465,17.08800749063506,21.587033144922902,27.073972741361768,23.021728866442675,18.027756377319946,11.40175425099138,5.0,11.180339887498949,22.20360331117452,31.0,33.13608305156178,27.16615541441225,23.769728648009426,19.313207915827967,13.601470508735444,8.0,13.038404810405298,21.587033144922902,29.274562336608895,29.0,21.213203435596427,10.295630140987,5.385164807134504,12.36931687685298,20.024984394500787,24.08318915758459,688.3843403215968,617.6350054846308,661.8708333202181,537.562089437118,79.02531240052139
