left_iris-362,left_iris-382,left_iris-381,left_iris-380,left_iris-374,left_iris-373,left_iris-390,left_iris-249,left_iris-263,left_iris-466,left_iris-388,left_iris-387,left_iris-386,left_iris-385,left_iris-384,left_iris-398,right_iris-133,right_iris-33,right_iris-7,right_iris-163,right_iris-144,right_iris-145,right_iris-153,right_iris-154,right_iris-155,right_iris-173,right_iris-157,right_iris-158,right_iris-159,right_iris-160,right_iris-161,right_iris-246,middle_left_right,center_edge_top_left,center_edge_top_right,center_edge_bottom_left,center_edge_bottom_right
25.179356624028344,23.345235059857504,18.439088914585774,12.529964086141668,7.280109889280518,9.219544457292887,13.416407864998739,16.492422502470642,20.09975124224178,18.0,15.132745950421556,11.180339887498949,7.280109889280518,9.899494936611665,16.492422502470642,22.0,26.92582403567252,23.0,20.223748416156685,16.76305461424021,12.206555615733702,9.055385138137417,12.041594578792296,18.788294228055936,24.351591323771842,23.345235059857504,17.029386365926403,8.602325267042627,6.324555320336759,12.529964086141668,17.46424919657298,20.09975124224178,771.1141290366816,711.2081270626763,748.3428358713671,616.2118142327361,60.07495318350236
