left_iris-362,left_iris-382,left_iris-381,left_iris-380,left_iris-374,left_iris-373,left_iris-390,left_iris-249,left_iris-263,left_iris-466,left_iris-388,left_iris-387,left_iris-386,left_iris-385,left_iris-384,left_iris-398,right_iris-133,right_iris-33,right_iris-7,right_iris-163,right_iris-144,right_iris-145,right_iris-153,right_iris-154,right_iris-155,right_iris-173,right_iris-157,right_iris-158,right_iris-159,right_iris-160,right_iris-161,right_iris-246,middle_left_right,center_edge_top_left,center_edge_top_right,center_edge_bottom_left,center_edge_bottom_right
26.68332812825267,23.08679276123039,17.0,10.295630140987,9.433981132056603,16.15549442140351,21.37755832643195,25.079872407968907,29.017236257093817,26.076809620810597,22.360679774997898,17.08800749063506,9.219544457292887,7.810249675906654,16.1245154965971,23.08679276123039,35.12833614050059,25.0,20.223748416156685,15.811388300841896,10.0,7.615773105863909,15.231546211727817,25.495097567963924,32.2490309931942,31.0,23.194827009486403,13.416407864998739,6.082762530298219,11.180339887498949,17.26267650163207,21.02379604162864,662.8136993152751,605.0801599788247,640.2515130790399,508.0570834069731,73.10950690573696
