left_iris-362,left_iris-382,left_iris-381,left_iris-380,left_iris-374,left_iris-373,left_iris-390,left_iris-249,left_iris-263,left_iris-466,left_iris-388,left_iris-387,left_iris-386,left_iris-385,left_iris-384,left_iris-398,right_iris-133,right_iris-33,right_iris-7,right_iris-163,right_iris-144,right_iris-145,right_iris-153,right_iris-154,right_iris-155,right_iris-173,right_iris-157,right_iris-158,right_iris-159,right_iris-160,right_iris-161,right_iris-246,middle_left_right,center_edge_top_left,center_edge_top_right,center_edge_bottom_left,center_edge_bottom_right
30.0,26.076809620810597,20.396078054371138,12.206555615733702,9.0,13.45362404707371,18.788294228055936,22.135943621178654,26.30589287593181,23.08679276123039,19.026297590440446,12.649110640673518,6.324555320336759,10.63014581273465,18.973665961010276,26.1725046566048,31.25699921617557,21.02379604162864,17.72004514666935,14.7648230602334,11.40175425099138,10.44030650891055,14.422205101855956,22.80350850198276,28.442925306655784,28.0178514522438,22.090722034374522,13.0,6.324555320336759,8.602325267042627,14.317821063276353,18.027756377319946,696.4316190409507,626.3521373796053,670.1619207325942,545.2678241011475,70.45565981523414
