left_iris-362,left_iris-382,left_iris-381,left_iris-380,left_iris-374,left_iris-373,left_iris-390,left_iris-249,left_iris-263,left_iris-466,left_iris-388,left_iris-387,left_iris-386,left_iris-385,left_iris-384,left_iris-398,right_iris-133,right_iris-33,right_iris-7,right_iris-163,right_iris-144,right_iris-145,right_iris-153,right_iris-154,right_iris-155,right_iris-173,right_iris-157,right_iris-158,right_iris-159,right_iris-160,right_iris-161,right_iris-246,middle_left_right,center_edge_top_left,center_edge_top_right,center_edge_bottom_left,center_edge_bottom_right
22.20360331117452,19.6468827043885,15.231546211727817,10.0,8.246211251235321,12.806248474865697,16.15549442140351,18.681541692269406,21.095023109728988,19.0,16.1245154965971,12.083045973594572,6.708203932499369,7.810249675906654,14.317821063276353,20.024984394500787,26.30589287593181,22.090722034374522,18.681541692269406,15.652475842498529,11.313708498984761,9.0,12.041594578792296,18.027756377319946,23.53720459187964,23.08679276123039,16.1245154965971,8.602325267042627,6.082762530298219,10.770329614269007,16.1245154965971,19.0,745.7533104183983,685.6004667442985,722.8056446929562,591.0566808691025,59.00847396772772
