left_iris-362,left_iris-382,left_iris-381,left_iris-380,left_iris-374,left_iris-373,left_iris-390,left_iris-249,left_iris-263,left_iris-466,left_iris-388,left_iris-387,left_iris-386,left_iris-385,left_iris-384,left_iris-398,right_iris-133,right_iris-33,right_iris-7,right_iris-163,right_iris-144,right_iris-145,right_iris-153,right_iris-154,right_iris-155,right_iris-173,right_iris-157,right_iris-158,right_iris-159,right_iris-160,right_iris-161,right_iris-246,middle_left_right,center_edge_top_left,center_edge_top_right,center_edge_bottom_left,center_edge_bottom_right
26.476404589747453,22.80350850198276,17.46424919657298,11.40175425099138,9.219544457292887,13.601470508735444,18.384776310850235,21.587033144922902,24.186773244895647,22.02271554554524,18.027756377319946,13.341664064126334,5.0,7.211102550927978,16.1245154965971,23.08679276123039,28.160255680657446,20.223748416156685,16.76305461424021,13.416407864998739,9.219544457292887,7.615773105863909,12.529964086141668,20.396078054371138,25.317977802344327,25.0,19.235384061671343,11.180339887498949,5.0990195135927845,8.54400374531753,14.035668847618199,17.029386365926403,696.8048507293846,632.2475780894696,672.2625975018988,543.7251143730626,72.0
