left_iris-362,left_iris-382,left_iris-381,left_iris-380,left_iris-374,left_iris-373,left_iris-390,left_iris-249,left_iris-263,left_iris-466,left_iris-388,left_iris-387,left_iris-386,left_iris-385,left_iris-384,left_iris-398,right_iris-133,right_iris-33,right_iris-7,right_iris-163,right_iris-144,right_iris-145,right_iris-153,right_iris-154,right_iris-155,right_iris-173,right_iris-157,right_iris-158,right_iris-159,right_iris-160,right_iris-161,right_iris-246,middle_left_right,center_edge_top_left,center_edge_top_right,center_edge_bottom_left,center_edge_bottom_right
30.066592756745816,27.16615541441225,22.561028345356956,14.7648230602334,9.848857801796104,9.848857801796104,12.806248474865697,15.231546211727817,17.26267650163207,16.1245154965971,13.0,8.54400374531753,4.123105625617661,10.770329614269007,20.223748416156685,26.0,30.265491900843113,21.0,17.46424919657298,13.416407864998739,9.433981132056603,9.848857801796104,15.264337522473747,21.840329667841555,27.459060435491963,27.018512172212592,20.223748416156685,12.529964086141668,7.280109889280518,8.602325267042627,13.341664064126334,18.027756377319946,772.4901293867773,695.011510696046,744.2049448908547,623.5711667484313,64.03124237432849
