left_iris-362,left_iris-382,left_iris-381,left_iris-380,left_iris-374,left_iris-373,left_iris-390,left_iris-249,left_iris-263,left_iris-466,left_iris-388,left_iris-387,left_iris-386,left_iris-385,left_iris-384,left_iris-398,right_iris-133,right_iris-33,right_iris-7,right_iris-163,right_iris-144,right_iris-145,right_iris-153,right_iris-154,right_iris-155,right_iris-173,right_iris-157,right_iris-158,right_iris-159,right_iris-160,right_iris-161,right_iris-246,middle_left_right,center_edge_top_left,center_edge_top_right,center_edge_bottom_left,center_edge_bottom_right
30.805843601498726,27.202941017470888,21.93171219946131,16.278820596099706,12.041594578792296,14.212670403551895,17.88854381999832,21.587033144922902,26.0,23.021728866442675,19.235384061671343,14.317821063276353,8.246211251235321,11.40175425099138,19.235384061671343,26.1725046566048,34.23448553724738,24.020824298928627,19.4164878389476,15.652475842498529,12.206555615733702,11.704699910719626,17.4928556845359,25.709920264364882,32.38826948140329,30.0,22.360679774997898,12.206555615733702,8.246211251235321,13.416407864998739,18.439088914585774,22.090722034374522,628.4345630214812,579.7671946566139,608.547450902557,471.94279314340633,78.05767098754612
