left_iris-362,left_iris-382,left_iris-381,left_iris-380,left_iris-374,left_iris-373,left_iris-390,left_iris-249,left_iris-263,left_iris-466,left_iris-388,left_iris-387,left_iris-386,left_iris-385,left_iris-384,left_iris-398,right_iris-133,right_iris-33,right_iris-7,right_iris-163,right_iris-144,right_iris-145,right_iris-153,right_iris-154,right_iris-155,right_iris-173,right_iris-157,right_iris-158,right_iris-159,right_iris-160,right_iris-161,right_iris-246,middle_left_right,center_edge_top_left,center_edge_top_right,center_edge_bottom_left,center_edge_bottom_right
26.076809620810597,24.186773244895647,19.4164878389476,12.529964086141668,8.54400374531753,9.433981132056603,13.038404810405298,16.15549442140351,19.235384061671343,17.11724276862369,14.035668847618199,10.770329614269007,6.082762530298219,9.219544457292887,16.492422502470642,23.0,25.96150997149434,22.02271554554524,19.1049731745428,15.524174696260024,11.661903789690601,8.06225774829855,11.313708498984761,18.788294228055936,23.40939982143925,23.345235059857504,17.029386365926403,9.433981132056603,6.082762530298219,11.180339887498949,16.278820596099706,19.1049731745428,783.6657450724766,726.2451376773548,761.7296108200075,628.117823342086,58.215118311311535
