left_iris-362,left_iris-382,left_iris-381,left_iris-380,left_iris-374,left_iris-373,left_iris-390,left_iris-249,left_iris-263,left_iris-466,left_iris-388,left_iris-387,left_iris-386,left_iris-385,left_iris-384,left_iris-398,right_iris-133,right_iris-33,right_iris-7,right_iris-163,right_iris-144,right_iris-145,right_iris-153,right_iris-154,right_iris-155,right_iris-173,right_iris-157,right_iris-158,right_iris-159,right_iris-160,right_iris-161,right_iris-246,middle_left_right,center_edge_top_left,center_edge_top_right,center_edge_bottom_left,center_edge_bottom_right
26.30589287593181,23.53720459187964,17.08800749063506,10.63014581273465,9.219544457292887,13.601470508735444,18.027756377319946,21.587033144922902,25.079872407968907,22.02271554554524,18.027756377319946,13.341664064126334,5.830951894845301,7.211102550927978,16.1245154965971,23.021728866442675,27.16615541441225,21.095023109728988,18.681541692269406,15.652475842498529,11.313708498984761,9.055385138137417,12.206555615733702,19.6468827043885,24.331050121192877,24.0,18.439088914585774,10.0,6.082762530298219,10.770329614269007,16.0312195418814,19.026297590440446,697.6603758276659,633.1903347335617,673.1493147883314,544.5456821975545,72.00694410957877
