left_iris-362,left_iris-382,left_iris-381,left_iris-380,left_iris-374,left_iris-373,left_iris-390,left_iris-249,left_iris-263,left_iris-466,left_iris-388,left_iris-387,left_iris-386,left_iris-385,left_iris-384,left_iris-398,right_iris-133,right_iris-33,right_iris-7,right_iris-163,right_iris-144,right_iris-145,right_iris-153,right_iris-154,right_iris-155,right_iris-173,right_iris-157,right_iris-158,right_iris-159,right_iris-160,right_iris-161,right_iris-246,middle_left_right,center_edge_top_left,center_edge_top_right,center_edge_bottom_left,center_edge_bottom_right
36.345563690772494,32.7566787083184,24.698178070456937,16.97056274847714,14.035668847618199,19.1049731745428,23.706539182259394,27.202941017470888,30.14962686336267,27.0,24.331050121192877,18.788294228055936,11.704699910719626,12.806248474865697,21.587033144922902,31.016124838541646,38.3275357934736,34.132096331752024,29.832867780352597,24.698178070456937,18.601075237738275,12.165525060596439,15.556349186104045,25.298221281347036,33.734255586866,34.0147027033899,23.53720459187964,12.727922061357855,10.770329614269007,18.384776310850235,26.1725046566048,30.0,768.4855236112129,708.3572544980393,745.6339584541466,613.6529964075788,89.05054744357274
