left_iris-362,left_iris-382,left_iris-381,left_iris-380,left_iris-374,left_iris-373,left_iris-390,left_iris-249,left_iris-263,left_iris-466,left_iris-388,left_iris-387,left_iris-386,left_iris-385,left_iris-384,left_iris-398,right_iris-133,right_iris-33,right_iris-7,right_iris-163,right_iris-144,right_iris-145,right_iris-153,right_iris-154,right_iris-155,right_iris-173,right_iris-157,right_iris-158,right_iris-159,right_iris-160,right_iris-161,right_iris-246,middle_left_right,center_edge_top_left,center_edge_top_right,center_edge_bottom_left,center_edge_bottom_right
27.16615541441225,24.515301344262525,18.384776310850235,12.041594578792296,10.198039027185569,14.866068747318506,19.235384061671343,22.135943621178654,25.495097567963924,22.20360331117452,19.026297590440446,13.152946437965905,6.4031242374328485,7.810249675906654,16.278820596099706,24.0,30.59411708155671,26.019223662515376,22.360679774997898,18.973665961010276,15.0,10.198039027185569,13.45362404707371,20.615528128088304,26.92582403567252,27.16615541441225,19.1049731745428,8.94427190999916,5.385164807134504,13.601470508735444,19.1049731745428,23.0,754.9648998463439,688.6740883756263,730.1177987147006,601.9734213401784,70.45565981523414
