left_iris-362,left_iris-382,left_iris-381,left_iris-380,left_iris-374,left_iris-373,left_iris-390,left_iris-249,left_iris-263,left_iris-466,left_iris-388,left_iris-387,left_iris-386,left_iris-385,left_iris-384,left_iris-398,right_iris-133,right_iris-33,right_iris-7,right_iris-163,right_iris-144,right_iris-145,right_iris-153,right_iris-154,right_iris-155,right_iris-173,right_iris-157,right_iris-158,right_iris-159,right_iris-160,right_iris-161,right_iris-246,middle_left_right,center_edge_top_left,center_edge_top_right,center_edge_bottom_left,center_edge_bottom_right
39.05124837953327,36.22154055254967,28.635642126552707,19.235384061671343,13.416407864998739,14.317821063276353,17.804493814764857,21.02379604162864,24.515301344262525,21.213203435596427,18.0,11.40175425099138,6.0,14.317821063276353,25.317977802344327,35.014282800023196,36.6742416417845,35.014282800023196,30.4138126514911,25.298221281347036,19.4164878389476,13.341664064126334,15.620499351813308,25.079872407968907,32.01562118716424,31.064449134018133,22.561028345356956,12.041594578792296,10.295630140987,19.313207915827967,26.30589287593181,31.064449134018133,854.8362416275996,793.5017328273454,831.8924209295334,699.8892769574342,84.02380615040002
