left_iris-362,left_iris-382,left_iris-381,left_iris-380,left_iris-374,left_iris-373,left_iris-390,left_iris-249,left_iris-263,left_iris-466,left_iris-388,left_iris-387,left_iris-386,left_iris-385,left_iris-384,left_iris-398,right_iris-133,right_iris-33,right_iris-7,right_iris-163,right_iris-144,right_iris-145,right_iris-153,right_iris-154,right_iris-155,right_iris-173,right_iris-157,right_iris-158,right_iris-159,right_iris-160,right_iris-161,right_iris-246,middle_left_right,center_edge_top_left,center_edge_top_right,center_edge_bottom_left,center_edge_bottom_right
32.38826948140329,28.861739379323623,21.18962010041709,12.727922061357855,9.486832980505138,15.652475842498529,21.587033144922902,26.1725046566048,31.0,28.071337695236398,24.331050121192877,18.384776310850235,10.295630140987,10.63014581273465,19.4164878389476,28.0178514522438,30.59411708155671,34.0147027033899,29.274562336608895,24.73863375370596,18.788294228055936,10.295630140987,11.40175425099138,19.697715603592208,26.92582403567252,26.076809620810597,17.46424919657298,9.433981132056603,11.40175425099138,20.248456731316587,26.30589287593181,31.016124838541646,704.543114365615,623.4428602526458,674.8933249040177,558.1048288628222,85.09406559801923
