left_iris-362,left_iris-382,left_iris-381,left_iris-380,left_iris-374,left_iris-373,left_iris-390,left_iris-249,left_iris-263,left_iris-466,left_iris-388,left_iris-387,left_iris-386,left_iris-385,left_iris-384,left_iris-398,right_iris-133,right_iris-33,right_iris-7,right_iris-163,right_iris-144,right_iris-145,right_iris-153,right_iris-154,right_iris-155,right_iris-173,right_iris-157,right_iris-158,right_iris-159,right_iris-160,right_iris-161,right_iris-246,middle_left_right,center_edge_top_left,center_edge_top_right,center_edge_bottom_left,center_edge_bottom_right
25.495097567963924,21.840329667841555,16.55294535724685,10.0,9.848857801796104,14.7648230602334,18.681541692269406,22.360679774997898,25.019992006393608,23.021728866442675,19.235384061671343,13.601470508735444,6.4031242374328485,7.0710678118654755,15.132745950421556,21.095023109728988,29.274562336608895,22.02271554554524,18.439088914585774,15.231546211727817,11.313708498984761,9.055385138137417,12.806248474865697,19.924858845171276,25.495097567963924,26.019223662515376,19.235384061671343,10.295630140987,5.0,9.848857801796104,15.132745950421556,19.0,756.8460873916175,688.5608179384011,731.3795184444257,604.4964846878764,69.06518659932803
