left_iris-362,left_iris-382,left_iris-381,left_iris-380,left_iris-374,left_iris-373,left_iris-390,left_iris-249,left_iris-263,left_iris-466,left_iris-388,left_iris-387,left_iris-386,left_iris-385,left_iris-384,left_iris-398,right_iris-133,right_iris-33,right_iris-7,right_iris-163,right_iris-144,right_iris-145,right_iris-153,right_iris-154,right_iris-155,right_iris-173,right_iris-157,right_iris-158,right_iris-159,right_iris-160,right_iris-161,right_iris-246,middle_left_right,center_edge_top_left,center_edge_top_right,center_edge_bottom_left,center_edge_bottom_right
28.160255680657446,24.331050121192877,18.973665961010276,11.313708498984761,8.246211251235321,13.038404810405298,17.72004514666935,21.37755832643195,25.079872407968907,22.0,18.027756377319946,12.36931687685298,5.385164807134504,8.602325267042627,18.24828759089466,25.0,30.14962686336267,25.495097567963924,22.135943621178654,18.788294228055936,14.212670403551895,9.055385138137417,12.806248474865697,19.6468827043885,26.30589287593181,26.0,18.110770276274835,8.54400374531753,3.605551275463989,12.041594578792296,18.027756377319946,22.20360331117452,642.6196386666065,569.0869880782726,615.028454626288,493.51798346159586,64.00781202322104
