left_iris-362,left_iris-382,left_iris-381,left_iris-380,left_iris-374,left_iris-373,left_iris-390,left_iris-249,left_iris-263,left_iris-466,left_iris-388,left_iris-387,left_iris-386,left_iris-385,left_iris-384,left_iris-398,right_iris-133,right_iris-33,right_iris-7,right_iris-163,right_iris-144,right_iris-145,right_iris-153,right_iris-154,right_iris-155,right_iris-173,right_iris-157,right_iris-158,right_iris-159,right_iris-160,right_iris-161,right_iris-246,middle_left_right,center_edge_top_left,center_edge_top_right,center_edge_bottom_left,center_edge_bottom_right
34.36568055487916,31.575306807693888,25.0,16.64331697709324,11.180339887498949,12.727922061357855,18.384776310850235,21.213203435596427,25.019992006393608,23.08679276123039,20.223748416156685,14.866068747318506,6.708203932499369,10.295630140987,21.095023109728988,30.066592756745816,36.345563690772494,30.0,25.495097567963924,21.93171219946131,16.97056274847714,13.038404810405298,17.029386365926403,26.248809496813376,32.55764119219941,31.016124838541646,22.360679774997898,10.63014581273465,8.94427190999916,17.08800749063506,23.194827009486403,27.018512172212592,713.1795005466716,666.6520831738246,694.4242219277781,555.9901078256698,72.00694410957877
