left_iris-362,left_iris-382,left_iris-381,left_iris-380,left_iris-374,left_iris-373,left_iris-390,left_iris-249,left_iris-263,left_iris-466,left_iris-388,left_iris-387,left_iris-386,left_iris-385,left_iris-384,left_iris-398,right_iris-133,right_iris-33,right_iris-7,right_iris-163,right_iris-144,right_iris-145,right_iris-153,right_iris-154,right_iris-155,right_iris-173,right_iris-157,right_iris-158,right_iris-159,right_iris-160,right_iris-161,right_iris-246,middle_left_right,center_edge_top_left,center_edge_top_right,center_edge_bottom_left,center_edge_bottom_right
30.14962686336267,26.30589287593181,20.615528128088304,12.529964086141668,7.0710678118654755,10.816653826391969,15.811388300841896,20.223748416156685,25.019992006393608,21.0,17.11724276862369,10.44030650891055,5.0990195135927845,9.848857801796104,19.235384061671343,26.019223662515376,27.073972741361768,25.079872407968907,21.587033144922902,18.027756377319946,13.038404810405298,8.246211251235321,10.63014581273465,17.72004514666935,24.331050121192877,24.0,16.278820596099706,7.810249675906654,5.830951894845301,13.341664064126334,19.026297590440446,22.02271554554524,646.9196240646901,612.1315218153693,631.5892652665972,488.8813762049031,67.00746227100382
