left_iris-362,left_iris-382,left_iris-381,left_iris-380,left_iris-374,left_iris-373,left_iris-390,left_iris-249,left_iris-263,left_iris-466,left_iris-388,left_iris-387,left_iris-386,left_iris-385,left_iris-384,left_iris-398,right_iris-133,right_iris-33,right_iris-7,right_iris-163,right_iris-144,right_iris-145,right_iris-153,right_iris-154,right_iris-155,right_iris-173,right_iris-157,right_iris-158,right_iris-159,right_iris-160,right_iris-161,right_iris-246,middle_left_right,center_edge_top_left,center_edge_top_right,center_edge_bottom_left,center_edge_bottom_right
30.14962686336267,26.30589287593181,20.8806130178211,12.806248474865697,10.0,13.45362404707371,17.4928556845359,20.615528128088304,23.53720459187964,20.223748416156685,17.0,11.40175425099138,5.385164807134504,10.0,18.439088914585774,26.0,28.160255680657446,27.16615541441225,23.53720459187964,20.248456731316587,15.811388300841896,10.44030650891055,12.206555615733702,18.35755975068582,24.698178070456937,24.331050121192877,16.1245154965971,8.48528137423857,8.06225774829855,14.866068747318506,20.09975124224178,24.020824298928627,671.6010720658508,609.0550057260838,647.5708455451032,518.1196772947346,64.1248781675256
