left_iris-362,left_iris-382,left_iris-381,left_iris-380,left_iris-374,left_iris-373,left_iris-390,left_iris-249,left_iris-263,left_iris-466,left_iris-388,left_iris-387,left_iris-386,left_iris-385,left_iris-384,left_iris-398,right_iris-133,right_iris-33,right_iris-7,right_iris-163,right_iris-144,right_iris-145,right_iris-153,right_iris-154,right_iris-155,right_iris-173,right_iris-157,right_iris-158,right_iris-159,right_iris-160,right_iris-161,right_iris-246,middle_left_right,center_edge_top_left,center_edge_top_right,center_edge_bottom_left,center_edge_bottom_right
29.068883707497267,26.30589287593181,19.6468827043885,12.206555615733702,8.0,12.041594578792296,16.55294535724685,19.924858845171276,23.345235059857504,20.09975124224178,17.0,10.44030650891055,5.0990195135927845,9.433981132056603,18.24828759089466,26.0,26.1725046566048,25.079872407968907,22.360679774997898,18.681541692269406,13.892443989449804,7.615773105863909,9.219544457292887,16.76305461424021,22.360679774997898,23.0,16.492422502470642,8.48528137423857,6.708203932499369,13.601470508735444,19.1049731745428,22.0,647.5940086195981,583.7619377794342,623.0393246015857,494.75044214229865,62.00806399170998
