left_iris-362,left_iris-382,left_iris-381,left_iris-380,left_iris-374,left_iris-373,left_iris-390,left_iris-249,left_iris-263,left_iris-466,left_iris-388,left_iris-387,left_iris-386,left_iris-385,left_iris-384,left_iris-398,right_iris-133,right_iris-33,right_iris-7,right_iris-163,right_iris-144,right_iris-145,right_iris-153,right_iris-154,right_iris-155,right_iris-173,right_iris-157,right_iris-158,right_iris-159,right_iris-160,right_iris-161,right_iris-246,middle_left_right,center_edge_top_left,center_edge_top_right,center_edge_bottom_left,center_edge_bottom_right
30.14962686336267,26.30589287593181,20.615528128088304,11.661903789690601,7.0710678118654755,10.0,14.866068747318506,19.4164878389476,23.08679276123039,20.0,16.1245154965971,10.770329614269007,5.0990195135927845,9.848857801796104,19.235384061671343,26.0,25.709920264364882,30.066592756745816,26.30589287593181,21.840329667841555,16.55294535724685,9.433981132056603,9.433981132056603,16.55294535724685,23.08679276123039,22.20360331117452,15.132745950421556,6.4031242374328485,7.810249675906654,16.492422502470642,23.08679276123039,27.0,686.819481377749,650.7080758681269,671.2830997425751,528.7920196069529,70.11419257183242
