left_iris-362,left_iris-382,left_iris-381,left_iris-380,left_iris-374,left_iris-373,left_iris-390,left_iris-249,left_iris-263,left_iris-466,left_iris-388,left_iris-387,left_iris-386,left_iris-385,left_iris-384,left_iris-398,right_iris-133,right_iris-33,right_iris-7,right_iris-163,right_iris-144,right_iris-145,right_iris-153,right_iris-154,right_iris-155,right_iris-173,right_iris-157,right_iris-158,right_iris-159,right_iris-160,right_iris-161,right_iris-246,middle_left_right,center_edge_top_left,center_edge_top_right,center_edge_bottom_left,center_edge_bottom_right
29.154759474226502,25.317977802344327,19.6468827043885,12.206555615733702,8.0,11.40175425099138,16.15549442140351,20.396078054371138,24.08318915758459,21.0,17.11724276862369,12.649110640673518,6.324555320336759,9.219544457292887,17.46424919657298,25.0,27.16615541441225,26.076809620810597,22.360679774997898,18.973665961010276,13.892443989449804,8.54400374531753,9.899494936611665,17.08800749063506,23.53720459187964,23.0,16.278820596099706,8.48528137423857,6.708203932499369,13.92838827718412,19.1049731745428,23.0,675.8498353924487,642.1627519562311,661.0393331716351,517.7576653223011,68.06614430096654
