left_iris-362,left_iris-382,left_iris-381,left_iris-380,left_iris-374,left_iris-373,left_iris-390,left_iris-249,left_iris-263,left_iris-466,left_iris-388,left_iris-387,left_iris-386,left_iris-385,left_iris-384,left_iris-398,right_iris-133,right_iris-33,right_iris-7,right_iris-163,right_iris-144,right_iris-145,right_iris-153,right_iris-154,right_iris-155,right_iris-173,right_iris-157,right_iris-158,right_iris-159,right_iris-160,right_iris-161,right_iris-246,middle_left_right,center_edge_top_left,center_edge_top_right,center_edge_bottom_left,center_edge_bottom_right
23.194827009486403,21.02379604162864,16.0,9.219544457292887,4.123105625617661,7.211102550927978,11.704699910719626,15.524174696260024,18.24828759089466,15.033296378372908,12.041594578792296,7.615773105863909,4.0,8.602325267042627,15.811388300841896,21.37755832643195,23.194827009486403,24.331050121192877,21.095023109728988,18.0,12.165525060596439,5.656854249492381,7.0710678118654755,14.560219778561036,20.396078054371138,21.02379604162864,15.132745950421556,7.211102550927978,6.324555320336759,11.661903789690601,18.027756377319946,21.587033144922902,726.4778042032667,657.5484773003433,700.6925145882465,574.6042116100438,58.855755878248644
