left_iris-362,left_iris-382,left_iris-381,left_iris-380,left_iris-374,left_iris-373,left_iris-390,left_iris-249,left_iris-263,left_iris-466,left_iris-388,left_iris-387,left_iris-386,left_iris-385,left_iris-384,left_iris-398,right_iris-133,right_iris-33,right_iris-7,right_iris-163,right_iris-144,right_iris-145,right_iris-153,right_iris-154,right_iris-155,right_iris-173,right_iris-157,right_iris-158,right_iris-159,right_iris-160,right_iris-161,right_iris-246,middle_left_right,center_edge_top_left,center_edge_top_right,center_edge_bottom_left,center_edge_bottom_right
24.331050121192877,22.561028345356956,18.027756377319946,12.806248474865697,9.055385138137417,10.63014581273465,13.892443989449804,16.76305461424021,20.09975124224178,18.027756377319946,15.033296378372908,10.44030650891055,5.385164807134504,8.602325267042627,15.132745950421556,21.02379604162864,27.459060435491963,21.095023109728988,17.46424919657298,13.416407864998739,10.0,8.54400374531753,13.038404810405298,19.924858845171276,24.515301344262525,23.08679276123039,16.1245154965971,8.602325267042627,5.385164807134504,10.44030650891055,15.033296378372908,18.0,748.2913870946264,676.4909459852364,721.6924552744057,597.2771550963589,58.077534382926416
