left_iris-362,left_iris-382,left_iris-381,left_iris-380,left_iris-374,left_iris-373,left_iris-390,left_iris-249,left_iris-263,left_iris-466,left_iris-388,left_iris-387,left_iris-386,left_iris-385,left_iris-384,left_iris-398,right_iris-133,right_iris-33,right_iris-7,right_iris-163,right_iris-144,right_iris-145,right_iris-153,right_iris-154,right_iris-155,right_iris-173,right_iris-157,right_iris-158,right_iris-159,right_iris-160,right_iris-161,right_iris-246,middle_left_right,center_edge_top_left,center_edge_top_right,center_edge_bottom_left,center_edge_bottom_right
25.079872407968907,22.360679774997898,16.76305461424021,9.219544457292887,9.486832980505138,15.264337522473747,20.248456731316587,23.769728648009426,28.442925306655784,25.079872407968907,21.0,15.297058540778355,7.0710678118654755,7.211102550927978,15.811388300841896,22.02271554554524,29.427877939124322,22.20360331117452,19.924858845171276,16.55294535724685,12.727922061357855,10.0,12.727922061357855,20.248456731316587,25.96150997149434,26.076809620810597,19.1049731745428,9.848857801796104,5.0,10.770329614269007,16.0312195418814,20.024984394500787,646.8114099179141,581.6055364248177,621.8239300638083,494.43401986513834,64.03124237432849
