left_iris-362,left_iris-382,left_iris-381,left_iris-380,left_iris-374,left_iris-373,left_iris-390,left_iris-249,left_iris-263,left_iris-466,left_iris-388,left_iris-387,left_iris-386,left_iris-385,left_iris-384,left_iris-398,right_iris-133,right_iris-33,right_iris-7,right_iris-163,right_iris-144,right_iris-145,right_iris-153,right_iris-154,right_iris-155,right_iris-173,right_iris-157,right_iris-158,right_iris-159,right_iris-160,right_iris-161,right_iris-246,middle_left_right,center_edge_top_left,center_edge_top_right,center_edge_bottom_left,center_edge_bottom_right
31.0,27.073972741361768,20.396078054371138,13.038404810405298,9.055385138137417,12.727922061357855,17.88854381999832,22.135943621178654,25.495097567963924,22.090722034374522,18.0,12.649110640673518,6.324555320336759,10.63014581273465,18.681541692269406,27.073972741361768,30.4138126514911,23.08679276123039,19.6468827043885,16.55294535724685,12.727922061357855,10.0,14.142135623730951,21.18962010041709,26.68332812825267,27.073972741361768,19.1049731745428,10.295630140987,6.0,10.770329614269007,16.1245154965971,20.0,694.2341103691175,624.8687862263565,668.1773716611481,542.8268600576063,71.449282711585
