left_iris-362,left_iris-382,left_iris-381,left_iris-380,left_iris-374,left_iris-373,left_iris-390,left_iris-249,left_iris-263,left_iris-466,left_iris-388,left_iris-387,left_iris-386,left_iris-385,left_iris-384,left_iris-398,right_iris-133,right_iris-33,right_iris-7,right_iris-163,right_iris-144,right_iris-145,right_iris-153,right_iris-154,right_iris-155,right_iris-173,right_iris-157,right_iris-158,right_iris-159,right_iris-160,right_iris-161,right_iris-246,middle_left_right,center_edge_top_left,center_edge_top_right,center_edge_bottom_left,center_edge_bottom_right
30.675723300355934,27.85677655436824,21.470910553583888,13.601470508735444,10.770329614269007,16.55294535724685,23.345235059857504,28.0178514522438,33.24154027718932,30.59411708155671,26.248809496813376,21.095023109728988,13.416407864998739,11.661903789690601,18.439088914585774,26.476404589747453,32.0624390837628,26.68332812825267,23.769728648009426,21.095023109728988,16.278820596099706,11.0,14.212670403551895,22.561028345356956,29.154759474226502,28.071337695236398,20.248456731316587,12.206555615733702,11.180339887498949,17.08800749063506,22.0,25.179356624028344,555.3251299914313,525.9144417108167,541.0970338118664,397.2228593623484,72.56031973468694
