left_iris-362,left_iris-382,left_iris-381,left_iris-380,left_iris-374,left_iris-373,left_iris-390,left_iris-249,left_iris-263,left_iris-466,left_iris-388,left_iris-387,left_iris-386,left_iris-385,left_iris-384,left_iris-398,right_iris-133,right_iris-33,right_iris-7,right_iris-163,right_iris-144,right_iris-145,right_iris-153,right_iris-154,right_iris-155,right_iris-173,right_iris-157,right_iris-158,right_iris-159,right_iris-160,right_iris-161,right_iris-246,middle_left_right,center_edge_top_left,center_edge_top_right,center_edge_bottom_left,center_edge_bottom_right
26.076809620810597,23.021728866442675,18.027756377319946,10.295630140987,7.0710678118654755,11.313708498984761,14.7648230602334,18.384776310850235,21.587033144922902,18.24828759089466,15.033296378372908,10.04987562112089,4.123105625617661,8.602325267042627,17.08800749063506,23.345235059857504,31.400636936215164,28.071337695236398,24.020824298928627,19.235384061671343,14.317821063276353,8.246211251235321,12.041594578792296,20.8806130178211,27.65863337187866,27.073972741361768,20.024984394500787,8.54400374531753,4.47213595499958,13.601470508735444,20.223748416156685,24.08318915758459,735.8600410404141,655.2022588483651,706.463020971374,588.8038722698756,65.49045732013177
