left_iris-362,left_iris-382,left_iris-381,left_iris-380,left_iris-374,left_iris-373,left_iris-390,left_iris-249,left_iris-263,left_iris-466,left_iris-388,left_iris-387,left_iris-386,left_iris-385,left_iris-384,left_iris-398,right_iris-133,right_iris-33,right_iris-7,right_iris-163,right_iris-144,right_iris-145,right_iris-153,right_iris-154,right_iris-155,right_iris-173,right_iris-157,right_iris-158,right_iris-159,right_iris-160,right_iris-161,right_iris-246,middle_left_right,center_edge_top_left,center_edge_top_right,center_edge_bottom_left,center_edge_bottom_right
25.317977802344327,22.561028345356956,17.46424919657298,10.816653826391969,12.083045973594572,21.095023109728988,28.460498941515414,34.713109915419565,41.10960958218893,37.0,32.0624390837628,24.515301344262525,14.422205101855956,8.0,13.0,21.0,35.17101079013795,28.0178514522438,24.186773244895647,19.924858845171276,15.0,12.041594578792296,16.278820596099706,25.495097567963924,31.622776601683793,30.4138126514911,22.02271554554524,11.661903789690601,8.246211251235321,15.652475842498529,21.587033144922902,25.179356624028344,729.856150210437,655.8124731964161,702.4884340684905,579.9051646605676,87.14355971613737
