left_iris-362,left_iris-382,left_iris-381,left_iris-380,left_iris-374,left_iris-373,left_iris-390,left_iris-249,left_iris-263,left_iris-466,left_iris-388,left_iris-387,left_iris-386,left_iris-385,left_iris-384,left_iris-398,right_iris-133,right_iris-33,right_iris-7,right_iris-163,right_iris-144,right_iris-145,right_iris-153,right_iris-154,right_iris-155,right_iris-173,right_iris-157,right_iris-158,right_iris-159,right_iris-160,right_iris-161,right_iris-246,middle_left_right,center_edge_top_left,center_edge_top_right,center_edge_bottom_left,center_edge_bottom_right
29.832867780352597,26.248809496813376,19.72308292331602,13.416407864998739,13.416407864998739,20.248456731316587,26.570660511172846,30.805843601498726,35.05709628591621,32.0,28.160255680657446,22.135943621178654,13.45362404707371,9.848857801796104,16.492422502470642,25.179356624028344,28.861739379323623,27.018512172212592,24.331050121192877,21.18962010041709,15.811388300841896,11.40175425099138,13.038404810405298,20.12461179749811,26.248809496813376,25.179356624028344,18.110770276274835,9.899494936611665,9.486832980505138,16.1245154965971,21.840329667841555,25.179356624028344,594.6435907331382,549.0,575.5006516069291,437.8367275594865,76.05918747922567
