left_iris-362,left_iris-382,left_iris-381,left_iris-380,left_iris-374,left_iris-373,left_iris-390,left_iris-249,left_iris-263,left_iris-466,left_iris-388,left_iris-387,left_iris-386,left_iris-385,left_iris-384,left_iris-398,right_iris-133,right_iris-33,right_iris-7,right_iris-163,right_iris-144,right_iris-145,right_iris-153,right_iris-154,right_iris-155,right_iris-173,right_iris-157,right_iris-158,right_iris-159,right_iris-160,right_iris-161,right_iris-246,middle_left_right,center_edge_top_left,center_edge_top_right,center_edge_bottom_left,center_edge_bottom_right
30.4138126514911,27.65863337187866,21.840329667841555,14.422205101855956,9.219544457292887,10.63014581273465,15.811388300841896,20.223748416156685,24.0,21.095023109728988,18.24828759089466,12.083045973594572,7.280109889280518,10.0,19.235384061671343,26.019223662515376,33.13608305156178,26.019223662515376,21.37755832643195,17.08800749063506,12.041594578792296,9.219544457292887,14.7648230602334,24.515301344262525,30.265491900843113,29.0,20.396078054371138,10.0,6.708203932499369,13.92838827718412,20.09975124224178,23.0,642.1619733369456,601.3917192645738,624.8775880122442,484.5327646300093,79.00632886041473
