left_iris-362,left_iris-382,left_iris-381,left_iris-380,left_iris-374,left_iris-373,left_iris-390,left_iris-249,left_iris-263,left_iris-466,left_iris-388,left_iris-387,left_iris-386,left_iris-385,left_iris-384,left_iris-398,right_iris-133,right_iris-33,right_iris-7,right_iris-163,right_iris-144,right_iris-145,right_iris-153,right_iris-154,right_iris-155,right_iris-173,right_iris-157,right_iris-158,right_iris-159,right_iris-160,right_iris-161,right_iris-246,middle_left_right,center_edge_top_left,center_edge_top_right,center_edge_bottom_left,center_edge_bottom_right
43.04648650006177,39.20459156782532,31.575306807693888,21.93171219946131,13.601470508735444,12.083045973594572,16.401219466856727,20.615528128088304,24.331050121192877,20.024984394500787,16.1245154965971,9.433981132056603,8.06225774829855,17.46424919657298,29.274562336608895,38.01315561749642,30.066592756745816,32.0624390837628,28.442925306655784,25.0,19.235384061671343,12.206555615733702,11.180339887498949,18.384776310850235,25.495097567963924,27.073972741361768,19.313207915827967,12.529964086141668,12.529964086141668,19.235384061671343,25.495097567963924,29.017236257093817,696.4976669020507,627.8606533300203,670.6780151458671,544.8017988222873,81.05553651663777
