left_iris-362,left_iris-382,left_iris-381,left_iris-380,left_iris-374,left_iris-373,left_iris-390,left_iris-249,left_iris-263,left_iris-466,left_iris-388,left_iris-387,left_iris-386,left_iris-385,left_iris-384,left_iris-398,right_iris-133,right_iris-33,right_iris-7,right_iris-163,right_iris-144,right_iris-145,right_iris-153,right_iris-154,right_iris-155,right_iris-173,right_iris-157,right_iris-158,right_iris-159,right_iris-160,right_iris-161,right_iris-246,middle_left_right,center_edge_top_left,center_edge_top_right,center_edge_bottom_left,center_edge_bottom_right
36.49657518178932,32.7566787083184,25.298221281347036,16.278820596099706,12.0,17.69180601295413,23.769728648009426,28.861739379323623,34.132096331752024,30.0,26.076809620810597,18.973665961010276,10.0,10.63014581273465,21.37755832643195,31.064449134018133,38.07886552931954,27.0,23.345235059857504,18.973665961010276,14.212670403551895,11.045361017187261,17.029386365926403,26.92582403567252,34.48187929913333,33.37663853655727,24.020824298928627,13.416407864998739,8.06225774829855,14.7648230602334,20.615528128088304,24.08318915758459,676.0362416320593,599.6040360104324,647.707495710834,527.7546778570513,82.09750300709517
