left_iris-362,left_iris-382,left_iris-381,left_iris-380,left_iris-374,left_iris-373,left_iris-390,left_iris-249,left_iris-263,left_iris-466,left_iris-388,left_iris-387,left_iris-386,left_iris-385,left_iris-384,left_iris-398,right_iris-133,right_iris-33,right_iris-7,right_iris-163,right_iris-144,right_iris-145,right_iris-153,right_iris-154,right_iris-155,right_iris-173,right_iris-157,right_iris-158,right_iris-159,right_iris-160,right_iris-161,right_iris-246,middle_left_right,center_edge_top_left,center_edge_top_right,center_edge_bottom_left,center_edge_bottom_right
30.59411708155671,27.892651361962706,22.47220505424423,14.866068747318506,12.041594578792296,14.866068747318506,18.788294228055936,21.840329667841555,26.019223662515376,23.0,20.223748416156685,16.15549442140351,8.94427190999916,10.63014581273465,18.439088914585774,26.076809620810597,34.20526275297414,30.0,25.495097567963924,20.615528128088304,16.278820596099706,12.0,16.97056274847714,24.596747752497688,30.675723300355934,29.427877939124322,21.213203435596427,12.041594578792296,9.219544457292887,15.652475842498529,22.360679774997898,26.076809620810597,697.1083129614794,655.6370947406805,679.8970510305219,539.4070818964096,79.22752047110903
