left_iris-362,left_iris-382,left_iris-381,left_iris-380,left_iris-374,left_iris-373,left_iris-390,left_iris-249,left_iris-263,left_iris-466,left_iris-388,left_iris-387,left_iris-386,left_iris-385,left_iris-384,left_iris-398,right_iris-133,right_iris-33,right_iris-7,right_iris-163,right_iris-144,right_iris-145,right_iris-153,right_iris-154,right_iris-155,right_iris-173,right_iris-157,right_iris-158,right_iris-159,right_iris-160,right_iris-161,right_iris-246,middle_left_right,center_edge_top_left,center_edge_top_right,center_edge_bottom_left,center_edge_bottom_right
33.83784863137726,29.546573405388315,22.47220505424423,14.317821063276353,13.892443989449804,22.360679774997898,28.635642126552707,33.13608305156178,39.01281840626232,34.132096331752024,29.427877939124322,22.47220505424423,11.40175425099138,9.219544457292887,19.1049731745428,28.635642126552707,33.015148038438355,30.265491900843113,26.92582403567252,22.847319317591726,17.804493814764857,11.180339887498949,12.727922061357855,21.840329667841555,28.160255680657446,28.071337695236398,20.248456731316587,11.661903789690601,11.661903789690601,19.313207915827967,24.08318915758459,28.0178514522438,759.3312847499436,675.0437022889703,728.8923102900729,613.8273372863089,88.95504482602435
