left_iris-362,left_iris-382,left_iris-381,left_iris-380,left_iris-374,left_iris-373,left_iris-390,left_iris-249,left_iris-263,left_iris-466,left_iris-388,left_iris-387,left_iris-386,left_iris-385,left_iris-384,left_iris-398,right_iris-133,right_iris-33,right_iris-7,right_iris-163,right_iris-144,right_iris-145,right_iris-153,right_iris-154,right_iris-155,right_iris-173,right_iris-157,right_iris-158,right_iris-159,right_iris-160,right_iris-161,right_iris-246,middle_left_right,center_edge_top_left,center_edge_top_right,center_edge_bottom_left,center_edge_bottom_right
31.25699921617557,28.160255680657446,22.02271554554524,14.317821063276353,6.4031242374328485,8.602325267042627,13.416407864998739,17.72004514666935,22.20360331117452,19.026297590440446,15.033296378372908,9.486832980505138,6.0,11.40175425099138,20.248456731316587,27.65863337187866,29.274562336608895,24.0,20.223748416156685,15.811388300841896,10.63014581273465,8.06225774829855,13.038404810405298,20.8806130178211,26.476404589747453,26.076809620810597,19.026297590440446,9.486832980505138,4.0,10.44030650891055,16.1245154965971,20.024984394500787,725.0958557321921,656.2499523809506,699.331108989154,573.2050244022639,70.03570517957252
