left_iris-362,left_iris-382,left_iris-381,left_iris-380,left_iris-374,left_iris-373,left_iris-390,left_iris-249,left_iris-263,left_iris-466,left_iris-388,left_iris-387,left_iris-386,left_iris-385,left_iris-384,left_iris-398,right_iris-133,right_iris-33,right_iris-7,right_iris-163,right_iris-144,right_iris-145,right_iris-153,right_iris-154,right_iris-155,right_iris-173,right_iris-157,right_iris-158,right_iris-159,right_iris-160,right_iris-161,right_iris-246,middle_left_right,center_edge_top_left,center_edge_top_right,center_edge_bottom_left,center_edge_bottom_right
31.016124838541646,27.16615541441225,21.37755832643195,13.892443989449804,8.246211251235321,11.313708498984761,15.652475842498529,18.973665961010276,22.360679774997898,19.235384061671343,15.033296378372908,9.219544457292887,4.0,10.770329614269007,20.223748416156685,27.018512172212592,27.459060435491963,26.1725046566048,22.561028345356956,18.973665961010276,14.422205101855956,9.486832980505138,10.63014581273465,18.384776310850235,23.769728648009426,24.08318915758459,17.029386365926403,6.708203932499369,5.0,13.341664064126334,19.026297590440446,23.021728866442675,673.7358532837628,607.963814712685,648.7064050863071,521.2676855512914,61.07372593840988
