left_iris-362,left_iris-382,left_iris-381,left_iris-380,left_iris-374,left_iris-373,left_iris-390,left_iris-249,left_iris-263,left_iris-466,left_iris-388,left_iris-387,left_iris-386,left_iris-385,left_iris-384,left_iris-398,right_iris-133,right_iris-33,right_iris-7,right_iris-163,right_iris-144,right_iris-145,right_iris-153,right_iris-154,right_iris-155,right_iris-173,right_iris-157,right_iris-158,right_iris-159,right_iris-160,right_iris-161,right_iris-246,middle_left_right,center_edge_top_left,center_edge_top_right,center_edge_bottom_left,center_edge_bottom_right
26.076809620810597,23.021728866442675,18.027756377319946,11.180339887498949,7.0710678118654755,10.63014581273465,15.264337522473747,18.384776310850235,20.8806130178211,18.439088914585774,15.132745950421556,9.055385138137417,4.123105625617661,8.602325267042627,16.76305461424021,23.345235059857504,29.274562336608895,28.160255680657446,23.0,19.1049731745428,12.649110640673518,6.324555320336759,10.0,19.6468827043885,25.317977802344327,26.019223662515376,19.1049731745428,8.94427190999916,5.385164807134504,13.0,19.4164878389476,24.186773244895647,734.2601718737031,657.0677286246829,705.9305914889933,585.6090846289869,64.6297145282261
