left_iris-362,left_iris-382,left_iris-381,left_iris-380,left_iris-374,left_iris-373,left_iris-390,left_iris-249,left_iris-263,left_iris-466,left_iris-388,left_iris-387,left_iris-386,left_iris-385,left_iris-384,left_iris-398,right_iris-133,right_iris-33,right_iris-7,right_iris-163,right_iris-144,right_iris-145,right_iris-153,right_iris-154,right_iris-155,right_iris-173,right_iris-157,right_iris-158,right_iris-159,right_iris-160,right_iris-161,right_iris-246,middle_left_right,center_edge_top_left,center_edge_top_right,center_edge_bottom_left,center_edge_bottom_right
31.78049716414141,29.120439557122072,23.40939982143925,15.620499351813308,11.045361017187261,14.866068747318506,20.615528128088304,25.709920264364882,31.144823004794873,28.0178514522438,24.08318915758459,17.72004514666935,9.433981132056603,10.0,19.4164878389476,27.16615541441225,33.95585369269929,31.064449134018133,25.709920264364882,21.93171219946131,16.278820596099706,12.0,15.556349186104045,23.769728648009426,30.083217912982647,29.154759474226502,20.223748416156685,9.899494936611665,9.433981132056603,16.76305461424021,23.08679276123039,27.0,724.4618692519297,654.404309276765,698.3158311251435,573.013961435496,85.0
