left_iris-362,left_iris-382,left_iris-381,left_iris-380,left_iris-374,left_iris-373,left_iris-390,left_iris-249,left_iris-263,left_iris-466,left_iris-388,left_iris-387,left_iris-386,left_iris-385,left_iris-384,left_iris-398,right_iris-133,right_iris-33,right_iris-7,right_iris-163,right_iris-144,right_iris-145,right_iris-153,right_iris-154,right_iris-155,right_iris-173,right_iris-157,right_iris-158,right_iris-159,right_iris-160,right_iris-161,right_iris-246,middle_left_right,center_edge_top_left,center_edge_top_right,center_edge_bottom_left,center_edge_bottom_right
34.132096331752024,30.4138126514911,23.53720459187964,14.7648230602334,8.246211251235321,10.63014581273465,16.15549442140351,19.6468827043885,24.186773244895647,21.02379604162864,16.1245154965971,10.295630140987,6.082762530298219,12.083045973594572,22.20360331117452,30.0,29.427877939124322,30.066592756745816,26.476404589747453,21.840329667841555,17.0,10.770329614269007,10.816653826391969,18.788294228055936,24.73863375370596,25.019992006393608,17.46424919657298,10.63014581273465,9.848857801796104,16.55294535724685,22.20360331117452,27.0,574.7112318373463,519.0308276008276,552.261713320777,420.2296990932459,75.16648189186454
