left_iris-362,left_iris-382,left_iris-381,left_iris-380,left_iris-374,left_iris-373,left_iris-390,left_iris-249,left_iris-263,left_iris-466,left_iris-388,left_iris-387,left_iris-386,left_iris-385,left_iris-384,left_iris-398,right_iris-133,right_iris-33,right_iris-7,right_iris-163,right_iris-144,right_iris-145,right_iris-153,right_iris-154,right_iris-155,right_iris-173,right_iris-157,right_iris-158,right_iris-159,right_iris-160,right_iris-161,right_iris-246,middle_left_right,center_edge_top_left,center_edge_top_right,center_edge_bottom_left,center_edge_bottom_right
40.01249804748511,36.124783736376884,28.442925306655784,18.35755975068582,12.36931687685298,16.401219466856727,21.095023109728988,25.632011235952593,29.427877939124322,26.076809620810597,22.02271554554524,14.866068747318506,8.246211251235321,14.212670403551895,25.0,35.12833614050059,38.63935817272331,34.058772731852805,29.614185789921695,25.298221281347036,20.248456731316587,13.601470508735444,15.620499351813308,26.0,34.20526275297414,33.06055050963308,23.345235059857504,12.041594578792296,9.848857801796104,19.313207915827967,26.30589287593181,31.016124838541646,780.0,715.6116265125937,755.8438992278762,626.2587324740471,90.0222194794152
