left_iris-362,left_iris-382,left_iris-381,left_iris-380,left_iris-374,left_iris-373,left_iris-390,left_iris-249,left_iris-263,left_iris-466,left_iris-388,left_iris-387,left_iris-386,left_iris-385,left_iris-384,left_iris-398,right_iris-133,right_iris-33,right_iris-7,right_iris-163,right_iris-144,right_iris-145,right_iris-153,right_iris-154,right_iris-155,right_iris-173,right_iris-157,right_iris-158,right_iris-159,right_iris-160,right_iris-161,right_iris-246,middle_left_right,center_edge_top_left,center_edge_top_right,center_edge_bottom_left,center_edge_bottom_right
28.635642126552707,25.96150997149434,20.615528128088304,14.866068747318506,12.0,14.142135623730951,17.88854381999832,20.615528128088304,24.020824298928627,22.02271554554524,19.235384061671343,15.231546211727817,8.94427190999916,9.899494936611665,18.439088914585774,25.079872407968907,36.138621999185304,31.016124838541646,26.476404589747453,21.540659228538015,16.278820596099706,13.0,16.97056274847714,26.0,32.28002478313795,31.25699921617557,23.194827009486403,12.206555615733702,8.246211251235321,15.652475842498529,22.360679774997898,27.018512172212592,716.0921728381061,676.6742199906836,699.634190130814,558.2006807591692,74.24284477308234
