left_iris-362,left_iris-382,left_iris-381,left_iris-380,left_iris-374,left_iris-373,left_iris-390,left_iris-249,left_iris-263,left_iris-466,left_iris-388,left_iris-387,left_iris-386,left_iris-385,left_iris-384,left_iris-398,right_iris-133,right_iris-33,right_iris-7,right_iris-163,right_iris-144,right_iris-145,right_iris-153,right_iris-154,right_iris-155,right_iris-173,right_iris-157,right_iris-158,right_iris-159,right_iris-160,right_iris-161,right_iris-246,middle_left_right,center_edge_top_left,center_edge_top_right,center_edge_bottom_left,center_edge_bottom_right
38.47076812334269,34.713109915419565,26.92582403567252,16.64331697709324,10.198039027185569,13.45362404707371,19.313207915827967,25.495097567963924,31.064449134018133,27.0,23.08679276123039,15.811388300841896,7.615773105863909,12.206555615733702,23.194827009486403,33.06055050963308,37.656340767525464,29.017236257093817,24.515301344262525,20.248456731316587,14.212670403551895,10.04987562112089,16.401219466856727,26.248809496813376,33.95585369269929,33.13608305156178,23.194827009486403,12.206555615733702,8.246211251235321,15.231546211727817,22.20360331117452,26.019223662515376,679.0029455017113,604.4377552734442,651.2641553164123,529.8537534074851,81.00617260431454
