left_iris-362,left_iris-382,left_iris-381,left_iris-380,left_iris-374,left_iris-373,left_iris-390,left_iris-249,left_iris-263,left_iris-466,left_iris-388,left_iris-387,left_iris-386,left_iris-385,left_iris-384,left_iris-398,right_iris-133,right_iris-33,right_iris-7,right_iris-163,right_iris-144,right_iris-145,right_iris-153,right_iris-154,right_iris-155,right_iris-173,right_iris-157,right_iris-158,right_iris-159,right_iris-160,right_iris-161,right_iris-246,middle_left_right,center_edge_top_left,center_edge_top_right,center_edge_bottom_left,center_edge_bottom_right
30.265491900843113,26.68332812825267,20.8806130178211,14.422205101855956,9.486832980505138,12.206555615733702,16.64331697709324,20.615528128088304,23.769728648009426,20.09975124224178,17.029386365926403,11.180339887498949,7.0,11.661903789690601,20.223748416156685,27.018512172212592,28.160255680657446,28.284271247461902,23.769728648009426,19.697715603592208,14.212670403551895,9.0,12.041594578792296,18.973665961010276,24.515301344262525,24.0,16.492422502470642,10.0,9.848857801796104,15.231546211727817,21.213203435596427,25.0,756.9649925855224,706.7503095153196,737.2218119399344,600.1633111079017,82.05485969764375
