left_iris-362,left_iris-382,left_iris-381,left_iris-380,left_iris-374,left_iris-373,left_iris-390,left_iris-249,left_iris-263,left_iris-466,left_iris-388,left_iris-387,left_iris-386,left_iris-385,left_iris-384,left_iris-398,right_iris-133,right_iris-33,right_iris-7,right_iris-163,right_iris-144,right_iris-145,right_iris-153,right_iris-154,right_iris-155,right_iris-173,right_iris-157,right_iris-158,right_iris-159,right_iris-160,right_iris-161,right_iris-246,middle_left_right,center_edge_top_left,center_edge_top_right,center_edge_bottom_left,center_edge_bottom_right
23.021728866442675,20.0,16.0312195418814,8.54400374531753,4.123105625617661,8.602325267042627,13.0,15.811388300841896,19.4164878389476,16.1245154965971,13.0,8.246211251235321,3.0,8.06225774829855,15.297058540778355,20.09975124224178,21.587033144922902,22.02271554554524,19.0,15.033296378372908,10.44030650891055,4.47213595499958,7.810249675906654,13.92838827718412,18.681541692269406,19.235384061671343,14.0,6.324555320336759,4.47213595499958,10.770329614269007,15.297058540778355,19.1049731745428,715.564113130333,644.7728282116113,689.1531034537971,564.4749773019173,57.55866572463264
