left_iris-362,left_iris-382,left_iris-381,left_iris-380,left_iris-374,left_iris-373,left_iris-390,left_iris-249,left_iris-263,left_iris-466,left_iris-388,left_iris-387,left_iris-386,left_iris-385,left_iris-384,left_iris-398,right_iris-133,right_iris-33,right_iris-7,right_iris-163,right_iris-144,right_iris-145,right_iris-153,right_iris-154,right_iris-155,right_iris-173,right_iris-157,right_iris-158,right_iris-159,right_iris-160,right_iris-161,right_iris-246,middle_left_right,center_edge_top_left,center_edge_top_right,center_edge_bottom_left,center_edge_bottom_right
24.020824298928627,21.02379604162864,16.1245154965971,8.94427190999916,5.0990195135927845,8.602325267042627,13.601470508735444,17.26267650163207,20.09975124224178,17.0,13.152946437965905,8.94427190999916,5.0,9.433981132056603,15.524174696260024,21.095023109728988,24.08318915758459,22.0,19.1049731745428,16.278820596099706,12.649110640673518,5.830951894845301,7.810249675906654,15.524174696260024,21.213203435596427,21.0,15.132745950421556,8.06225774829855,4.47213595499958,10.770329614269007,16.278820596099706,19.026297590440446,691.4463102801258,620.0790272215309,664.7540898708334,540.8308423157836,57.0350769263968
