left_iris-362,left_iris-382,left_iris-381,left_iris-380,left_iris-374,left_iris-373,left_iris-390,left_iris-249,left_iris-263,left_iris-466,left_iris-388,left_iris-387,left_iris-386,left_iris-385,left_iris-384,left_iris-398,right_iris-133,right_iris-33,right_iris-7,right_iris-163,right_iris-144,right_iris-145,right_iris-153,right_iris-154,right_iris-155,right_iris-173,right_iris-157,right_iris-158,right_iris-159,right_iris-160,right_iris-161,right_iris-246,middle_left_right,center_edge_top_left,center_edge_top_right,center_edge_bottom_left,center_edge_bottom_right
31.064449134018133,27.294688127912362,21.840329667841555,14.212670403551895,11.045361017187261,14.212670403551895,18.867962264113206,22.47220505424423,25.317977802344327,23.08679276123039,20.09975124224178,15.231546211727817,9.848857801796104,11.40175425099138,18.973665961010276,26.019223662515376,32.57299494980466,32.2490309931942,28.0,23.194827009486403,17.08800749063506,10.295630140987,13.038404810405298,21.470910553583888,27.85677655436824,27.459060435491963,20.024984394500787,10.63014581273465,9.848857801796104,18.35755975068582,25.0,29.614185789921695,736.1202347442977,681.7426200553989,714.9636354388942,580.1491187617197,75.31268153505093
