left_iris-362,left_iris-382,left_iris-381,left_iris-380,left_iris-374,left_iris-373,left_iris-390,left_iris-249,left_iris-263,left_iris-466,left_iris-388,left_iris-387,left_iris-386,left_iris-385,left_iris-384,left_iris-398,right_iris-133,right_iris-33,right_iris-7,right_iris-163,right_iris-144,right_iris-145,right_iris-153,right_iris-154,right_iris-155,right_iris-173,right_iris-157,right_iris-158,right_iris-159,right_iris-160,right_iris-161,right_iris-246,middle_left_right,center_edge_top_left,center_edge_top_right,center_edge_bottom_left,center_edge_bottom_right
37.33630940518894,33.54101966249684,25.96150997149434,17.204650534085253,13.038404810405298,18.439088914585774,24.186773244895647,29.732137494637012,35.510561809129406,32.14031735997639,28.0,21.37755832643195,11.313708498984761,10.816653826391969,20.615528128088304,31.016124838541646,35.4682957019364,26.019223662515376,22.20360331117452,18.027756377319946,13.45362404707371,12.041594578792296,17.69180601295413,26.419689627245813,33.1058907144937,31.04834939252005,23.021728866442675,13.0,8.0,13.038404810405298,19.6468827043885,23.194827009486403,691.6010410634154,613.687216748076,662.8815882191932,543.7940786731683,87.46427842267951
