left_iris-362,left_iris-382,left_iris-381,left_iris-380,left_iris-374,left_iris-373,left_iris-390,left_iris-249,left_iris-263,left_iris-466,left_iris-388,left_iris-387,left_iris-386,left_iris-385,left_iris-384,left_iris-398,right_iris-133,right_iris-33,right_iris-7,right_iris-163,right_iris-144,right_iris-145,right_iris-153,right_iris-154,right_iris-155,right_iris-173,right_iris-157,right_iris-158,right_iris-159,right_iris-160,right_iris-161,right_iris-246,middle_left_right,center_edge_top_left,center_edge_top_right,center_edge_bottom_left,center_edge_bottom_right
45.89117562233506,41.97618372363071,34.20526275297414,23.706539182259394,15.264337522473747,14.317821063276353,18.601075237738275,23.769728648009426,29.274562336608895,25.079872407968907,21.02379604162864,12.649110640673518,6.082762530298219,15.811388300841896,29.017236257093817,40.311288741492746,32.984845004941285,44.10215414239989,38.63935817272331,33.52610922848042,26.419689627245813,16.64331697709324,13.92838827718412,21.095023109728988,28.460498941515414,27.16615541441225,16.492422502470642,8.246211251235321,15.811388300841896,27.65863337187866,36.05551275463989,40.0,682.2792683351884,643.3544901529793,665.8115348955739,524.4091913763526,104.12012293500234
