left_iris-362,left_iris-382,left_iris-381,left_iris-380,left_iris-374,left_iris-373,left_iris-390,left_iris-249,left_iris-263,left_iris-466,left_iris-388,left_iris-387,left_iris-386,left_iris-385,left_iris-384,left_iris-398,right_iris-133,right_iris-33,right_iris-7,right_iris-163,right_iris-144,right_iris-145,right_iris-153,right_iris-154,right_iris-155,right_iris-173,right_iris-157,right_iris-158,right_iris-159,right_iris-160,right_iris-161,right_iris-246,middle_left_right,center_edge_top_left,center_edge_top_right,center_edge_bottom_left,center_edge_bottom_right
29.966648127543394,27.294688127912362,21.400934559032695,15.652475842498529,14.866068747318506,20.0,25.298221281347036,30.265491900843113,36.05551275463989,32.14031735997639,27.459060435491963,21.540659228538015,12.041594578792296,9.433981132056603,17.11724276862369,25.0,34.52535300326414,27.294688127912362,24.351591323771842,20.808652046684813,16.401219466856727,13.152946437965905,17.804493814764857,26.248809496813376,31.78049716414141,30.01666203960727,21.587033144922902,12.041594578792296,11.180339887498949,18.027756377319946,23.08679276123039,26.019223662515376,654.070332609575,571.5837646399694,623.7852194465656,509.12473913570534,76.79192665899195
