left_iris-362,left_iris-382,left_iris-381,left_iris-380,left_iris-374,left_iris-373,left_iris-390,left_iris-249,left_iris-263,left_iris-466,left_iris-388,left_iris-387,left_iris-386,left_iris-385,left_iris-384,left_iris-398,right_iris-133,right_iris-33,right_iris-7,right_iris-163,right_iris-144,right_iris-145,right_iris-153,right_iris-154,right_iris-155,right_iris-173,right_iris-157,right_iris-158,right_iris-159,right_iris-160,right_iris-161,right_iris-246,middle_left_right,center_edge_top_left,center_edge_top_right,center_edge_bottom_left,center_edge_bottom_right
33.52610922848042,30.083217912982647,22.825424421026653,14.422205101855956,11.704699910719626,17.88854381999832,24.331050121192877,28.0,32.38826948140329,30.805843601498726,27.202941017470888,21.470910553583888,13.038404810405298,11.40175425099138,19.235384061671343,28.442925306655784,34.52535300326414,27.16615541441225,23.40939982143925,20.248456731316587,15.811388300841896,13.152946437965905,17.804493814764857,25.632011235952593,31.78049716414141,30.066592756745816,21.213203435596427,11.40175425099138,8.06225774829855,15.524174696260024,21.02379604162864,25.019992006393608,616.3189109543857,567.405498739658,596.2792969741613,459.9445618767549,68.11754546370561
