left_iris-362,left_iris-382,left_iris-381,left_iris-380,left_iris-374,left_iris-373,left_iris-390,left_iris-249,left_iris-263,left_iris-466,left_iris-388,left_iris-387,left_iris-386,left_iris-385,left_iris-384,left_iris-398,right_iris-133,right_iris-33,right_iris-7,right_iris-163,right_iris-144,right_iris-145,right_iris-153,right_iris-154,right_iris-155,right_iris-173,right_iris-157,right_iris-158,right_iris-159,right_iris-160,right_iris-161,right_iris-246,middle_left_right,center_edge_top_left,center_edge_top_right,center_edge_bottom_left,center_edge_bottom_right
30.01666203960727,26.0,20.09975124224178,12.083045973594572,6.082762530298219,11.40175425099138,17.46424919657298,21.840329667841555,26.30589287593181,22.090722034374522,18.0,11.40175425099138,6.082762530298219,10.816653826391969,19.6468827043885,26.1725046566048,32.0,24.73863375370596,20.248456731316587,15.652475842498529,9.219544457292887,6.708203932499369,13.601470508735444,22.20360331117452,29.017236257093817,28.071337695236398,20.396078054371138,10.770329614269007,4.123105625617661,9.219544457292887,16.0312195418814,20.396078054371138,665.0383447591574,629.1073040428,649.4428381312708,507.0266265197519,82.0
