left_iris-362,left_iris-382,left_iris-381,left_iris-380,left_iris-374,left_iris-373,left_iris-390,left_iris-249,left_iris-263,left_iris-466,left_iris-388,left_iris-387,left_iris-386,left_iris-385,left_iris-384,left_iris-398,right_iris-133,right_iris-33,right_iris-7,right_iris-163,right_iris-144,right_iris-145,right_iris-153,right_iris-154,right_iris-155,right_iris-173,right_iris-157,right_iris-158,right_iris-159,right_iris-160,right_iris-161,right_iris-246,middle_left_right,center_edge_top_left,center_edge_top_right,center_edge_bottom_left,center_edge_bottom_right
27.294688127912362,24.515301344262525,18.027756377319946,12.041594578792296,10.198039027185569,14.212670403551895,18.384776310850235,21.587033144922902,25.179356624028344,22.02271554554524,18.0,13.341664064126334,5.830951894845301,8.602325267042627,16.278820596099706,24.020824298928627,29.274562336608895,21.095023109728988,17.72004514666935,14.317821063276353,9.219544457292887,7.615773105863909,13.416407864998739,21.587033144922902,26.30589287593181,26.019223662515376,19.235384061671343,11.180339887498949,6.0,9.848857801796104,15.132745950421556,19.0,704.528210932678,639.577985862553,679.8970510305219,551.507026247173,71.00704190430693
