left_iris-362,left_iris-382,left_iris-381,left_iris-380,left_iris-374,left_iris-373,left_iris-390,left_iris-249,left_iris-263,left_iris-466,left_iris-388,left_iris-387,left_iris-386,left_iris-385,left_iris-384,left_iris-398,right_iris-133,right_iris-33,right_iris-7,right_iris-163,right_iris-144,right_iris-145,right_iris-153,right_iris-154,right_iris-155,right_iris-173,right_iris-157,right_iris-158,right_iris-159,right_iris-160,right_iris-161,right_iris-246,middle_left_right,center_edge_top_left,center_edge_top_right,center_edge_bottom_left,center_edge_bottom_right
30.14962686336267,26.476404589747453,19.924858845171276,11.313708498984761,9.486832980505138,14.7648230602334,20.615528128088304,24.331050121192877,29.017236257093817,26.019223662515376,22.20360331117452,15.811388300841896,8.06225774829855,9.219544457292887,18.439088914585774,27.0,31.144823004794873,29.068883707497267,24.515301344262525,21.18962010041709,15.811388300841896,10.198039027185569,13.45362404707371,20.8806130178211,27.294688127912362,28.0,20.223748416156685,8.94427190999916,4.47213595499958,13.341664064126334,21.02379604162864,25.019992006393608,698.4275195036347,625.9400929801509,671.4171579577037,548.1797150570239,79.02531240052139
