left_iris-362,left_iris-382,left_iris-381,left_iris-380,left_iris-374,left_iris-373,left_iris-390,left_iris-249,left_iris-263,left_iris-466,left_iris-388,left_iris-387,left_iris-386,left_iris-385,left_iris-384,left_iris-398,right_iris-133,right_iris-33,right_iris-7,right_iris-163,right_iris-144,right_iris-145,right_iris-153,right_iris-154,right_iris-155,right_iris-173,right_iris-157,right_iris-158,right_iris-159,right_iris-160,right_iris-161,right_iris-246,middle_left_right,center_edge_top_left,center_edge_top_right,center_edge_bottom_left,center_edge_bottom_right
24.515301344262525,21.587033144922902,17.72004514666935,11.661903789690601,6.324555320336759,7.0710678118654755,10.770329614269007,14.142135623730951,17.029386365926403,15.132745950421556,12.649110640673518,8.602325267042627,6.082762530298219,8.94427190999916,16.0312195418814,21.095023109728988,20.09975124224178,19.235384061671343,16.76305461424021,13.892443989449804,11.313708498984761,7.0710678118654755,8.48528137423857,13.601470508735444,18.24828759089466,17.0,12.36931687685298,6.4031242374328485,6.4031242374328485,11.40175425099138,15.0,17.11724276862369,728.929351857915,644.1568132062255,698.239214023389,584.0702012600883,54.147945482723536
