left_iris-362,left_iris-382,left_iris-381,left_iris-380,left_iris-374,left_iris-373,left_iris-390,left_iris-249,left_iris-263,left_iris-466,left_iris-388,left_iris-387,left_iris-386,left_iris-385,left_iris-384,left_iris-398,right_iris-133,right_iris-33,right_iris-7,right_iris-163,right_iris-144,right_iris-145,right_iris-153,right_iris-154,right_iris-155,right_iris-173,right_iris-157,right_iris-158,right_iris-159,right_iris-160,right_iris-161,right_iris-246,middle_left_right,center_edge_top_left,center_edge_top_right,center_edge_bottom_left,center_edge_bottom_right
29.614185789921695,26.92582403567252,22.135943621178654,14.422205101855956,9.486832980505138,11.40175425099138,17.0,22.135943621178654,27.459060435491963,23.194827009486403,18.027756377319946,12.165525060596439,4.47213595499958,8.94427190999916,18.110770276274835,26.1725046566048,29.154759474226502,25.317977802344327,21.840329667841555,17.46424919657298,12.806248474865697,8.0,12.206555615733702,19.6468827043885,26.30589287593181,25.019992006393608,17.26267650163207,8.602325267042627,5.830951894845301,14.317821063276353,19.0,23.08679276123039,638.2640519408875,584.2781871677223,616.7503546816978,482.78463107269687,79.05694150420949
