left_iris-362,left_iris-382,left_iris-381,left_iris-380,left_iris-374,left_iris-373,left_iris-390,left_iris-249,left_iris-263,left_iris-466,left_iris-388,left_iris-387,left_iris-386,left_iris-385,left_iris-384,left_iris-398,right_iris-133,right_iris-33,right_iris-7,right_iris-163,right_iris-144,right_iris-145,right_iris-153,right_iris-154,right_iris-155,right_iris-173,right_iris-157,right_iris-158,right_iris-159,right_iris-160,right_iris-161,right_iris-246,middle_left_right,center_edge_top_left,center_edge_top_right,center_edge_bottom_left,center_edge_bottom_right
32.7566787083184,29.120439557122072,23.769728648009426,15.556349186104045,12.041594578792296,14.866068747318506,17.88854381999832,21.840329667841555,25.079872407968907,22.0,19.1049731745428,13.0,7.280109889280518,10.816653826391969,20.09975124224178,28.160255680657446,30.59411708155671,31.016124838541646,26.476404589747453,21.18962010041709,15.811388300841896,10.198039027185569,12.041594578792296,20.615528128088304,26.92582403567252,26.076809620810597,18.439088914585774,10.63014581273465,8.94427190999916,16.15549442140351,22.20360331117452,27.018512172212592,738.650797061778,665.3608043760919,711.5511225484786,588.3068927014199,75.0
