left_iris-362,left_iris-382,left_iris-381,left_iris-380,left_iris-374,left_iris-373,left_iris-390,left_iris-249,left_iris-263,left_iris-466,left_iris-388,left_iris-387,left_iris-386,left_iris-385,left_iris-384,left_iris-398,right_iris-133,right_iris-33,right_iris-7,right_iris-163,right_iris-144,right_iris-145,right_iris-153,right_iris-154,right_iris-155,right_iris-173,right_iris-157,right_iris-158,right_iris-159,right_iris-160,right_iris-161,right_iris-246,middle_left_right,center_edge_top_left,center_edge_top_right,center_edge_bottom_left,center_edge_bottom_right
36.22154055254967,31.400636936215164,24.041630560342615,14.866068747318506,11.180339887498949,17.204650534085253,22.47220505424423,27.459060435491963,32.0624390837628,28.0,23.021728866442675,15.524174696260024,5.830951894845301,10.295630140987,22.360679774997898,32.0,35.05709628591621,29.068883707497267,25.495097567963924,21.18962010041709,15.811388300841896,10.04987562112089,14.212670403551895,22.80350850198276,30.265491900843113,30.01666203960727,22.561028345356956,10.816653826391969,7.615773105863909,14.866068747318506,22.090722034374522,26.0,753.7758287448596,685.4035307758488,728.2705541212002,601.4798417237273,85.09406559801923
