left_iris-362,left_iris-382,left_iris-381,left_iris-380,left_iris-374,left_iris-373,left_iris-390,left_iris-249,left_iris-263,left_iris-466,left_iris-388,left_iris-387,left_iris-386,left_iris-385,left_iris-384,left_iris-398,right_iris-133,right_iris-33,right_iris-7,right_iris-163,right_iris-144,right_iris-145,right_iris-153,right_iris-154,right_iris-155,right_iris-173,right_iris-157,right_iris-158,right_iris-159,right_iris-160,right_iris-161,right_iris-246,middle_left_right,center_edge_top_left,center_edge_top_right,center_edge_bottom_left,center_edge_bottom_right
33.95585369269929,31.32091952673165,24.698178070456937,16.278820596099706,12.041594578792296,14.142135623730951,18.384776310850235,21.213203435596427,25.019992006393608,23.08679276123039,19.4164878389476,14.317821063276353,6.324555320336759,10.295630140987,21.02379604162864,29.274562336608895,35.22782990761707,31.064449134018133,26.92582403567252,23.259406699226016,16.97056274847714,13.0,15.620499351813308,25.0,32.38826948140329,31.0,20.615528128088304,10.63014581273465,9.219544457292887,18.681541692269406,25.079872407968907,28.0,713.6399652485838,671.6263842345683,696.3346896428469,555.9514367280653,74.00675644831355
