left_iris-362,left_iris-382,left_iris-381,left_iris-380,left_iris-374,left_iris-373,left_iris-390,left_iris-249,left_iris-263,left_iris-466,left_iris-388,left_iris-387,left_iris-386,left_iris-385,left_iris-384,left_iris-398,right_iris-133,right_iris-33,right_iris-7,right_iris-163,right_iris-144,right_iris-145,right_iris-153,right_iris-154,right_iris-155,right_iris-173,right_iris-157,right_iris-158,right_iris-159,right_iris-160,right_iris-161,right_iris-246,middle_left_right,center_edge_top_left,center_edge_top_right,center_edge_bottom_left,center_edge_bottom_right
30.083217912982647,27.202941017470888,21.93171219946131,14.142135623730951,11.045361017187261,13.45362404707371,16.55294535724685,20.615528128088304,24.08318915758459,21.0,18.24828759089466,13.0,7.280109889280518,10.0,18.110770276274835,26.30589287593181,29.068883707497267,16.278820596099706,13.416407864998739,11.313708498984761,10.198039027185569,10.816653826391969,16.1245154965971,22.561028345356956,27.294688127912362,26.0,19.6468827043885,13.038404810405298,7.280109889280518,7.810249675906654,11.180339887498949,14.0,677.0672049361127,591.7093881290037,646.0030959678135,533.3104161742953,64.07027391856539
