left_iris-362,left_iris-382,left_iris-381,left_iris-380,left_iris-374,left_iris-373,left_iris-390,left_iris-249,left_iris-263,left_iris-466,left_iris-388,left_iris-387,left_iris-386,left_iris-385,left_iris-384,left_iris-398,right_iris-133,right_iris-33,right_iris-7,right_iris-163,right_iris-144,right_iris-145,right_iris-153,right_iris-154,right_iris-155,right_iris-173,right_iris-157,right_iris-158,right_iris-159,right_iris-160,right_iris-161,right_iris-246,middle_left_right,center_edge_top_left,center_edge_top_right,center_edge_bottom_left,center_edge_bottom_right
27.459060435491963,23.769728648009426,17.46424919657298,10.816653826391969,10.295630140987,16.55294535724685,22.561028345356956,27.16615541441225,31.0,28.071337695236398,25.179356624028344,18.681541692269406,10.0,5.830951894845301,15.132745950421556,23.08679276123039,36.22154055254967,27.073972741361768,21.02379604162864,16.492422502470642,10.0,7.615773105863909,16.55294535724685,26.476404589747453,33.37663853655727,32.01562118716424,24.08318915758459,13.0,6.082762530298219,12.083045973594572,18.439088914585774,23.194827009486403,707.1951640106146,648.0933574725173,684.4158092855541,552.4717187331855,74.00675644831355
