left_iris-362,left_iris-382,left_iris-381,left_iris-380,left_iris-374,left_iris-373,left_iris-390,left_iris-249,left_iris-263,left_iris-466,left_iris-388,left_iris-387,left_iris-386,left_iris-385,left_iris-384,left_iris-398,right_iris-133,right_iris-33,right_iris-7,right_iris-163,right_iris-144,right_iris-145,right_iris-153,right_iris-154,right_iris-155,right_iris-173,right_iris-157,right_iris-158,right_iris-159,right_iris-160,right_iris-161,right_iris-246,middle_left_right,center_edge_top_left,center_edge_top_right,center_edge_bottom_left,center_edge_bottom_right
37.107950630558946,33.52610922848042,27.313000567495326,19.1049731745428,14.317821063276353,15.811388300841896,18.867962264113206,21.840329667841555,25.019992006393608,22.090722034374522,19.4164878389476,14.422205101855956,9.055385138137417,13.601470508735444,23.08679276123039,31.400636936215164,30.805843601498726,35.014282800023196,30.4138126514911,25.298221281347036,18.867962264113206,13.0,13.038404810405298,21.02379604162864,27.202941017470888,26.076809620810597,17.72004514666935,9.848857801796104,12.041594578792296,20.8806130178211,27.16615541441225,31.016124838541646,779.6883992980786,728.3639200289921,759.6801958719209,622.9879613604103,83.00602387778854
