left_iris-362,left_iris-382,left_iris-381,left_iris-380,left_iris-374,left_iris-373,left_iris-390,left_iris-249,left_iris-263,left_iris-466,left_iris-388,left_iris-387,left_iris-386,left_iris-385,left_iris-384,left_iris-398,right_iris-133,right_iris-33,right_iris-7,right_iris-163,right_iris-144,right_iris-145,right_iris-153,right_iris-154,right_iris-155,right_iris-173,right_iris-157,right_iris-158,right_iris-159,right_iris-160,right_iris-161,right_iris-246,middle_left_right,center_edge_top_left,center_edge_top_right,center_edge_bottom_left,center_edge_bottom_right
30.675723300355934,27.313000567495326,21.95449840010015,14.212670403551895,10.04987562112089,14.422205101855956,19.924858845171276,24.186773244895647,28.0,24.08318915758459,20.396078054371138,13.416407864998739,6.082762530298219,9.848857801796104,19.026297590440446,26.92582403567252,27.073972741361768,21.18962010041709,18.35755975068582,15.0,10.816653826391969,8.54400374531753,12.083045973594572,19.1049731745428,24.0,24.331050121192877,17.72004514666935,9.219544457292887,5.0990195135927845,10.198039027185569,15.132745950421556,18.681541692269406,705.2694520536105,644.8294348120285,682.0593815790528,550.9128787748567,83.74365647617735
