left_iris-362,left_iris-382,left_iris-381,left_iris-380,left_iris-374,left_iris-373,left_iris-390,left_iris-249,left_iris-263,left_iris-466,left_iris-388,left_iris-387,left_iris-386,left_iris-385,left_iris-384,left_iris-398,right_iris-133,right_iris-33,right_iris-7,right_iris-163,right_iris-144,right_iris-145,right_iris-153,right_iris-154,right_iris-155,right_iris-173,right_iris-157,right_iris-158,right_iris-159,right_iris-160,right_iris-161,right_iris-246,middle_left_right,center_edge_top_left,center_edge_top_right,center_edge_bottom_left,center_edge_bottom_right
31.78049716414141,29.120439557122072,22.847319317591726,14.866068747318506,11.0,14.212670403551895,19.313207915827967,23.345235059857504,28.0178514522438,25.019992006393608,22.20360331117452,16.15549442140351,8.94427190999916,9.899494936611665,19.235384061671343,27.16615541441225,33.37663853655727,26.019223662515376,21.587033144922902,17.46424919657298,13.45362404707371,11.045361017187261,15.620499351813308,24.351591323771842,30.805843601498726,29.017236257093817,21.37755832643195,12.806248474865697,9.055385138137417,13.892443989449804,19.4164878389476,23.021728866442675,615.4356180787719,572.7660953652896,597.3784395171958,458.1058829572045,81.05553651663777
