left_iris-362,left_iris-382,left_iris-381,left_iris-380,left_iris-374,left_iris-373,left_iris-390,left_iris-249,left_iris-263,left_iris-466,left_iris-388,left_iris-387,left_iris-386,left_iris-385,left_iris-384,left_iris-398,right_iris-133,right_iris-33,right_iris-7,right_iris-163,right_iris-144,right_iris-145,right_iris-153,right_iris-154,right_iris-155,right_iris-173,right_iris-157,right_iris-158,right_iris-159,right_iris-160,right_iris-161,right_iris-246,middle_left_right,center_edge_top_left,center_edge_top_right,center_edge_bottom_left,center_edge_bottom_right
29.274562336608895,25.495097567963924,20.248456731316587,12.727922061357855,10.0,14.142135623730951,17.4928556845359,20.248456731316587,23.53720459187964,20.09975124224178,17.0,11.40175425099138,5.385164807134504,9.433981132056603,18.24828759089466,25.019992006393608,28.861739379323623,26.1725046566048,22.80350850198276,19.697715603592208,15.620499351813308,11.180339887498949,12.806248474865697,20.12461179749811,26.248809496813376,25.179356624028344,17.11724276862369,9.219544457292887,7.615773105863909,13.92838827718412,19.1049731745428,23.021728866442675,669.0239158654944,604.9735531409617,644.5098913127711,516.0358514677057,64.03124237432849
