left_iris-362,left_iris-382,left_iris-381,left_iris-380,left_iris-374,left_iris-373,left_iris-390,left_iris-249,left_iris-263,left_iris-466,left_iris-388,left_iris-387,left_iris-386,left_iris-385,left_iris-384,left_iris-398,right_iris-133,right_iris-33,right_iris-7,right_iris-163,right_iris-144,right_iris-145,right_iris-153,right_iris-154,right_iris-155,right_iris-173,right_iris-157,right_iris-158,right_iris-159,right_iris-160,right_iris-161,right_iris-246,middle_left_right,center_edge_top_left,center_edge_top_right,center_edge_bottom_left,center_edge_bottom_right
24.08318915758459,22.02271554554524,17.0,9.486832980505138,5.0990195135927845,9.219544457292887,14.317821063276353,17.72004514666935,20.396078054371138,18.24828759089466,15.033296378372908,10.04987562112089,3.605551275463989,7.810249675906654,15.811388300841896,21.37755832643195,26.248809496813376,20.223748416156685,17.0,13.152946437965905,8.94427190999916,7.0,11.313708498984761,17.88854381999832,23.40939982143925,22.561028345356956,17.11724276862369,9.055385138137417,3.1622776601683795,8.06225774829855,13.601470508735444,17.26267650163207,800.3530470985913,741.5962513389613,778.0520548138152,645.0310070066399,60.8276253029822
