left_iris-362,left_iris-382,left_iris-381,left_iris-380,left_iris-374,left_iris-373,left_iris-390,left_iris-249,left_iris-263,left_iris-466,left_iris-388,left_iris-387,left_iris-386,left_iris-385,left_iris-384,left_iris-398,right_iris-133,right_iris-33,right_iris-7,right_iris-163,right_iris-144,right_iris-145,right_iris-153,right_iris-154,right_iris-155,right_iris-173,right_iris-157,right_iris-158,right_iris-159,right_iris-160,right_iris-161,right_iris-246,middle_left_right,center_edge_top_left,center_edge_top_right,center_edge_bottom_left,center_edge_bottom_right
30.01666203960727,27.073972741361768,21.37755832643195,13.416407864998739,7.280109889280518,10.63014581273465,15.231546211727817,19.924858845171276,24.331050121192877,21.095023109728988,16.0,10.198039027185569,4.0,9.848857801796104,19.4164878389476,27.018512172212592,30.4138126514911,24.08318915758459,20.615528128088304,17.08800749063506,12.806248474865697,9.0,13.45362404707371,21.18962010041709,27.65863337187866,27.073972741361768,20.024984394500787,10.770329614269007,4.0,10.44030650891055,17.029386365926403,21.0,571.3186501419326,512.6451014103227,547.9096640870646,417.7379561399706,76.16429609731846
