left_iris-362,left_iris-382,left_iris-381,left_iris-380,left_iris-374,left_iris-373,left_iris-390,left_iris-249,left_iris-263,left_iris-466,left_iris-388,left_iris-387,left_iris-386,left_iris-385,left_iris-384,left_iris-398,right_iris-133,right_iris-33,right_iris-7,right_iris-163,right_iris-144,right_iris-145,right_iris-153,right_iris-154,right_iris-155,right_iris-173,right_iris-157,right_iris-158,right_iris-159,right_iris-160,right_iris-161,right_iris-246,middle_left_right,center_edge_top_left,center_edge_top_right,center_edge_bottom_left,center_edge_bottom_right
27.294688127912362,23.194827009486403,17.0,7.615773105863909,5.830951894845301,15.231546211727817,21.840329667841555,27.65863337187866,32.2490309931942,28.284271247461902,22.360679774997898,14.317821063276353,4.123105625617661,7.0710678118654755,17.46424919657298,24.515301344262525,37.05401462729781,34.0147027033899,29.017236257093817,23.08679276123039,14.560219778561036,5.0990195135927845,12.649110640673518,24.020824298928627,32.01562118716424,33.13608305156178,24.08318915758459,12.041594578792296,0.0,13.0,23.0,29.017236257093817,671.3166168061089,629.8142583333597,653.9617725830769,513.6788880224688,83.2946576918352
