left_iris-362,left_iris-382,left_iris-381,left_iris-380,left_iris-374,left_iris-373,left_iris-390,left_iris-249,left_iris-263,left_iris-466,left_iris-388,left_iris-387,left_iris-386,left_iris-385,left_iris-384,left_iris-398,right_iris-133,right_iris-33,right_iris-7,right_iris-163,right_iris-144,right_iris-145,right_iris-153,right_iris-154,right_iris-155,right_iris-173,right_iris-157,right_iris-158,right_iris-159,right_iris-160,right_iris-161,right_iris-246,middle_left_right,center_edge_top_left,center_edge_top_right,center_edge_bottom_left,center_edge_bottom_right
27.294688127912362,24.73863375370596,18.384776310850235,12.206555615733702,11.40175425099138,16.401219466856727,21.540659228538015,25.709920264364882,29.154759474226502,26.019223662515376,22.02271554554524,16.278820596099706,7.810249675906654,6.4031242374328485,15.297058540778355,23.021728866442675,27.459060435491963,23.021728866442675,19.4164878389476,16.15549442140351,12.806248474865697,9.055385138137417,12.041594578792296,19.313207915827967,24.73863375370596,24.08318915758459,17.11724276862369,9.433981132056603,6.324555320336759,11.704699910719626,17.11724276862369,20.024984394500787,712.5461388569865,640.2515130790399,685.6544319115862,562.0693907339199,70.178344238091
