left_iris-362,left_iris-382,left_iris-381,left_iris-380,left_iris-374,left_iris-373,left_iris-390,left_iris-249,left_iris-263,left_iris-466,left_iris-388,left_iris-387,left_iris-386,left_iris-385,left_iris-384,left_iris-398,right_iris-133,right_iris-33,right_iris-7,right_iris-163,right_iris-144,right_iris-145,right_iris-153,right_iris-154,right_iris-155,right_iris-173,right_iris-157,right_iris-158,right_iris-159,right_iris-160,right_iris-161,right_iris-246,middle_left_right,center_edge_top_left,center_edge_top_right,center_edge_bottom_left,center_edge_bottom_right
24.08318915758459,21.213203435596427,16.278820596099706,8.94427190999916,4.0,9.848857801796104,14.317821063276353,18.110770276274835,22.0,19.026297590440446,15.132745950421556,10.44030650891055,4.47213595499958,7.211102550927978,15.132745950421556,21.0,21.0,19.1049731745428,16.278820596099706,13.341664064126334,9.848857801796104,4.123105625617661,6.708203932499369,13.152946437965905,18.027756377319946,19.026297590440446,14.142135623730951,6.708203932499369,3.1622776601683795,8.246211251235321,13.038404810405298,16.0312195418814,654.404309276765,581.8461996094844,627.1722251503171,504.7226961411583,55.08175741568164
