left_iris-362,left_iris-382,left_iris-381,left_iris-380,left_iris-374,left_iris-373,left_iris-390,left_iris-249,left_iris-263,left_iris-466,left_iris-388,left_iris-387,left_iris-386,left_iris-385,left_iris-384,left_iris-398,right_iris-133,right_iris-33,right_iris-7,right_iris-163,right_iris-144,right_iris-145,right_iris-153,right_iris-154,right_iris-155,right_iris-173,right_iris-157,right_iris-158,right_iris-159,right_iris-160,right_iris-161,right_iris-246,middle_left_right,center_edge_top_left,center_edge_top_right,center_edge_bottom_left,center_edge_bottom_right
29.068883707497267,26.1725046566048,20.615528128088304,12.806248474865697,11.0,15.556349186104045,20.591260281974,24.351591323771842,28.442925306655784,26.076809620810597,23.021728866442675,17.72004514666935,10.816653826391969,10.295630140987,18.027756377319946,25.079872407968907,33.83784863137726,31.064449134018133,27.073972741361768,23.345235059857504,17.46424919657298,11.704699910719626,14.422205101855956,22.47220505424423,29.546573405388315,28.861739379323623,20.0,10.295630140987,8.54400374531753,17.0,23.769728648009426,28.284271247461902,722.7371583086067,667.7192523808191,701.3194707121712,566.9647255341376,77.92945527847606
