left_iris-362,left_iris-382,left_iris-381,left_iris-380,left_iris-374,left_iris-373,left_iris-390,left_iris-249,left_iris-263,left_iris-466,left_iris-388,left_iris-387,left_iris-386,left_iris-385,left_iris-384,left_iris-398,right_iris-133,right_iris-33,right_iris-7,right_iris-163,right_iris-144,right_iris-145,right_iris-153,right_iris-154,right_iris-155,right_iris-173,right_iris-157,right_iris-158,right_iris-159,right_iris-160,right_iris-161,right_iris-246,middle_left_right,center_edge_top_left,center_edge_top_right,center_edge_bottom_left,center_edge_bottom_right
19.026297590440446,17.11724276862369,12.36931687685298,6.4031242374328485,5.830951894845301,11.180339887498949,15.524174696260024,18.439088914585774,21.095023109728988,19.0,16.0312195418814,12.36931687685298,6.4031242374328485,5.830951894845301,11.40175425099138,17.029386365926403,23.08679276123039,16.0,13.152946437965905,10.44030650891055,5.830951894845301,4.47213595499958,9.848857801796104,16.278820596099706,20.223748416156685,21.02379604162864,16.1245154965971,9.848857801796104,5.385164807134504,7.211102550927978,11.180339887498949,14.035668847618199,752.2240357765763,697.3815311578018,730.9863199814343,596.2725886706515,54.00925846556311
