left_iris-362,left_iris-382,left_iris-381,left_iris-380,left_iris-374,left_iris-373,left_iris-390,left_iris-249,left_iris-263,left_iris-466,left_iris-388,left_iris-387,left_iris-386,left_iris-385,left_iris-384,left_iris-398,right_iris-133,right_iris-33,right_iris-7,right_iris-163,right_iris-144,right_iris-145,right_iris-153,right_iris-154,right_iris-155,right_iris-173,right_iris-157,right_iris-158,right_iris-159,right_iris-160,right_iris-161,right_iris-246,middle_left_right,center_edge_top_left,center_edge_top_right,center_edge_bottom_left,center_edge_bottom_right
33.24154027718932,29.427877939124322,21.840329667841555,14.212670403551895,10.0,13.601470508735444,18.973665961010276,22.360679774997898,27.0,24.020824298928627,20.223748416156685,15.231546211727817,7.615773105863909,10.63014581273465,20.396078054371138,29.0,32.2490309931942,30.0,26.1725046566048,21.840329667841555,15.264337522473747,9.219544457292887,12.806248474865697,21.840329667841555,29.427877939124322,29.0,20.396078054371138,10.63014581273465,8.06225774829855,15.811388300841896,22.20360331117452,27.018512172212592,722.9723369534964,648.6054270509923,695.4775337852402,573.2268311933767,79.00632886041473
