left_iris-362,left_iris-382,left_iris-381,left_iris-380,left_iris-374,left_iris-373,left_iris-390,left_iris-249,left_iris-263,left_iris-466,left_iris-388,left_iris-387,left_iris-386,left_iris-385,left_iris-384,left_iris-398,right_iris-133,right_iris-33,right_iris-7,right_iris-163,right_iris-144,right_iris-145,right_iris-153,right_iris-154,right_iris-155,right_iris-173,right_iris-157,right_iris-158,right_iris-159,right_iris-160,right_iris-161,right_iris-246,middle_left_right,center_edge_top_left,center_edge_top_right,center_edge_bottom_left,center_edge_bottom_right
38.3275357934736,33.83784863137726,25.942243542145693,16.401219466856727,13.601470508735444,21.095023109728988,26.92582403567252,32.14031735997639,37.05401462729781,33.24154027718932,28.861739379323623,21.470910553583888,12.083045973594572,12.727922061357855,23.194827009486403,33.37663853655727,33.24154027718932,38.05259518088089,33.734255586866,29.732137494637012,23.853720883753127,15.231546211727817,13.892443989449804,21.540659228538015,28.635642126552707,28.0178514522438,19.697715603592208,12.649110640673518,16.278820596099706,25.298221281347036,31.25699921617557,35.014282800023196,810.5553651663778,735.4590403278758,783.1347265956223,660.3029607687671,96.51942809610924
