left_iris-362,left_iris-382,left_iris-381,left_iris-380,left_iris-374,left_iris-373,left_iris-390,left_iris-249,left_iris-263,left_iris-466,left_iris-388,left_iris-387,left_iris-386,left_iris-385,left_iris-384,left_iris-398,right_iris-133,right_iris-33,right_iris-7,right_iris-163,right_iris-144,right_iris-145,right_iris-153,right_iris-154,right_iris-155,right_iris-173,right_iris-157,right_iris-158,right_iris-159,right_iris-160,right_iris-161,right_iris-246,middle_left_right,center_edge_top_left,center_edge_top_right,center_edge_bottom_left,center_edge_bottom_right
23.194827009486403,20.396078054371138,14.560219778561036,7.211102550927978,4.242640687119285,11.180339887498949,17.029386365926403,20.0,24.020824298928627,21.095023109728988,17.26267650163207,11.704699910719626,5.0,6.708203932499369,14.035668847618199,20.024984394500787,25.019992006393608,20.396078054371138,16.492422502470642,13.601470508735444,8.06225774829855,4.123105625617661,9.219544457292887,17.029386365926403,22.0,22.090722034374522,16.278820596099706,7.615773105863909,3.1622776601683795,9.055385138137417,14.035668847618199,17.11724276862369,735.7207350618847,680.2095265431086,714.2023522784002,579.987068821366,58.309518948453004
