left_iris-362,left_iris-382,left_iris-381,left_iris-380,left_iris-374,left_iris-373,left_iris-390,left_iris-249,left_iris-263,left_iris-466,left_iris-388,left_iris-387,left_iris-386,left_iris-385,left_iris-384,left_iris-398,right_iris-133,right_iris-33,right_iris-7,right_iris-163,right_iris-144,right_iris-145,right_iris-153,right_iris-154,right_iris-155,right_iris-173,right_iris-157,right_iris-158,right_iris-159,right_iris-160,right_iris-161,right_iris-246,middle_left_right,center_edge_top_left,center_edge_top_right,center_edge_bottom_left,center_edge_bottom_right
31.016124838541646,26.832815729997478,20.248456731316587,12.083045973594572,12.529964086141668,19.697715603592208,25.495097567963924,30.066592756745816,34.132096331752024,31.400636936215164,27.892651361962706,21.470910553583888,12.206555615733702,9.433981132056603,17.11724276862369,25.709920264364882,32.2490309931942,25.179356624028344,20.8806130178211,17.88854381999832,13.45362404707371,10.04987562112089,15.0,23.08679276123039,29.427877939124322,28.0,20.615528128088304,12.041594578792296,8.246211251235321,13.0,19.026297590440446,22.02271554554524,650.5090314515242,562.993783269407,618.6776220294379,508.48992123738304,76.10519036176179
