left_iris-362,left_iris-382,left_iris-381,left_iris-380,left_iris-374,left_iris-373,left_iris-390,left_iris-249,left_iris-263,left_iris-466,left_iris-388,left_iris-387,left_iris-386,left_iris-385,left_iris-384,left_iris-398,right_iris-133,right_iris-33,right_iris-7,right_iris-163,right_iris-144,right_iris-145,right_iris-153,right_iris-154,right_iris-155,right_iris-173,right_iris-157,right_iris-158,right_iris-159,right_iris-160,right_iris-161,right_iris-246,middle_left_right,center_edge_top_left,center_edge_top_right,center_edge_bottom_left,center_edge_bottom_right
26.476404589747453,22.80350850198276,17.88854381999832,12.206555615733702,10.44030650891055,15.0,19.313207915827967,21.587033144922902,25.079872407968907,22.0,19.1049731745428,13.341664064126334,5.0,7.211102550927978,16.1245154965971,23.08679276123039,29.427877939124322,25.0,22.20360331117452,18.973665961010276,13.601470508735444,9.219544457292887,12.727922061357855,19.313207915827967,25.709920264364882,25.019992006393608,18.24828759089466,9.433981132056603,6.708203932499369,13.0,19.235384061671343,22.02271554554524,755.4872599852363,689.0290269647571,730.5894880163552,602.5454339715802,70.00714249274856
