left_iris-362,left_iris-382,left_iris-381,left_iris-380,left_iris-374,left_iris-373,left_iris-390,left_iris-249,left_iris-263,left_iris-466,left_iris-388,left_iris-387,left_iris-386,left_iris-385,left_iris-384,left_iris-398,right_iris-133,right_iris-33,right_iris-7,right_iris-163,right_iris-144,right_iris-145,right_iris-153,right_iris-154,right_iris-155,right_iris-173,right_iris-157,right_iris-158,right_iris-159,right_iris-160,right_iris-161,right_iris-246,middle_left_right,center_edge_top_left,center_edge_top_right,center_edge_bottom_left,center_edge_bottom_right
29.017236257093817,26.076809620810597,19.235384061671343,11.180339887498949,7.0,12.206555615733702,18.027756377319946,22.80350850198276,27.294688127912362,23.08679276123039,19.0,12.36931687685298,5.385164807134504,9.433981132056603,18.439088914585774,26.076809620810597,30.0,24.73863375370596,19.924858845171276,15.652475842498529,9.899494936611665,6.708203932499369,13.0,21.213203435596427,27.018512172212592,27.073972741361768,19.235384061671343,10.770329614269007,4.0,9.055385138137417,16.0312195418814,20.396078054371138,657.8882883894499,621.3026637638052,642.0412759316958,499.9169931098562,85.0
