left_iris-362,left_iris-382,left_iris-381,left_iris-380,left_iris-374,left_iris-373,left_iris-390,left_iris-249,left_iris-263,left_iris-466,left_iris-388,left_iris-387,left_iris-386,left_iris-385,left_iris-384,left_iris-398,right_iris-133,right_iris-33,right_iris-7,right_iris-163,right_iris-144,right_iris-145,right_iris-153,right_iris-154,right_iris-155,right_iris-173,right_iris-157,right_iris-158,right_iris-159,right_iris-160,right_iris-161,right_iris-246,middle_left_right,center_edge_top_left,center_edge_top_right,center_edge_bottom_left,center_edge_bottom_right
24.73863375370596,21.540659228538015,16.401219466856727,13.152946437965905,17.204650534085253,25.553864678361276,31.622776601683793,35.6931365951495,39.05124837953327,36.0,32.14031735997639,25.96150997149434,15.811388300841896,9.055385138137417,13.0,20.024984394500787,36.87817782917155,26.019223662515376,22.561028345356956,19.235384061671343,14.866068747318506,13.152946437965905,17.69180601295413,26.40075756488817,33.52610922848042,32.2490309931942,23.194827009486403,13.892443989449804,9.0,14.422205101855956,19.4164878389476,23.08679276123039,654.6632722247369,595.3855893452578,631.5726403193856,500.3838526571376,82.02438661763951
