left_iris-362,left_iris-382,left_iris-381,left_iris-380,left_iris-374,left_iris-373,left_iris-390,left_iris-249,left_iris-263,left_iris-466,left_iris-388,left_iris-387,left_iris-386,left_iris-385,left_iris-384,left_iris-398,right_iris-133,right_iris-33,right_iris-7,right_iris-163,right_iris-144,right_iris-145,right_iris-153,right_iris-154,right_iris-155,right_iris-173,right_iris-157,right_iris-158,right_iris-159,right_iris-160,right_iris-161,right_iris-246,middle_left_right,center_edge_top_left,center_edge_top_right,center_edge_bottom_left,center_edge_bottom_right
25.495097567963924,23.53720459187964,18.973665961010276,12.206555615733702,8.246211251235321,9.219544457292887,13.601470508735444,17.11724276862369,21.02379604162864,18.110770276274835,15.297058540778355,11.180339887498949,6.324555320336759,8.602325267042627,16.1245154965971,22.090722034374522,25.179356624028344,21.213203435596427,17.72004514666935,14.7648230602334,10.63014581273465,8.06225774829855,11.661903789690601,17.46424919657298,22.20360331117452,21.0,14.317821063276353,7.0710678118654755,5.830951894845301,11.40175425099138,16.0,19.026297590440446,709.2002538070611,630.6068505812476,680.3418258493299,561.4846391487482,59.21148537234985
