left_iris-362,left_iris-382,left_iris-381,left_iris-380,left_iris-374,left_iris-373,left_iris-390,left_iris-249,left_iris-263,left_iris-466,left_iris-388,left_iris-387,left_iris-386,left_iris-385,left_iris-384,left_iris-398,right_iris-133,right_iris-33,right_iris-7,right_iris-163,right_iris-144,right_iris-145,right_iris-153,right_iris-154,right_iris-155,right_iris-173,right_iris-157,right_iris-158,right_iris-159,right_iris-160,right_iris-161,right_iris-246,middle_left_right,center_edge_top_left,center_edge_top_right,center_edge_bottom_left,center_edge_bottom_right
25.179356624028344,23.345235059857504,17.72004514666935,11.40175425099138,8.0,11.313708498984761,15.652475842498529,18.681541692269406,22.20360331117452,20.0,17.11724276862369,13.0,8.94427190999916,9.433981132056603,15.811388300841896,22.0,25.96150997149434,22.02271554554524,19.235384061671343,16.76305461424021,12.206555615733702,8.06225774829855,11.313708498984761,17.88854381999832,23.08679276123039,22.20360331117452,16.1245154965971,9.219544457292887,7.280109889280518,13.416407864998739,17.46424919657298,20.09975124224178,730.263651019274,658.7753790177651,703.6938254667295,579.2969877359972,60.13318551349163
