left_iris-362,left_iris-382,left_iris-381,left_iris-380,left_iris-374,left_iris-373,left_iris-390,left_iris-249,left_iris-263,left_iris-466,left_iris-388,left_iris-387,left_iris-386,left_iris-385,left_iris-384,left_iris-398,right_iris-133,right_iris-33,right_iris-7,right_iris-163,right_iris-144,right_iris-145,right_iris-153,right_iris-154,right_iris-155,right_iris-173,right_iris-157,right_iris-158,right_iris-159,right_iris-160,right_iris-161,right_iris-246,middle_left_right,center_edge_top_left,center_edge_top_right,center_edge_bottom_left,center_edge_bottom_right
27.073972741361768,24.020824298928627,18.110770276274835,11.180339887498949,7.0710678118654755,11.313708498984761,16.1245154965971,20.615528128088304,25.0,21.37755832643195,17.11724276862369,11.045361017187261,4.47213595499958,8.602325267042627,16.76305461424021,23.345235059857504,24.515301344262525,24.186773244895647,21.0,17.029386365926403,12.36931687685298,5.830951894845301,7.810249675906654,15.231546211727817,20.8806130178211,21.095023109728988,15.132745950421556,7.810249675906654,6.324555320336759,12.529964086141668,17.72004514666935,21.37755832643195,634.738528844752,573.4047436148396,610.8952447023958,481.2411038138783,68.15423684555495
