left_iris-362,left_iris-382,left_iris-381,left_iris-380,left_iris-374,left_iris-373,left_iris-390,left_iris-249,left_iris-263,left_iris-466,left_iris-388,left_iris-387,left_iris-386,left_iris-385,left_iris-384,left_iris-398,right_iris-133,right_iris-33,right_iris-7,right_iris-163,right_iris-144,right_iris-145,right_iris-153,right_iris-154,right_iris-155,right_iris-173,right_iris-157,right_iris-158,right_iris-159,right_iris-160,right_iris-161,right_iris-246,middle_left_right,center_edge_top_left,center_edge_top_right,center_edge_bottom_left,center_edge_bottom_right
32.55764119219941,29.832867780352597,24.351591323771842,16.401219466856727,11.40175425099138,11.661903789690601,15.811388300841896,18.027756377319946,21.095023109728988,19.0,16.1245154965971,11.180339887498949,7.0,11.661903789690601,21.095023109728988,28.160255680657446,28.442925306655784,22.090722034374522,18.973665961010276,16.1245154965971,12.206555615733702,10.198039027185569,14.212670403551895,21.18962010041709,26.68332812825267,25.019992006393608,18.439088914585774,11.313708498984761,8.06225774829855,12.529964086141668,16.278820596099706,20.0,708.7545414316581,627.4814738301044,679.0677433069546,562.3459789133376,65.00769185258002
