left_iris-362,left_iris-382,left_iris-381,left_iris-380,left_iris-374,left_iris-373,left_iris-390,left_iris-249,left_iris-263,left_iris-466,left_iris-388,left_iris-387,left_iris-386,left_iris-385,left_iris-384,left_iris-398,right_iris-133,right_iris-33,right_iris-7,right_iris-163,right_iris-144,right_iris-145,right_iris-153,right_iris-154,right_iris-155,right_iris-173,right_iris-157,right_iris-158,right_iris-159,right_iris-160,right_iris-161,right_iris-246,middle_left_right,center_edge_top_left,center_edge_top_right,center_edge_bottom_left,center_edge_bottom_right
32.38826948140329,28.635642126552707,21.18962010041709,12.727922061357855,9.219544457292887,15.264337522473747,19.924858845171276,24.331050121192877,28.0178514522438,25.019992006393608,21.213203435596427,14.866068747318506,8.06225774829855,10.63014581273465,19.4164878389476,28.0178514522438,31.400636936215164,37.013511046643494,32.2490309931942,26.68332812825267,19.697715603592208,10.816653826391969,10.816653826391969,19.697715603592208,27.892651361962706,27.073972741361768,18.439088914585774,8.602325267042627,10.63014581273465,20.8806130178211,28.160255680657446,33.015148038438355,713.2040381265379,635.1062903168256,684.514426436726,565.2079263421559,84.00595217006948
