left_iris-362,left_iris-382,left_iris-381,left_iris-380,left_iris-374,left_iris-373,left_iris-390,left_iris-249,left_iris-263,left_iris-466,left_iris-388,left_iris-387,left_iris-386,left_iris-385,left_iris-384,left_iris-398,right_iris-133,right_iris-33,right_iris-7,right_iris-163,right_iris-144,right_iris-145,right_iris-153,right_iris-154,right_iris-155,right_iris-173,right_iris-157,right_iris-158,right_iris-159,right_iris-160,right_iris-161,right_iris-246,middle_left_right,center_edge_top_left,center_edge_top_right,center_edge_bottom_left,center_edge_bottom_right
24.0,21.02379604162864,15.132745950421556,8.54400374531753,3.0,9.486832980505138,14.142135623730951,18.110770276274835,22.02271554554524,18.0,15.033296378372908,9.219544457292887,3.0,7.280109889280518,15.132745950421556,21.02379604162864,22.0,22.090722034374522,19.235384061671343,16.278820596099706,11.40175425099138,4.242640687119285,6.708203932499369,14.142135623730951,19.026297590440446,20.024984394500787,14.142135623730951,6.324555320336759,2.8284271247461903,9.219544457292887,15.0,19.026297590440446,683.7689668301714,608.8021024930844,655.9268251870783,534.7335785229875,58.034472514187634
