left_iris-362,left_iris-382,left_iris-381,left_iris-380,left_iris-374,left_iris-373,left_iris-390,left_iris-249,left_iris-263,left_iris-466,left_iris-388,left_iris-387,left_iris-386,left_iris-385,left_iris-384,left_iris-398,right_iris-133,right_iris-33,right_iris-7,right_iris-163,right_iris-144,right_iris-145,right_iris-153,right_iris-154,right_iris-155,right_iris-173,right_iris-157,right_iris-158,right_iris-159,right_iris-160,right_iris-161,right_iris-246,middle_left_right,center_edge_top_left,center_edge_top_right,center_edge_bottom_left,center_edge_bottom_right
25.019992006393608,22.090722034374522,17.26267650163207,9.848857801796104,4.123105625617661,8.602325267042627,12.649110640673518,16.492422502470642,19.235384061671343,16.0312195418814,13.038404810405298,8.54400374531753,4.0,8.94427190999916,16.278820596099706,22.02271554554524,22.090722034374522,20.024984394500787,17.029386365926403,14.142135623730951,9.486832980505138,4.47213595499958,7.211102550927978,14.317821063276353,19.235384061671343,20.0,14.142135623730951,7.211102550927978,5.0990195135927845,9.848857801796104,14.317821063276353,18.110770276274835,690.6989213832609,624.7919653772766,665.7063917373785,538.1124417814552,58.215118311311535
