left_iris-362,left_iris-382,left_iris-381,left_iris-380,left_iris-374,left_iris-373,left_iris-390,left_iris-249,left_iris-263,left_iris-466,left_iris-388,left_iris-387,left_iris-386,left_iris-385,left_iris-384,left_iris-398,right_iris-133,right_iris-33,right_iris-7,right_iris-163,right_iris-144,right_iris-145,right_iris-153,right_iris-154,right_iris-155,right_iris-173,right_iris-157,right_iris-158,right_iris-159,right_iris-160,right_iris-161,right_iris-246,middle_left_right,center_edge_top_left,center_edge_top_right,center_edge_bottom_left,center_edge_bottom_right
27.294688127912362,23.53720459187964,18.027756377319946,11.313708498984761,9.055385138137417,14.142135623730951,19.235384061671343,23.40939982143925,26.68332812825267,24.186773244895647,21.0,15.524174696260024,8.602325267042627,8.602325267042627,15.524174696260024,23.021728866442675,32.984845004941285,25.019992006393608,20.615528128088304,16.55294535724685,12.806248474865697,11.40175425099138,16.401219466856727,24.698178070456937,30.083217912982647,29.274562336608895,22.090722034374522,13.038404810405298,8.0,13.038404810405298,18.439088914585774,22.02271554554524,719.4004448149861,640.8876656638041,690.6062554017303,571.5216531331074,74.67261881037788
