left_iris-362,left_iris-382,left_iris-381,left_iris-380,left_iris-374,left_iris-373,left_iris-390,left_iris-249,left_iris-263,left_iris-466,left_iris-388,left_iris-387,left_iris-386,left_iris-385,left_iris-384,left_iris-398,right_iris-133,right_iris-33,right_iris-7,right_iris-163,right_iris-144,right_iris-145,right_iris-153,right_iris-154,right_iris-155,right_iris-173,right_iris-157,right_iris-158,right_iris-159,right_iris-160,right_iris-161,right_iris-246,middle_left_right,center_edge_top_left,center_edge_top_right,center_edge_bottom_left,center_edge_bottom_right
30.265491900843113,27.459060435491963,20.8806130178211,12.806248474865697,9.0,12.806248474865697,17.46424919657298,20.615528128088304,24.186773244895647,21.02379604162864,18.027756377319946,12.649110640673518,5.385164807134504,10.295630140987,19.235384061671343,27.018512172212592,28.284271247461902,27.16615541441225,22.561028345356956,19.313207915827967,14.212670403551895,9.055385138137417,12.041594578792296,18.973665961010276,24.515301344262525,24.020824298928627,17.26267650163207,9.219544457292887,7.211102550927978,14.560219778561036,20.024984394500787,24.020824298928627,724.989655098609,664.0858378252017,701.719317106206,570.6224671356711,72.00694410957877
