left_iris-362,left_iris-382,left_iris-381,left_iris-380,left_iris-374,left_iris-373,left_iris-390,left_iris-249,left_iris-263,left_iris-466,left_iris-388,left_iris-387,left_iris-386,left_iris-385,left_iris-384,left_iris-398,right_iris-133,right_iris-33,right_iris-7,right_iris-163,right_iris-144,right_iris-145,right_iris-153,right_iris-154,right_iris-155,right_iris-173,right_iris-157,right_iris-158,right_iris-159,right_iris-160,right_iris-161,right_iris-246,middle_left_right,center_edge_top_left,center_edge_top_right,center_edge_bottom_left,center_edge_bottom_right
39.21734310225516,35.4682957019364,29.068883707497267,19.79898987322333,13.341664064126334,13.45362404707371,18.681541692269406,24.0,30.4138126514911,25.709920264364882,20.248456731316587,12.806248474865697,7.280109889280518,14.866068747318506,26.019223662515376,34.92849839314596,32.2490309931942,23.53720459187964,20.615528128088304,17.204650534085253,13.601470508735444,9.486832980505138,14.317821063276353,23.021728866442675,29.068883707497267,28.635642126552707,21.93171219946131,12.727922061357855,7.615773105863909,13.341664064126334,18.027756377319946,21.213203435596427,588.8853878302637,523.0544904692053,563.3702157551462,437.47685653071983,83.3606621854697
