left_iris-362,left_iris-382,left_iris-381,left_iris-380,left_iris-374,left_iris-373,left_iris-390,left_iris-249,left_iris-263,left_iris-466,left_iris-388,left_iris-387,left_iris-386,left_iris-385,left_iris-384,left_iris-398,right_iris-133,right_iris-33,right_iris-7,right_iris-163,right_iris-144,right_iris-145,right_iris-153,right_iris-154,right_iris-155,right_iris-173,right_iris-157,right_iris-158,right_iris-159,right_iris-160,right_iris-161,right_iris-246,middle_left_right,center_edge_top_left,center_edge_top_right,center_edge_bottom_left,center_edge_bottom_right
28.442925306655784,24.73863375370596,19.313207915827967,12.727922061357855,10.0,13.45362404707371,17.0,19.924858845171276,23.345235059857504,21.095023109728988,17.0,12.36931687685298,5.385164807134504,8.602325267042627,17.11724276862369,24.08318915758459,27.294688127912362,22.090722034374522,18.681541692269406,15.652475842498529,11.313708498984761,9.055385138137417,12.806248474865697,19.924858845171276,24.515301344262525,24.020824298928627,17.26267650163207,10.0,6.082762530298219,11.704699910719626,16.0312195418814,20.024984394500787,707.6072356894042,643.9006134490012,683.3798358160709,554.1732581061631,71.00704190430693
