left_iris-362,left_iris-382,left_iris-381,left_iris-380,left_iris-374,left_iris-373,left_iris-390,left_iris-249,left_iris-263,left_iris-466,left_iris-388,left_iris-387,left_iris-386,left_iris-385,left_iris-384,left_iris-398,right_iris-133,right_iris-33,right_iris-7,right_iris-163,right_iris-144,right_iris-145,right_iris-153,right_iris-154,right_iris-155,right_iris-173,right_iris-157,right_iris-158,right_iris-159,right_iris-160,right_iris-161,right_iris-246,middle_left_right,center_edge_top_left,center_edge_top_right,center_edge_bottom_left,center_edge_bottom_right
26.30589287593181,22.561028345356956,17.08800749063506,9.899494936611665,7.280109889280518,13.416407864998739,18.439088914585774,23.194827009486403,28.071337695236398,24.0,20.024984394500787,13.341664064126334,5.0,6.708203932499369,16.1245154965971,23.08679276123039,29.068883707497267,23.08679276123039,19.4164878389476,16.76305461424021,12.206555615733702,8.06225774829855,11.40175425099138,18.681541692269406,25.179356624028344,25.019992006393608,18.24828759089466,9.433981132056603,5.0990195135927845,11.704699910719626,17.11724276862369,20.0,630.384009949491,594.3769847495779,614.5600052069773,472.42353878696605,67.0
