left_iris-362,left_iris-382,left_iris-381,left_iris-380,left_iris-374,left_iris-373,left_iris-390,left_iris-249,left_iris-263,left_iris-466,left_iris-388,left_iris-387,left_iris-386,left_iris-385,left_iris-384,left_iris-398,right_iris-133,right_iris-33,right_iris-7,right_iris-163,right_iris-144,right_iris-145,right_iris-153,right_iris-154,right_iris-155,right_iris-173,right_iris-157,right_iris-158,right_iris-159,right_iris-160,right_iris-161,right_iris-246,middle_left_right,center_edge_top_left,center_edge_top_right,center_edge_bottom_left,center_edge_bottom_right
31.575306807693888,28.284271247461902,22.090722034374522,14.142135623730951,7.810249675906654,8.602325267042627,13.038404810405298,18.384776310850235,21.37755832643195,18.24828759089466,14.0,8.246211251235321,5.0990195135927845,12.206555615733702,21.540659228538015,27.892651361962706,28.442925306655784,26.076809620810597,22.02271554554524,17.46424919657298,11.661903789690601,8.0,12.806248474865697,19.924858845171276,25.495097567963924,25.079872407968907,18.110770276274835,8.94427190999916,5.385164807134504,13.0,18.439088914585774,22.20360331117452,743.189074193102,674.6332336907218,717.5862317519756,591.0414537069291,71.58910531638176
