left_iris-362,left_iris-382,left_iris-381,left_iris-380,left_iris-374,left_iris-373,left_iris-390,left_iris-249,left_iris-263,left_iris-466,left_iris-388,left_iris-387,left_iris-386,left_iris-385,left_iris-384,left_iris-398,right_iris-133,right_iris-33,right_iris-7,right_iris-163,right_iris-144,right_iris-145,right_iris-153,right_iris-154,right_iris-155,right_iris-173,right_iris-157,right_iris-158,right_iris-159,right_iris-160,right_iris-161,right_iris-246,middle_left_right,center_edge_top_left,center_edge_top_right,center_edge_bottom_left,center_edge_bottom_right
25.495097567963924,22.561028345356956,18.027756377319946,11.40175425099138,7.0710678118654755,9.899494936611665,13.0,16.278820596099706,19.0,17.029386365926403,14.317821063276353,9.848857801796104,5.0990195135927845,8.94427190999916,16.1245154965971,22.090722034374522,22.20360331117452,16.278820596099706,13.0,11.40175425099138,8.94427190999916,7.615773105863909,11.661903789690601,16.76305461424021,20.396078054371138,19.026297590440446,14.142135623730951,8.06225774829855,4.0,7.615773105863909,12.0,14.035668847618199,740.2769751923938,652.3879214087275,708.6677641885512,597.0008375203505,54.037024344425184
