left_iris-362,left_iris-382,left_iris-381,left_iris-380,left_iris-374,left_iris-373,left_iris-390,left_iris-249,left_iris-263,left_iris-466,left_iris-388,left_iris-387,left_iris-386,left_iris-385,left_iris-384,left_iris-398,right_iris-133,right_iris-33,right_iris-7,right_iris-163,right_iris-144,right_iris-145,right_iris-153,right_iris-154,right_iris-155,right_iris-173,right_iris-157,right_iris-158,right_iris-159,right_iris-160,right_iris-161,right_iris-246,middle_left_right,center_edge_top_left,center_edge_top_right,center_edge_bottom_left,center_edge_bottom_right
32.55764119219941,28.861739379323623,22.47220505424423,14.212670403551895,10.04987562112089,13.45362404707371,18.384776310850235,21.37755832643195,26.0,22.02271554554524,19.235384061671343,13.0,6.082762530298219,10.295630140987,20.024984394500787,28.160255680657446,28.160255680657446,29.0,24.186773244895647,20.396078054371138,14.317821063276353,7.615773105863909,10.0,18.681541692269406,24.331050121192877,24.0,16.492422502470642,8.602325267042627,8.602325267042627,16.76305461424021,22.20360331117452,26.019223662515376,764.7483246140523,709.6055242175049,743.4648613081858,608.8021024930844,77.0
