left_iris-362,left_iris-382,left_iris-381,left_iris-380,left_iris-374,left_iris-373,left_iris-390,left_iris-249,left_iris-263,left_iris-466,left_iris-388,left_iris-387,left_iris-386,left_iris-385,left_iris-384,left_iris-398,right_iris-133,right_iris-33,right_iris-7,right_iris-163,right_iris-144,right_iris-145,right_iris-153,right_iris-154,right_iris-155,right_iris-173,right_iris-157,right_iris-158,right_iris-159,right_iris-160,right_iris-161,right_iris-246,middle_left_right,center_edge_top_left,center_edge_top_right,center_edge_bottom_left,center_edge_bottom_right
31.25699921617557,28.071337695236398,23.021728866442675,14.560219778561036,8.602325267042627,10.295630140987,13.601470508735444,16.55294535724685,19.6468827043885,17.26267650163207,14.0,9.848857801796104,7.0,12.806248474865697,21.540659228538015,27.65863337187866,28.861739379323623,27.018512172212592,22.20360331117452,18.681541692269406,13.038404810405298,9.055385138137417,12.727922061357855,19.697715603592208,25.298221281347036,24.331050121192877,18.027756377319946,8.06225774829855,6.324555320336759,13.0,19.235384061671343,23.08679276123039,755.8154536657742,691.7781436269868,731.6809413945398,602.1270630024862,68.65857557508748
