left_iris-362,left_iris-382,left_iris-381,left_iris-380,left_iris-374,left_iris-373,left_iris-390,left_iris-249,left_iris-263,left_iris-466,left_iris-388,left_iris-387,left_iris-386,left_iris-385,left_iris-384,left_iris-398,right_iris-133,right_iris-33,right_iris-7,right_iris-163,right_iris-144,right_iris-145,right_iris-153,right_iris-154,right_iris-155,right_iris-173,right_iris-157,right_iris-158,right_iris-159,right_iris-160,right_iris-161,right_iris-246,middle_left_right,center_edge_top_left,center_edge_top_right,center_edge_bottom_left,center_edge_bottom_right
28.0,25.079872407968907,19.4164878389476,12.806248474865697,10.0,14.866068747318506,18.867962264113206,22.47220505424423,26.476404589747453,23.08679276123039,20.0,15.524174696260024,8.602325267042627,9.433981132056603,17.08800749063506,24.186773244895647,31.32091952673165,31.25699921617557,27.0,23.194827009486403,17.08800749063506,10.295630140987,11.661903789690601,20.591260281974,26.92582403567252,27.459060435491963,19.026297590440446,10.0,9.486832980505138,17.4928556845359,24.041630560342615,28.442925306655784,670.2969491203133,633.0071089648204,654.2919837503742,512.3455864941163,74.14849964766651
