left_iris-362,left_iris-382,left_iris-381,left_iris-380,left_iris-374,left_iris-373,left_iris-390,left_iris-249,left_iris-263,left_iris-466,left_iris-388,left_iris-387,left_iris-386,left_iris-385,left_iris-384,left_iris-398,right_iris-133,right_iris-33,right_iris-7,right_iris-163,right_iris-144,right_iris-145,right_iris-153,right_iris-154,right_iris-155,right_iris-173,right_iris-157,right_iris-158,right_iris-159,right_iris-160,right_iris-161,right_iris-246,middle_left_right,center_edge_top_left,center_edge_top_right,center_edge_bottom_left,center_edge_bottom_right
33.37663853655727,29.614185789921695,24.041630560342615,15.0,10.0,16.401219466856727,22.47220505424423,27.459060435491963,33.06055050963308,30.0,26.076809620810597,19.6468827043885,10.63014581273465,10.0,19.6468827043885,28.0178514522438,35.6931365951495,34.0,28.284271247461902,24.351591323771842,17.804493814764857,12.165525060596439,16.278820596099706,24.698178070456937,32.01562118716424,30.066592756745816,21.37755832643195,11.40175425099138,11.661903789690601,20.615528128088304,26.30589287593181,30.066592756745816,756.3339209634855,684.5005478449232,729.7540681626928,605.2611006830027,85.0235261559999
