left_iris-362,left_iris-382,left_iris-381,left_iris-380,left_iris-374,left_iris-373,left_iris-390,left_iris-249,left_iris-263,left_iris-466,left_iris-388,left_iris-387,left_iris-386,left_iris-385,left_iris-384,left_iris-398,right_iris-133,right_iris-33,right_iris-7,right_iris-163,right_iris-144,right_iris-145,right_iris-153,right_iris-154,right_iris-155,right_iris-173,right_iris-157,right_iris-158,right_iris-159,right_iris-160,right_iris-161,right_iris-246,middle_left_right,center_edge_top_left,center_edge_top_right,center_edge_bottom_left,center_edge_bottom_right
26.248809496813376,22.847319317591726,17.204650534085253,12.36931687685298,15.264337522473747,22.825424421026653,29.120439557122072,34.23448553724738,40.01249804748511,35.12833614050059,30.4138126514911,23.40939982143925,13.45362404707371,9.486832980505138,14.560219778561036,22.20360331117452,32.38826948140329,27.018512172212592,23.53720459187964,20.248456731316587,15.0,10.04987562112089,13.45362404707371,22.135943621178654,29.614185789921695,28.0178514522438,20.396078054371138,11.40175425099138,8.54400374531753,15.231546211727817,21.213203435596427,24.0,660.0946901770988,568.2649030161901,626.9968101992226,520.6006146750117,85.0235261559999
