left_iris-362,left_iris-382,left_iris-381,left_iris-380,left_iris-374,left_iris-373,left_iris-390,left_iris-249,left_iris-263,left_iris-466,left_iris-388,left_iris-387,left_iris-386,left_iris-385,left_iris-384,left_iris-398,right_iris-133,right_iris-33,right_iris-7,right_iris-163,right_iris-144,right_iris-145,right_iris-153,right_iris-154,right_iris-155,right_iris-173,right_iris-157,right_iris-158,right_iris-159,right_iris-160,right_iris-161,right_iris-246,middle_left_right,center_edge_top_left,center_edge_top_right,center_edge_bottom_left,center_edge_bottom_right
30.14962686336267,27.294688127912362,21.587033144922902,13.892443989449804,8.54400374531753,10.63014581273465,14.7648230602334,18.681541692269406,23.08679276123039,20.0,17.26267650163207,12.529964086141668,7.0710678118654755,11.40175425099138,19.4164878389476,26.0,27.459060435491963,28.160255680657446,23.769728648009426,20.248456731316587,14.422205101855956,8.246211251235321,11.313708498984761,18.384776310850235,23.769728648009426,23.08679276123039,17.26267650163207,9.899494936611665,8.06225774829855,15.811388300841896,21.095023109728988,25.019992006393608,726.0027548157101,647.5955527951069,697.2660898107695,577.9965397820301,78.00640999302557
