left_iris-362,left_iris-382,left_iris-381,left_iris-380,left_iris-374,left_iris-373,left_iris-390,left_iris-249,left_iris-263,left_iris-466,left_iris-388,left_iris-387,left_iris-386,left_iris-385,left_iris-384,left_iris-398,right_iris-133,right_iris-33,right_iris-7,right_iris-163,right_iris-144,right_iris-145,right_iris-153,right_iris-154,right_iris-155,right_iris-173,right_iris-157,right_iris-158,right_iris-159,right_iris-160,right_iris-161,right_iris-246,middle_left_right,center_edge_top_left,center_edge_top_right,center_edge_bottom_left,center_edge_bottom_right
28.071337695236398,25.317977802344327,19.6468827043885,12.041594578792296,10.198039027185569,18.027756377319946,25.298221281347036,31.575306807693888,38.118237105091836,33.015148038438355,28.0178514522438,20.396078054371138,10.816653826391969,7.615773105863909,15.811388300841896,24.020824298928627,31.32091952673165,28.071337695236398,23.194827009486403,18.973665961010276,14.212670403551895,11.0,15.556349186104045,23.259406699226016,28.460498941515414,26.476404589747453,18.027756377319946,8.602325267042627,7.615773105863909,15.652475842498529,21.587033144922902,25.179356624028344,745.0322140686267,669.3078514405759,717.1980200753485,595.628239760339,91.13725912051558
