left_iris-362,left_iris-382,left_iris-381,left_iris-380,left_iris-374,left_iris-373,left_iris-390,left_iris-249,left_iris-263,left_iris-466,left_iris-388,left_iris-387,left_iris-386,left_iris-385,left_iris-384,left_iris-398,right_iris-133,right_iris-33,right_iris-7,right_iris-163,right_iris-144,right_iris-145,right_iris-153,right_iris-154,right_iris-155,right_iris-173,right_iris-157,right_iris-158,right_iris-159,right_iris-160,right_iris-161,right_iris-246,middle_left_right,center_edge_top_left,center_edge_top_right,center_edge_bottom_left,center_edge_bottom_right
22.20360331117452,19.235384061671343,14.560219778561036,8.602325267042627,6.0,9.219544457292887,13.0,15.524174696260024,19.235384061671343,17.029386365926403,14.035668847618199,10.44030650891055,5.385164807134504,7.0710678118654755,13.341664064126334,19.0,23.194827009486403,16.0,13.152946437965905,10.44030650891055,6.4031242374328485,5.385164807134504,10.295630140987,16.492422502470642,21.37755832643195,21.02379604162864,16.1245154965971,8.94427190999916,5.0990195135927845,7.211102550927978,11.180339887498949,14.035668847618199,753.8149640329515,693.4962148418692,730.8467691657397,599.1135117821998,55.14526271584895
