left_iris-362,left_iris-382,left_iris-381,left_iris-380,left_iris-374,left_iris-373,left_iris-390,left_iris-249,left_iris-263,left_iris-466,left_iris-388,left_iris-387,left_iris-386,left_iris-385,left_iris-384,left_iris-398,right_iris-133,right_iris-33,right_iris-7,right_iris-163,right_iris-144,right_iris-145,right_iris-153,right_iris-154,right_iris-155,right_iris-173,right_iris-157,right_iris-158,right_iris-159,right_iris-160,right_iris-161,right_iris-246,middle_left_right,center_edge_top_left,center_edge_top_right,center_edge_bottom_left,center_edge_bottom_right
31.25699921617557,28.635642126552707,22.135943621178654,14.212670403551895,10.04987562112089,12.727922061357855,17.0,20.8806130178211,23.194827009486403,21.02379604162864,18.027756377319946,12.649110640673518,6.324555320336759,10.295630140987,20.223748416156685,28.0178514522438,28.635642126552707,26.1725046566048,21.840329667841555,18.384776310850235,13.45362404707371,10.04987562112089,12.727922061357855,19.313207915827967,25.0,24.08318915758459,17.11724276862369,8.602325267042627,5.830951894845301,13.341664064126334,19.026297590440446,23.021728866442675,729.8355979259986,669.1487129181374,706.6540879383632,575.378136532837,72.0
