left_iris-362,left_iris-382,left_iris-381,left_iris-380,left_iris-374,left_iris-373,left_iris-390,left_iris-249,left_iris-263,left_iris-466,left_iris-388,left_iris-387,left_iris-386,left_iris-385,left_iris-384,left_iris-398,right_iris-133,right_iris-33,right_iris-7,right_iris-163,right_iris-144,right_iris-145,right_iris-153,right_iris-154,right_iris-155,right_iris-173,right_iris-157,right_iris-158,right_iris-159,right_iris-160,right_iris-161,right_iris-246,middle_left_right,center_edge_top_left,center_edge_top_right,center_edge_bottom_left,center_edge_bottom_right
28.635642126552707,25.0,18.788294228055936,11.40175425099138,9.848857801796104,15.652475842498529,20.615528128088304,25.179356624028344,29.0,26.076809620810597,22.360679774997898,17.46424919657298,10.0,8.602325267042627,16.278820596099706,24.08318915758459,35.510561809129406,26.076809620810597,22.360679774997898,18.027756377319946,12.806248474865697,9.055385138137417,14.422205101855956,24.041630560342615,31.575306807693888,31.064449134018133,22.20360331117452,12.529964086141668,7.0710678118654755,13.0,19.1049731745428,23.0,671.339705365324,616.8443888048265,649.8438273923974,515.748969945651,71.02816342831905
