left_iris-362,left_iris-382,left_iris-381,left_iris-380,left_iris-374,left_iris-373,left_iris-390,left_iris-249,left_iris-263,left_iris-466,left_iris-388,left_iris-387,left_iris-386,left_iris-385,left_iris-384,left_iris-398,right_iris-133,right_iris-33,right_iris-7,right_iris-163,right_iris-144,right_iris-145,right_iris-153,right_iris-154,right_iris-155,right_iris-173,right_iris-157,right_iris-158,right_iris-159,right_iris-160,right_iris-161,right_iris-246,middle_left_right,center_edge_top_left,center_edge_top_right,center_edge_bottom_left,center_edge_bottom_right
41.7612260356422,37.33630940518894,29.068883707497267,18.439088914585774,13.038404810405298,18.027756377319946,23.769728648009426,28.160255680657446,33.06055050963308,29.427877939124322,25.0,18.027756377319946,11.045361017187261,15.264337522473747,26.019223662515376,36.6742416417845,29.274562336608895,41.19465984809196,36.87817782917155,32.89376840679705,26.419689627245813,17.204650534085253,12.649110640673518,18.35755975068582,25.709920264364882,24.020824298928627,16.64331697709324,13.0,19.1049731745428,28.460498941515414,35.22782990761707,38.0,787.7340921910134,713.8101988624147,760.6083091841688,637.200910231616,96.87620966986684
