left_iris-362,left_iris-382,left_iris-381,left_iris-380,left_iris-374,left_iris-373,left_iris-390,left_iris-249,left_iris-263,left_iris-466,left_iris-388,left_iris-387,left_iris-386,left_iris-385,left_iris-384,left_iris-398,right_iris-133,right_iris-33,right_iris-7,right_iris-163,right_iris-144,right_iris-145,right_iris-153,right_iris-154,right_iris-155,right_iris-173,right_iris-157,right_iris-158,right_iris-159,right_iris-160,right_iris-161,right_iris-246,middle_left_right,center_edge_top_left,center_edge_top_right,center_edge_bottom_left,center_edge_bottom_right
28.635642126552707,25.298221281347036,19.697715603592208,13.45362404707371,10.04987562112089,13.45362404707371,18.384776310850235,21.587033144922902,25.019992006393608,22.02271554554524,18.439088914585774,13.038404810405298,8.06225774829855,10.63014581273465,18.24828759089466,25.179356624028344,24.08318915758459,20.024984394500787,17.46424919657298,15.652475842498529,12.041594578792296,9.055385138137417,10.63014581273465,15.811388300841896,21.213203435596427,21.095023109728988,16.15549442140351,10.63014581273465,9.219544457292887,12.206555615733702,15.524174696260024,18.027756377319946,788.0114212370275,717.4691631004081,761.9461923259411,636.2090851284662,64.03124237432849
