left_iris-362,left_iris-382,left_iris-381,left_iris-380,left_iris-374,left_iris-373,left_iris-390,left_iris-249,left_iris-263,left_iris-466,left_iris-388,left_iris-387,left_iris-386,left_iris-385,left_iris-384,left_iris-398,right_iris-133,right_iris-33,right_iris-7,right_iris-163,right_iris-144,right_iris-145,right_iris-153,right_iris-154,right_iris-155,right_iris-173,right_iris-157,right_iris-158,right_iris-159,right_iris-160,right_iris-161,right_iris-246,middle_left_right,center_edge_top_left,center_edge_top_right,center_edge_bottom_left,center_edge_bottom_right
28.635642126552707,25.96150997149434,19.697715603592208,12.041594578792296,10.04987562112089,14.212670403551895,18.384776310850235,21.840329667841555,25.179356624028344,22.0,19.1049731745428,13.92838827718412,7.615773105863909,9.219544457292887,17.11724276862369,25.179356624028344,28.284271247461902,24.08318915758459,20.615528128088304,17.46424919657298,12.806248474865697,9.055385138137417,12.041594578792296,18.973665961010276,24.515301344262525,24.020824298928627,17.46424919657298,9.899494936611665,8.54400374531753,13.0,18.110770276274835,21.0,727.0165060024428,663.8169928526988,703.0312937558327,573.2826527987743,71.00704190430693
