left_iris-362,left_iris-382,left_iris-381,left_iris-380,left_iris-374,left_iris-373,left_iris-390,left_iris-249,left_iris-263,left_iris-466,left_iris-388,left_iris-387,left_iris-386,left_iris-385,left_iris-384,left_iris-398,right_iris-133,right_iris-33,right_iris-7,right_iris-163,right_iris-144,right_iris-145,right_iris-153,right_iris-154,right_iris-155,right_iris-173,right_iris-157,right_iris-158,right_iris-159,right_iris-160,right_iris-161,right_iris-246,middle_left_right,center_edge_top_left,center_edge_top_right,center_edge_bottom_left,center_edge_bottom_right
33.24154027718932,30.066592756745816,23.021728866442675,15.231546211727817,9.848857801796104,12.529964086141668,17.029386365926403,19.72308292331602,22.135943621178654,19.6468827043885,16.1245154965971,10.198039027185569,5.0,13.038404810405298,23.08679276123039,29.614185789921695,37.64306044943742,30.066592756745816,25.079872407968907,20.615528128088304,14.422205101855956,11.0,16.97056274847714,25.495097567963924,32.89376840679705,33.734255586866,25.019992006393608,13.601470508735444,7.280109889280518,13.038404810405298,20.615528128088304,25.317977802344327,699.3375436797312,657.7788382123584,682.1092287896419,541.6391787897179,80.52328855678958
