left_iris-362,left_iris-382,left_iris-381,left_iris-380,left_iris-374,left_iris-373,left_iris-390,left_iris-249,left_iris-263,left_iris-466,left_iris-388,left_iris-387,left_iris-386,left_iris-385,left_iris-384,left_iris-398,right_iris-133,right_iris-33,right_iris-7,right_iris-163,right_iris-144,right_iris-145,right_iris-153,right_iris-154,right_iris-155,right_iris-173,right_iris-157,right_iris-158,right_iris-159,right_iris-160,right_iris-161,right_iris-246,middle_left_right,center_edge_top_left,center_edge_top_right,center_edge_bottom_left,center_edge_bottom_right
29.154759474226502,26.30589287593181,20.8806130178211,13.601470508735444,9.219544457292887,12.041594578792296,16.1245154965971,19.924858845171276,24.186773244895647,21.02379604162864,17.029386365926403,10.770329614269007,6.082762530298219,10.0,18.439088914585774,26.0,27.294688127912362,20.024984394500787,17.72004514666935,14.7648230602334,12.806248474865697,10.04987562112089,13.45362404707371,18.973665961010276,24.515301344262525,24.020824298928627,18.24828759089466,10.295630140987,6.0,9.848857801796104,15.132745950421556,18.0,669.3549133307382,594.5889336339854,641.510716979849,520.4190619106876,68.11754546370561
