left_iris-362,left_iris-382,left_iris-381,left_iris-380,left_iris-374,left_iris-373,left_iris-390,left_iris-249,left_iris-263,left_iris-466,left_iris-388,left_iris-387,left_iris-386,left_iris-385,left_iris-384,left_iris-398,right_iris-133,right_iris-33,right_iris-7,right_iris-163,right_iris-144,right_iris-145,right_iris-153,right_iris-154,right_iris-155,right_iris-173,right_iris-157,right_iris-158,right_iris-159,right_iris-160,right_iris-161,right_iris-246,middle_left_right,center_edge_top_left,center_edge_top_right,center_edge_bottom_left,center_edge_bottom_right
38.2099463490856,35.35533905932738,28.442925306655784,18.384776310850235,9.433981132056603,9.219544457292887,14.866068747318506,20.223748416156685,25.019992006393608,21.095023109728988,17.26267650163207,10.770329614269007,5.385164807134504,14.560219778561036,26.076809620810597,34.0147027033899,29.154759474226502,29.068883707497267,24.515301344262525,20.248456731316587,15.0,10.198039027185569,12.041594578792296,19.6468827043885,26.30589287593181,26.0,17.26267650163207,7.810249675906654,7.0710678118654755,15.297058540778355,22.02271554554524,26.019223662515376,803.5620697867713,716.5277384721404,772.4066286613547,659.0235200658623,81.0
