left_iris-362,left_iris-382,left_iris-381,left_iris-380,left_iris-374,left_iris-373,left_iris-390,left_iris-249,left_iris-263,left_iris-466,left_iris-388,left_iris-387,left_iris-386,left_iris-385,left_iris-384,left_iris-398,right_iris-133,right_iris-33,right_iris-7,right_iris-163,right_iris-144,right_iris-145,right_iris-153,right_iris-154,right_iris-155,right_iris-173,right_iris-157,right_iris-158,right_iris-159,right_iris-160,right_iris-161,right_iris-246,middle_left_right,center_edge_top_left,center_edge_top_right,center_edge_bottom_left,center_edge_bottom_right
29.017236257093817,26.076809620810597,21.37755832643195,14.7648230602334,9.848857801796104,11.180339887498949,12.806248474865697,15.231546211727817,18.24828759089466,16.1245154965971,13.0,8.54400374531753,5.0,11.180339887498949,19.4164878389476,26.019223662515376,31.575306807693888,21.02379604162864,16.76305461424021,13.601470508735444,11.180339887498949,12.083045973594572,17.204650534085253,24.351591323771842,29.832867780352597,29.154759474226502,22.090722034374522,13.0,5.830951894845301,8.06225774829855,14.142135623730951,17.0,784.3322000275139,707.0905175435462,756.1593747352472,635.1983942045193,64.07027391856539
