left_iris-362,left_iris-382,left_iris-381,left_iris-380,left_iris-374,left_iris-373,left_iris-390,left_iris-249,left_iris-263,left_iris-466,left_iris-388,left_iris-387,left_iris-386,left_iris-385,left_iris-384,left_iris-398,right_iris-133,right_iris-33,right_iris-7,right_iris-163,right_iris-144,right_iris-145,right_iris-153,right_iris-154,right_iris-155,right_iris-173,right_iris-157,right_iris-158,right_iris-159,right_iris-160,right_iris-161,right_iris-246,middle_left_right,center_edge_top_left,center_edge_top_right,center_edge_bottom_left,center_edge_bottom_right
41.97618372363071,37.107950630558946,29.732137494637012,17.804493814764857,12.041594578792296,17.029386365926403,23.40939982143925,29.614185789921695,34.0147027033899,31.016124838541646,26.1725046566048,19.313207915827967,8.94427190999916,13.038404810405298,25.079872407968907,36.22154055254967,41.30375285612676,37.05401462729781,31.575306807693888,26.570660511172846,20.0,12.041594578792296,17.029386365926403,28.160255680657446,36.49657518178932,35.0,24.515301344262525,12.727922061357855,10.295630140987,21.18962010041709,28.160255680657446,33.0,663.6926999749206,624.8103712327445,647.1383159727138,505.8537338005918,101.17806086301516
