left_iris-362,left_iris-382,left_iris-381,left_iris-380,left_iris-374,left_iris-373,left_iris-390,left_iris-249,left_iris-263,left_iris-466,left_iris-388,left_iris-387,left_iris-386,left_iris-385,left_iris-384,left_iris-398,right_iris-133,right_iris-33,right_iris-7,right_iris-163,right_iris-144,right_iris-145,right_iris-153,right_iris-154,right_iris-155,right_iris-173,right_iris-157,right_iris-158,right_iris-159,right_iris-160,right_iris-161,right_iris-246,middle_left_right,center_edge_top_left,center_edge_top_right,center_edge_bottom_left,center_edge_bottom_right
37.107950630558946,34.48187929913333,27.313000567495326,17.69180601295413,13.038404810405298,17.804493814764857,23.08679276123039,28.071337695236398,33.24154027718932,30.59411708155671,27.202941017470888,21.95449840010015,14.317821063276353,14.422205101855956,22.80350850198276,32.14031735997639,37.8549864614954,32.01562118716424,26.92582403567252,23.259406699226016,17.69180601295413,14.142135623730951,19.1049731745428,27.85677655436824,35.17101079013795,33.13608305156178,23.345235059857504,13.45362404707371,10.770329614269007,18.788294228055936,25.317977802344327,29.017236257093817,657.3431371817918,612.6989472816156,638.9053137985316,500.0999900019995,82.0
