left_iris-362,left_iris-382,left_iris-381,left_iris-380,left_iris-374,left_iris-373,left_iris-390,left_iris-249,left_iris-263,left_iris-466,left_iris-388,left_iris-387,left_iris-386,left_iris-385,left_iris-384,left_iris-398,right_iris-133,right_iris-33,right_iris-7,right_iris-163,right_iris-144,right_iris-145,right_iris-153,right_iris-154,right_iris-155,right_iris-173,right_iris-157,right_iris-158,right_iris-159,right_iris-160,right_iris-161,right_iris-246,middle_left_right,center_edge_top_left,center_edge_top_right,center_edge_bottom_left,center_edge_bottom_right
23.769728648009426,21.840329667841555,17.46424919657298,12.041594578792296,9.055385138137417,10.63014581273465,14.317821063276353,17.46424919657298,20.024984394500787,18.0,15.033296378372908,10.44030650891055,4.47213595499958,7.211102550927978,14.035668847618199,20.223748416156685,25.179356624028344,24.08318915758459,20.615528128088304,16.55294535724685,12.041594578792296,8.06225774829855,11.661903789690601,18.439088914585774,23.194827009486403,21.0,14.560219778561036,7.211102550927978,8.48528137423857,14.317821063276353,19.026297590440446,22.02271554554524,744.1135666012278,668.9581451780074,716.4530689445053,594.4787632876383,61.0
