left_iris-362,left_iris-382,left_iris-381,left_iris-380,left_iris-374,left_iris-373,left_iris-390,left_iris-249,left_iris-263,left_iris-466,left_iris-388,left_iris-387,left_iris-386,left_iris-385,left_iris-384,left_iris-398,right_iris-133,right_iris-33,right_iris-7,right_iris-163,right_iris-144,right_iris-145,right_iris-153,right_iris-154,right_iris-155,right_iris-173,right_iris-157,right_iris-158,right_iris-159,right_iris-160,right_iris-161,right_iris-246,middle_left_right,center_edge_top_left,center_edge_top_right,center_edge_bottom_left,center_edge_bottom_right
27.16615541441225,24.331050121192877,18.681541692269406,11.40175425099138,8.06225774829855,12.206555615733702,18.384776310850235,22.80350850198276,26.30589287593181,23.08679276123039,20.0,14.142135623730951,5.656854249492381,7.810249675906654,16.278820596099706,23.0,35.05709628591621,22.02271554554524,17.26267650163207,13.0,7.211102550927978,8.48528137423857,16.76305461424021,26.1725046566048,32.14031735997639,32.0,24.331050121192877,15.231546211727817,6.708203932499369,8.94427190999916,15.132745950421556,19.0,746.5547535177845,664.7134721065912,716.8291288724253,599.9533315183774,78.16009211867653
