left_iris-362,left_iris-382,left_iris-381,left_iris-380,left_iris-374,left_iris-373,left_iris-390,left_iris-249,left_iris-263,left_iris-466,left_iris-388,left_iris-387,left_iris-386,left_iris-385,left_iris-384,left_iris-398,right_iris-133,right_iris-33,right_iris-7,right_iris-163,right_iris-144,right_iris-145,right_iris-153,right_iris-154,right_iris-155,right_iris-173,right_iris-157,right_iris-158,right_iris-159,right_iris-160,right_iris-161,right_iris-246,middle_left_right,center_edge_top_left,center_edge_top_right,center_edge_bottom_left,center_edge_bottom_right
38.600518131237564,33.83784863137726,26.0,14.142135623730951,10.770329614269007,18.384776310850235,26.30589287593181,33.015148038438355,40.11234224026316,36.22154055254967,30.59411708155671,22.47220505424423,10.63014581273465,10.63014581273465,22.02271554554524,32.55764119219941,32.14031735997639,32.14031735997639,27.65863337187866,23.40939982143925,18.027756377319946,11.40175425099138,12.727922061357855,21.840329667841555,28.284271247461902,27.018512172212592,18.973665961010276,10.295630140987,11.313708498984761,20.615528128088304,26.019223662515376,30.01666203960727,781.0537753573693,689.8876720162493,748.561954683779,639.1752498337213,93.05912099305473
