left_iris-362,left_iris-382,left_iris-381,left_iris-380,left_iris-374,left_iris-373,left_iris-390,left_iris-249,left_iris-263,left_iris-466,left_iris-388,left_iris-387,left_iris-386,left_iris-385,left_iris-384,left_iris-398,right_iris-133,right_iris-33,right_iris-7,right_iris-163,right_iris-144,right_iris-145,right_iris-153,right_iris-154,right_iris-155,right_iris-173,right_iris-157,right_iris-158,right_iris-159,right_iris-160,right_iris-161,right_iris-246,middle_left_right,center_edge_top_left,center_edge_top_right,center_edge_bottom_left,center_edge_bottom_right
31.064449134018133,27.0,21.095023109728988,13.0,8.246211251235321,11.40175425099138,16.1245154965971,20.248456731316587,23.53720459187964,20.09975124224178,17.0,11.704699910719626,7.0710678118654755,10.63014581273465,18.973665961010276,27.294688127912362,30.4138126514911,23.021728866442675,19.235384061671343,15.811388300841896,10.63014581273465,8.06225774829855,13.601470508735444,21.18962010041709,26.68332812825267,26.1725046566048,19.026297590440446,9.848857801796104,5.0,10.770329614269007,16.278820596099706,20.024984394500787,722.3323334864639,653.6543429060958,696.6089290268967,570.4068723288667,68.24954212300622
