left_iris-362,left_iris-382,left_iris-381,left_iris-380,left_iris-374,left_iris-373,left_iris-390,left_iris-249,left_iris-263,left_iris-466,left_iris-388,left_iris-387,left_iris-386,left_iris-385,left_iris-384,left_iris-398,right_iris-133,right_iris-33,right_iris-7,right_iris-163,right_iris-144,right_iris-145,right_iris-153,right_iris-154,right_iris-155,right_iris-173,right_iris-157,right_iris-158,right_iris-159,right_iris-160,right_iris-161,right_iris-246,middle_left_right,center_edge_top_left,center_edge_top_right,center_edge_bottom_left,center_edge_bottom_right
24.186773244895647,21.37755832643195,16.15549442140351,10.63014581273465,9.055385138137417,12.041594578792296,15.231546211727817,17.72004514666935,20.09975124224178,17.0,14.142135623730951,9.848857801796104,5.0990195135927845,8.602325267042627,15.297058540778355,21.0,25.317977802344327,22.02271554554524,19.4164878389476,15.811388300841896,12.206555615733702,8.06225774829855,11.313708498984761,17.08800749063506,22.561028345356956,22.02271554554524,16.1245154965971,8.06225774829855,5.0990195135927845,10.770329614269007,16.1245154965971,19.0,750.2866119024116,688.1351611420536,726.7255327838702,596.0956299118455,58.034472514187634
