left_iris-362,left_iris-382,left_iris-381,left_iris-380,left_iris-374,left_iris-373,left_iris-390,left_iris-249,left_iris-263,left_iris-466,left_iris-388,left_iris-387,left_iris-386,left_iris-385,left_iris-384,left_iris-398,right_iris-133,right_iris-33,right_iris-7,right_iris-163,right_iris-144,right_iris-145,right_iris-153,right_iris-154,right_iris-155,right_iris-173,right_iris-157,right_iris-158,right_iris-159,right_iris-160,right_iris-161,right_iris-246,middle_left_right,center_edge_top_left,center_edge_top_right,center_edge_bottom_left,center_edge_bottom_right
29.017236257093817,25.079872407968907,19.4164878389476,10.816653826391969,8.0,11.40175425099138,16.15549442140351,19.6468827043885,23.194827009486403,21.02379604162864,17.029386365926403,12.649110640673518,6.708203932499369,9.899494936611665,17.72004514666935,25.079872407968907,27.459060435491963,29.017236257093817,25.317977802344327,21.587033144922902,15.652475842498529,9.433981132056603,9.433981132056603,16.55294535724685,23.769728648009426,23.08679276123039,16.278820596099706,8.48528137423857,8.06225774829855,15.811388300841896,22.20360331117452,26.019223662515376,705.7343692920163,677.3189795067018,692.7921766301926,547.6869543817892,66.18912297349165
