left_iris-362,left_iris-382,left_iris-381,left_iris-380,left_iris-374,left_iris-373,left_iris-390,left_iris-249,left_iris-263,left_iris-466,left_iris-388,left_iris-387,left_iris-386,left_iris-385,left_iris-384,left_iris-398,right_iris-133,right_iris-33,right_iris-7,right_iris-163,right_iris-144,right_iris-145,right_iris-153,right_iris-154,right_iris-155,right_iris-173,right_iris-157,right_iris-158,right_iris-159,right_iris-160,right_iris-161,right_iris-246,middle_left_right,center_edge_top_left,center_edge_top_right,center_edge_bottom_left,center_edge_bottom_right
22.090722034374522,19.4164878389476,13.416407864998739,9.486832980505138,12.206555615733702,19.72308292331602,24.351591323771842,28.861739379323623,32.2490309931942,29.068883707497267,26.019223662515376,20.396078054371138,12.206555615733702,8.06225774829855,12.529964086141668,19.1049731745428,31.78049716414141,24.0,20.223748416156685,16.76305461424021,12.041594578792296,9.055385138137417,14.212670403551895,22.47220505424423,28.160255680657446,27.16615541441225,20.024984394500787,11.180339887498949,6.0,12.083045973594572,17.26267650163207,21.02379604162864,755.2972924617167,689.2561207562832,730.5299446292397,602.2242107388245,69.46221994724903
