left_iris-362,left_iris-382,left_iris-381,left_iris-380,left_iris-374,left_iris-373,left_iris-390,left_iris-249,left_iris-263,left_iris-466,left_iris-388,left_iris-387,left_iris-386,left_iris-385,left_iris-384,left_iris-398,right_iris-133,right_iris-33,right_iris-7,right_iris-163,right_iris-144,right_iris-145,right_iris-153,right_iris-154,right_iris-155,right_iris-173,right_iris-157,right_iris-158,right_iris-159,right_iris-160,right_iris-161,right_iris-246,middle_left_right,center_edge_top_left,center_edge_top_right,center_edge_bottom_left,center_edge_bottom_right
26.68332812825267,24.041630560342615,18.384776310850235,11.313708498984761,8.246211251235321,13.0,20.223748416156685,25.0,31.144823004794873,26.30589287593181,21.840329667841555,15.652475842498529,8.94427190999916,9.219544457292887,16.278820596099706,23.194827009486403,29.068883707497267,21.37755832643195,18.384776310850235,15.811388300841896,12.206555615733702,10.44030650891055,14.422205101855956,21.587033144922902,26.1725046566048,25.019992006393608,18.439088914585774,9.433981132056603,5.0990195135927845,10.44030650891055,16.0,19.1049731745428,568.438211241996,520.5016810731738,548.3812542383264,412.21596281560954,77.23341245859851
