left_iris-362,left_iris-382,left_iris-381,left_iris-380,left_iris-374,left_iris-373,left_iris-390,left_iris-249,left_iris-263,left_iris-466,left_iris-388,left_iris-387,left_iris-386,left_iris-385,left_iris-384,left_iris-398,right_iris-133,right_iris-33,right_iris-7,right_iris-163,right_iris-144,right_iris-145,right_iris-153,right_iris-154,right_iris-155,right_iris-173,right_iris-157,right_iris-158,right_iris-159,right_iris-160,right_iris-161,right_iris-246,middle_left_right,center_edge_top_left,center_edge_top_right,center_edge_bottom_left,center_edge_bottom_right
23.08679276123039,19.0,13.341664064126334,7.211102550927978,9.433981132056603,17.4928556845359,22.47220505424423,25.96150997149434,28.442925306655784,25.317977802344327,22.090722034374522,16.0312195418814,6.708203932499369,5.830951894845301,13.92838827718412,20.396078054371138,34.52535300326414,23.08679276123039,18.110770276274835,14.560219778561036,9.219544457292887,8.54400374531753,16.1245154965971,25.0,30.59411708155671,31.144823004794873,24.020824298928627,13.341664064126334,5.0,8.06225774829855,14.317821063276353,19.235384061671343,732.5189417346148,651.2173216369479,702.9110896834677,585.8190847010704,64.28063471995279
