left_iris-362,left_iris-382,left_iris-381,left_iris-380,left_iris-374,left_iris-373,left_iris-390,left_iris-249,left_iris-263,left_iris-466,left_iris-388,left_iris-387,left_iris-386,left_iris-385,left_iris-384,left_iris-398,right_iris-133,right_iris-33,right_iris-7,right_iris-163,right_iris-144,right_iris-145,right_iris-153,right_iris-154,right_iris-155,right_iris-173,right_iris-157,right_iris-158,right_iris-159,right_iris-160,right_iris-161,right_iris-246,middle_left_right,center_edge_top_left,center_edge_top_right,center_edge_bottom_left,center_edge_bottom_right
30.083217912982647,27.51363298439521,21.02379604162864,14.142135623730951,10.0,11.40175425099138,15.811388300841896,19.1049731745428,22.090722034374522,19.4164878389476,16.15549442140351,11.40175425099138,7.0710678118654755,11.180339887498949,20.024984394500787,26.476404589747453,25.079872407968907,27.65863337187866,24.351591323771842,21.470910553583888,17.029386365926403,11.704699910719626,11.661903789690601,16.15549442140351,21.37755832643195,21.02379604162864,14.866068747318506,7.211102550927978,8.48528137423857,15.297058540778355,21.02379604162864,24.186773244895647,788.5258397795218,715.3132181079837,761.6252359264365,637.7091813671809,64.38167441127949
