left_iris-362,left_iris-382,left_iris-381,left_iris-380,left_iris-374,left_iris-373,left_iris-390,left_iris-249,left_iris-263,left_iris-466,left_iris-388,left_iris-387,left_iris-386,left_iris-385,left_iris-384,left_iris-398,right_iris-133,right_iris-33,right_iris-7,right_iris-163,right_iris-144,right_iris-145,right_iris-153,right_iris-154,right_iris-155,right_iris-173,right_iris-157,right_iris-158,right_iris-159,right_iris-160,right_iris-161,right_iris-246,middle_left_right,center_edge_top_left,center_edge_top_right,center_edge_bottom_left,center_edge_bottom_right
27.892651361962706,25.0,19.313207915827967,12.727922061357855,10.04987562112089,15.620499351813308,21.93171219946131,26.92582403567252,32.38826948140329,28.160255680657446,23.0,16.1245154965971,7.0710678118654755,6.4031242374328485,16.0312195418814,24.186773244895647,29.154759474226502,22.090722034374522,18.439088914585774,14.866068747318506,10.0,7.280109889280518,12.529964086141668,20.396078054371138,26.30589287593181,25.0,18.439088914585774,10.0,6.324555320336759,11.704699910719626,17.11724276862369,20.0,643.1617214977894,589.3700026299268,621.7370826965366,487.6033223840871,79.1012010022604
