left_iris-362,left_iris-382,left_iris-381,left_iris-380,left_iris-374,left_iris-373,left_iris-390,left_iris-249,left_iris-263,left_iris-466,left_iris-388,left_iris-387,left_iris-386,left_iris-385,left_iris-384,left_iris-398,right_iris-133,right_iris-33,right_iris-7,right_iris-163,right_iris-144,right_iris-145,right_iris-153,right_iris-154,right_iris-155,right_iris-173,right_iris-157,right_iris-158,right_iris-159,right_iris-160,right_iris-161,right_iris-246,middle_left_right,center_edge_top_left,center_edge_top_right,center_edge_bottom_left,center_edge_bottom_right
38.3275357934736,35.510561809129406,28.861739379323623,18.35755975068582,11.704699910719626,12.806248474865697,18.788294228055936,23.53720459187964,29.017236257093817,26.019223662515376,22.20360331117452,16.15549442140351,9.486832980505138,12.806248474865697,24.515301344262525,33.015148038438355,24.041630560342615,45.0111097397076,39.319206502675,33.95585369269929,26.40075756488817,17.029386365926403,12.041594578792296,15.0,20.615528128088304,19.1049731745428,11.704699910719626,7.280109889280518,17.0,27.65863337187866,36.22154055254967,41.012193308819754,761.9009121926551,691.0810372163311,735.6582086811783,610.403964600493,90.00555538409837
