left_iris-362,left_iris-382,left_iris-381,left_iris-380,left_iris-374,left_iris-373,left_iris-390,left_iris-249,left_iris-263,left_iris-466,left_iris-388,left_iris-387,left_iris-386,left_iris-385,left_iris-384,left_iris-398,right_iris-133,right_iris-33,right_iris-7,right_iris-163,right_iris-144,right_iris-145,right_iris-153,right_iris-154,right_iris-155,right_iris-173,right_iris-157,right_iris-158,right_iris-159,right_iris-160,right_iris-161,right_iris-246,middle_left_right,center_edge_top_left,center_edge_top_right,center_edge_bottom_left,center_edge_bottom_right
35.12833614050059,31.400636936215164,25.0,16.401219466856727,12.041594578792296,17.029386365926403,21.633307652783937,24.698178070456937,27.459060435491963,25.079872407968907,22.02271554554524,17.08800749063506,9.848857801796104,12.727922061357855,21.840329667841555,30.0,35.6931365951495,36.013886210738214,30.4138126514911,25.96150997149434,19.72308292331602,11.704699910719626,14.212670403551895,22.847319317591726,31.04834939252005,30.066592756745816,21.37755832643195,10.63014581273465,10.816653826391969,20.248456731316587,27.294688127912362,32.01562118716424,809.0494422468877,752.5695981103675,787.503015867241,653.1929270896923,81.30190649671138
