left_iris-362,left_iris-382,left_iris-381,left_iris-380,left_iris-374,left_iris-373,left_iris-390,left_iris-249,left_iris-263,left_iris-466,left_iris-388,left_iris-387,left_iris-386,left_iris-385,left_iris-384,left_iris-398,right_iris-133,right_iris-33,right_iris-7,right_iris-163,right_iris-144,right_iris-145,right_iris-153,right_iris-154,right_iris-155,right_iris-173,right_iris-157,right_iris-158,right_iris-159,right_iris-160,right_iris-161,right_iris-246,middle_left_right,center_edge_top_left,center_edge_top_right,center_edge_bottom_left,center_edge_bottom_right
24.73863375370596,22.80350850198276,18.384776310850235,12.041594578792296,8.0,11.313708498984761,15.231546211727817,17.46424919657298,21.02379604162864,19.0,16.0312195418814,11.40175425099138,5.830951894845301,7.211102550927978,15.033296378372908,21.213203435596427,25.317977802344327,22.20360331117452,18.681541692269406,15.652475842498529,11.40175425099138,9.055385138137417,12.206555615733702,18.681541692269406,23.53720459187964,22.02271554554524,15.297058540778355,7.0710678118654755,6.4031242374328485,12.36931687685298,17.0,20.024984394500787,738.4050379026405,662.6024449094646,710.5223430688159,589.1027075137238,60.00833275470999
