left_iris-362,left_iris-382,left_iris-381,left_iris-380,left_iris-374,left_iris-373,left_iris-390,left_iris-249,left_iris-263,left_iris-466,left_iris-388,left_iris-387,left_iris-386,left_iris-385,left_iris-384,left_iris-398,right_iris-133,right_iris-33,right_iris-7,right_iris-163,right_iris-144,right_iris-145,right_iris-153,right_iris-154,right_iris-155,right_iris-173,right_iris-157,right_iris-158,right_iris-159,right_iris-160,right_iris-161,right_iris-246,middle_left_right,center_edge_top_left,center_edge_top_right,center_edge_bottom_left,center_edge_bottom_right
26.68332812825267,23.769728648009426,18.973665961010276,12.206555615733702,7.280109889280518,8.48528137423857,12.083045973594572,15.297058540778355,19.026297590440446,16.1245154965971,14.317821063276353,10.295630140987,6.0,10.295630140987,17.029386365926403,23.194827009486403,23.194827009486403,19.1049731745428,16.76305461424021,13.416407864998739,10.63014581273465,8.06225774829855,10.816653826391969,16.492422502470642,21.213203435596427,20.0,14.317821063276353,7.810249675906654,5.385164807134504,10.770329614269007,15.033296378372908,17.029386365926403,749.9133283253472,664.2062932553409,719.0062586653888,605.2850568120776,54.08326913195984
