left_iris-362,left_iris-382,left_iris-381,left_iris-380,left_iris-374,left_iris-373,left_iris-390,left_iris-249,left_iris-263,left_iris-466,left_iris-388,left_iris-387,left_iris-386,left_iris-385,left_iris-384,left_iris-398,right_iris-133,right_iris-33,right_iris-7,right_iris-163,right_iris-144,right_iris-145,right_iris-153,right_iris-154,right_iris-155,right_iris-173,right_iris-157,right_iris-158,right_iris-159,right_iris-160,right_iris-161,right_iris-246,middle_left_right,center_edge_top_left,center_edge_top_right,center_edge_bottom_left,center_edge_bottom_right
23.345235059857504,21.587033144922902,16.76305461424021,10.816653826391969,7.280109889280518,8.48528137423857,12.083045973594572,14.317821063276353,17.029386365926403,16.0312195418814,13.152946437965905,8.94427190999916,5.0990195135927845,8.06225774829855,15.132745950421556,21.095023109728988,21.213203435596427,17.029386365926403,14.560219778561036,12.083045973594572,9.219544457292887,7.0710678118654755,10.0,14.560219778561036,19.4164878389476,18.027756377319946,13.341664064126334,8.48528137423857,6.324555320336759,10.295630140987,13.152946437965905,16.0,760.8843538935467,677.89748487511,730.8522422487325,614.6909792733256,54.08326913195984
