left_iris-362,left_iris-382,left_iris-381,left_iris-380,left_iris-374,left_iris-373,left_iris-390,left_iris-249,left_iris-263,left_iris-466,left_iris-388,left_iris-387,left_iris-386,left_iris-385,left_iris-384,left_iris-398,right_iris-133,right_iris-33,right_iris-7,right_iris-163,right_iris-144,right_iris-145,right_iris-153,right_iris-154,right_iris-155,right_iris-173,right_iris-157,right_iris-158,right_iris-159,right_iris-160,right_iris-161,right_iris-246,middle_left_right,center_edge_top_left,center_edge_top_right,center_edge_bottom_left,center_edge_bottom_right
19.0,17.029386365926403,12.165525060596439,7.211102550927978,5.0,8.602325267042627,11.704699910719626,14.317821063276353,17.11724276862369,15.0,12.165525060596439,8.94427190999916,5.0990195135927845,7.0710678118654755,12.649110640673518,17.11724276862369,21.095023109728988,18.027756377319946,15.297058540778355,12.649110640673518,8.602325267042627,6.0,8.602325267042627,14.560219778561036,18.24828759089466,19.0,14.142135623730951,7.211102550927978,5.0,8.94427190999916,13.152946437965905,16.0312195418814,751.0326224605693,689.3837828089663,727.6331493273242,596.6992542311411,53.0
