left_iris-362,left_iris-382,left_iris-381,left_iris-380,left_iris-374,left_iris-373,left_iris-390,left_iris-249,left_iris-263,left_iris-466,left_iris-388,left_iris-387,left_iris-386,left_iris-385,left_iris-384,left_iris-398,right_iris-133,right_iris-33,right_iris-7,right_iris-163,right_iris-144,right_iris-145,right_iris-153,right_iris-154,right_iris-155,right_iris-173,right_iris-157,right_iris-158,right_iris-159,right_iris-160,right_iris-161,right_iris-246,middle_left_right,center_edge_top_left,center_edge_top_right,center_edge_bottom_left,center_edge_bottom_right
30.675723300355934,27.51363298439521,22.135943621178654,14.317821063276353,7.0,4.47213595499958,8.602325267042627,13.416407864998739,16.15549442140351,13.601470508735444,10.04987562112089,5.830951894845301,7.615773105863909,14.212670403551895,21.95449840010015,27.313000567495326,23.769728648009426,27.294688127912362,23.021728866442675,19.026297590440446,12.649110640673518,7.615773105863909,10.295630140987,16.64331697709324,21.470910553583888,20.8806130178211,15.033296378372908,8.06225774829855,6.082762530298219,12.206555615733702,18.973665961010276,23.53720459187964,671.6859385159108,624.4693747494748,652.5044061153917,514.7445968633376,65.79513659838392
