left_iris-362,left_iris-382,left_iris-381,left_iris-380,left_iris-374,left_iris-373,left_iris-390,left_iris-249,left_iris-263,left_iris-466,left_iris-388,left_iris-387,left_iris-386,left_iris-385,left_iris-384,left_iris-398,right_iris-133,right_iris-33,right_iris-7,right_iris-163,right_iris-144,right_iris-145,right_iris-153,right_iris-154,right_iris-155,right_iris-173,right_iris-157,right_iris-158,right_iris-159,right_iris-160,right_iris-161,right_iris-246,middle_left_right,center_edge_top_left,center_edge_top_right,center_edge_bottom_left,center_edge_bottom_right
22.090722034374522,20.223748416156685,15.524174696260024,9.433981132056603,6.082762530298219,7.0710678118654755,11.180339887498949,13.601470508735444,16.1245154965971,14.0,12.165525060596439,8.602325267042627,7.0,9.219544457292887,14.317821063276353,20.0,20.223748416156685,19.0,16.278820596099706,13.601470508735444,10.295630140987,6.324555320336759,8.48528137423857,13.92838827718412,18.439088914585774,18.0,12.36931687685298,7.0710678118654755,6.324555320336759,11.180339887498949,14.317821063276353,17.029386365926403,725.6121553557382,661.3720586780182,701.2938043359574,572.2001398112377,49.01020301937138
