left_iris-362,left_iris-382,left_iris-381,left_iris-380,left_iris-374,left_iris-373,left_iris-390,left_iris-249,left_iris-263,left_iris-466,left_iris-388,left_iris-387,left_iris-386,left_iris-385,left_iris-384,left_iris-398,right_iris-133,right_iris-33,right_iris-7,right_iris-163,right_iris-144,right_iris-145,right_iris-153,right_iris-154,right_iris-155,right_iris-173,right_iris-157,right_iris-158,right_iris-159,right_iris-160,right_iris-161,right_iris-246,middle_left_right,center_edge_top_left,center_edge_top_right,center_edge_bottom_left,center_edge_bottom_right
39.20459156782532,35.05709628591621,28.0178514522438,17.72004514666935,10.295630140987,11.661903789690601,16.64331697709324,21.540659228538015,25.495097567963924,22.20360331117452,17.0,10.44030650891055,6.082762530298219,14.7648230602334,25.96150997149434,34.52535300326414,36.138621999185304,34.23448553724738,29.0,24.186773244895647,17.08800749063506,10.770329614269007,14.212670403551895,24.166091947189145,31.622776601683793,31.400636936215164,22.0,10.770329614269007,6.324555320336759,16.55294535724685,24.73863375370596,30.4138126514911,750.6270711878169,710.3808837518081,734.0578996237286,592.7402466510943,89.62700485902673
