left_iris-362,left_iris-382,left_iris-381,left_iris-380,left_iris-374,left_iris-373,left_iris-390,left_iris-249,left_iris-263,left_iris-466,left_iris-388,left_iris-387,left_iris-386,left_iris-385,left_iris-384,left_iris-398,right_iris-133,right_iris-33,right_iris-7,right_iris-163,right_iris-144,right_iris-145,right_iris-153,right_iris-154,right_iris-155,right_iris-173,right_iris-157,right_iris-158,right_iris-159,right_iris-160,right_iris-161,right_iris-246,middle_left_right,center_edge_top_left,center_edge_top_right,center_edge_bottom_left,center_edge_bottom_right
36.345563690772494,32.55764119219941,25.96150997149434,15.811388300841896,11.0,17.804493814764857,24.698178070456937,29.832867780352597,36.22154055254967,32.0624390837628,27.018512172212592,19.4164878389476,9.219544457292887,10.63014581273465,21.37755832643195,31.016124838541646,36.49657518178932,32.14031735997639,27.892651361962706,24.166091947189145,18.439088914585774,13.038404810405298,16.278820596099706,25.632011235952593,32.7566787083184,32.01562118716424,22.561028345356956,12.727922061357855,11.180339887498949,18.384776310850235,25.179356624028344,29.0,581.5917812349139,538.7476218044958,563.2486129587893,424.4396305718871,87.20665112249179
