left_iris-362,left_iris-382,left_iris-381,left_iris-380,left_iris-374,left_iris-373,left_iris-390,left_iris-249,left_iris-263,left_iris-466,left_iris-388,left_iris-387,left_iris-386,left_iris-385,left_iris-384,left_iris-398,right_iris-133,right_iris-33,right_iris-7,right_iris-163,right_iris-144,right_iris-145,right_iris-153,right_iris-154,right_iris-155,right_iris-173,right_iris-157,right_iris-158,right_iris-159,right_iris-160,right_iris-161,right_iris-246,middle_left_right,center_edge_top_left,center_edge_top_right,center_edge_bottom_left,center_edge_bottom_right
31.953090617340916,27.730849247724095,20.0,13.341664064126334,15.620499351813308,24.698178070456937,32.55764119219941,37.05401462729781,43.04648650006177,38.3275357934736,33.95585369269929,26.832815729997478,15.811388300841896,11.180339887498949,17.46424919657298,26.476404589747453,36.013886210738214,30.14962686336267,26.248809496813376,21.95449840010015,17.804493814764857,14.035668847618199,17.029386365926403,24.73863375370596,32.2490309931942,31.144823004794873,23.259406699226016,16.1245154965971,14.866068747318506,19.72308292331602,24.515301344262525,27.018512172212592,759.9789470768253,686.7808966475407,732.9856751669844,609.3997046274309,94.53041838477179
