left_iris-362,left_iris-382,left_iris-381,left_iris-380,left_iris-374,left_iris-373,left_iris-390,left_iris-249,left_iris-263,left_iris-466,left_iris-388,left_iris-387,left_iris-386,left_iris-385,left_iris-384,left_iris-398,right_iris-133,right_iris-33,right_iris-7,right_iris-163,right_iris-144,right_iris-145,right_iris-153,right_iris-154,right_iris-155,right_iris-173,right_iris-157,right_iris-158,right_iris-159,right_iris-160,right_iris-161,right_iris-246,middle_left_right,center_edge_top_left,center_edge_top_right,center_edge_bottom_left,center_edge_bottom_right
28.0,24.08318915758459,18.24828759089466,11.180339887498949,6.0,11.661903789690601,16.76305461424021,21.587033144922902,25.179356624028344,22.02271554554524,18.027756377319946,11.704699910719626,5.0990195135927845,9.433981132056603,18.439088914585774,25.079872407968907,32.0,25.317977802344327,20.615528128088304,14.866068747318506,10.0,5.830951894845301,13.601470508735444,22.090722034374522,29.017236257093817,28.071337695236398,21.37755832643195,12.083045973594572,4.47213595499958,9.219544457292887,16.0,21.095023109728988,676.8611379005298,636.8995211177348,660.0310598752153,519.077065569266,82.0
