left_iris-362,left_iris-382,left_iris-381,left_iris-380,left_iris-374,left_iris-373,left_iris-390,left_iris-249,left_iris-263,left_iris-466,left_iris-388,left_iris-387,left_iris-386,left_iris-385,left_iris-384,left_iris-398,right_iris-133,right_iris-33,right_iris-7,right_iris-163,right_iris-144,right_iris-145,right_iris-153,right_iris-154,right_iris-155,right_iris-173,right_iris-157,right_iris-158,right_iris-159,right_iris-160,right_iris-161,right_iris-246,middle_left_right,center_edge_top_left,center_edge_top_right,center_edge_bottom_left,center_edge_bottom_right
32.01562118716424,28.160255680657446,19.924858845171276,12.529964086141668,15.264337522473747,25.238858928247925,32.31098884280702,37.64306044943742,41.593268686170845,38.2099463490856,34.0147027033899,26.1725046566048,14.7648230602334,8.06225774829855,17.46424919657298,27.073972741361768,31.04834939252005,24.186773244895647,21.02379604162864,16.492422502470642,12.206555615733702,9.0,14.142135623730951,21.02379604162864,27.51363298439521,27.459060435491963,20.024984394500787,11.180339887498949,5.0990195135927845,10.816653826391969,17.72004514666935,21.37755832643195,667.0629655437334,606.2779890446296,643.5627397542527,513.1013545100033,74.67261881037788
