left_iris-362,left_iris-382,left_iris-381,left_iris-380,left_iris-374,left_iris-373,left_iris-390,left_iris-249,left_iris-263,left_iris-466,left_iris-388,left_iris-387,left_iris-386,left_iris-385,left_iris-384,left_iris-398,right_iris-133,right_iris-33,right_iris-7,right_iris-163,right_iris-144,right_iris-145,right_iris-153,right_iris-154,right_iris-155,right_iris-173,right_iris-157,right_iris-158,right_iris-159,right_iris-160,right_iris-161,right_iris-246,middle_left_right,center_edge_top_left,center_edge_top_right,center_edge_bottom_left,center_edge_bottom_right
29.614185789921695,25.96150997149434,19.697715603592208,12.041594578792296,10.198039027185569,15.0,19.313207915827967,21.587033144922902,25.079872407968907,22.0,19.1049731745428,13.92838827718412,7.615773105863909,8.602325267042627,18.110770276274835,25.079872407968907,26.476404589747453,28.0178514522438,23.345235059857504,19.924858845171276,15.264337522473747,9.486832980505138,10.0,17.46424919657298,22.80350850198276,23.08679276123039,15.297058540778355,7.810249675906654,8.602325267042627,15.811388300841896,21.213203435596427,25.019992006393608,762.5772092057302,699.5884504478329,738.7990254460275,608.5425211108917,68.06614430096654
