left_iris-362,left_iris-382,left_iris-381,left_iris-380,left_iris-374,left_iris-373,left_iris-390,left_iris-249,left_iris-263,left_iris-466,left_iris-388,left_iris-387,left_iris-386,left_iris-385,left_iris-384,left_iris-398
38.11823710509184,34.23448553724738,27.65863337187866,17.4928556845359,11.40175425099138,14.866068747318506,20.591260281974,25.298221281347036,29.274562336608895,26.1725046566048,22.0,16.278820596099706,7.211102550927978,11.40175425099138,23.53720459187964,33.0
