left_iris-362,left_iris-382,left_iris-381,left_iris-380,left_iris-374,left_iris-373,left_iris-390,left_iris-249,left_iris-263,left_iris-466,left_iris-388,left_iris-387,left_iris-386,left_iris-385,left_iris-384,left_iris-398
32.0624390837628,28.16025568065745,22.360679774997894,14.866068747318506,7.211102550927978,8.48528137423857,15.231546211727816,20.8806130178211,25.495097567963924,21.095023109728988,16.0,9.486832980505138,4.123105625617661,11.704699910719626,21.213203435596427,28.0
