left_iris-362,left_iris-382,left_iris-381,left_iris-380,left_iris-374,left_iris-373,left_iris-390,left_iris-249,left_iris-263,left_iris-466,left_iris-388,left_iris-387,left_iris-386,left_iris-385,left_iris-384,left_iris-398
27.16615541441225,23.53720459187964,18.027756377319943,11.31370849898476,8.246211251235321,13.038404810405298,18.027756377319943,21.587033144922906,25.179356624028344,22.09072203437452,18.0,12.16552506059644,4.47213595499958,8.06225774829855,17.11724276862369,24.020824298928627
