left_iris-362,left_iris-382,left_iris-381,left_iris-380,left_iris-374,left_iris-373,left_iris-390,left_iris-249,left_iris-263,left_iris-466,left_iris-388,left_iris-387,left_iris-386,left_iris-385,left_iris-384,left_iris-398
40.79215610874227,36.138621999185304,28.460498941515414,17.204650534085253,10.198039027185567,13.601470508735444,19.924858845171276,25.317977802344327,31.016124838541646,27.0,22.20360331117452,13.92838827718412,6.082762530298219,13.0,25.019992006393608,35.22782990761707
