left_iris-362,left_iris-382,left_iris-381,left_iris-380,left_iris-374,left_iris-373,left_iris-390,left_iris-249,left_iris-263,left_iris-466,left_iris-388,left_iris-387,left_iris-386,left_iris-385,left_iris-384,left_iris-398
40.19950248448356,37.33630940518894,29.832867780352597,19.72308292331602,13.601470508735444,15.0,20.12461179749811,24.515301344262525,29.0,26.076809620810597,22.360679774997894,16.15549442140351,8.54400374531753,13.601470508735444,25.495097567963924,35.0
