left_iris-362,left_iris-382,left_iris-381,left_iris-380,left_iris-374,left_iris-373,left_iris-390,left_iris-249,left_iris-263,left_iris-466,left_iris-388,left_iris-387,left_iris-386,left_iris-385,left_iris-384,left_iris-398
30.364452901377952,27.51363298439521,21.540659228538015,13.601470508735444,7.0710678118654755,11.180339887498947,18.24828759089466,24.020824298928627,31.064449134018133,26.1725046566048,21.37755832643195,14.866068747318506,5.830951894845301,8.54400374531753,18.027756377319943,25.70992026436488
