left_iris-362,left_iris-382,left_iris-381,left_iris-380,left_iris-374,left_iris-373,left_iris-390,left_iris-249,left_iris-263,left_iris-466,left_iris-388,left_iris-387,left_iris-386,left_iris-385,left_iris-384,left_iris-398
24.08318915758459,21.37755832643195,16.76305461424021,10.63014581273465,9.055385138137416,12.727922061357855,15.652475842498529,18.027756377319943,20.223748416156685,18.027756377319943,15.033296378372908,11.704699910719626,7.280109889280518,9.219544457292889,15.524174696260024,21.02379604162864
