left_iris-362,left_iris-382,left_iris-381,left_iris-380,left_iris-374,left_iris-373,left_iris-390,left_iris-249,left_iris-263,left_iris-466,left_iris-388,left_iris-387,left_iris-386,left_iris-385,left_iris-384,left_iris-398
32.55764119219941,29.120439557122072,21.93171219946131,14.212670403551895,12.36931687685298,18.027756377319943,24.041630560342615,28.284271247461906,33.015148038438355,29.068883707497267,25.317977802344327,19.313207915827967,10.816653826391969,10.63014581273465,19.4164878389476,28.0713376952364
