left_iris-362,left_iris-382,left_iris-381,left_iris-380,left_iris-374,left_iris-373,left_iris-390,left_iris-249,left_iris-263,left_iris-466,left_iris-388,left_iris-387,left_iris-386,left_iris-385,left_iris-384,left_iris-398
34.058772731852805,30.265491900843113,22.80350850198276,14.212670403551895,11.0,15.556349186104043,20.591260281974,24.35159132377184,27.459060435491963,24.186773244895647,20.0,13.601470508735444,6.324555320336759,12.206555615733702,22.561028345356956,30.01666203960727
