left_iris-362,left_iris-382,left_iris-381,left_iris-380,left_iris-374,left_iris-373,left_iris-390,left_iris-249,left_iris-263,left_iris-466,left_iris-388,left_iris-387,left_iris-386,left_iris-385,left_iris-384,left_iris-398
24.08318915758459,21.213203435596427,15.297058540778355,7.615773105863909,3.1622776601683795,10.198039027185567,15.033296378372908,19.0,23.08679276123039,20.223748416156685,16.492422502470642,10.770329614269007,4.123105625617661,7.615773105863909,15.132745950421556,21.0
