left_iris-362,left_iris-382,left_iris-381,left_iris-380,left_iris-374,left_iris-373,left_iris-390,left_iris-249,left_iris-263,left_iris-466,left_iris-388,left_iris-387,left_iris-386,left_iris-385,left_iris-384,left_iris-398
40.311288741492746,35.6931365951495,27.202941017470888,17.029386365926403,13.038404810405298,19.1049731745428,24.596747752497688,29.410882339705484,33.37663853655727,29.068883707497267,25.0,16.492422502470642,7.615773105863909,12.206555615733702,25.317977802344327,35.014282800023196
