left_iris-362,left_iris-382,left_iris-381,left_iris-380,left_iris-374,left_iris-373,left_iris-390,left_iris-249,left_iris-263,left_iris-466,left_iris-388,left_iris-387,left_iris-386,left_iris-385,left_iris-384,left_iris-398
39.01281840626232,36.05551275463989,29.274562336608895,18.788294228055936,12.083045973594572,13.038404810405298,18.027756377319943,22.47220505424423,26.30589287593181,24.186773244895647,20.024984394500787,14.0356688476182,4.242640687119285,12.083045973594572,24.331050121192877,34.0147027033899
