left_iris-362,left_iris-382,left_iris-381,left_iris-380,left_iris-374,left_iris-373,left_iris-390,left_iris-249,left_iris-263,left_iris-466,left_iris-388,left_iris-387,left_iris-386,left_iris-385,left_iris-384,left_iris-398
34.48187929913333,31.016124838541646,23.70653918225939,15.811388300841896,12.649110640673518,18.867962264113206,23.53720459187964,29.017236257093817,33.37663853655727,30.80584360149873,27.51363298439521,23.021728866442675,15.231546211727816,14.422205101855956,21.587033144922906,29.274562336608895
