left_iris-362,left_iris-382,left_iris-381,left_iris-380,left_iris-374,left_iris-373,left_iris-390,left_iris-249,left_iris-263,left_iris-466,left_iris-388,left_iris-387,left_iris-386,left_iris-385,left_iris-384,left_iris-398
40.049968789001575,37.12142238654117,29.274562336608895,19.697715603592208,11.180339887498947,13.038404810405298,18.027756377319943,22.47220505424423,26.30589287593181,24.186773244895647,20.024984394500787,14.0356688476182,4.47213595499958,12.083045973594572,25.317977802344327,35.014282800023196
