left_iris-362,left_iris-382,left_iris-381,left_iris-380,left_iris-374,left_iris-373,left_iris-390,left_iris-249,left_iris-263,left_iris-466,left_iris-388,left_iris-387,left_iris-386,left_iris-385,left_iris-384,left_iris-398
30.066592756745816,27.16615541441225,20.396078054371134,13.41640786499874,8.246211251235321,10.63014581273465,15.652475842498529,18.973665961010276,22.20360331117452,20.024984394500787,16.0312195418814,10.44030650891055,5.0,10.770329614269007,20.223748416156685,27.0
