left_iris-362,left_iris-382,left_iris-381,left_iris-380,left_iris-374,left_iris-373,left_iris-390,left_iris-249,left_iris-263,left_iris-466,left_iris-388,left_iris-387,left_iris-386,left_iris-385,left_iris-384,left_iris-398
24.186773244895647,21.37755832643195,16.15549442140351,9.899494936611664,8.246211251235321,12.206555615733702,17.08800749063506,19.6468827043885,23.194827009486403,20.024984394500787,16.0,11.180339887498947,3.605551275463989,6.708203932499369,15.033296378372908,21.02379604162864
