left_iris-362,left_iris-382,left_iris-381,left_iris-380,left_iris-374,left_iris-373,left_iris-390,left_iris-249,left_iris-263,left_iris-466,left_iris-388,left_iris-387,left_iris-386,left_iris-385,left_iris-384,left_iris-398
24.515301344262525,21.587033144922906,16.15549442140351,10.0,6.0,9.433981132056603,14.560219778561036,17.11724276862369,21.0,18.110770276274835,14.317821063276352,9.433981132056603,5.0990195135927845,8.94427190999916,16.0312195418814,21.095023109728988
