left_iris-362,left_iris-382,left_iris-381,left_iris-380,left_iris-374,left_iris-373,left_iris-390,left_iris-249,left_iris-263,left_iris-466,left_iris-388,left_iris-387,left_iris-386,left_iris-385,left_iris-384,left_iris-398
34.36568055487916,30.80584360149873,24.35159132377184,15.620499351813308,11.04536101718726,14.866068747318506,19.235384061671343,22.135943621178654,26.30589287593181,23.021728866442675,19.026297590440446,12.649110640673518,6.082762530298219,11.6619037896906,22.20360331117452,30.066592756745816
