left_iris-362,left_iris-382,left_iris-381,left_iris-380,left_iris-374,left_iris-373,left_iris-390,left_iris-249,left_iris-263,left_iris-466,left_iris-388,left_iris-387,left_iris-386,left_iris-385,left_iris-384,left_iris-398
27.459060435491963,24.73863375370596,18.384776310850235,10.63014581273465,7.615773105863909,13.92838827718412,19.235384061671343,24.020824298928627,28.0713376952364,25.179356624028344,21.37755832643195,16.15549442140351,8.06225774829855,8.48528137423857,17.26267650163207,24.08318915758459
