left_iris-362,left_iris-382,left_iris-381,left_iris-380,left_iris-374,left_iris-373,left_iris-390,left_iris-249,left_iris-263,left_iris-466,left_iris-388,left_iris-387,left_iris-386,left_iris-385,left_iris-384,left_iris-398
41.048751503547585,37.12142238654117,29.274562336608895,18.384776310850235,10.770329614269007,12.806248474865695,19.235384061671343,24.041630560342615,30.265491900843113,26.076809620810597,22.0,15.297058540778355,6.708203932499369,12.206555615733702,25.495097567963924,36.013886210738214
