left_iris-362,left_iris-382,left_iris-381,left_iris-380,left_iris-374,left_iris-373,left_iris-390,left_iris-249,left_iris-263,left_iris-466,left_iris-388,left_iris-387,left_iris-386,left_iris-385,left_iris-384,left_iris-398
25.179356624028344,22.360679774997894,17.08800749063506,10.63014581273465,8.246211251235321,12.806248474865695,16.15549442140351,19.4164878389476,22.09072203437452,20.0,17.26267650163207,12.083045973594572,7.280109889280518,9.899494936611664,16.492422502470642,22.0
