left_iris-362,left_iris-382,left_iris-381,left_iris-380,left_iris-374,left_iris-373,left_iris-390,left_iris-249,left_iris-263,left_iris-466,left_iris-388,left_iris-387,left_iris-386,left_iris-385,left_iris-384,left_iris-398
28.284271247461906,25.495097567963924,19.924858845171276,12.806248474865695,9.0,12.727922061357855,16.55294535724685,19.4164878389476,23.021728866442675,21.02379604162864,17.26267650163207,13.41640786499874,7.280109889280518,9.219544457292889,17.26267650163207,25.019992006393608
