left_iris-362,left_iris-382,left_iris-381,left_iris-380,left_iris-374,left_iris-373,left_iris-390,left_iris-249,left_iris-263,left_iris-466,left_iris-388,left_iris-387,left_iris-386,left_iris-385,left_iris-384,left_iris-398
22.360679774997894,19.6468827043885,14.317821063276352,8.94427190999916,10.295630140987,15.811388300841896,20.248456731316587,22.80350850198276,25.179356624028344,23.08679276123039,19.0,14.142135623730953,5.830951894845301,5.0,13.152946437965904,19.026297590440446
