left_iris-362,left_iris-382,left_iris-381,left_iris-380,left_iris-374,left_iris-373,left_iris-390,left_iris-249,left_iris-263,left_iris-466,left_iris-388,left_iris-387,left_iris-386,left_iris-385,left_iris-384,left_iris-398
26.92582403567252,23.40939982143925,17.0,10.295630140987,10.816653826391969,17.46424919657298,22.561028345356956,26.1725046566048,31.0,27.073972741361768,23.345235059857504,18.027756377319943,10.0,7.211102550927978,15.297058540778355,22.20360331117452
