left_iris-362,left_iris-382,left_iris-381,left_iris-380,left_iris-374,left_iris-373,left_iris-390,left_iris-249,left_iris-263,left_iris-466,left_iris-388,left_iris-387,left_iris-386,left_iris-385,left_iris-384,left_iris-398
23.08679276123039,20.024984394500787,15.0,8.246211251235321,3.0,8.94427190999916,13.92838827718412,17.72004514666935,20.615528128088304,18.439088914585778,14.142135623730953,9.055385138137416,1.4142135623730951,7.280109889280518,14.317821063276352,20.09975124224178
