left_iris-362,left_iris-382,left_iris-381,left_iris-380,left_iris-374,left_iris-373,left_iris-390,left_iris-249,left_iris-263,left_iris-466,left_iris-388,left_iris-387,left_iris-386,left_iris-385,left_iris-384,left_iris-398
23.0,21.02379604162864,16.1245154965971,9.433981132056603,6.0,10.0,13.92838827718412,17.46424919657298,20.223748416156685,18.027756377319943,15.0,10.198039027185567,5.830951894845301,7.0710678118654755,14.560219778561036,20.09975124224178
