left_iris-362,left_iris-382,left_iris-381,left_iris-380,left_iris-374,left_iris-373,left_iris-390,left_iris-249,left_iris-263,left_iris-466,left_iris-388,left_iris-387,left_iris-386,left_iris-385,left_iris-384,left_iris-398
27.459060435491963,24.73863375370596,18.973665961010276,11.31370849898476,9.055385138137416,15.0,21.540659228538015,26.68332812825267,32.2490309931942,28.0713376952364,23.021728866442675,16.278820596099706,7.810249675906654,7.810249675906654,16.278820596099706,23.08679276123039
