left_iris-362,left_iris-382,left_iris-381,left_iris-380,left_iris-374,left_iris-373,left_iris-390,left_iris-249,left_iris-263,left_iris-466,left_iris-388,left_iris-387,left_iris-386,left_iris-385,left_iris-384,left_iris-398
35.510561809129406,32.01562118716424,23.769728648009423,15.620499351813308,12.36931687685298,19.4164878389476,25.298221281347036,30.4138126514911,35.014282800023196,31.016124838541646,26.30589287593181,19.313207915827967,10.295630140987,12.041594578792296,22.561028345356956,31.064449134018133
