left_iris-362,left_iris-382,left_iris-381,left_iris-380,left_iris-374,left_iris-373,left_iris-390,left_iris-249,left_iris-263,left_iris-466,left_iris-388,left_iris-387,left_iris-386,left_iris-385,left_iris-384,left_iris-398
33.37663853655727,29.832867780352597,22.84731931759173,14.212670403551895,12.36931687685298,18.601075237738275,24.698178070456937,30.083217912982647,34.36568055487916,30.01666203960727,25.179356624028344,18.384776310850235,10.770329614269007,12.806248474865695,20.615528128088304,29.017236257093817
