left_iris-362,left_iris-382,left_iris-381,left_iris-380,left_iris-374,left_iris-373,left_iris-390,left_iris-249,left_iris-263,left_iris-466,left_iris-388,left_iris-387,left_iris-386,left_iris-385,left_iris-384,left_iris-398
34.92849839314596,32.28002478313795,26.0,17.69180601295413,12.16552506059644,14.212670403551895,18.788294228055936,22.360679774997894,26.019223662515376,23.194827009486403,19.924858845171276,14.422205101855956,10.04987562112089,13.601470508735444,23.194827009486403,31.25699921617557
