left_iris-362,left_iris-382,left_iris-381,left_iris-380,left_iris-374,left_iris-373,left_iris-390,left_iris-249,left_iris-263,left_iris-466,left_iris-388,left_iris-387,left_iris-386,left_iris-385,left_iris-384,left_iris-398
33.734255586866,31.32091952673165,23.769728648009423,16.278820596099706,11.04536101718726,14.866068747318506,20.12461179749811,23.769728648009423,28.0713376952364,25.0,21.213203435596427,14.317821063276352,8.246211251235321,11.6619037896906,21.02379604162864,29.274562336608895
