left_iris-362,left_iris-382,left_iris-381,left_iris-380,left_iris-374,left_iris-373,left_iris-390,left_iris-249,left_iris-263,left_iris-466,left_iris-388,left_iris-387,left_iris-386,left_iris-385,left_iris-384,left_iris-398
24.186773244895647,20.396078054371134,15.811388300841896,9.899494936611664,8.06225774829855,12.206555615733702,17.08800749063506,20.615528128088304,24.186773244895647,21.02379604162864,17.029386365926403,12.36931687685298,5.830951894845301,7.211102550927978,14.142135623730953,21.02379604162864
