left_iris-362,left_iris-382,left_iris-381,left_iris-380,left_iris-374,left_iris-373,left_iris-390,left_iris-249,left_iris-263,left_iris-466,left_iris-388,left_iris-387,left_iris-386,left_iris-385,left_iris-384,left_iris-398
32.2490309931942,29.42787793912432,23.08679276123039,16.401219466856727,11.180339887498947,14.866068747318506,20.591260281974,26.248809496813376,32.38826948140329,27.16615541441225,23.0,15.297058540778355,8.06225774829855,10.63014581273465,19.6468827043885,28.0
