left_iris-362,left_iris-382,left_iris-381,left_iris-380,left_iris-374,left_iris-373,left_iris-390,left_iris-249,left_iris-263,left_iris-466,left_iris-388,left_iris-387,left_iris-386,left_iris-385,left_iris-384,left_iris-398
30.364452901377952,26.570660511172846,21.470910553583888,14.212670403551895,11.0,12.727922061357855,16.15549442140351,19.235384061671343,22.02271554554524,19.235384061671343,15.524174696260024,10.0,6.082762530298219,10.770329614269007,19.0,26.476404589747453
