left_iris-362,left_iris-382,left_iris-381,left_iris-380,left_iris-374,left_iris-373,left_iris-390,left_iris-249,left_iris-263,left_iris-466,left_iris-388,left_iris-387,left_iris-386,left_iris-385,left_iris-384,left_iris-398
27.16615541441225,23.345235059857504,17.72004514666935,10.63014581273465,7.280109889280518,13.892443989449804,18.973665961010276,23.53720459187964,27.16615541441225,23.021728866442675,19.0,12.16552506059644,3.605551275463989,7.615773105863909,17.11724276862369,24.020824298928627
