left_iris-362,left_iris-382,left_iris-381,left_iris-380,left_iris-374,left_iris-373,left_iris-390,left_iris-249,left_iris-263,left_iris-466,left_iris-388,left_iris-387,left_iris-386,left_iris-385,left_iris-384,left_iris-398
28.0178514522438,25.179356624028344,18.439088914585778,11.40175425099138,8.06225774829855,13.038404810405298,17.72004514666935,21.37755832643195,25.019992006393608,22.0,18.027756377319943,12.36931687685298,5.0,8.06225774829855,17.46424919657298,25.019992006393608
