left_iris-362,left_iris-382,left_iris-381,left_iris-380,left_iris-374,left_iris-373,left_iris-390,left_iris-249,left_iris-263,left_iris-466,left_iris-388,left_iris-387,left_iris-386,left_iris-385,left_iris-384,left_iris-398
39.05124837953327,34.132096331752024,26.476404589747453,16.1245154965971,9.219544457292889,13.45362404707371,19.697715603592208,23.769728648009423,29.154759474226505,25.0,21.095023109728988,13.92838827718412,8.06225774829855,13.601470508735444,24.515301344262525,34.058772731852805
