left_iris-362,left_iris-382,left_iris-381,left_iris-380,left_iris-374,left_iris-373,left_iris-390,left_iris-249,left_iris-263,left_iris-466,left_iris-388,left_iris-387,left_iris-386,left_iris-385,left_iris-384,left_iris-398
32.2490309931942,28.635642126552707,23.08679276123039,15.0,10.04987562112089,13.45362404707371,18.027756377319943,22.360679774997894,26.0,23.08679276123039,20.223748416156685,14.317821063276352,8.54400374531753,10.63014581273465,19.4164878389476,28.0178514522438
