left_iris-362,left_iris-382,left_iris-381,left_iris-380,left_iris-374,left_iris-373,left_iris-390,left_iris-249,left_iris-263,left_iris-466,left_iris-388,left_iris-387,left_iris-386,left_iris-385,left_iris-384,left_iris-398
24.515301344262525,21.587033144922906,17.08800749063506,11.31370849898476,9.055385138137416,15.0,20.248456731316587,25.495097567963924,31.016124838541646,26.019223662515376,22.09072203437452,15.524174696260024,7.810249675906654,7.0710678118654755,15.297058540778355,21.095023109728988
