left_iris-362,left_iris-382,left_iris-381,left_iris-380,left_iris-374,left_iris-373,left_iris-390,left_iris-249,left_iris-263,left_iris-466,left_iris-388,left_iris-387,left_iris-386,left_iris-385,left_iris-384,left_iris-398
35.73513677041127,31.78049716414141,24.698178070456937,16.64331697709324,13.601470508735444,19.72308292331602,25.70992026436488,30.14962686336267,35.05709628591621,31.400636936215164,27.202941017470888,20.808652046684813,13.601470508735444,14.142135623730953,22.20360331117452,30.59411708155671
