left_iris-362,left_iris-382,left_iris-381,left_iris-380,left_iris-374,left_iris-373,left_iris-390,left_iris-249,left_iris-263,left_iris-466,left_iris-388,left_iris-387,left_iris-386,left_iris-385,left_iris-384,left_iris-398
27.892651361962702,24.35159132377184,17.88854381999832,10.295630140987,10.816653826391969,17.46424919657298,23.345235059857504,28.0713376952364,32.0,29.068883707497267,25.317977802344327,18.973665961010276,9.899494936611664,7.211102550927978,15.297058540778355,23.194827009486403
