left_iris-362,left_iris-382,left_iris-381,left_iris-380,left_iris-374,left_iris-373,left_iris-390,left_iris-249,left_iris-263,left_iris-466,left_iris-388,left_iris-387,left_iris-386,left_iris-385,left_iris-384,left_iris-398
23.021728866442675,21.0,16.0312195418814,9.486832980505138,5.385164807134504,7.810249675906654,11.6619037896906,14.866068747318506,17.46424919657298,15.132745950421556,13.0,9.486832980505138,5.0990195135927845,8.48528137423857,14.866068747318506,20.223748416156685
