left_iris-362,left_iris-382,left_iris-381,left_iris-380,left_iris-374,left_iris-373,left_iris-390,left_iris-249,left_iris-263,left_iris-466,left_iris-388,left_iris-387,left_iris-386,left_iris-385,left_iris-384,left_iris-398
23.769728648009423,21.840329667841555,17.08800749063506,11.40175425099138,7.280109889280518,8.48528137423857,12.083045973594572,14.317821063276352,18.0,15.033296378372908,13.152946437965904,8.94427190999916,4.0,8.54400374531753,15.0,21.213203435596427
