left_iris-362,left_iris-382,left_iris-381,left_iris-380,left_iris-374,left_iris-373,left_iris-390,left_iris-249,left_iris-263,left_iris-466,left_iris-388,left_iris-387,left_iris-386,left_iris-385,left_iris-384,left_iris-398
41.10960958218893,37.21558813185679,30.4138126514911,18.788294228055936,12.083045973594572,13.038404810405298,18.867962264113206,23.40939982143925,28.442925306655784,25.179356624028344,22.02271554554524,15.297058540778355,6.324555320336759,13.038404810405298,25.495097567963924,36.013886210738214
