left_iris-362,left_iris-382,left_iris-381,left_iris-380,left_iris-374,left_iris-373,left_iris-390,left_iris-249,left_iris-263,left_iris-466,left_iris-388,left_iris-387,left_iris-386,left_iris-385,left_iris-384,left_iris-398
34.058772731852805,31.144823004794873,25.317977802344327,17.08800749063506,10.0,10.295630140987,14.422205101855956,18.384776310850235,23.53720459187964,19.235384061671343,16.0312195418814,9.055385138137416,4.123105625617661,11.704699910719626,22.20360331117452,30.0
