left_iris-362,left_iris-382,left_iris-381,left_iris-380,left_iris-374,left_iris-373,left_iris-390,left_iris-249,left_iris-263,left_iris-466,left_iris-388,left_iris-387,left_iris-386,left_iris-385,left_iris-384,left_iris-398
28.16025568065745,25.317977802344327,18.68154169226941,11.40175425099138,8.0,11.40175425099138,16.15549442140351,19.4164878389476,23.08679276123039,20.0,17.11724276862369,11.704699910719626,5.385164807134504,9.433981132056603,17.26267650163207,25.0
