left_iris-362,left_iris-382,left_iris-381,left_iris-380,left_iris-374,left_iris-373,left_iris-390,left_iris-249,left_iris-263,left_iris-466,left_iris-388,left_iris-387,left_iris-386,left_iris-385,left_iris-384,left_iris-398
28.0713376952364,25.019992006393608,19.026297590440446,11.40175425099138,5.0990195135927845,10.0,16.15549442140351,20.8806130178211,25.495097567963924,21.213203435596427,17.029386365926403,11.180339887498947,5.0990195135927845,10.0,18.027756377319943,25.317977802344327
