left_iris-362,left_iris-382,left_iris-381,left_iris-380,left_iris-374,left_iris-373,left_iris-390,left_iris-249,left_iris-263,left_iris-466,left_iris-388,left_iris-387,left_iris-386,left_iris-385,left_iris-384,left_iris-398
32.14031735997639,30.265491900843113,24.515301344262525,17.0,11.6619037896906,12.083045973594572,15.620499351813308,18.788294228055936,22.561028345356956,20.223748416156685,16.0312195418814,11.180339887498947,5.0990195135927845,10.295630140987,20.396078054371134,28.0
