left_iris-362,left_iris-382,left_iris-381,left_iris-380,left_iris-374,left_iris-373,left_iris-390,left_iris-249,left_iris-263,left_iris-466,left_iris-388,left_iris-387,left_iris-386,left_iris-385,left_iris-384,left_iris-398
30.01666203960727,27.16615541441225,21.587033144922906,13.601470508735444,11.04536101718726,15.0,19.4164878389476,23.259406699226016,26.68332812825267,24.331050121192877,22.0,16.492422502470642,10.0,10.295630140987,18.384776310850235,26.076809620810597
