left_iris-362,left_iris-382,left_iris-381,left_iris-380,left_iris-374,left_iris-373,left_iris-390,left_iris-249,left_iris-263,left_iris-466,left_iris-388,left_iris-387,left_iris-386,left_iris-385,left_iris-384,left_iris-398
41.23105625617661,36.68787265568828,27.85677655436824,15.620499351813308,9.055385138137416,16.55294535724685,23.53720459187964,29.068883707497267,34.0147027033899,30.066592756745816,25.317977802344327,17.08800749063506,6.708203932499369,11.704699910719626,25.0,35.510561809129406
