left_iris-362,left_iris-382,left_iris-381,left_iris-380,left_iris-374,left_iris-373,left_iris-390,left_iris-249,left_iris-263,left_iris-466,left_iris-388,left_iris-387,left_iris-386,left_iris-385,left_iris-384,left_iris-398
30.01666203960727,27.16615541441225,21.37755832643195,13.41640786499874,7.615773105863909,9.899494936611664,14.317821063276352,18.68154169226941,22.09072203437452,19.0,15.033296378372908,8.54400374531753,4.123105625617661,11.704699910719626,20.223748416156685,27.018512172212592
