left_iris-362,left_iris-382,left_iris-381,left_iris-380,left_iris-374,left_iris-373,left_iris-390,left_iris-249,left_iris-263,left_iris-466,left_iris-388,left_iris-387,left_iris-386,left_iris-385,left_iris-384,left_iris-398
26.476404589747453,22.80350850198276,17.46424919657298,10.0,8.54400374531753,15.264337522473747,21.18962010041709,25.70992026436488,30.14962686336267,27.018512172212592,23.08679276123039,17.72004514666935,9.219544457292889,7.211102550927978,15.297058540778355,22.09072203437452
