left_iris-362,left_iris-382,left_iris-381,left_iris-380,left_iris-374,left_iris-373,left_iris-390,left_iris-249,left_iris-263,left_iris-466,left_iris-388,left_iris-387,left_iris-386,left_iris-385,left_iris-384,left_iris-398
40.049968789001575,37.12142238654117,29.614185789921695,19.72308292331602,13.92838827718412,16.1245154965971,20.615528128088304,23.259406699226016,26.68332812825267,24.186773244895647,20.0,14.560219778561036,7.0710678118654755,14.422205101855956,25.70992026436488,35.05709628591621
