left_iris-362,left_iris-382,left_iris-381,left_iris-380,left_iris-374,left_iris-373,left_iris-390,left_iris-249,left_iris-263,left_iris-466,left_iris-388,left_iris-387,left_iris-386,left_iris-385,left_iris-384,left_iris-398
33.95585369269929,30.364452901377952,24.166091947189145,16.278820596099706,12.0,15.556349186104043,20.12461179749811,22.80350850198276,26.019223662515376,24.020824298928627,20.396078054371134,15.264337522473747,10.198039027185567,12.727922061357855,21.37755832643195,29.154759474226505
