left_iris-362,left_iris-382,left_iris-381,left_iris-380,left_iris-374,left_iris-373,left_iris-390,left_iris-249,left_iris-263,left_iris-466,left_iris-388,left_iris-387,left_iris-386,left_iris-385,left_iris-384,left_iris-398
30.4138126514911,27.65863337187866,22.47220505424423,14.866068747318506,11.04536101718726,12.727922061357855,17.08800749063506,21.37755832643195,26.0,23.08679276123039,19.235384061671343,13.92838827718412,7.280109889280518,10.63014581273465,19.4164878389476,27.073972741361768
