left_iris-362,left_iris-382,left_iris-381,left_iris-380,left_iris-374,left_iris-373,left_iris-390,left_iris-249,left_iris-263,left_iris-466,left_iris-388,left_iris-387,left_iris-386,left_iris-385,left_iris-384,left_iris-398
29.614185789921695,26.68332812825267,20.8806130178211,14.422205101855956,8.94427190999916,8.602325267042627,12.529964086141668,15.524174696260024,19.1049731745428,16.0,12.041594578792296,6.708203932499369,4.47213595499958,11.40175425099138,19.0,26.1725046566048
