left_iris-362,left_iris-382,left_iris-381,left_iris-380,left_iris-374,left_iris-373,left_iris-390,left_iris-249,left_iris-263,left_iris-466,left_iris-388,left_iris-387,left_iris-386,left_iris-385,left_iris-384,left_iris-398
31.400636936215164,29.274562336608895,23.021728866442675,15.297058540778355,7.810249675906654,8.06225774829855,13.038404810405298,17.46424919657298,21.587033144922906,18.24828759089466,14.0356688476182,8.246211251235321,5.0990195135927845,11.6619037896906,21.18962010041709,28.861739379323623
