left_iris-362,left_iris-382,left_iris-381,left_iris-380,left_iris-374,left_iris-373,left_iris-390,left_iris-249,left_iris-263,left_iris-466,left_iris-388,left_iris-387,left_iris-386,left_iris-385,left_iris-384,left_iris-398
33.13608305156178,29.154759474226505,22.360679774997894,12.083045973594572,5.0990195135927845,13.92838827718412,21.37755832643195,27.29468812791236,32.0624390837628,28.0713376952364,22.09072203437452,13.038404810405298,1.4142135623730951,10.04987562112089,21.02379604162864,29.068883707497267
