left_iris-362,left_iris-382,left_iris-381,left_iris-380,left_iris-374,left_iris-373,left_iris-390,left_iris-249,left_iris-263,left_iris-466,left_iris-388,left_iris-387,left_iris-386,left_iris-385,left_iris-384,left_iris-398
32.01562118716424,29.068883707497267,22.360679774997894,14.317821063276352,9.486832980505138,12.206555615733702,17.204650534085253,21.02379604162864,25.0,22.561028345356956,19.1049731745428,13.038404810405298,5.656854249492381,9.219544457292889,19.4164878389476,27.018512172212592
