left_iris-362,left_iris-382,left_iris-381,left_iris-380,left_iris-374,left_iris-373,left_iris-390,left_iris-249,left_iris-263,left_iris-466,left_iris-388,left_iris-387,left_iris-386,left_iris-385,left_iris-384,left_iris-398
48.09365862564419,44.181444068749045,35.510561809129406,23.769728648009423,13.601470508735444,11.6619037896906,17.0,21.840329667841555,26.019223662515376,23.021728866442675,19.4164878389476,13.038404810405298,9.486832980505138,19.697715603592208,32.38826948140329,43.01162633521314
