left_iris-362,left_iris-382,left_iris-381,left_iris-380,left_iris-374,left_iris-373,left_iris-390,left_iris-249,left_iris-263,left_iris-466,left_iris-388,left_iris-387,left_iris-386,left_iris-385,left_iris-384,left_iris-398
31.04834939252005,27.51363298439521,21.02379604162864,14.142135623730953,10.0,11.40175425099138,15.524174696260024,19.1049731745428,23.08679276123039,19.235384061671343,15.524174696260024,9.433981132056603,5.0990195135927845,11.40175425099138,20.0,27.459060435491963
