left_iris-362,left_iris-382,left_iris-381,left_iris-380,left_iris-374,left_iris-373,left_iris-390,left_iris-249,left_iris-263,left_iris-466,left_iris-388,left_iris-387,left_iris-386,left_iris-385,left_iris-384,left_iris-398
33.015148038438355,30.14962686336267,23.53720459187964,16.1245154965971,11.40175425099138,13.038404810405298,17.804493814764857,21.02379604162864,24.73863375370596,22.360679774997894,18.027756377319943,12.36931687685298,7.280109889280518,11.40175425099138,20.615528128088304,29.017236257093817
