left_iris-362,left_iris-382,left_iris-381,left_iris-380,left_iris-374,left_iris-373,left_iris-390,left_iris-249,left_iris-263,left_iris-466,left_iris-388,left_iris-387,left_iris-386,left_iris-385,left_iris-384,left_iris-398
39.05124837953327,35.12833614050059,28.284271247461906,17.88854381999832,11.704699910719626,13.601470508735444,19.72308292331602,24.35159132377184,29.42787793912432,26.1725046566048,22.02271554554524,15.297058540778355,7.211102550927978,11.40175425099138,23.769728648009423,34.0147027033899
