left_iris-362,left_iris-382,left_iris-381,left_iris-380,left_iris-374,left_iris-373,left_iris-390,left_iris-249,left_iris-263,left_iris-466,left_iris-388,left_iris-387,left_iris-386,left_iris-385,left_iris-384,left_iris-398
31.78049716414141,28.16025568065745,21.93171219946131,14.866068747318506,11.0,14.212670403551895,19.313207915827967,22.561028345356956,27.018512172212592,24.020824298928627,21.213203435596427,15.231546211727816,8.06225774829855,9.219544457292889,19.235384061671343,27.16615541441225
