left_iris-362,left_iris-382,left_iris-381,left_iris-380,left_iris-374,left_iris-373,left_iris-390,left_iris-249,left_iris-263,left_iris-466,left_iris-388,left_iris-387,left_iris-386,left_iris-385,left_iris-384,left_iris-398
30.59411708155671,26.92582403567252,19.313207915827967,10.816653826391969,10.295630140987,18.788294228055936,24.515301344262525,29.154759474226505,34.0,30.066592756745816,26.30589287593181,20.248456731316587,12.041594578792296,8.94427190999916,16.492422502470642,25.079872407968907
