left_iris-362,left_iris-382,left_iris-381,left_iris-380,left_iris-374,left_iris-373,left_iris-390,left_iris-249,left_iris-263,left_iris-466,left_iris-388,left_iris-387,left_iris-386,left_iris-385,left_iris-384,left_iris-398
33.06055050963308,30.066592756745816,23.194827009486403,15.231546211727816,8.06225774829855,10.0,14.7648230602334,18.973665961010276,24.515301344262525,20.223748416156685,17.029386365926403,10.198039027185567,4.0,11.180339887498947,21.37755832643195,29.017236257093817
