left_iris-362,left_iris-382,left_iris-381,left_iris-380,left_iris-374,left_iris-373,left_iris-390,left_iris-249,left_iris-263,left_iris-466,left_iris-388,left_iris-387,left_iris-386,left_iris-385,left_iris-384,left_iris-398
29.068883707497267,25.179356624028344,19.4164878389476,11.6619037896906,7.0,11.6619037896906,16.492422502470642,21.213203435596427,25.0,22.02271554554524,18.110770276274835,11.40175425099138,4.47213595499958,8.06225774829855,18.24828759089466,25.019992006393608
