left_iris-362,left_iris-382,left_iris-381,left_iris-380,left_iris-374,left_iris-373,left_iris-390,left_iris-249,left_iris-263,left_iris-466,left_iris-388,left_iris-387,left_iris-386,left_iris-385,left_iris-384,left_iris-398
23.08679276123039,20.024984394500787,16.0312195418814,9.486832980505138,5.385164807134504,8.48528137423857,11.6619037896906,14.317821063276352,17.72004514666935,15.297058540778355,13.038404810405298,9.219544457292889,5.385164807134504,7.810249675906654,13.92838827718412,19.4164878389476
