left_iris-362,left_iris-382,left_iris-381,left_iris-380,left_iris-374,left_iris-373,left_iris-390,left_iris-249,left_iris-263,left_iris-466,left_iris-388,left_iris-387,left_iris-386,left_iris-385,left_iris-384,left_iris-398
29.068883707497267,26.1725046566048,20.396078054371134,13.0,7.615773105863909,10.0,13.892443989449804,17.08800749063506,20.396078054371134,17.11724276862369,14.0356688476182,8.94427190999916,5.0990195135927845,11.180339887498947,19.235384061671343,26.019223662515376
