left_iris-362,left_iris-382,left_iris-381,left_iris-380,left_iris-374,left_iris-373,left_iris-390,left_iris-249,left_iris-263,left_iris-466,left_iris-388,left_iris-387,left_iris-386,left_iris-385,left_iris-384,left_iris-398
31.575306807693888,27.892651361962702,21.18962010041709,13.45362404707371,9.0,12.806248474865695,17.08800749063506,21.37755832643195,24.020824298928627,22.02271554554524,18.24828759089466,13.0,7.280109889280518,10.0,19.1049731745428,27.073972741361768
