left_iris-362,left_iris-382,left_iris-381,left_iris-380,left_iris-374,left_iris-373,left_iris-390,left_iris-249,left_iris-263,left_iris-466,left_iris-388,left_iris-387,left_iris-386,left_iris-385,left_iris-384,left_iris-398
33.734255586866,31.04834939252005,25.079872407968907,17.69180601295413,14.0,17.69180601295413,21.02379604162864,23.53720459187964,27.018512172212592,25.179356624028344,23.769728648009423,19.72308292331602,13.41640786499874,13.601470508735444,20.8806130178211,28.0713376952364
