left_iris-362,left_iris-382,left_iris-381,left_iris-380,left_iris-374,left_iris-373,left_iris-390,left_iris-249,left_iris-263,left_iris-466,left_iris-388,left_iris-387,left_iris-386,left_iris-385,left_iris-384,left_iris-398
34.132096331752024,30.0,23.194827009486403,14.422205101855956,11.04536101718726,15.811388300841896,20.615528128088304,24.186773244895647,26.570660511172846,23.769728648009423,20.09975124224178,14.142135623730953,7.615773105863909,11.31370849898476,22.47220505424423,30.4138126514911
