left_iris-362,left_iris-382,left_iris-381,left_iris-380,left_iris-374,left_iris-373,left_iris-390,left_iris-249,left_iris-263,left_iris-466,left_iris-388,left_iris-387,left_iris-386,left_iris-385,left_iris-384,left_iris-398
38.11823710509184,34.23448553724738,27.459060435491963,17.4928556845359,12.36931687685298,15.811388300841896,21.095023109728988,25.632011235952593,30.4138126514911,28.16025568065745,24.0,17.46424919657298,9.433981132056603,12.041594578792296,22.80350850198276,32.01562118716424
