left_iris-362,left_iris-382,left_iris-381,left_iris-380,left_iris-374,left_iris-373,left_iris-390,left_iris-249,left_iris-263,left_iris-466,left_iris-388,left_iris-387,left_iris-386,left_iris-385,left_iris-384,left_iris-398
29.410882339705484,26.0,19.72308292331602,12.529964086141668,12.083045973594572,18.35755975068582,23.769728648009423,28.16025568065745,32.01562118716424,29.154759474226505,26.68332812825267,21.02379604162864,12.806248474865695,10.295630140987,16.278820596099706,24.331050121192877
