left_iris-362,left_iris-382,left_iris-381,left_iris-380,left_iris-374,left_iris-373,left_iris-390,left_iris-249,left_iris-263,left_iris-466,left_iris-388,left_iris-387,left_iris-386,left_iris-385,left_iris-384,left_iris-398
31.575306807693888,28.861739379323623,22.135943621178654,15.0,11.180339887498947,12.806248474865695,17.0,19.924858845171276,23.194827009486403,21.02379604162864,17.11724276862369,12.083045973594572,6.082762530298219,10.816653826391969,19.235384061671343,27.073972741361768
