left_iris-362,left_iris-382,left_iris-381,left_iris-380,left_iris-374,left_iris-373,left_iris-390,left_iris-249,left_iris-263,left_iris-466,left_iris-388,left_iris-387,left_iris-386,left_iris-385,left_iris-384,left_iris-398
25.079872407968907,23.194827009486403,17.46424919657298,11.180339887498947,7.0710678118654755,9.899494936611664,14.317821063276352,17.72004514666935,20.223748416156685,19.026297590440446,16.0312195418814,11.704699910719626,6.708203932499369,8.48528137423857,15.524174696260024,22.02271554554524
