left_iris-362,left_iris-382,left_iris-381,left_iris-380,left_iris-374,left_iris-373,left_iris-390,left_iris-249,left_iris-263,left_iris-466,left_iris-388,left_iris-387,left_iris-386,left_iris-385,left_iris-384,left_iris-398
41.048751503547585,37.21558813185679,29.42787793912432,19.697715603592208,12.529964086141668,12.529964086141668,16.64331697709324,21.18962010041709,25.317977802344327,22.02271554554524,17.11724276862369,11.6619037896906,8.246211251235321,16.1245154965971,27.459060435491963,36.013886210738214
