left_iris-362,left_iris-382,left_iris-381,left_iris-380,left_iris-374,left_iris-373,left_iris-390,left_iris-249,left_iris-263,left_iris-466,left_iris-388,left_iris-387,left_iris-386,left_iris-385,left_iris-384,left_iris-398
24.515301344262525,21.840329667841555,15.652475842498529,10.295630140987,9.848857801796104,15.264337522473747,19.924858845171276,23.345235059857504,26.019223662515376,24.020824298928627,20.09975124224178,14.560219778561036,7.810249675906654,7.0710678118654755,14.142135623730953,21.095023109728988
