left_iris-362,left_iris-382,left_iris-381,left_iris-380,left_iris-374,left_iris-373,left_iris-390,left_iris-249,left_iris-263,left_iris-466,left_iris-388,left_iris-387,left_iris-386,left_iris-385,left_iris-384,left_iris-398
31.575306807693888,29.832867780352597,24.041630560342615,15.264337522473747,10.770329614269007,12.206555615733702,17.4928556845359,22.135943621178654,27.29468812791236,24.08318915758459,20.024984394500787,13.601470508735444,6.324555320336759,10.0,19.235384061671343,27.16615541441225
