left_iris-362,left_iris-382,left_iris-381,left_iris-380,left_iris-374,left_iris-373,left_iris-390,left_iris-249,left_iris-263,left_iris-466,left_iris-388,left_iris-387,left_iris-386,left_iris-385,left_iris-384,left_iris-398
24.08318915758459,21.213203435596427,16.492422502470642,10.295630140987,6.324555320336759,8.48528137423857,12.529964086141668,14.866068747318506,17.26267650163207,15.132745950421556,13.0,8.54400374531753,4.123105625617661,8.06225774829855,15.297058540778355,21.0
