left_iris-362,left_iris-382,left_iris-381,left_iris-380,left_iris-374,left_iris-373,left_iris-390,left_iris-249,left_iris-263,left_iris-466,left_iris-388,left_iris-387,left_iris-386,left_iris-385,left_iris-384,left_iris-398
38.2099463490856,33.37663853655727,25.0,15.620499351813308,12.16552506059644,17.804493814764857,23.769728648009423,28.861739379323623,33.13608305156178,29.017236257093817,24.08318915758459,16.76305461424021,7.615773105863909,11.40175425099138,23.53720459187964,33.0
