left_iris-362,left_iris-382,left_iris-381,left_iris-380,left_iris-374,left_iris-373,left_iris-390,left_iris-249,left_iris-263,left_iris-466,left_iris-388,left_iris-387,left_iris-386,left_iris-385,left_iris-384,left_iris-398
26.30589287593181,22.80350850198276,17.0,12.083045973594572,13.41640786499874,20.808652046684813,26.40075756488817,30.083217912982647,34.23448553724738,32.0624390837628,28.0178514522438,22.561028345356956,13.601470508735444,8.06225774829855,13.92838827718412,22.02271554554524
