left_iris-362,left_iris-382,left_iris-381,left_iris-380,left_iris-374,left_iris-373,left_iris-390,left_iris-249,left_iris-263,left_iris-466,left_iris-388,left_iris-387,left_iris-386,left_iris-385,left_iris-384,left_iris-398
27.018512172212592,24.186773244895647,18.68154169226941,11.40175425099138,9.055385138137416,13.45362404707371,17.88854381999832,21.18962010041709,24.515301344262525,21.213203435596427,18.027756377319943,12.16552506059644,5.830951894845301,8.48528137423857,16.76305461424021,24.020824298928627
