left_iris-362,left_iris-382,left_iris-381,left_iris-380,left_iris-374,left_iris-373,left_iris-390,left_iris-249,left_iris-263,left_iris-466,left_iris-388,left_iris-387,left_iris-386,left_iris-385,left_iris-384,left_iris-398
41.048751503547585,36.22154055254967,27.65863337187866,18.027756377319943,11.180339887498947,14.866068747318506,20.12461179749811,24.041630560342615,28.284271247461906,25.019992006393608,20.09975124224178,14.317821063276352,8.0,14.422205101855956,25.495097567963924,36.013886210738214
