left_iris-362,left_iris-382,left_iris-381,left_iris-380,left_iris-374,left_iris-373,left_iris-390,left_iris-249,left_iris-263,left_iris-466,left_iris-388,left_iris-387,left_iris-386,left_iris-385,left_iris-384,left_iris-398
24.0,22.0,18.027756377319943,10.44030650891055,5.385164807134504,8.48528137423857,12.083045973594572,15.811388300841896,18.24828759089466,16.1245154965971,14.0356688476182,9.219544457292889,4.47213595499958,8.602325267042627,15.524174696260024,21.095023109728988
