left_iris-362,left_iris-382,left_iris-381,left_iris-380,left_iris-374,left_iris-373,left_iris-390,left_iris-249,left_iris-263,left_iris-466,left_iris-388,left_iris-387,left_iris-386,left_iris-385,left_iris-384,left_iris-398
36.12478373637688,32.0624390837628,24.020824298928627,13.601470508735444,7.280109889280518,12.806248474865695,18.788294228055936,23.08679276123039,26.476404589747453,23.08679276123039,20.0,13.341664064126334,6.082762530298219,12.206555615733702,23.08679276123039,31.575306807693888
