left_iris-362,left_iris-382,left_iris-381,left_iris-380,left_iris-374,left_iris-373,left_iris-390,left_iris-249,left_iris-263,left_iris-466,left_iris-388,left_iris-387,left_iris-386,left_iris-385,left_iris-384,left_iris-398
31.400636936215164,27.892651361962702,21.540659228538015,12.727922061357855,10.198039027185567,15.264337522473747,19.924858845171276,24.186773244895647,28.0,25.079872407968907,21.37755832643195,15.231546211727816,7.615773105863909,10.63014581273465,19.235384061671343,28.0713376952364
