left_iris-362,left_iris-382,left_iris-381,left_iris-380,left_iris-374,left_iris-373,left_iris-390,left_iris-249,left_iris-263,left_iris-466,left_iris-388,left_iris-387,left_iris-386,left_iris-385,left_iris-384,left_iris-398
37.48332962798263,32.7566787083184,25.632011235952593,15.556349186104043,12.041594578792296,17.804493814764857,23.769728648009423,27.892651361962702,33.13608305156178,29.0,24.186773244895647,18.788294228055936,10.770329614269007,12.727922061357855,22.561028345356956,32.01562118716424
