left_iris-362,left_iris-382,left_iris-381,left_iris-380,left_iris-374,left_iris-373,left_iris-390,left_iris-249,left_iris-263,left_iris-466,left_iris-388,left_iris-387,left_iris-386,left_iris-385,left_iris-384,left_iris-398
32.984845004941285,29.732137494637012,22.360679774997894,15.0,13.152946437965904,17.029386365926403,21.93171219946131,24.73863375370596,29.068883707497267,26.019223662515376,22.360679774997894,17.0,10.770329614269007,11.31370849898476,20.223748416156685,28.284271247461906
