left_iris-362,left_iris-382,left_iris-381,left_iris-380,left_iris-374,left_iris-373,left_iris-390,left_iris-249,left_iris-263,left_iris-466,left_iris-388,left_iris-387,left_iris-386,left_iris-385,left_iris-384,left_iris-398
20.024984394500787,17.0,13.038404810405298,7.615773105863909,4.123105625617661,6.4031242374328485,10.770329614269007,13.341664064126334,16.1245154965971,13.038404810405298,11.04536101718726,6.708203932499369,4.0,7.211102550927978,12.649110640673518,17.11724276862369
