left_iris-362,left_iris-382,left_iris-381,left_iris-380,left_iris-374,left_iris-373,left_iris-390,left_iris-249,left_iris-263,left_iris-466,left_iris-388,left_iris-387,left_iris-386,left_iris-385,left_iris-384,left_iris-398
34.36568055487916,30.59411708155671,23.40939982143925,14.142135623730953,12.16552506059644,18.439088914585778,25.495097567963924,30.083217912982647,34.36568055487916,31.144823004794873,28.0,21.213203435596427,10.816653826391969,8.602325267042627,18.439088914585778,29.017236257093817
