left_iris-362,left_iris-382,left_iris-381,left_iris-380,left_iris-374,left_iris-373,left_iris-390,left_iris-249,left_iris-263,left_iris-466,left_iris-388,left_iris-387,left_iris-386,left_iris-385,left_iris-384,left_iris-398
28.635642126552707,25.96150997149434,19.697715603592208,12.041594578792296,9.219544457292889,14.422205101855956,18.973665961010276,24.515301344262525,28.0713376952364,25.0,21.213203435596427,14.866068747318506,8.06225774829855,8.48528137423857,17.26267650163207,25.179356624028344
