left_iris-362,left_iris-382,left_iris-381,left_iris-380,left_iris-374,left_iris-373,left_iris-390,left_iris-249,left_iris-263,left_iris-466,left_iris-388,left_iris-387,left_iris-386,left_iris-385,left_iris-384,left_iris-398
34.92849839314596,31.32091952673165,24.166091947189145,16.401219466856727,14.317821063276352,18.601075237738275,24.041630560342615,28.16025568065745,32.14031735997639,29.274562336608895,25.70992026436488,20.12461179749811,11.6619037896906,11.40175425099138,20.396078054371134,30.14962686336267
