left_iris-362,left_iris-382,left_iris-381,left_iris-380,left_iris-374,left_iris-373,left_iris-390,left_iris-249,left_iris-263,left_iris-466,left_iris-388,left_iris-387,left_iris-386,left_iris-385,left_iris-384,left_iris-398
31.144823004794873,27.29468812791236,21.840329667841555,14.212670403551895,11.0,13.45362404707371,18.35755975068582,21.18962010041709,24.515301344262525,22.09072203437452,18.0,12.36931687685298,5.385164807134504,9.433981132056603,19.4164878389476,27.0
