left_iris-362,left_iris-382,left_iris-381,left_iris-380,left_iris-374,left_iris-373,left_iris-390,left_iris-249,left_iris-263,left_iris-466,left_iris-388,left_iris-387,left_iris-386,left_iris-385,left_iris-384,left_iris-398
29.120439557122072,25.632011235952593,19.72308292331602,13.038404810405298,12.649110640673518,17.204650534085253,22.47220505424423,26.476404589747453,31.0,27.073972741361768,23.345235059857504,17.46424919657298,10.816653826391969,9.433981132056603,17.26267650163207,24.331050121192877
