left_iris-362,left_iris-382,left_iris-381,left_iris-380,left_iris-374,left_iris-373,left_iris-390,left_iris-249,left_iris-263,left_iris-466,left_iris-388,left_iris-387,left_iris-386,left_iris-385,left_iris-384,left_iris-398
23.53720459187964,20.8806130178211,16.15549442140351,10.63014581273465,7.0710678118654755,9.219544457292889,13.0,15.297058540778355,18.0,16.0312195418814,13.341664064126334,9.433981132056603,5.0990195135927845,8.06225774829855,15.033296378372908,20.223748416156685
