left_iris-362,left_iris-382,left_iris-381,left_iris-380,left_iris-374,left_iris-373,left_iris-390,left_iris-249,left_iris-263,left_iris-466,left_iris-388,left_iris-387,left_iris-386,left_iris-385,left_iris-384,left_iris-398
28.16025568065745,24.35159132377184,18.788294228055936,11.31370849898476,7.280109889280518,12.083045973594572,18.24828759089466,22.09072203437452,27.018512172212592,23.194827009486403,18.439088914585778,12.083045973594572,5.0990195135927845,8.54400374531753,18.027756377319943,24.515301344262525
