left_iris-362,left_iris-382,left_iris-381,left_iris-380,left_iris-374,left_iris-373,left_iris-390,left_iris-249,left_iris-263,left_iris-466,left_iris-388,left_iris-387,left_iris-386,left_iris-385,left_iris-384,left_iris-398
28.442925306655784,25.70992026436488,19.313207915827967,11.31370849898476,9.055385138137416,13.038404810405298,18.027756377319943,21.37755832643195,24.08318915758459,21.0,17.11724276862369,11.704699910719626,5.0990195135927845,8.94427190999916,18.110770276274835,25.079872407968907
