left_iris-362,left_iris-382,left_iris-381,left_iris-380,left_iris-374,left_iris-373,left_iris-390,left_iris-249,left_iris-263,left_iris-466,left_iris-388,left_iris-387,left_iris-386,left_iris-385,left_iris-384,left_iris-398
33.015148038438355,29.068883707497267,23.345235059857504,13.92838827718412,7.615773105863909,11.31370849898476,17.88854381999832,23.40939982143925,28.861739379323623,23.194827009486403,18.0,10.770329614269007,7.0710678118654755,12.529964086141668,21.587033144922906,29.068883707497267
