left_iris-362,left_iris-382,left_iris-381,left_iris-380,left_iris-374,left_iris-373,left_iris-390,left_iris-249,left_iris-263,left_iris-466,left_iris-388,left_iris-387,left_iris-386,left_iris-385,left_iris-384,left_iris-398
42.1070065428546,38.2099463490856,30.59411708155671,19.697715603592208,9.848857801796104,12.727922061357855,19.313207915827967,24.515301344262525,29.068883707497267,26.0,21.095023109728988,13.92838827718412,6.082762530298219,15.231546211727816,28.284271247461906,38.0
