left_iris-362,left_iris-382,left_iris-381,left_iris-380,left_iris-374,left_iris-373,left_iris-390,left_iris-249,left_iris-263,left_iris-466,left_iris-388,left_iris-387,left_iris-386,left_iris-385,left_iris-384,left_iris-398
38.07886552931954,35.4400902933387,28.231188426986208,18.384776310850235,14.0,18.439088914585778,23.40939982143925,28.284271247461906,33.06055050963308,30.265491900843113,26.92582403567252,21.470910553583888,13.41640786499874,13.601470508735444,23.53720459187964,33.13608305156178
