left_iris-362,left_iris-382,left_iris-381,left_iris-380,left_iris-374,left_iris-373,left_iris-390,left_iris-249,left_iris-263,left_iris-466,left_iris-388,left_iris-387,left_iris-386,left_iris-385,left_iris-384,left_iris-398
33.37663853655727,29.832867780352597,22.84731931759173,14.422205101855956,13.92838827718412,21.095023109728988,27.202941017470888,32.2490309931942,37.013511046643494,34.132096331752024,29.274562336608895,23.08679276123039,12.727922061357855,10.295630140987,19.6468827043885,28.0178514522438
