left_iris-362,left_iris-382,left_iris-381,left_iris-380,left_iris-374,left_iris-373,left_iris-390,left_iris-249,left_iris-263,left_iris-466,left_iris-388,left_iris-387,left_iris-386,left_iris-385,left_iris-384,left_iris-398
23.0,21.02379604162864,16.0312195418814,9.486832980505138,4.123105625617661,8.06225774829855,13.0,16.492422502470642,20.223748416156685,18.110770276274835,15.033296378372908,10.04987562112089,4.242640687119285,6.4031242374328485,14.317821063276352,20.024984394500787
