left_iris-362,left_iris-382,left_iris-381,left_iris-380,left_iris-374,left_iris-373,left_iris-390,left_iris-249,left_iris-263,left_iris-466,left_iris-388,left_iris-387,left_iris-386,left_iris-385,left_iris-384,left_iris-398
30.066592756745816,28.16025568065745,22.360679774997894,15.652475842498529,10.295630140987,9.848857801796104,12.806248474865695,14.866068747318506,19.1049731745428,17.0,14.142135623730953,9.433981132056603,7.0710678118654755,12.206555615733702,20.396078054371134,27.0
