left_iris-362,left_iris-382,left_iris-381,left_iris-380,left_iris-374,left_iris-373,left_iris-390,left_iris-249,left_iris-263,left_iris-466,left_iris-388,left_iris-387,left_iris-386,left_iris-385,left_iris-384,left_iris-398
29.274562336608895,26.476404589747453,20.248456731316587,13.45362404707371,12.16552506059644,17.69180601295413,22.360679774997894,26.248809496813376,30.265491900843113,27.018512172212592,24.08318915758459,17.72004514666935,10.0,9.433981132056603,17.72004514666935,25.0
