left_iris-362,left_iris-382,left_iris-381,left_iris-380,left_iris-374,left_iris-373,left_iris-390,left_iris-249,left_iris-263,left_iris-466,left_iris-388,left_iris-387,left_iris-386,left_iris-385,left_iris-384,left_iris-398
27.459060435491963,24.73863375370596,18.973665961010276,11.40175425099138,7.0,10.0,14.866068747318506,18.24828759089466,21.02379604162864,19.026297590440446,16.278820596099706,11.180339887498947,6.324555320336759,9.433981132056603,17.11724276862369,24.08318915758459
