left_iris-362,left_iris-382,left_iris-381,left_iris-380,left_iris-374,left_iris-373,left_iris-390,left_iris-249,left_iris-263,left_iris-466,left_iris-388,left_iris-387,left_iris-386,left_iris-385,left_iris-384,left_iris-398
29.42787793912432,26.68332812825267,21.18962010041709,14.212670403551895,10.04987562112089,12.806248474865695,17.0,19.6468827043885,23.08679276123039,20.0,17.11724276862369,12.083045973594572,6.082762530298219,10.0,18.24828759089466,26.076809620810597
