left_iris-362,left_iris-382,left_iris-381,left_iris-380,left_iris-374,left_iris-373,left_iris-390,left_iris-249,left_iris-263,left_iris-466,left_iris-388,left_iris-387,left_iris-386,left_iris-385,left_iris-384,left_iris-398
29.614185789921695,25.96150997149434,20.248456731316587,13.45362404707371,9.0,10.63014581273465,13.601470508735444,17.11724276862369,20.024984394500787,17.26267650163207,13.601470508735444,9.219544457292889,6.324555320336759,11.180339887498947,19.1049731745428,26.076809620810597
