left_iris-362,left_iris-382,left_iris-381,left_iris-380,left_iris-374,left_iris-373,left_iris-390,left_iris-249,left_iris-263,left_iris-466,left_iris-388,left_iris-387,left_iris-386,left_iris-385,left_iris-384,left_iris-398
26.30589287593181,23.53720459187964,17.08800749063506,10.63014581273465,9.486832980505138,14.422205101855956,19.313207915827967,22.561028345356956,26.076809620810597,23.021728866442675,20.024984394500787,14.317821063276352,7.0710678118654755,7.0710678118654755,15.297058540778355,23.021728866442675
