left_iris-362,left_iris-382,left_iris-381,left_iris-380,left_iris-374,left_iris-373,left_iris-390,left_iris-249,left_iris-263,left_iris-466,left_iris-388,left_iris-387,left_iris-386,left_iris-385,left_iris-384,left_iris-398
33.95585369269929,31.04834939252005,25.298221281347036,16.64331697709324,9.848857801796104,10.63014581273465,16.55294535724685,21.587033144922906,26.076809620810597,22.0,17.029386365926403,10.770329614269007,5.0990195135927845,12.649110640673518,22.0,30.4138126514911
