left_iris-362,left_iris-382,left_iris-381,left_iris-380,left_iris-374,left_iris-373,left_iris-390,left_iris-249,left_iris-263,left_iris-466,left_iris-388,left_iris-387,left_iris-386,left_iris-385,left_iris-384,left_iris-398
26.076809620810597,24.020824298928627,19.0,12.16552506059644,5.0,5.0,11.40175425099138,16.1245154965971,20.024984394500787,16.0312195418814,12.0,5.0,3.1622776601683795,11.180339887498947,18.24828759089466,24.08318915758459
