left_iris-362,left_iris-382,left_iris-381,left_iris-380,left_iris-374,left_iris-373,left_iris-390,left_iris-249,left_iris-263,left_iris-466,left_iris-388,left_iris-387,left_iris-386,left_iris-385,left_iris-384,left_iris-398
23.769728648009423,22.135943621178654,16.55294535724685,10.63014581273465,8.06225774829855,12.206555615733702,16.76305461424021,20.223748416156685,24.0,21.02379604162864,18.110770276274835,13.601470508735444,6.4031242374328485,6.4031242374328485,14.142135623730953,20.223748416156685
