left_iris-362,left_iris-382,left_iris-381,left_iris-380,left_iris-374,left_iris-373,left_iris-390,left_iris-249,left_iris-263,left_iris-466,left_iris-388,left_iris-387,left_iris-386,left_iris-385,left_iris-384,left_iris-398
33.37663853655727,29.42787793912432,23.53720459187964,14.866068747318506,6.4031242374328485,7.211102550927978,13.601470508735444,19.235384061671343,23.08679276123039,20.0,15.132745950421556,8.06225774829855,5.830951894845301,13.341664064126334,22.02271554554524,29.068883707497267
