left_iris-362,left_iris-382,left_iris-381,left_iris-380,left_iris-374,left_iris-373,left_iris-390,left_iris-249,left_iris-263,left_iris-466,left_iris-388,left_iris-387,left_iris-386,left_iris-385,left_iris-384,left_iris-398
24.331050121192877,21.587033144922906,16.15549442140351,9.219544457292889,8.246211251235321,13.038404810405298,17.72004514666935,22.360679774997894,26.076809620810597,23.0,19.026297590440446,13.341664064126334,6.4031242374328485,7.0710678118654755,15.297058540778355,21.02379604162864
