left_iris-362,left_iris-382,left_iris-381,left_iris-380,left_iris-374,left_iris-373,left_iris-390,left_iris-249,left_iris-263,left_iris-466,left_iris-388,left_iris-387,left_iris-386,left_iris-385,left_iris-384,left_iris-398
34.20526275297414,31.622776601683793,24.166091947189145,16.278820596099706,12.041594578792296,15.620499351813308,19.924858845171276,24.08318915758459,27.16615541441225,24.515301344262525,22.135943621178654,16.64331697709324,9.219544457292889,12.206555615733702,21.095023109728988,30.4138126514911
