left_iris-362,left_iris-382,left_iris-381,left_iris-380,left_iris-374,left_iris-373,left_iris-390,left_iris-249,left_iris-263,left_iris-466,left_iris-388,left_iris-387,left_iris-386,left_iris-385,left_iris-384,left_iris-398
40.01249804748511,37.05401462729781,30.265491900843113,20.615528128088304,13.892443989449804,14.866068747318506,19.1049731745428,22.825424421026653,26.92582403567252,23.53720459187964,20.09975124224178,14.317821063276352,7.280109889280518,13.601470508735444,25.0,35.12833614050059
