left_iris-362,left_iris-382,left_iris-381,left_iris-380,left_iris-374,left_iris-373,left_iris-390,left_iris-249,left_iris-263,left_iris-466,left_iris-388,left_iris-387,left_iris-386,left_iris-385,left_iris-384,left_iris-398
26.019223662515376,22.09072203437452,16.278820596099706,7.810249675906654,6.708203932499369,13.41640786499874,18.68154169226941,22.561028345356956,26.30589287593181,23.08679276123039,19.0,13.152946437965904,5.656854249492381,6.4031242374328485,15.297058540778355,22.02271554554524
