left_iris-362,left_iris-382,left_iris-381,left_iris-380,left_iris-374,left_iris-373,left_iris-390,left_iris-249,left_iris-263,left_iris-466,left_iris-388,left_iris-387,left_iris-386,left_iris-385,left_iris-384,left_iris-398
29.154759474226505,25.317977802344327,19.6468827043885,10.816653826391969,7.0,11.6619037896906,16.76305461424021,21.213203435596427,25.019992006393608,22.0,18.027756377319943,11.40175425099138,4.47213595499958,8.94427190999916,18.110770276274835,25.019992006393608
