left_iris-362,left_iris-382,left_iris-381,left_iris-380,left_iris-374,left_iris-373,left_iris-390,left_iris-249,left_iris-263,left_iris-466,left_iris-388,left_iris-387,left_iris-386,left_iris-385,left_iris-384,left_iris-398
26.476404589747453,22.80350850198276,16.55294535724685,10.816653826391969,10.770329614269007,15.811388300841896,20.248456731316587,23.53720459187964,26.019223662515376,24.020824298928627,20.223748416156685,15.811388300841896,8.602325267042627,7.810249675906654,15.297058540778355,22.09072203437452
