left_iris-362,left_iris-382,left_iris-381,left_iris-380,left_iris-374,left_iris-373,left_iris-390,left_iris-249,left_iris-263,left_iris-466,left_iris-388,left_iris-387,left_iris-386,left_iris-385,left_iris-384,left_iris-398
25.079872407968907,22.360679774997894,16.76305461424021,10.63014581273465,8.0,11.31370849898476,14.7648230602334,17.72004514666935,20.09975124224178,18.0,15.297058540778355,11.6619037896906,8.246211251235321,10.63014581273465,15.811388300841896,22.02271554554524
