left_iris-362,left_iris-382,left_iris-381,left_iris-380,left_iris-374,left_iris-373,left_iris-390,left_iris-249,left_iris-263,left_iris-466,left_iris-388,left_iris-387,left_iris-386,left_iris-385,left_iris-384,left_iris-398
37.013511046643494,32.2490309931942,24.73863375370596,16.401219466856727,12.041594578792296,16.278820596099706,21.470910553583888,25.0,28.16025568065745,26.0,22.360679774997894,17.0,11.40175425099138,13.45362404707371,23.08679276123039,32.0624390837628
