left_iris-362,left_iris-382,left_iris-381,left_iris-380,left_iris-374,left_iris-373,left_iris-390,left_iris-249,left_iris-263,left_iris-466,left_iris-388,left_iris-387,left_iris-386,left_iris-385,left_iris-384,left_iris-398
28.442925306655784,25.70992026436488,20.615528128088304,14.142135623730953,12.0,15.556349186104043,19.235384061671343,22.80350850198276,27.073972741361768,24.020824298928627,21.02379604162864,16.492422502470642,9.219544457292889,8.602325267042627,16.492422502470642,24.08318915758459
