left_iris-362,left_iris-382,left_iris-381,left_iris-380,left_iris-374,left_iris-373,left_iris-390,left_iris-249,left_iris-263,left_iris-466,left_iris-388,left_iris-387,left_iris-386,left_iris-385,left_iris-384,left_iris-398
29.614185789921695,26.92582403567252,21.540659228538015,14.142135623730953,11.04536101718726,13.45362404707371,17.88854381999832,20.615528128088304,24.08318915758459,21.0,18.110770276274835,12.649110640673518,6.324555320336759,9.433981132056603,18.110770276274835,26.076809620810597
