left_iris-362,left_iris-382,left_iris-381,left_iris-380,left_iris-374,left_iris-373,left_iris-390,left_iris-249,left_iris-263,left_iris-466,left_iris-388,left_iris-387,left_iris-386,left_iris-385,left_iris-384,left_iris-398
21.37755832643195,19.6468827043885,14.317821063276352,9.486832980505138,12.206555615733702,21.470910553583888,29.120439557122072,35.510561809129406,42.04759208325728,37.0,32.0624390837628,24.515301344262525,14.7648230602334,8.54400374531753,10.295630140987,18.027756377319943
