left_iris-362,left_iris-382,left_iris-381,left_iris-380,left_iris-374,left_iris-373,left_iris-390,left_iris-249,left_iris-263,left_iris-466,left_iris-388,left_iris-387,left_iris-386,left_iris-385,left_iris-384,left_iris-398
34.058772731852805,30.265491900843113,22.80350850198276,14.212670403551895,11.04536101718726,16.278820596099706,21.02379604162864,24.041630560342615,28.16025568065745,25.0,21.095023109728988,16.15549442140351,9.486832980505138,12.727922061357855,21.840329667841555,30.066592756745816
