left_iris-362,left_iris-382,left_iris-381,left_iris-380,left_iris-374,left_iris-373,left_iris-390,left_iris-249,left_iris-263,left_iris-466,left_iris-388,left_iris-387,left_iris-386,left_iris-385,left_iris-384,left_iris-398
25.0,23.0,17.029386365926403,10.44030650891055,4.47213595499958,8.602325267042627,13.0,16.492422502470642,20.223748416156685,17.11724276862369,15.0,9.486832980505138,4.123105625617661,8.602325267042627,16.492422502470642,22.09072203437452
