left_iris-362,left_iris-382,left_iris-381,left_iris-380,left_iris-374,left_iris-373,left_iris-390,left_iris-249,left_iris-263,left_iris-466,left_iris-388,left_iris-387,left_iris-386,left_iris-385,left_iris-384,left_iris-398
31.144823004794873,27.29468812791236,19.924858845171276,11.40175425099138,13.038404810405298,22.360679774997894,30.083217912982647,35.35533905932738,40.01249804748511,37.0,32.14031735997639,24.515301344262525,13.038404810405298,7.615773105863909,17.72004514666935,27.018512172212592
