left_iris-362,left_iris-382,left_iris-381,left_iris-380,left_iris-374,left_iris-373,left_iris-390,left_iris-249,left_iris-263,left_iris-466,left_iris-388,left_iris-387,left_iris-386,left_iris-385,left_iris-384,left_iris-398
29.017236257093817,26.1725046566048,20.615528128088304,12.806248474865695,10.04987562112089,14.866068747318506,20.12461179749811,24.35159132377184,27.459060435491963,25.179356624028344,21.02379604162864,15.297058540778355,7.810249675906654,8.48528137423857,17.72004514666935,25.019992006393608
