left_iris-362,left_iris-382,left_iris-381,left_iris-380,left_iris-374,left_iris-373,left_iris-390,left_iris-249,left_iris-263,left_iris-466,left_iris-388,left_iris-387,left_iris-386,left_iris-385,left_iris-384,left_iris-398
28.0713376952364,26.0,20.024984394500787,12.649110640673518,6.708203932499369,9.433981132056603,12.806248474865695,15.652475842498529,17.72004514666935,16.278820596099706,14.0356688476182,9.219544457292889,6.082762530298219,10.63014581273465,18.973665961010276,25.317977802344327
