left_iris-362,left_iris-382,left_iris-381,left_iris-380,left_iris-374,left_iris-373,left_iris-390,left_iris-249,left_iris-263,left_iris-466,left_iris-388,left_iris-387,left_iris-386,left_iris-385,left_iris-384,left_iris-398
25.179356624028344,22.02271554554524,17.0,11.40175425099138,6.708203932499369,8.94427190999916,12.727922061357855,15.264337522473747,18.384776310850235,16.492422502470642,13.152946437965904,9.219544457292889,6.324555320336759,9.219544457292889,16.15549442140351,21.587033144922906
