left_iris-362,left_iris-382,left_iris-381,left_iris-380,left_iris-374,left_iris-373,left_iris-390,left_iris-249,left_iris-263,left_iris-466,left_iris-388,left_iris-387,left_iris-386,left_iris-385,left_iris-384,left_iris-398
23.08679276123039,20.024984394500787,16.0,8.06225774829855,3.1622776601683795,8.06225774829855,12.649110640673518,16.492422502470642,19.4164878389476,17.26267650163207,13.152946437965904,8.0,2.0,7.615773105863909,15.297058540778355,20.09975124224178
