left_iris-362,left_iris-382,left_iris-381,left_iris-380,left_iris-374,left_iris-373,left_iris-390,left_iris-249,left_iris-263,left_iris-466,left_iris-388,left_iris-387,left_iris-386,left_iris-385,left_iris-384,left_iris-398
28.861739379323623,25.298221281347036,18.788294228055936,10.295630140987,10.816653826391969,18.384776310850235,25.495097567963924,31.144823004794873,37.0,33.06055050963308,28.442925306655784,21.18962010041709,12.041594578792296,8.94427190999916,16.492422502470642,24.08318915758459
