left_iris-362,left_iris-382,left_iris-381,left_iris-380,left_iris-374,left_iris-373,left_iris-390,left_iris-249,left_iris-263,left_iris-466,left_iris-388,left_iris-387,left_iris-386,left_iris-385,left_iris-384,left_iris-398
24.0,22.02271554554524,17.029386365926403,11.40175425099138,6.4031242374328485,4.47213595499958,8.06225774829855,11.704699910719626,14.142135623730953,12.041594578792296,9.055385138137416,5.0,5.830951894845301,11.180339887498947,16.492422502470642,22.09072203437452
