left_iris-362,left_iris-382,left_iris-381,left_iris-380,left_iris-374,left_iris-373,left_iris-390,left_iris-249,left_iris-263,left_iris-466,left_iris-388,left_iris-387,left_iris-386,left_iris-385,left_iris-384,left_iris-398
32.57299494980466,29.154759474226505,22.47220505424423,15.264337522473747,13.601470508735444,18.601075237738275,24.35159132377184,27.459060435491963,31.0,28.0713376952364,24.515301344262525,19.235384061671343,12.083045973594572,11.40175425099138,19.235384061671343,27.459060435491963
