left_iris-362,left_iris-382,left_iris-381,left_iris-380,left_iris-374,left_iris-373,left_iris-390,left_iris-249,left_iris-263,left_iris-466,left_iris-388,left_iris-387,left_iris-386,left_iris-385,left_iris-384,left_iris-398
26.019223662515376,23.0,18.110770276274835,10.770329614269007,6.082762530298219,9.899494936611664,13.892443989449804,17.46424919657298,19.6468827043885,18.24828759089466,15.033296378372908,10.44030650891055,6.324555320336759,9.219544457292889,16.15549442140351,22.20360331117452
