left_iris-362,left_iris-382,left_iris-381,left_iris-380,left_iris-374,left_iris-373,left_iris-390,left_iris-249,left_iris-263,left_iris-466,left_iris-388,left_iris-387,left_iris-386,left_iris-385,left_iris-384,left_iris-398
34.785054261852174,31.38470965295043,24.186773244895647,15.811388300841896,12.36931687685298,18.027756377319943,22.80350850198276,27.16615541441225,31.016124838541646,28.16025568065745,24.73863375370596,18.35755975068582,10.770329614269007,10.63014581273465,21.095023109728988,29.614185789921695
