left_iris-362,left_iris-382,left_iris-381,left_iris-380,left_iris-374,left_iris-373,left_iris-390,left_iris-249,left_iris-263,left_iris-466,left_iris-388,left_iris-387,left_iris-386,left_iris-385,left_iris-384,left_iris-398
30.364452901377952,27.31300056749533,21.095023109728988,13.892443989449804,12.649110640673518,18.601075237738275,24.698178070456937,28.635642126552707,33.06055050963308,30.01666203960727,25.317977802344327,19.697715603592208,11.6619037896906,10.816653826391969,17.26267650163207,26.30589287593181
