left_iris-362,left_iris-382,left_iris-381,left_iris-380,left_iris-374,left_iris-373,left_iris-390,left_iris-249,left_iris-263,left_iris-466,left_iris-388,left_iris-387,left_iris-386,left_iris-385,left_iris-384,left_iris-398
32.2490309931942,28.442925306655784,21.18962010041709,12.727922061357855,10.198039027185567,15.811388300841896,22.135943621178654,25.495097567963924,30.01666203960727,27.0,22.09072203437452,16.492422502470642,7.211102550927978,8.602325267042627,19.235384061671343,28.0178514522438
