left_iris-362,left_iris-382,left_iris-381,left_iris-380,left_iris-374,left_iris-373,left_iris-390,left_iris-249,left_iris-263,left_iris-466,left_iris-388,left_iris-387,left_iris-386,left_iris-385,left_iris-384,left_iris-398
40.19950248448356,36.49657518178932,28.16025568065745,17.69180601295413,14.0,19.1049731745428,24.596747752497688,29.120439557122072,33.13608305156178,30.0,26.076809620810597,18.973665961010276,9.433981132056603,12.041594578792296,24.515301344262525,35.0
