left_iris-362,left_iris-382,left_iris-381,left_iris-380,left_iris-374,left_iris-373,left_iris-390,left_iris-249,left_iris-263,left_iris-466,left_iris-388,left_iris-387,left_iris-386,left_iris-385,left_iris-384,left_iris-398
33.52610922848042,30.083217912982647,23.70653918225939,15.0,12.649110640673518,18.867962264113206,25.70992026436488,31.144823004794873,37.05401462729781,34.132096331752024,29.42787793912432,22.47220505424423,12.041594578792296,9.433981132056603,19.235384061671343,28.442925306655784
