left_iris-362,left_iris-382,left_iris-381,left_iris-380,left_iris-374,left_iris-373,left_iris-390,left_iris-249,left_iris-263,left_iris-466,left_iris-388,left_iris-387,left_iris-386,left_iris-385,left_iris-384,left_iris-398
12.806248474865695,12.041594578792296,12.083045973594572,12.041594578792296,15.264337522473747,21.400934559032695,27.730849247724095,34.785054261852174,41.77319714841085,35.510561809129406,29.274562336608895,20.09975124224178,10.04987562112089,2.0,5.385164807134504,10.816653826391969
