left_iris-362,left_iris-382,left_iris-381,left_iris-380,left_iris-374,left_iris-373,left_iris-390,left_iris-249,left_iris-263,left_iris-466,left_iris-388,left_iris-387,left_iris-386,left_iris-385,left_iris-384,left_iris-398
31.575306807693888,28.861739379323623,24.35159132377184,16.64331697709324,12.083045973594572,10.770329614269007,12.806248474865695,15.231546211727816,18.110770276274835,16.0,13.341664064126334,9.219544457292889,7.280109889280518,12.529964086141668,21.095023109728988,28.16025568065745
