left_iris-362,left_iris-382,left_iris-381,left_iris-380,left_iris-374,left_iris-373,left_iris-390,left_iris-249,left_iris-263,left_iris-466,left_iris-388,left_iris-387,left_iris-386,left_iris-385,left_iris-384,left_iris-398
29.614185789921695,26.92582403567252,21.18962010041709,13.601470508735444,8.06225774829855,11.40175425099138,15.811388300841896,20.223748416156685,25.0,21.02379604162864,18.110770276274835,11.40175425099138,4.47213595499958,8.54400374531753,19.0,26.1725046566048
