left_iris-362,left_iris-382,left_iris-381,left_iris-380,left_iris-374,left_iris-373,left_iris-390,left_iris-249,left_iris-263,left_iris-466,left_iris-388,left_iris-387,left_iris-386,left_iris-385,left_iris-384,left_iris-398
41.48493702538308,37.64306044943742,28.792360097775937,18.027756377319943,9.219544457292889,12.529964086141668,20.09975124224178,26.076809620810597,32.7566787083184,27.892651361962702,23.40939982143925,15.264337522473747,7.0,13.601470508735444,26.019223662515376,36.6742416417845
