left_iris-362,left_iris-382,left_iris-381,left_iris-380,left_iris-374,left_iris-373,left_iris-390,left_iris-249,left_iris-263,left_iris-466,left_iris-388,left_iris-387,left_iris-386,left_iris-385,left_iris-384,left_iris-398
27.018512172212592,24.0,18.027756377319943,8.54400374531753,5.0,15.297058540778355,23.021728866442675,30.0,35.12833614050059,31.064449134018133,25.079872407968907,17.029386365926403,6.082762530298219,5.0990195135927845,16.1245154965971,23.08679276123039
