left_iris-362,left_iris-382,left_iris-381,left_iris-380,left_iris-374,left_iris-373,left_iris-390,left_iris-249,left_iris-263,left_iris-466,left_iris-388,left_iris-387,left_iris-386,left_iris-385,left_iris-384,left_iris-398
22.80350850198276,21.18962010041709,16.55294535724685,10.63014581273465,8.06225774829855,12.206555615733702,15.811388300841896,19.4164878389476,22.02271554554524,20.0,17.11724276862369,12.649110640673518,6.4031242374328485,6.4031242374328485,13.038404810405298,20.223748416156685
