left_iris-362,left_iris-382,left_iris-381,left_iris-380,left_iris-374,left_iris-373,left_iris-390,left_iris-249,left_iris-263,left_iris-466,left_iris-388,left_iris-387,left_iris-386,left_iris-385,left_iris-384,left_iris-398
25.179356624028344,22.360679774997894,16.76305461424021,10.63014581273465,8.0,11.40175425099138,15.231546211727816,18.439088914585778,22.02271554554524,19.0,16.1245154965971,10.44030650891055,4.123105625617661,8.06225774829855,16.1245154965971,22.02271554554524
