left_iris-362,left_iris-382,left_iris-381,left_iris-380,left_iris-374,left_iris-373,left_iris-390,left_iris-249,left_iris-263,left_iris-466,left_iris-388,left_iris-387,left_iris-386,left_iris-385,left_iris-384,left_iris-398
23.194827009486403,20.615528128088304,16.15549442140351,10.63014581273465,9.055385138137416,11.31370849898476,14.7648230602334,17.08800749063506,19.235384061671343,17.029386365926403,15.033296378372908,10.770329614269007,5.385164807134504,7.810249675906654,14.317821063276352,20.0
