left_iris-362,left_iris-382,left_iris-381,left_iris-380,left_iris-374,left_iris-373,left_iris-390,left_iris-249,left_iris-263,left_iris-466,left_iris-388,left_iris-387,left_iris-386,left_iris-385,left_iris-384,left_iris-398
36.345563690772494,32.55764119219941,24.73863375370596,15.811388300841896,10.04987562112089,12.806248474865695,18.027756377319943,22.360679774997894,27.018512172212592,24.0,19.1049731745428,12.649110640673518,5.0990195135927845,11.704699910719626,23.08679276123039,32.0624390837628
