left_iris-362,left_iris-382,left_iris-381,left_iris-380,left_iris-374,left_iris-373,left_iris-390,left_iris-249,left_iris-263,left_iris-466,left_iris-388,left_iris-387,left_iris-386,left_iris-385,left_iris-384,left_iris-398
20.223748416156685,17.46424919657298,13.601470508735444,7.810249675906654,6.082762530298219,9.433981132056603,12.649110640673518,16.278820596099706,18.027756377319943,16.0,14.0356688476182,9.486832980505138,4.47213595499958,6.4031242374328485,12.16552506059644,17.0
