left_iris-362,left_iris-382,left_iris-381,left_iris-380,left_iris-374,left_iris-373,left_iris-390,left_iris-249,left_iris-263,left_iris-466,left_iris-388,left_iris-387,left_iris-386,left_iris-385,left_iris-384,left_iris-398
33.95585369269929,31.622776601683793,25.079872407968907,16.97056274847714,13.038404810405298,14.866068747318506,19.235384061671343,22.80350850198276,26.019223662515376,24.020824298928627,20.396078054371134,16.1245154965971,10.44030650891055,12.041594578792296,21.213203435596427,29.274562336608895
