left_iris-362,left_iris-382,left_iris-381,left_iris-380,left_iris-374,left_iris-373,left_iris-390,left_iris-249,left_iris-263,left_iris-466,left_iris-388,left_iris-387,left_iris-386,left_iris-385,left_iris-384,left_iris-398
30.14962686336267,27.459060435491963,20.8806130178211,12.806248474865695,9.0,13.45362404707371,17.46424919657298,20.615528128088304,23.08679276123039,21.02379604162864,17.029386365926403,12.649110640673518,5.385164807134504,10.295630140987,19.235384061671343,27.018512172212592
