left_iris-362,left_iris-382,left_iris-381,left_iris-380,left_iris-374,left_iris-373,left_iris-390,left_iris-249,left_iris-263,left_iris-466,left_iris-388,left_iris-387,left_iris-386,left_iris-385,left_iris-384,left_iris-398
24.08318915758459,21.095023109728988,16.278820596099706,8.54400374531753,3.1622776601683795,10.198039027185567,16.0312195418814,20.024984394500787,24.020824298928627,21.02379604162864,16.0312195418814,10.04987562112089,1.0,7.0,15.0,21.02379604162864
