left_iris-362,left_iris-382,left_iris-381,left_iris-380,left_iris-374,left_iris-373,left_iris-390,left_iris-249,left_iris-263,left_iris-466,left_iris-388,left_iris-387,left_iris-386,left_iris-385,left_iris-384,left_iris-398
35.90264614203248,33.24154027718932,26.0,16.97056274847714,14.0,17.69180601295413,22.47220505424423,27.29468812791236,32.0624390837628,29.274562336608895,26.92582403567252,21.470910553583888,13.892443989449804,13.038404810405298,21.587033144922906,30.14962686336267
