left_iris-362,left_iris-382,left_iris-381,left_iris-380,left_iris-374,left_iris-373,left_iris-390,left_iris-249,left_iris-263,left_iris-466,left_iris-388,left_iris-387,left_iris-386,left_iris-385,left_iris-384,left_iris-398
38.11823710509184,34.36568055487916,26.68332812825267,17.4928556845359,11.40175425099138,14.212670403551895,19.235384061671343,24.35159132377184,28.284271247461906,24.020824298928627,20.09975124224178,14.317821063276352,9.055385138137416,13.601470508735444,24.515301344262525,34.0
