left_iris-362,left_iris-382,left_iris-381,left_iris-380,left_iris-374,left_iris-373,left_iris-390,left_iris-249,left_iris-263,left_iris-466,left_iris-388,left_iris-387,left_iris-386,left_iris-385,left_iris-384,left_iris-398
28.231188426986208,25.495097567963924,21.095023109728988,15.0,11.0,12.727922061357855,17.08800749063506,21.213203435596427,25.079872407968907,21.37755832643195,17.72004514666935,12.206555615733702,7.0,10.295630140987,18.0,25.0
