left_iris-362,left_iris-382,left_iris-381,left_iris-380,left_iris-374,left_iris-373,left_iris-390,left_iris-249,left_iris-263,left_iris-466,left_iris-388,left_iris-387,left_iris-386,left_iris-385,left_iris-384,left_iris-398
44.04543109109048,39.11521443121589,31.400636936215164,21.540659228538015,12.806248474865695,11.704699910719626,15.0,19.313207915827967,23.345235059857504,20.024984394500787,15.132745950421556,9.433981132056603,8.602325267042627,18.384776310850235,29.42787793912432,39.01281840626232
