left_iris-362,left_iris-382,left_iris-381,left_iris-380,left_iris-374,left_iris-373,left_iris-390,left_iris-249,left_iris-263,left_iris-466,left_iris-388,left_iris-387,left_iris-386,left_iris-385,left_iris-384,left_iris-398
22.09072203437452,19.235384061671343,13.341664064126334,6.4031242374328485,5.0,11.40175425099138,16.1245154965971,20.09975124224178,24.0,21.02379604162864,17.11724276862369,11.40175425099138,3.605551275463989,5.830951894845301,13.152946437965904,19.0
