left_iris-362,left_iris-382,left_iris-381,left_iris-380,left_iris-374,left_iris-373,left_iris-390,left_iris-249,left_iris-263,left_iris-466,left_iris-388,left_iris-387,left_iris-386,left_iris-385,left_iris-384,left_iris-398
33.734255586866,31.04834939252005,24.698178070456937,16.97056274847714,14.0,17.69180601295413,22.360679774997894,25.70992026436488,30.01666203960727,28.0178514522438,25.179356624028344,20.248456731316587,11.40175425099138,11.40175425099138,19.4164878389476,28.0713376952364
