left_iris-362,left_iris-382,left_iris-381,left_iris-380,left_iris-374,left_iris-373,left_iris-390,left_iris-249,left_iris-263,left_iris-466,left_iris-388,left_iris-387,left_iris-386,left_iris-385,left_iris-384,left_iris-398
45.044422518220834,41.10960958218893,33.24154027718932,20.8806130178211,9.899494936611664,9.219544457292889,15.811388300841896,21.213203435596427,27.0,23.08679276123039,18.439088914585778,11.6619037896906,8.54400374531753,18.384776310850235,30.4138126514911,40.01249804748511
