left_iris-362,left_iris-382,left_iris-381,left_iris-380,left_iris-374,left_iris-373,left_iris-390,left_iris-249,left_iris-263,left_iris-466,left_iris-388,left_iris-387,left_iris-386,left_iris-385,left_iris-384,left_iris-398
29.274562336608895,25.495097567963924,19.924858845171276,12.206555615733702,8.06225774829855,12.041594578792296,16.15549442140351,19.6468827043885,22.09072203437452,20.0,16.1245154965971,11.704699910719626,5.0990195135927845,9.433981132056603,18.110770276274835,25.019992006393608
