left_iris-362,left_iris-382,left_iris-381,left_iris-380,left_iris-374,left_iris-373,left_iris-390,left_iris-249,left_iris-263,left_iris-466,left_iris-388,left_iris-387,left_iris-386,left_iris-385,left_iris-384,left_iris-398
34.23448553724738,31.400636936215164,23.769728648009423,15.620499351813308,12.0,17.69180601295413,23.259406699226016,28.16025568065745,34.23448553724738,30.066592756745816,26.0,19.235384061671343,9.219544457292889,9.219544457292889,19.6468827043885,30.0
