left_iris-362,left_iris-382,left_iris-381,left_iris-380,left_iris-374,left_iris-373,left_iris-390,left_iris-249,left_iris-263,left_iris-466,left_iris-388,left_iris-387,left_iris-386,left_iris-385,left_iris-384,left_iris-398
38.05259518088089,34.23448553724738,25.70992026436488,15.811388300841896,11.04536101718726,16.278820596099706,21.93171219946131,27.892651361962702,33.13608305156178,28.0178514522438,23.021728866442675,15.524174696260024,6.324555320336759,12.529964086141668,24.515301344262525,34.0147027033899
