left_iris-362,left_iris-382,left_iris-381,left_iris-380,left_iris-374,left_iris-373,left_iris-390,left_iris-249,left_iris-263,left_iris-466,left_iris-388,left_iris-387,left_iris-386,left_iris-385,left_iris-384,left_iris-398
21.02379604162864,19.0,14.142135623730953,8.06225774829855,6.0,10.63014581273465,14.7648230602334,17.46424919657298,19.6468827043885,18.439088914585778,15.132745950421556,11.04536101718726,4.242640687119285,5.656854249492381,13.601470508735444,19.1049731745428
