left_iris-362,left_iris-382,left_iris-381,left_iris-380,left_iris-374,left_iris-373,left_iris-390,left_iris-249,left_iris-263,left_iris-466,left_iris-388,left_iris-387,left_iris-386,left_iris-385,left_iris-384,left_iris-398
29.017236257093817,25.179356624028344,19.4164878389476,11.6619037896906,7.0,11.40175425099138,17.08800749063506,20.615528128088304,24.186773244895647,22.09072203437452,18.0,12.36931687685298,5.830951894845301,8.602325267042627,18.439088914585778,25.019992006393608
