left_iris-362,left_iris-382,left_iris-381,left_iris-380,left_iris-374,left_iris-373,left_iris-390,left_iris-249,left_iris-263,left_iris-466,left_iris-388,left_iris-387,left_iris-386,left_iris-385,left_iris-384,left_iris-398
41.012193308819754,38.05259518088089,30.265491900843113,19.313207915827967,10.295630140987,12.806248474865695,18.788294228055936,23.769728648009423,29.154759474226505,26.019223662515376,22.02271554554524,15.524174696260024,7.280109889280518,13.038404810405298,25.70992026436488,36.05551275463989
