left_iris-362,left_iris-382,left_iris-381,left_iris-380,left_iris-374,left_iris-373,left_iris-390,left_iris-249,left_iris-263,left_iris-466,left_iris-388,left_iris-387,left_iris-386,left_iris-385,left_iris-384,left_iris-398
36.49657518178932,31.78049716414141,23.769728648009423,14.212670403551895,12.649110640673518,19.72308292331602,25.96150997149434,31.400636936215164,36.013886210738214,32.0624390837628,27.29468812791236,20.615528128088304,11.180339887498947,12.806248474865695,21.587033144922906,31.016124838541646
