left_iris-362,left_iris-382,left_iris-381,left_iris-380,left_iris-374,left_iris-373,left_iris-390,left_iris-249,left_iris-263,left_iris-466,left_iris-388,left_iris-387,left_iris-386,left_iris-385,left_iris-384,left_iris-398
30.066592756745816,26.1725046566048,20.396078054371134,13.038404810405298,8.246211251235321,11.31370849898476,16.55294535724685,20.615528128088304,24.186773244895647,21.02379604162864,16.0312195418814,10.770329614269007,5.0,10.816653826391969,19.4164878389476,26.019223662515376
