left_iris-362,left_iris-382,left_iris-381,left_iris-380,left_iris-374,left_iris-373,left_iris-390,left_iris-249,left_iris-263,left_iris-466,left_iris-388,left_iris-387,left_iris-386,left_iris-385,left_iris-384,left_iris-398
34.52535300326414,31.78049716414141,25.298221281347036,17.204650534085253,11.40175425099138,12.806248474865695,17.0,20.615528128088304,25.019992006393608,22.02271554554524,19.1049731745428,13.0,6.324555320336759,11.180339887498947,21.095023109728988,30.14962686336267
