left_iris-362,left_iris-382,left_iris-381,left_iris-380,left_iris-374,left_iris-373,left_iris-390,left_iris-249,left_iris-263,left_iris-466,left_iris-388,left_iris-387,left_iris-386,left_iris-385,left_iris-384,left_iris-398
32.28002478313795,29.732137494637012,22.360679774997894,15.0,12.16552506059644,16.401219466856727,22.135943621178654,25.317977802344327,30.01666203960727,27.16615541441225,23.769728648009423,19.235384061671343,12.083045973594572,11.40175425099138,19.4164878389476,27.29468812791236
