left_iris-362,left_iris-382,left_iris-381,left_iris-380,left_iris-374,left_iris-373,left_iris-390,left_iris-249,left_iris-263,left_iris-466,left_iris-388,left_iris-387,left_iris-386,left_iris-385,left_iris-384,left_iris-398
28.0713376952364,25.179356624028344,18.439088914585778,10.816653826391969,7.0,11.6619037896906,16.76305461424021,20.223748416156685,23.021728866442675,21.0,17.11724276862369,12.649110640673518,5.385164807134504,8.602325267042627,17.26267650163207,25.0
