left_iris-362,left_iris-382,left_iris-381,left_iris-380,left_iris-374,left_iris-373,left_iris-390,left_iris-249,left_iris-263,left_iris-466,left_iris-388,left_iris-387,left_iris-386,left_iris-385,left_iris-384,left_iris-398
23.021728866442675,20.0,14.0356688476182,6.4031242374328485,7.810249675906654,16.55294535724685,23.769728648009423,28.460498941515414,33.24154027718932,29.410882339705484,25.298221281347036,17.08800749063506,7.211102550927978,4.47213595499958,14.0,20.024984394500787
