left_iris-362,left_iris-382,left_iris-381,left_iris-380,left_iris-374,left_iris-373,left_iris-390,left_iris-249,left_iris-263,left_iris-466,left_iris-388,left_iris-387,left_iris-386,left_iris-385,left_iris-384,left_iris-398
30.675723300355937,27.31300056749533,21.95449840010015,14.212670403551895,10.04987562112089,14.422205101855956,19.924858845171276,24.186773244895647,28.0,24.08318915758459,20.396078054371134,13.41640786499874,6.082762530298219,9.848857801796104,19.026297590440446,26.92582403567252
