left_iris-362,left_iris-382,left_iris-381,left_iris-380,left_iris-374,left_iris-373,left_iris-390,left_iris-249,left_iris-263,left_iris-466,left_iris-388,left_iris-387,left_iris-386,left_iris-385,left_iris-384,left_iris-398
34.0,31.016124838541646,25.179356624028344,15.811388300841896,9.219544457292889,9.433981132056603,13.038404810405298,17.08800749063506,21.37755832643195,18.24828759089466,15.033296378372908,9.219544457292889,5.0990195135927845,12.083045973594572,22.561028345356956,30.066592756745816
