left_iris-362,left_iris-382,left_iris-381,left_iris-380,left_iris-374,left_iris-373,left_iris-390,left_iris-249,left_iris-263,left_iris-466,left_iris-388,left_iris-387,left_iris-386,left_iris-385,left_iris-384,left_iris-398
26.570660511172846,23.259406699226016,18.027756377319943,12.529964086141668,10.44030650891055,14.422205101855956,17.72004514666935,21.095023109728988,24.020824298928627,21.213203435596427,17.72004514666935,12.529964086141668,6.324555320336759,8.06225774829855,16.0,22.561028345356956
