left_iris-362,left_iris-382,left_iris-381,left_iris-380,left_iris-374,left_iris-373,left_iris-390,left_iris-249,left_iris-263,left_iris-466,left_iris-388,left_iris-387,left_iris-386,left_iris-385,left_iris-384,left_iris-398
36.87817782917155,32.984845004941285,25.632011235952593,16.401219466856727,10.04987562112089,13.601470508735444,20.615528128088304,27.073972741361768,33.015148038438355,28.16025568065745,23.345235059857504,14.866068747318506,6.324555320336759,11.180339887498947,23.021728866442675,32.2490309931942
