left_iris-362,left_iris-382,left_iris-381,left_iris-380,left_iris-374,left_iris-373,left_iris-390,left_iris-249,left_iris-263,left_iris-466,left_iris-388,left_iris-387,left_iris-386,left_iris-385,left_iris-384,left_iris-398
26.0,23.021728866442675,17.26267650163207,10.0,8.246211251235321,14.422205101855956,21.540659228538015,25.96150997149434,30.4138126514911,27.29468812791236,23.08679276123039,16.0312195418814,6.082762530298219,4.47213595499958,15.297058540778355,22.02271554554524
