left_iris-362,left_iris-382,left_iris-381,left_iris-380,left_iris-374,left_iris-373,left_iris-390,left_iris-249,left_iris-263,left_iris-466,left_iris-388,left_iris-387,left_iris-386,left_iris-385,left_iris-384,left_iris-398
23.769728648009423,21.18962010041709,16.1245154965971,10.295630140987,11.180339887498947,16.64331697709324,20.248456731316587,23.53720459187964,27.073972741361768,24.020824298928627,21.02379604162864,15.524174696260024,7.810249675906654,6.4031242374328485,13.152946437965904,20.223748416156685
