left_iris-362,left_iris-382,left_iris-381,left_iris-380,left_iris-374,left_iris-373,left_iris-390,left_iris-249,left_iris-263,left_iris-466,left_iris-388,left_iris-387,left_iris-386,left_iris-385,left_iris-384,left_iris-398
24.0,21.0,16.0312195418814,8.246211251235321,3.0,8.94427190999916,13.601470508735444,17.46424919657298,20.223748416156685,18.110770276274835,14.0,9.219544457292889,4.123105625617661,8.06225774829855,15.297058540778355,21.095023109728988
