left_iris-362,left_iris-382,left_iris-381,left_iris-380,left_iris-374,left_iris-373,left_iris-390,left_iris-249,left_iris-263,left_iris-466,left_iris-388,left_iris-387,left_iris-386,left_iris-385,left_iris-384,left_iris-398
38.07886552931954,33.52610922848042,26.0,14.866068747318506,12.36931687685298,19.72308292331602,26.248809496813376,31.575306807693888,37.05401462729781,33.0,29.068883707497267,21.587033144922906,9.899494936611664,10.0,22.09072203437452,32.2490309931942
