left_iris-362,left_iris-382,left_iris-381,left_iris-380,left_iris-374,left_iris-373,left_iris-390,left_iris-249,left_iris-263,left_iris-466,left_iris-388,left_iris-387,left_iris-386,left_iris-385,left_iris-384,left_iris-398
33.24154027718932,30.4138126514911,25.70992026436488,19.697715603592208,13.45362404707371,9.486832980505138,8.06225774829855,6.708203932499369,6.4031242374328485,5.0990195135927845,3.605551275463989,5.0990195135927845,10.63014581273465,18.027756377319943,25.179356624028344,30.01666203960727
