left_iris-362,left_iris-382,left_iris-381,left_iris-380,left_iris-374,left_iris-373,left_iris-390,left_iris-249,left_iris-263,left_iris-466,left_iris-388,left_iris-387,left_iris-386,left_iris-385,left_iris-384,left_iris-398
34.52535300326414,31.78049716414141,25.298221281347036,16.401219466856727,12.041594578792296,16.278820596099706,21.93171219946131,26.92582403567252,31.144823004794873,28.0,24.186773244895647,18.973665961010276,10.816653826391969,12.041594578792296,21.587033144922906,30.01666203960727
