left_iris-362,left_iris-382,left_iris-381,left_iris-380,left_iris-374,left_iris-373,left_iris-390,left_iris-249,left_iris-263,left_iris-466,left_iris-388,left_iris-387,left_iris-386,left_iris-385,left_iris-384,left_iris-398
30.463092423455635,26.83281572999748,20.808652046684813,13.0,12.529964086141668,20.12461179749811,25.70992026436488,30.14962686336267,34.0147027033899,31.144823004794873,27.459060435491963,20.615528128088304,11.40175425099138,7.810249675906654,17.029386365926403,25.96150997149434
