left_iris-362,left_iris-382,left_iris-381,left_iris-380,left_iris-374,left_iris-373,left_iris-390,left_iris-249,left_iris-263,left_iris-466,left_iris-388,left_iris-387,left_iris-386,left_iris-385,left_iris-384,left_iris-398
24.08318915758459,21.02379604162864,16.0,9.219544457292889,4.123105625617661,8.06225774829855,12.649110640673518,15.524174696260024,19.235384061671343,16.1245154965971,13.0,8.246211251235321,4.0,8.06225774829855,15.524174696260024,21.37755832643195
