left_iris-362,left_iris-382,left_iris-381,left_iris-380,left_iris-374,left_iris-373,left_iris-390,left_iris-249,left_iris-263,left_iris-466,left_iris-388,left_iris-387,left_iris-386,left_iris-385,left_iris-384,left_iris-398
20.0,17.029386365926403,13.341664064126334,7.810249675906654,6.082762530298219,10.0,13.92838827718412,16.492422502470642,19.1049731745428,16.0,14.142135623730953,9.848857801796104,6.324555320336759,7.810249675906654,13.0,17.11724276862369
