left_iris-362,left_iris-382,left_iris-381,left_iris-380,left_iris-374,left_iris-373,left_iris-390,left_iris-249,left_iris-263,left_iris-466,left_iris-388,left_iris-387,left_iris-386,left_iris-385,left_iris-384,left_iris-398
38.3275357934736,34.52535300326414,26.92582403567252,18.601075237738275,14.142135623730953,17.804493814764857,23.323807579381203,27.85677655436824,33.37663853655727,30.14962686336267,26.0,19.4164878389476,10.0,11.40175425099138,21.587033144922906,32.01562118716424
