left_iris-362,left_iris-382,left_iris-381,left_iris-380,left_iris-374,left_iris-373,left_iris-390,left_iris-249,left_iris-263,left_iris-466,left_iris-388,left_iris-387,left_iris-386,left_iris-385,left_iris-384,left_iris-398
29.42787793912432,26.68332812825267,20.248456731316587,13.45362404707371,11.04536101718726,14.866068747318506,19.235384061671343,23.08679276123039,26.30589287593181,23.08679276123039,19.0,13.152946437965904,5.656854249492381,8.06225774829855,18.110770276274835,25.079872407968907
