left_iris-362,left_iris-382,left_iris-381,left_iris-380,left_iris-374,left_iris-373,left_iris-390,left_iris-249,left_iris-263,left_iris-466,left_iris-388,left_iris-387,left_iris-386,left_iris-385,left_iris-384,left_iris-398
34.52535300326414,31.04834939252005,23.769728648009423,15.556349186104043,13.038404810405298,17.69180601295413,23.259406699226016,27.202941017470888,32.38826948140329,28.0713376952364,23.021728866442675,16.76305461424021,8.06225774829855,10.63014581273465,20.223748416156685,30.066592756745816
