left_iris-362,left_iris-382,left_iris-381,left_iris-380,left_iris-374,left_iris-373,left_iris-390,left_iris-249,left_iris-263,left_iris-466,left_iris-388,left_iris-387,left_iris-386,left_iris-385,left_iris-384,left_iris-398
36.68787265568828,33.24154027718932,26.419689627245813,17.804493814764857,14.142135623730953,18.439088914585778,23.40939982143925,27.459060435491963,32.0,28.16025568065745,24.515301344262525,17.88854381999832,9.848857801796104,11.40175425099138,22.02271554554524,31.575306807693888
