left_iris-362,left_iris-382,left_iris-381,left_iris-380,left_iris-374,left_iris-373,left_iris-390,left_iris-249,left_iris-263,left_iris-466,left_iris-388,left_iris-387,left_iris-386,left_iris-385,left_iris-384,left_iris-398
26.1725046566048,23.345235059857504,18.68154169226941,11.40175425099138,7.0710678118654755,10.63014581273465,15.231546211727816,18.439088914585778,22.09072203437452,19.026297590440446,15.033296378372908,10.198039027185567,4.123105625617661,8.54400374531753,16.1245154965971,23.021728866442675
