left_iris-362,left_iris-382,left_iris-381,left_iris-380,left_iris-374,left_iris-373,left_iris-390,left_iris-249,left_iris-263,left_iris-466,left_iris-388,left_iris-387,left_iris-386,left_iris-385,left_iris-384,left_iris-398
47.095647357266465,43.18564576337837,34.52535300326414,23.40939982143925,12.806248474865695,10.816653826391969,17.0,21.587033144922906,26.019223662515376,23.021728866442675,18.24828759089466,12.206555615733702,9.848857801796104,19.697715603592208,32.38826948140329,42.01190307520001
