left_iris-362,left_iris-382,left_iris-381,left_iris-380,left_iris-374,left_iris-373,left_iris-390,left_iris-249,left_iris-263,left_iris-466,left_iris-388,left_iris-387,left_iris-386,left_iris-385,left_iris-384,left_iris-398
23.345235059857504,20.8806130178211,15.652475842498529,10.295630140987,9.848857801796104,15.0,19.313207915827967,22.80350850198276,25.317977802344327,22.09072203437452,19.0,14.142135623730953,6.4031242374328485,6.4031242374328485,14.142135623730953,20.09975124224178
