left_iris-362,left_iris-382,left_iris-381,left_iris-380,left_iris-374,left_iris-373,left_iris-390,left_iris-249,left_iris-263,left_iris-466,left_iris-388,left_iris-387,left_iris-386,left_iris-385,left_iris-384,left_iris-398
24.515301344262525,22.135943621178654,17.0,11.40175425099138,10.198039027185567,14.212670403551895,17.08800749063506,20.396078054371134,24.020824298928627,21.0,18.110770276274835,12.649110640673518,5.830951894845301,7.810249675906654,15.132745950421556,21.095023109728988
