left_iris-362,left_iris-382,left_iris-381,left_iris-380,left_iris-374,left_iris-373,left_iris-390,left_iris-249,left_iris-263,left_iris-466,left_iris-388,left_iris-387,left_iris-386,left_iris-385,left_iris-384,left_iris-398
30.675723300355937,27.31300056749533,21.633307652783937,15.264337522473747,14.560219778561036,19.209372712298546,25.079872407968907,29.832867780352597,35.05709628591621,31.016124838541646,26.30589287593181,20.12461179749811,12.529964086141668,11.6619037896906,17.46424919657298,25.317977802344327
