left_iris-362,left_iris-382,left_iris-381,left_iris-380,left_iris-374,left_iris-373,left_iris-390,left_iris-249,left_iris-263,left_iris-466,left_iris-388,left_iris-387,left_iris-386,left_iris-385,left_iris-384,left_iris-398
31.016124838541646,27.16615541441225,20.396078054371134,12.529964086141668,7.0710678118654755,11.40175425099138,17.46424919657298,20.615528128088304,25.179356624028344,22.02271554554524,18.027756377319943,11.704699910719626,5.0990195135927845,10.295630140987,20.223748416156685,27.018512172212592
