left_iris-362,left_iris-382,left_iris-381,left_iris-380,left_iris-374,left_iris-373,left_iris-390,left_iris-249,left_iris-263,left_iris-466,left_iris-388,left_iris-387,left_iris-386,left_iris-385,left_iris-384,left_iris-398
28.635642126552707,25.0,20.12461179749811,13.601470508735444,12.16552506059644,15.556349186104043,19.235384061671343,23.40939982143925,26.476404589747453,23.194827009486403,20.024984394500787,14.142135623730953,5.656854249492381,7.211102550927978,17.11724276862369,24.186773244895647
