left_iris-362,left_iris-382,left_iris-381,left_iris-380,left_iris-374,left_iris-373,left_iris-390,left_iris-249,left_iris-263,left_iris-466,left_iris-388,left_iris-387,left_iris-386,left_iris-385,left_iris-384,left_iris-398
34.52535300326414,31.04834939252005,23.769728648009423,14.866068747318506,12.16552506059644,16.64331697709324,22.80350850198276,27.073972741361768,31.144823004794873,28.284271247461906,24.515301344262525,18.384776310850235,9.433981132056603,10.63014581273465,20.223748416156685,30.066592756745816
