left_iris-362,left_iris-382,left_iris-381,left_iris-380,left_iris-374,left_iris-373,left_iris-390,left_iris-249,left_iris-263,left_iris-466,left_iris-388,left_iris-387,left_iris-386,left_iris-385,left_iris-384,left_iris-398
33.06055050963308,29.0,23.08679276123039,13.601470508735444,7.615773105863909,10.63014581273465,16.1245154965971,19.697715603592208,24.041630560342615,20.396078054371134,16.1245154965971,10.198039027185567,5.0,11.6619037896906,21.587033144922906,29.274562336608895
