left_iris-362,left_iris-382,left_iris-381,left_iris-380,left_iris-374,left_iris-373,left_iris-390,left_iris-249,left_iris-263,left_iris-466,left_iris-388,left_iris-387,left_iris-386,left_iris-385,left_iris-384,left_iris-398
25.179356624028344,22.561028345356956,17.08800749063506,10.816653826391969,11.704699910719626,19.4164878389476,26.92582403567252,33.95585369269929,40.311288741492746,35.05709628591621,29.017236257093817,22.561028345356956,12.806248474865695,8.0,13.41640786499874,21.0
