left_iris-362,left_iris-382,left_iris-381,left_iris-380,left_iris-374,left_iris-373,left_iris-390,left_iris-249,left_iris-263,left_iris-466,left_iris-388,left_iris-387,left_iris-386,left_iris-385,left_iris-384,left_iris-398
32.01562118716424,28.0713376952364,22.20360331117452,12.083045973594572,6.0,13.41640786499874,19.6468827043885,24.331050121192877,29.068883707497267,25.079872407968907,20.024984394500787,13.0,2.23606797749979,9.055385138137416,20.024984394500787,28.0
