left_iris-362,left_iris-382,left_iris-381,left_iris-380,left_iris-374,left_iris-373,left_iris-390,left_iris-249,left_iris-263,left_iris-466,left_iris-388,left_iris-387,left_iris-386,left_iris-385,left_iris-384,left_iris-398
23.769728648009423,21.18962010041709,16.55294535724685,10.63014581273465,9.055385138137416,12.806248474865695,15.811388300841896,19.235384061671343,23.0,20.024984394500787,17.26267650163207,13.0,7.615773105863909,7.810249675906654,14.142135623730953,20.223748416156685
