left_iris-362,left_iris-382,left_iris-381,left_iris-380,left_iris-374,left_iris-373,left_iris-390,left_iris-249,left_iris-263,left_iris-466,left_iris-388,left_iris-387,left_iris-386,left_iris-385,left_iris-384,left_iris-398
28.0,25.079872407968907,19.6468827043885,12.806248474865695,11.0,15.620499351813308,20.248456731316587,22.84731931759173,26.68332812825267,24.331050121192877,21.02379604162864,15.297058540778355,7.810249675906654,8.602325267042627,17.08800749063506,24.08318915758459
