left_iris-362,left_iris-382,left_iris-381,left_iris-380,left_iris-374,left_iris-373,left_iris-390,left_iris-249,left_iris-263,left_iris-466,left_iris-388,left_iris-387,left_iris-386,left_iris-385,left_iris-384,left_iris-398
24.515301344262525,21.587033144922906,18.027756377319943,11.6619037896906,7.280109889280518,7.810249675906654,11.180339887498947,13.341664064126334,16.0,14.0356688476182,12.36931687685298,8.06225774829855,5.0990195135927845,8.94427190999916,16.0312195418814,21.095023109728988
