left_iris-362,left_iris-382,left_iris-381,left_iris-380,left_iris-374,left_iris-373,left_iris-390,left_iris-249,left_iris-263,left_iris-466,left_iris-388,left_iris-387,left_iris-386,left_iris-385,left_iris-384,left_iris-398
37.0,33.06055050963308,25.317977802344327,15.264337522473747,10.04987562112089,14.866068747318506,19.697715603592208,23.769728648009423,28.16025568065745,25.019992006393608,20.024984394500787,13.601470508735444,6.082762530298219,12.529964086141668,23.53720459187964,33.06055050963308
