left_iris-362,left_iris-382,left_iris-381,left_iris-380,left_iris-374,left_iris-373,left_iris-390,left_iris-249,left_iris-263,left_iris-466,left_iris-388,left_iris-387,left_iris-386,left_iris-385,left_iris-384,left_iris-398
31.400636936215164,27.65863337187866,22.135943621178654,14.212670403551895,10.04987562112089,13.45362404707371,17.88854381999832,20.8806130178211,24.186773244895647,21.02379604162864,18.027756377319943,12.649110640673518,5.385164807134504,9.433981132056603,19.1049731745428,27.073972741361768
