left_iris-362,left_iris-382,left_iris-381,left_iris-380,left_iris-374,left_iris-373,left_iris-390,left_iris-249,left_iris-263,left_iris-466,left_iris-388,left_iris-387,left_iris-386,left_iris-385,left_iris-384,left_iris-398
27.459060435491963,24.73863375370596,20.248456731316587,14.142135623730953,11.04536101718726,13.601470508735444,16.64331697709324,19.313207915827967,22.360679774997894,20.09975124224178,17.0,12.36931687685298,6.4031242374328485,8.48528137423857,16.278820596099706,23.021728866442675
