left_iris-362,left_iris-382,left_iris-381,left_iris-380,left_iris-374,left_iris-373,left_iris-390,left_iris-249,left_iris-263,left_iris-466,left_iris-388,left_iris-387,left_iris-386,left_iris-385,left_iris-384,left_iris-398
39.01281840626232,35.05709628591621,28.16025568065745,17.72004514666935,8.48528137423857,7.810249675906654,14.317821063276352,18.68154169226941,23.194827009486403,20.024984394500787,15.033296378372908,7.615773105863909,6.4031242374328485,14.866068747318506,26.1725046566048,35.014282800023196
