left_iris-362,left_iris-382,left_iris-381,left_iris-380,left_iris-374,left_iris-373,left_iris-390,left_iris-249,left_iris-263,left_iris-466,left_iris-388,left_iris-387,left_iris-386,left_iris-385,left_iris-384,left_iris-398
39.319206502675,34.52535300326414,26.92582403567252,16.64331697709324,10.04987562112089,14.212670403551895,19.697715603592208,24.73863375370596,29.154759474226505,25.0,21.095023109728988,13.92838827718412,7.0,13.41640786499874,25.179356624028344,34.0147027033899
