left_iris-362,left_iris-382,left_iris-381,left_iris-380,left_iris-374,left_iris-373,left_iris-390,left_iris-249,left_iris-263,left_iris-466,left_iris-388,left_iris-387,left_iris-386,left_iris-385,left_iris-384,left_iris-398
39.05124837953327,36.12478373637688,28.284271247461906,18.788294228055936,11.180339887498947,12.529964086141668,17.204650534085253,21.540659228538015,25.495097567963924,23.194827009486403,20.024984394500787,13.341664064126334,6.324555320336759,13.038404810405298,24.515301344262525,34.0147027033899
