left_iris-362,left_iris-382,left_iris-381,left_iris-380,left_iris-374,left_iris-373,left_iris-390,left_iris-249,left_iris-263,left_iris-466,left_iris-388,left_iris-387,left_iris-386,left_iris-385,left_iris-384,left_iris-398
37.48332962798263,33.54101966249684,26.92582403567252,17.88854381999832,8.94427190999916,9.899494936611664,16.15549442140351,20.396078054371134,25.019992006393608,22.02271554554524,18.110770276274835,10.770329614269007,5.0990195135927845,13.601470508735444,24.020824298928627,33.13608305156178
