left_iris-362,left_iris-382,left_iris-381,left_iris-380,left_iris-374,left_iris-373,left_iris-390,left_iris-249,left_iris-263,left_iris-466,left_iris-388,left_iris-387,left_iris-386,left_iris-385,left_iris-384,left_iris-398
37.33630940518894,32.7566787083184,25.298221281347036,16.278820596099706,12.041594578792296,17.804493814764857,23.769728648009423,28.635642126552707,34.132096331752024,29.017236257093817,24.08318915758459,16.492422502470642,7.615773105863909,11.6619037896906,23.345235059857504,33.015148038438355
