left_iris-362,left_iris-382,left_iris-381,left_iris-380,left_iris-374,left_iris-373,left_iris-390,left_iris-249,left_iris-263,left_iris-466,left_iris-388,left_iris-387,left_iris-386,left_iris-385,left_iris-384,left_iris-398
31.016124838541646,27.0,21.095023109728988,12.649110640673518,6.324555320336759,10.0,16.15549442140351,19.924858845171276,24.331050121192877,21.095023109728988,16.0,10.44030650891055,6.0,11.6619037896906,20.615528128088304,27.16615541441225
