left_iris-362,left_iris-382,left_iris-381,left_iris-380,left_iris-374,left_iris-373,left_iris-390,left_iris-249,left_iris-263,left_iris-466,left_iris-388,left_iris-387,left_iris-386,left_iris-385,left_iris-384,left_iris-398
32.55764119219941,29.614185789921695,23.40939982143925,15.620499351813308,10.04987562112089,13.45362404707371,18.027756377319943,23.194827009486403,27.018512172212592,25.079872407968907,21.37755832643195,15.231546211727816,7.615773105863909,10.0,20.223748416156685,28.0713376952364
