left_iris-362,left_iris-382,left_iris-381,left_iris-380,left_iris-374,left_iris-373,left_iris-390,left_iris-249,left_iris-263,left_iris-466,left_iris-388,left_iris-387,left_iris-386,left_iris-385,left_iris-384,left_iris-398
32.38826948140329,29.614185789921695,24.041630560342615,16.64331697709324,11.180339887498947,10.770329614269007,12.806248474865695,16.15549442140351,18.24828759089466,16.0,13.152946437965904,9.433981132056603,7.280109889280518,12.529964086141668,21.095023109728988,29.068883707497267
