left_iris-362,left_iris-382,left_iris-381,left_iris-380,left_iris-374,left_iris-373,left_iris-390,left_iris-249,left_iris-263,left_iris-466,left_iris-388,left_iris-387,left_iris-386,left_iris-385,left_iris-384,left_iris-398
24.041630560342615,22.135943621178654,17.46424919657298,12.206555615733702,7.615773105863909,6.4031242374328485,9.848857801796104,12.16552506059644,15.033296378372908,13.152946437965904,10.44030650891055,7.211102550927978,4.123105625617661,9.219544457292889,16.0312195418814,21.587033144922906
