left_iris-362,left_iris-382,left_iris-381,left_iris-380,left_iris-374,left_iris-373,left_iris-390,left_iris-249,left_iris-263,left_iris-466,left_iris-388,left_iris-387,left_iris-386,left_iris-385,left_iris-384,left_iris-398
23.194827009486403,19.6468827043885,14.317821063276352,8.94427190999916,10.295630140987,17.4928556845359,23.08679276123039,27.65863337187866,32.14031735997639,29.017236257093817,25.019992006393608,18.439088914585778,10.0,6.324555320336759,12.649110640673518,19.0
