left_iris-362,left_iris-382,left_iris-381,left_iris-380,left_iris-374,left_iris-373,left_iris-390,left_iris-249,left_iris-263,left_iris-466,left_iris-388,left_iris-387,left_iris-386,left_iris-385,left_iris-384,left_iris-398
32.89376840679705,29.546573405388315,23.021728866442675,16.1245154965971,13.341664064126334,17.804493814764857,23.40939982143925,28.442925306655784,33.0,29.068883707497267,24.515301344262525,17.88854381999832,10.44030650891055,12.727922061357855,20.223748416156685,28.635642126552707
