left_iris-362,left_iris-382,left_iris-381,left_iris-380,left_iris-374,left_iris-373,left_iris-390,left_iris-249,left_iris-263,left_iris-466,left_iris-388,left_iris-387,left_iris-386,left_iris-385,left_iris-384,left_iris-398
36.345563690772494,32.55764119219941,26.248809496813376,17.204650534085253,12.16552506059644,14.866068747318506,20.591260281974,25.0,30.265491900843113,27.018512172212592,23.08679276123039,16.76305461424021,8.94427190999916,12.041594578792296,22.360679774997894,31.016124838541646
