left_iris-362,left_iris-382,left_iris-381,left_iris-380,left_iris-374,left_iris-373,left_iris-390,left_iris-249,left_iris-263,left_iris-466,left_iris-388,left_iris-387,left_iris-386,left_iris-385,left_iris-384,left_iris-398
30.265491900843113,26.476404589747453,20.248456731316587,12.727922061357855,9.055385138137416,13.45362404707371,17.46424919657298,20.615528128088304,23.194827009486403,20.024984394500787,17.029386365926403,10.44030650891055,5.0990195135927845,10.295630140987,19.235384061671343,26.019223662515376
