left_iris-362,left_iris-382,left_iris-381,left_iris-380,left_iris-374,left_iris-373,left_iris-390,left_iris-249,left_iris-263,left_iris-466,left_iris-388,left_iris-387,left_iris-386,left_iris-385,left_iris-384,left_iris-398
45.17742799230607,41.30375285612676,32.55764119219941,21.93171219946131,11.6619037896906,12.206555615733702,17.46424919657298,21.587033144922906,26.0,23.08679276123039,19.6468827043885,13.601470508735444,10.198039027185567,18.35755975068582,30.4138126514911,40.0
