left_iris-362,left_iris-382,left_iris-381,left_iris-380,left_iris-374,left_iris-373,left_iris-390,left_iris-249,left_iris-263,left_iris-466,left_iris-388,left_iris-387,left_iris-386,left_iris-385,left_iris-384,left_iris-398
39.45883931389772,35.6931365951495,29.410882339705484,20.0,14.317821063276352,15.811388300841896,20.591260281974,23.53720459187964,28.0178514522438,25.079872407968907,22.561028345356956,17.0,10.44030650891055,13.45362404707371,24.515301344262525,34.058772731852805
