left_iris-362,left_iris-382,left_iris-381,left_iris-380,left_iris-374,left_iris-373,left_iris-390,left_iris-249,left_iris-263,left_iris-466,left_iris-388,left_iris-387,left_iris-386,left_iris-385,left_iris-384,left_iris-398
27.018512172212592,24.08318915758459,19.235384061671343,11.704699910719626,5.385164807134504,8.602325267042627,14.866068747318506,20.615528128088304,25.179356624028344,21.02379604162864,16.0312195418814,9.486832980505138,5.0990195135927845,10.295630140987,18.24828759089466,24.020824298928627
