left_iris-362,left_iris-382,left_iris-381,left_iris-380,left_iris-374,left_iris-373,left_iris-390,left_iris-249,left_iris-263,left_iris-466,left_iris-388,left_iris-387,left_iris-386,left_iris-385,left_iris-384,left_iris-398
33.24154027718932,30.4138126514911,24.515301344262525,16.55294535724685,10.295630140987,10.816653826391969,16.64331697709324,20.248456731316587,25.495097567963924,22.20360331117452,17.029386365926403,11.180339887498947,4.0,11.180339887498947,21.213203435596427,29.017236257093817
