left_iris-362,left_iris-382,left_iris-381,left_iris-380,left_iris-374,left_iris-373,left_iris-390,left_iris-249,left_iris-263,left_iris-466,left_iris-388,left_iris-387,left_iris-386,left_iris-385,left_iris-384,left_iris-398
29.274562336608895,26.476404589747453,19.924858845171276,13.45362404707371,10.0,12.727922061357855,16.55294535724685,20.615528128088304,24.020824298928627,21.0,18.110770276274835,13.0,7.280109889280518,10.63014581273465,18.439088914585778,25.0
