left_iris-362,left_iris-382,left_iris-381,left_iris-380,left_iris-374,left_iris-373,left_iris-390,left_iris-249,left_iris-263,left_iris-466,left_iris-388,left_iris-387,left_iris-386,left_iris-385,left_iris-384,left_iris-398
31.575306807693888,29.614185789921695,24.041630560342615,15.264337522473747,9.486832980505138,10.63014581273465,15.231546211727816,20.396078054371134,25.0,22.02271554554524,18.110770276274835,12.649110640673518,6.324555320336759,10.295630140987,20.09975124224178,27.16615541441225
