left_iris-362,left_iris-382,left_iris-381,left_iris-380,left_iris-374,left_iris-373,left_iris-390,left_iris-249,left_iris-263,left_iris-466,left_iris-388,left_iris-387,left_iris-386,left_iris-385,left_iris-384,left_iris-398
29.274562336608895,27.073972741361768,21.0,13.341664064126334,7.0710678118654755,8.54400374531753,12.727922061357855,15.811388300841896,18.788294228055936,15.231546211727816,11.40175425099138,6.082762530298219,4.47213595499958,11.6619037896906,19.924858845171276,26.476404589747453
