left_iris-362,left_iris-382,left_iris-381,left_iris-380,left_iris-374,left_iris-373,left_iris-390,left_iris-249,left_iris-263,left_iris-466,left_iris-388,left_iris-387,left_iris-386,left_iris-385,left_iris-384,left_iris-398
39.11521443121589,35.35533905932738,27.892651361962702,17.4928556845359,11.40175425099138,13.601470508735444,18.35755975068582,22.135943621178654,26.1725046566048,23.0,19.235384061671343,13.892443989449804,9.0,15.0,24.515301344262525,34.0147027033899
