left_iris-362,left_iris-382,left_iris-381,left_iris-380,left_iris-374,left_iris-373,left_iris-390,left_iris-249,left_iris-263,left_iris-466,left_iris-388,left_iris-387,left_iris-386,left_iris-385,left_iris-384,left_iris-398
28.442925306655784,25.0,18.384776310850235,11.40175425099138,9.848857801796104,15.652475842498529,20.615528128088304,24.186773244895647,29.0,26.076809620810597,22.360679774997894,17.08800749063506,8.602325267042627,8.48528137423857,16.278820596099706,24.08318915758459
