left_iris-362,left_iris-382,left_iris-381,left_iris-380,left_iris-374,left_iris-373,left_iris-390,left_iris-249,left_iris-263,left_iris-466,left_iris-388,left_iris-387,left_iris-386,left_iris-385,left_iris-384,left_iris-398
40.049968789001575,36.12478373637688,28.284271247461906,18.384776310850235,10.295630140987,11.40175425099138,17.88854381999832,22.80350850198276,28.16025568065745,25.079872407968907,21.0,14.317821063276352,5.385164807134504,12.529964086141668,24.515301344262525,35.014282800023196
