left_iris-362,left_iris-382,left_iris-381,left_iris-380,left_iris-374,left_iris-373,left_iris-390,left_iris-249,left_iris-263,left_iris-466,left_iris-388,left_iris-387,left_iris-386,left_iris-385,left_iris-384,left_iris-398
27.459060435491963,23.769728648009423,17.46424919657298,11.40175425099138,9.219544457292889,15.0,18.384776310850235,21.587033144922906,25.179356624028344,22.09072203437452,19.0,13.152946437965904,5.656854249492381,6.708203932499369,16.0312195418814,23.08679276123039
