left_iris-362,left_iris-382,left_iris-381,left_iris-380,left_iris-374,left_iris-373,left_iris-390,left_iris-249,left_iris-263,left_iris-466,left_iris-388,left_iris-387,left_iris-386,left_iris-385,left_iris-384,left_iris-398
19.026297590440446,17.11724276862369,13.341664064126334,8.06225774829855,5.0,8.602325267042627,12.649110640673518,15.524174696260024,18.110770276274835,15.033296378372908,12.0,8.06225774829855,2.23606797749979,5.830951894845301,12.16552506059644,17.029386365926403
