left_iris-362,left_iris-382,left_iris-381,left_iris-380,left_iris-374,left_iris-373,left_iris-390,left_iris-249,left_iris-263,left_iris-466,left_iris-388,left_iris-387,left_iris-386,left_iris-385,left_iris-384,left_iris-398
30.59411708155671,27.65863337187866,21.18962010041709,13.601470508735444,8.246211251235321,10.63014581273465,14.317821063276352,17.72004514666935,20.223748416156685,18.027756377319943,14.0356688476182,8.54400374531753,4.123105625617661,10.44030650891055,20.0,27.16615541441225
