left_iris-362,left_iris-382,left_iris-381,left_iris-380,left_iris-374,left_iris-373,left_iris-390,left_iris-249,left_iris-263,left_iris-466,left_iris-388,left_iris-387,left_iris-386,left_iris-385,left_iris-384,left_iris-398
26.019223662515376,22.20360331117452,16.76305461424021,10.63014581273465,8.06225774829855,12.806248474865695,17.08800749063506,20.615528128088304,24.186773244895647,21.02379604162864,18.0,12.36931687685298,5.830951894845301,7.810249675906654,16.492422502470642,23.021728866442675
