left_iris-362,left_iris-382,left_iris-381,left_iris-380,left_iris-374,left_iris-373,left_iris-390,left_iris-249,left_iris-263,left_iris-466,left_iris-388,left_iris-387,left_iris-386,left_iris-385,left_iris-384,left_iris-398
38.05259518088089,35.12833614050059,28.284271247461906,19.697715603592208,13.038404810405298,13.0,17.029386365926403,21.02379604162864,24.515301344262525,22.20360331117452,19.0,13.601470508735444,8.246211251235321,13.45362404707371,24.041630560342615,33.06055050963308
