left_iris-362,left_iris-382,left_iris-381,left_iris-380,left_iris-374,left_iris-373,left_iris-390,left_iris-249,left_iris-263,left_iris-466,left_iris-388,left_iris-387,left_iris-386,left_iris-385,left_iris-384,left_iris-398
31.25699921617557,28.442925306655784,22.561028345356956,13.92838827718412,6.708203932499369,9.433981132056603,15.811388300841896,20.396078054371134,25.179356624028344,21.02379604162864,16.0312195418814,9.486832980505138,4.123105625617661,10.44030650891055,20.024984394500787,28.0713376952364
