left_iris-362,left_iris-382,left_iris-381,left_iris-380,left_iris-374,left_iris-373,left_iris-390,left_iris-249,left_iris-263,left_iris-466,left_iris-388,left_iris-387,left_iris-386,left_iris-385,left_iris-384,left_iris-398
24.0,21.02379604162864,15.132745950421556,8.54400374531753,3.0,9.486832980505138,14.142135623730953,18.027756377319943,21.0,18.110770276274835,14.317821063276352,8.94427190999916,5.0,8.06225774829855,15.297058540778355,21.095023109728988
