left_iris-362,left_iris-382,left_iris-381,left_iris-380,left_iris-374,left_iris-373,left_iris-390,left_iris-249,left_iris-263,left_iris-466,left_iris-388,left_iris-387,left_iris-386,left_iris-385,left_iris-384,left_iris-398
32.984845004941285,29.410882339705484,23.769728648009423,14.866068747318506,11.0,14.212670403551895,18.973665961010276,22.09072203437452,26.1725046566048,24.331050121192877,20.8806130178211,15.264337522473747,8.54400374531753,10.816653826391969,20.09975124224178,28.284271247461906
