left_iris-362,left_iris-382,left_iris-381,left_iris-380,left_iris-374,left_iris-373,left_iris-390,left_iris-249,left_iris-263,left_iris-466,left_iris-388,left_iris-387,left_iris-386,left_iris-385,left_iris-384,left_iris-398
27.018512172212592,24.08318915758459,18.24828759089466,10.295630140987,6.0,10.0,14.866068747318506,18.439088914585778,22.20360331117452,19.1049731745428,16.0,11.04536101718726,3.605551275463989,7.615773105863909,16.278820596099706,23.021728866442675
