left_iris-362,left_iris-382,left_iris-381,left_iris-380,left_iris-374,left_iris-373,left_iris-390,left_iris-249,left_iris-263,left_iris-466,left_iris-388,left_iris-387,left_iris-386,left_iris-385,left_iris-384,left_iris-398
23.53720459187964,20.8806130178211,16.15549442140351,9.899494936611664,8.06225774829855,12.206555615733702,15.811388300841896,20.223748416156685,24.020824298928627,21.02379604162864,18.110770276274835,13.601470508735444,6.4031242374328485,6.4031242374328485,13.152946437965904,20.09975124224178
