left_iris-362,left_iris-382,left_iris-381,left_iris-380,left_iris-374,left_iris-373,left_iris-390,left_iris-249,left_iris-263,left_iris-466,left_iris-388,left_iris-387,left_iris-386,left_iris-385,left_iris-384,left_iris-398
33.734255586866,30.083217912982647,22.84731931759173,14.866068747318506,11.180339887498947,16.401219466856727,22.135943621178654,26.30589287593181,31.016124838541646,27.073972741361768,23.194827009486403,16.76305461424021,8.602325267042627,9.219544457292889,20.09975124224178,28.16025568065745
