left_iris-362,left_iris-382,left_iris-381,left_iris-380,left_iris-374,left_iris-373,left_iris-390,left_iris-249,left_iris-263,left_iris-466,left_iris-388,left_iris-387,left_iris-386,left_iris-385,left_iris-384,left_iris-398
33.37663853655727,28.635642126552707,21.18962010041709,11.40175425099138,12.206555615733702,23.769728648009423,30.80584360149873,36.345563690772494,42.01190307520001,39.01281840626232,34.23448553724738,26.68332812825267,14.422205101855956,7.615773105863909,17.46424919657298,28.0178514522438
