left_iris-362,left_iris-382,left_iris-381,left_iris-380,left_iris-374,left_iris-373,left_iris-390,left_iris-249,left_iris-263,left_iris-466,left_iris-388,left_iris-387,left_iris-386,left_iris-385,left_iris-384,left_iris-398
34.0147027033899,31.064449134018133,23.194827009486403,14.317821063276352,7.280109889280518,11.40175425099138,17.08800749063506,21.587033144922906,26.1725046566048,23.08679276123039,18.0,11.180339887498947,4.123105625617661,10.770329614269007,22.20360331117452,30.01666203960727
