left_iris-362,left_iris-382,left_iris-381,left_iris-380,left_iris-374,left_iris-373,left_iris-390,left_iris-249,left_iris-263,left_iris-466,left_iris-388,left_iris-387,left_iris-386,left_iris-385,left_iris-384,left_iris-398
21.095023109728988,18.24828759089466,14.560219778561036,8.602325267042627,6.0,8.602325267042627,12.649110640673518,15.297058540778355,18.110770276274835,16.0,13.038404810405298,8.54400374531753,4.123105625617661,7.211102550927978,13.152946437965904,18.0
