left_iris-362,left_iris-382,left_iris-381,left_iris-380,left_iris-374,left_iris-373,left_iris-390,left_iris-249,left_iris-263,left_iris-466,left_iris-388,left_iris-387,left_iris-386,left_iris-385,left_iris-384,left_iris-398
31.575306807693888,27.892651361962702,22.47220505424423,14.866068747318506,12.16552506059644,17.804493814764857,23.40939982143925,28.635642126552707,34.058772731852805,31.0,26.1725046566048,19.924858845171276,11.40175425099138,9.433981132056603,18.68154169226941,26.076809620810597
