left_iris-362,left_iris-382,left_iris-381,left_iris-380,left_iris-374,left_iris-373,left_iris-390,left_iris-249,left_iris-263,left_iris-466,left_iris-388,left_iris-387,left_iris-386,left_iris-385,left_iris-384,left_iris-398
26.68332812825267,23.769728648009423,18.973665961010276,12.206555615733702,7.280109889280518,8.48528137423857,12.083045973594572,15.297058540778355,19.026297590440446,16.1245154965971,14.317821063276352,10.295630140987,6.0,10.295630140987,17.029386365926403,23.194827009486403
