left_iris-362,left_iris-382,left_iris-381,left_iris-380,left_iris-374,left_iris-373,left_iris-390,left_iris-249,left_iris-263,left_iris-466,left_iris-388,left_iris-387,left_iris-386,left_iris-385,left_iris-384,left_iris-398
43.41658669218482,38.63935817272331,30.083217912982647,19.4164878389476,12.041594578792296,17.804493814764857,24.698178070456937,28.861739379323623,34.132096331752024,31.0,26.1725046566048,18.973665961010276,8.94427190999916,13.892443989449804,27.29468812791236,37.013511046643494
