left_iris-362,left_iris-382,left_iris-381,left_iris-380,left_iris-374,left_iris-373,left_iris-390,left_iris-249,left_iris-263,left_iris-466,left_iris-388,left_iris-387,left_iris-386,left_iris-385,left_iris-384,left_iris-398
37.656340767525464,33.95585369269929,26.92582403567252,17.69180601295413,14.0,18.384776310850235,23.259406699226016,26.68332812825267,31.064449134018133,28.0178514522438,24.186773244895647,18.384776310850235,10.295630140987,12.041594578792296,22.561028345356956,32.0624390837628
