left_iris-362,left_iris-382,left_iris-381,left_iris-380,left_iris-374,left_iris-373,left_iris-390,left_iris-249,left_iris-263,left_iris-466,left_iris-388,left_iris-387,left_iris-386,left_iris-385,left_iris-384,left_iris-398
28.0178514522438,25.079872407968907,19.235384061671343,11.180339887498947,6.0,11.40175425099138,17.46424919657298,20.8806130178211,25.495097567963924,21.37755832643195,17.11724276862369,11.0,2.8284271247461903,8.54400374531753,17.26267650163207,24.020824298928627
