left_iris-362,left_iris-382,left_iris-381,left_iris-380,left_iris-374,left_iris-373,left_iris-390,left_iris-249,left_iris-263,left_iris-466,left_iris-388,left_iris-387,left_iris-386,left_iris-385,left_iris-384,left_iris-398
27.16615541441225,24.331050121192877,18.68154169226941,12.041594578792296,9.055385138137416,12.806248474865695,17.08800749063506,20.615528128088304,23.08679276123039,21.02379604162864,18.027756377319943,13.341664064126334,5.0,8.06225774829855,17.26267650163207,24.0
