left_iris-362,left_iris-382,left_iris-381,left_iris-380,left_iris-374,left_iris-373,left_iris-390,left_iris-249,left_iris-263,left_iris-466,left_iris-388,left_iris-387,left_iris-386,left_iris-385,left_iris-384,left_iris-398
26.68332812825267,24.041630560342615,17.4928556845359,12.649110640673518,15.264337522473747,23.70653918225939,30.083217912982647,35.22782990761707,41.048751503547585,37.21558813185679,32.55764119219941,26.570660511172846,16.278820596099706,10.04987562112089,15.231546211727816,22.02271554554524
