left_iris-362,left_iris-382,left_iris-381,left_iris-380,left_iris-374,left_iris-373,left_iris-390,left_iris-249,left_iris-263,left_iris-466,left_iris-388,left_iris-387,left_iris-386,left_iris-385,left_iris-384,left_iris-398
28.0713376952364,24.186773244895647,18.439088914585778,10.816653826391969,6.082762530298219,12.083045973594572,18.24828759089466,23.08679276123039,28.0178514522438,24.08318915758459,20.223748416156685,13.601470508735444,5.830951894845301,8.602325267042627,17.26267650163207,25.0
