left_iris-362,left_iris-382,left_iris-381,left_iris-380,left_iris-374,left_iris-373,left_iris-390,left_iris-249,left_iris-263,left_iris-466,left_iris-388,left_iris-387,left_iris-386,left_iris-385,left_iris-384,left_iris-398
30.01666203960727,26.076809620810597,20.223748416156685,12.083045973594572,6.082762530298219,11.6619037896906,18.973665961010276,24.73863375370596,30.4138126514911,25.079872407968907,20.024984394500787,12.36931687685298,5.0990195135927845,10.295630140987,19.4164878389476,26.019223662515376
