left_iris-362,left_iris-382,left_iris-381,left_iris-380,left_iris-374,left_iris-373,left_iris-390,left_iris-249,left_iris-263,left_iris-466,left_iris-388,left_iris-387,left_iris-386,left_iris-385,left_iris-384,left_iris-398
39.05124837953327,34.23448553724738,26.92582403567252,17.204650534085253,12.041594578792296,16.278820596099706,21.95449840010015,25.632011235952593,29.614185789921695,26.076809620810597,21.02379604162864,14.866068747318506,8.246211251235321,14.212670403551895,24.73863375370596,34.058772731852805
