left_iris-362,left_iris-382,left_iris-381,left_iris-380,left_iris-374,left_iris-373,left_iris-390,left_iris-249,left_iris-263,left_iris-466,left_iris-388,left_iris-387,left_iris-386,left_iris-385,left_iris-384,left_iris-398
23.769728648009423,21.840329667841555,17.46424919657298,12.041594578792296,8.06225774829855,9.899494936611664,13.0,16.278820596099706,19.0,17.029386365926403,14.317821063276352,11.180339887498947,6.324555320336759,8.602325267042627,15.033296378372908,21.213203435596427
