left_iris-362,left_iris-382,left_iris-381,left_iris-380,left_iris-374,left_iris-373,left_iris-390,left_iris-249,left_iris-263,left_iris-466,left_iris-388,left_iris-387,left_iris-386,left_iris-385,left_iris-384,left_iris-398
33.734255586866,30.083217912982647,23.769728648009423,15.556349186104043,12.041594578792296,16.278820596099706,20.615528128088304,23.53720459187964,27.0,24.020824298928627,21.213203435596427,14.866068747318506,6.708203932499369,9.433981132056603,20.09975124224178,29.154759474226505
