left_iris-362,left_iris-382,left_iris-381,left_iris-380,left_iris-374,left_iris-373,left_iris-390,left_iris-249,left_iris-263,left_iris-466,left_iris-388,left_iris-387,left_iris-386,left_iris-385,left_iris-384,left_iris-398
36.0,32.0624390837628,24.331050121192877,13.892443989449804,9.0,15.0,20.615528128088304,24.73863375370596,28.284271247461906,25.079872407968907,21.0,14.317821063276352,5.385164807134504,11.180339887498947,23.345235059857504,32.0624390837628
