left_iris-362,left_iris-382,left_iris-381,left_iris-380,left_iris-374,left_iris-373,left_iris-390,left_iris-249,left_iris-263,left_iris-466,left_iris-388,left_iris-387,left_iris-386,left_iris-385,left_iris-384,left_iris-398
36.49657518178932,32.984845004941285,25.632011235952593,16.278820596099706,13.0,17.69180601295413,23.259406699226016,26.92582403567252,31.144823004794873,28.0,24.186773244895647,17.88854381999832,10.770329614269007,12.727922061357855,22.561028345356956,32.0624390837628
