left_iris-362,left_iris-382,left_iris-381,left_iris-380,left_iris-374,left_iris-373,left_iris-390,left_iris-249,left_iris-263,left_iris-466,left_iris-388,left_iris-387,left_iris-386,left_iris-385,left_iris-384,left_iris-398
33.37663853655727,29.614185789921695,24.35159132377184,15.620499351813308,11.0,16.401219466856727,22.47220505424423,27.65863337187866,32.0624390837628,29.0,25.179356624028344,18.973665961010276,10.0,10.0,19.6468827043885,28.0178514522438
