left_iris-362,left_iris-382,left_iris-381,left_iris-380,left_iris-374,left_iris-373,left_iris-390,left_iris-249,left_iris-263,left_iris-466,left_iris-388,left_iris-387,left_iris-386,left_iris-385,left_iris-384,left_iris-398
30.0,27.018512172212592,21.02379604162864,13.152946437965904,4.242640687119285,8.06225774829855,15.811388300841896,21.587033144922906,26.30589287593181,22.20360331117452,17.029386365926403,10.04987562112089,2.23606797749979,10.44030650891055,20.223748416156685,26.019223662515376
