left_iris-362,left_iris-382,left_iris-381,left_iris-380,left_iris-374,left_iris-373,left_iris-390,left_iris-249,left_iris-263,left_iris-466,left_iris-388,left_iris-387,left_iris-386,left_iris-385,left_iris-384,left_iris-398
27.018512172212592,24.08318915758459,19.235384061671343,11.180339887498947,5.385164807134504,9.433981132056603,14.560219778561036,19.235384061671343,24.020824298928627,20.0,16.0,9.219544457292889,2.0,9.486832980505138,18.110770276274835,24.0
