left_iris-362,left_iris-382,left_iris-381,left_iris-380,left_iris-374,left_iris-373,left_iris-390,left_iris-249,left_iris-263,left_iris-466,left_iris-388,left_iris-387,left_iris-386,left_iris-385,left_iris-384,left_iris-398
22.561028345356956,19.924858845171276,14.7648230602334,9.848857801796104,10.295630140987,16.1245154965971,20.615528128088304,24.186773244895647,27.0,24.08318915758459,21.213203435596427,15.811388300841896,8.48528137423857,6.4031242374328485,13.152946437965904,20.09975124224178
