left_iris-362,left_iris-382,left_iris-381,left_iris-380,left_iris-374,left_iris-373,left_iris-390,left_iris-249,left_iris-263,left_iris-466,left_iris-388,left_iris-387,left_iris-386,left_iris-385,left_iris-384,left_iris-398
30.066592756745816,26.1725046566048,20.396078054371134,12.206555615733702,8.0,11.40175425099138,16.15549442140351,20.396078054371134,24.08318915758459,21.0,17.029386365926403,11.40175425099138,5.385164807134504,9.433981132056603,19.4164878389476,26.019223662515376
