left_iris-362,left_iris-382,left_iris-381,left_iris-380,left_iris-374,left_iris-373,left_iris-390,left_iris-249,left_iris-263,left_iris-466,left_iris-388,left_iris-387,left_iris-386,left_iris-385,left_iris-384,left_iris-398
26.1725046566048,24.186773244895647,19.4164878389476,12.529964086141668,7.615773105863909,8.602325267042627,11.6619037896906,14.866068747318506,18.110770276274835,16.0312195418814,14.0356688476182,9.848857801796104,6.082762530298219,10.0,16.492422502470642,23.0
