left_iris-362,left_iris-382,left_iris-381,left_iris-380,left_iris-374,left_iris-373,left_iris-390,left_iris-249,left_iris-263,left_iris-466,left_iris-388,left_iris-387,left_iris-386,left_iris-385,left_iris-384,left_iris-398
27.073972741361768,24.0,18.110770276274835,11.180339887498947,7.0710678118654755,11.31370849898476,15.264337522473747,18.384776310850235,21.587033144922906,18.24828759089466,15.033296378372908,10.198039027185567,4.123105625617661,8.602325267042627,17.72004514666935,24.331050121192877
