left_iris-362,left_iris-382,left_iris-381,left_iris-380,left_iris-374,left_iris-373,left_iris-390,left_iris-249,left_iris-263,left_iris-466,left_iris-388,left_iris-387,left_iris-386,left_iris-385,left_iris-384,left_iris-398
35.35533905932738,31.400636936215164,24.73863375370596,15.231546211727816,6.708203932499369,10.816653826391969,17.72004514666935,23.53720459187964,28.16025568065745,24.020824298928627,18.027756377319943,10.770329614269007,5.0990195135927845,12.649110640673518,23.021728866442675,31.064449134018133
