left_iris-362,left_iris-382,left_iris-381,left_iris-380,left_iris-374,left_iris-373,left_iris-390,left_iris-249,left_iris-263,left_iris-466,left_iris-388,left_iris-387,left_iris-386,left_iris-385,left_iris-384,left_iris-398
26.570660511172846,23.259406699226016,18.601075237738275,12.529964086141668,11.704699910719626,15.264337522473747,19.924858845171276,22.20360331117452,26.019223662515376,22.09072203437452,19.4164878389476,13.0,6.708203932499369,8.06225774829855,16.0,22.80350850198276
