left_iris-362,left_iris-382,left_iris-381,left_iris-380,left_iris-374,left_iris-373,left_iris-390,left_iris-249,left_iris-263,left_iris-466,left_iris-388,left_iris-387,left_iris-386,left_iris-385,left_iris-384,left_iris-398
27.459060435491963,25.0,17.88854381999832,12.083045973594572,13.892443989449804,22.825424421026653,30.364452901377952,36.49657518178932,42.04759208325728,38.01315561749642,33.06055050963308,25.495097567963924,13.892443989449804,7.0710678118654755,14.560219778561036,23.08679276123039
