left_iris-362,left_iris-382,left_iris-381,left_iris-380,left_iris-374,left_iris-373,left_iris-390,left_iris-249,left_iris-263,left_iris-466,left_iris-388,left_iris-387,left_iris-386,left_iris-385,left_iris-384,left_iris-398
29.42787793912432,26.1725046566048,21.02379604162864,13.341664064126334,7.211102550927978,8.602325267042627,13.601470508735444,17.46424919657298,20.8806130178211,18.24828759089466,15.033296378372908,9.486832980505138,6.082762530298219,10.63014581273465,19.697715603592208,25.96150997149434
