left_iris-362,left_iris-382,left_iris-381,left_iris-380,left_iris-374,left_iris-373,left_iris-390,left_iris-249,left_iris-263,left_iris-466,left_iris-388,left_iris-387,left_iris-386,left_iris-385,left_iris-384,left_iris-398
33.24154027718932,30.4138126514911,23.769728648009423,14.422205101855956,8.246211251235321,11.40175425099138,16.76305461424021,21.213203435596427,25.0,22.02271554554524,18.24828759089466,12.649110640673518,5.385164807134504,10.295630140987,21.213203435596427,29.017236257093817
