left_iris-362,left_iris-382,left_iris-381,left_iris-380,left_iris-374,left_iris-373,left_iris-390,left_iris-249,left_iris-263,left_iris-466,left_iris-388,left_iris-387,left_iris-386,left_iris-385,left_iris-384,left_iris-398
28.0713376952364,24.331050121192877,18.68154169226941,11.40175425099138,8.06225774829855,12.806248474865695,17.46424919657298,21.840329667841555,24.331050121192877,22.09072203437452,18.027756377319943,12.649110640673518,6.708203932499369,9.899494936611664,17.72004514666935,25.019992006393608
