left_iris-362,left_iris-382,left_iris-381,left_iris-380,left_iris-374,left_iris-373,left_iris-390,left_iris-249,left_iris-263,left_iris-466,left_iris-388,left_iris-387,left_iris-386,left_iris-385,left_iris-384,left_iris-398
26.30589287593181,22.80350850198276,17.0,12.083045973594572,13.92838827718412,20.615528128088304,25.495097567963924,29.410882339705484,32.38826948140329,30.14962686336267,26.0,20.396078054371134,11.40175425099138,7.280109889280518,13.92838827718412,22.0
