left_iris-362,left_iris-382,left_iris-381,left_iris-380,left_iris-374,left_iris-373,left_iris-390,left_iris-249,left_iris-263,left_iris-466,left_iris-388,left_iris-387,left_iris-386,left_iris-385,left_iris-384,left_iris-398
38.3275357934736,34.785054261852174,27.31300056749533,18.384776310850235,14.0,17.69180601295413,22.84731931759173,27.459060435491963,32.0,29.154759474226505,24.73863375370596,18.35755975068582,11.40175425099138,14.212670403551895,24.186773244895647,33.37663853655727
