left_iris-362,left_iris-382,left_iris-381,left_iris-380,left_iris-374,left_iris-373,left_iris-390,left_iris-249,left_iris-263,left_iris-466,left_iris-388,left_iris-387,left_iris-386,left_iris-385,left_iris-384,left_iris-398
43.0,38.05259518088089,30.265491900843113,19.697715603592208,11.6619037896906,11.6619037896906,16.64331697709324,21.18962010041709,25.495097567963924,21.095023109728988,16.0312195418814,8.94427190999916,7.211102550927978,17.08800749063506,29.274562336608895,38.05259518088089
