left_iris-362,left_iris-382,left_iris-381,left_iris-380,left_iris-374,left_iris-373,left_iris-390,left_iris-249,left_iris-263,left_iris-466,left_iris-388,left_iris-387,left_iris-386,left_iris-385,left_iris-384,left_iris-398
30.265491900843113,27.459060435491963,21.840329667841555,14.212670403551895,11.04536101718726,12.806248474865695,17.0,19.924858845171276,23.08679276123039,21.0,18.110770276274835,13.0,7.280109889280518,10.0,19.4164878389476,26.019223662515376
