left_iris-362,left_iris-382,left_iris-381,left_iris-380,left_iris-374,left_iris-373,left_iris-390,left_iris-249,left_iris-263,left_iris-466,left_iris-388,left_iris-387,left_iris-386,left_iris-385,left_iris-384,left_iris-398
26.0,23.021728866442675,18.110770276274835,11.40175425099138,5.0,7.0710678118654755,11.180339887498947,14.560219778561036,17.26267650163207,15.132745950421556,11.0,6.324555320336759,4.47213595499958,10.770329614269007,18.24828759089466,23.021728866442675
