left_iris-362,left_iris-382,left_iris-381,left_iris-380,left_iris-374,left_iris-373,left_iris-390,left_iris-249,left_iris-263,left_iris-466,left_iris-388,left_iris-387,left_iris-386,left_iris-385,left_iris-384,left_iris-398
24.515301344262525,22.80350850198276,17.08800749063506,10.63014581273465,8.0,10.63014581273465,13.92838827718412,17.26267650163207,20.024984394500787,18.027756377319943,15.132745950421556,10.770329614269007,6.324555320336759,7.810249675906654,15.132745950421556,21.095023109728988
