left_iris-362,left_iris-382,left_iris-381,left_iris-380,left_iris-374,left_iris-373,left_iris-390,left_iris-249,left_iris-263,left_iris-466,left_iris-388,left_iris-387,left_iris-386,left_iris-385,left_iris-384,left_iris-398
41.10960958218893,37.21558813185679,29.42787793912432,17.88854381999832,9.486832980505138,12.806248474865695,18.973665961010276,24.515301344262525,29.068883707497267,26.0,21.095023109728988,13.601470508735444,5.0,14.866068747318506,27.29468812791236,36.0
