left_iris-362,left_iris-382,left_iris-381,left_iris-380,left_iris-374,left_iris-373,left_iris-390,left_iris-249,left_iris-263,left_iris-466,left_iris-388,left_iris-387,left_iris-386,left_iris-385,left_iris-384,left_iris-398
28.16025568065745,25.019992006393608,19.026297590440446,11.180339887498947,7.0710678118654755,10.63014581273465,14.7648230602334,18.384776310850235,21.587033144922906,18.24828759089466,15.033296378372908,10.198039027185567,5.0990195135927845,10.0,18.027756377319943,24.515301344262525
