left_iris-362,left_iris-382,left_iris-381,left_iris-380,left_iris-374,left_iris-373,left_iris-390,left_iris-249,left_iris-263,left_iris-466,left_iris-388,left_iris-387,left_iris-386,left_iris-385,left_iris-384,left_iris-398
25.079872407968907,22.360679774997894,16.76305461424021,9.219544457292889,9.486832980505138,15.264337522473747,20.248456731316587,23.769728648009423,28.442925306655784,25.079872407968907,21.0,15.297058540778355,7.0710678118654755,7.211102550927978,15.811388300841896,22.02271554554524
