left_iris-362,left_iris-382,left_iris-381,left_iris-380,left_iris-374,left_iris-373,left_iris-390,left_iris-249,left_iris-263,left_iris-466,left_iris-388,left_iris-387,left_iris-386,left_iris-385,left_iris-384,left_iris-398
29.832867780352597,26.92582403567252,20.615528128088304,12.806248474865695,11.40175425099138,16.64331697709324,21.840329667841555,27.16615541441225,32.01562118716424,28.16025568065745,24.515301344262525,19.313207915827967,10.816653826391969,9.433981132056603,17.46424919657298,25.179356624028344
