left_iris-362,left_iris-382,left_iris-381,left_iris-380,left_iris-374,left_iris-373,left_iris-390,left_iris-249,left_iris-263,left_iris-466,left_iris-388,left_iris-387,left_iris-386,left_iris-385,left_iris-384,left_iris-398
23.769728648009423,22.135943621178654,17.46424919657298,11.31370849898476,8.06225774829855,11.40175425099138,15.811388300841896,20.223748416156685,24.0,21.02379604162864,18.24828759089466,13.92838827718412,7.211102550927978,7.810249675906654,14.142135623730953,20.223748416156685
