left_iris-362,left_iris-382,left_iris-381,left_iris-380,left_iris-374,left_iris-373,left_iris-390,left_iris-249,left_iris-263,left_iris-466,left_iris-388,left_iris-387,left_iris-386,left_iris-385,left_iris-384,left_iris-398
36.22154055254967,32.55764119219941,25.0,15.811388300841896,10.04987562112089,14.866068747318506,22.360679774997894,27.51363298439521,32.7566787083184,28.16025568065745,23.021728866442675,16.15549442140351,10.198039027185567,13.45362404707371,22.561028345356956,31.0
