left_iris-362,left_iris-382,left_iris-381,left_iris-380,left_iris-374,left_iris-373,left_iris-390,left_iris-249,left_iris-263,left_iris-466,left_iris-388,left_iris-387,left_iris-386,left_iris-385,left_iris-384,left_iris-398
25.317977802344327,22.561028345356956,17.08800749063506,11.31370849898476,8.06225774829855,12.041594578792296,16.15549442140351,19.6468827043885,23.08679276123039,20.024984394500787,16.0312195418814,11.40175425099138,5.385164807134504,8.06225774829855,15.132745950421556,22.02271554554524
