left_iris-362,left_iris-382,left_iris-381,left_iris-380,left_iris-374,left_iris-373,left_iris-390,left_iris-249,left_iris-263,left_iris-466,left_iris-388,left_iris-387,left_iris-386,left_iris-385,left_iris-384,left_iris-398
36.345563690772494,32.7566787083184,24.698178070456937,16.97056274847714,14.0356688476182,19.1049731745428,23.70653918225939,27.202941017470888,30.14962686336267,27.0,24.331050121192877,18.788294228055936,11.704699910719626,12.806248474865695,21.587033144922906,31.016124838541646
