left_iris-362,left_iris-382,left_iris-381,left_iris-380,left_iris-374,left_iris-373,left_iris-390,left_iris-249,left_iris-263,left_iris-466,left_iris-388,left_iris-387,left_iris-386,left_iris-385,left_iris-384,left_iris-398
34.20526275297414,30.675723300355937,23.259406699226016,15.0,12.36931687685298,18.601075237738275,24.35159132377184,28.284271247461906,32.0,30.14962686336267,26.476404589747453,21.93171219946131,13.038404810405298,11.6619037896906,19.4164878389476,28.284271247461906
