left_iris-362,left_iris-382,left_iris-381,left_iris-380,left_iris-374,left_iris-373,left_iris-390,left_iris-249,left_iris-263,left_iris-466,left_iris-388,left_iris-387,left_iris-386,left_iris-385,left_iris-384,left_iris-398
28.0,25.019992006393608,19.4164878389476,12.206555615733702,9.0,13.45362404707371,17.4928556845359,20.615528128088304,23.53720459187964,21.213203435596427,19.0,13.601470508735444,8.06225774829855,9.219544457292889,18.027756377319943,24.186773244895647
