left_iris-362,left_iris-382,left_iris-381,left_iris-380,left_iris-374,left_iris-373,left_iris-390,left_iris-249,left_iris-263,left_iris-466,left_iris-388,left_iris-387,left_iris-386,left_iris-385,left_iris-384,left_iris-398
37.0,33.06055050963308,25.317977802344327,15.264337522473747,11.04536101718726,15.556349186104043,20.591260281974,24.041630560342615,27.29468812791236,25.079872407968907,21.02379604162864,14.560219778561036,6.324555320336759,12.206555615733702,23.769728648009423,32.0624390837628
