left_iris-362,left_iris-382,left_iris-381,left_iris-380,left_iris-374,left_iris-373,left_iris-390,left_iris-249,left_iris-263,left_iris-466,left_iris-388,left_iris-387,left_iris-386,left_iris-385,left_iris-384,left_iris-398
28.0713376952364,25.179356624028344,19.4164878389476,12.206555615733702,8.06225774829855,12.041594578792296,17.4928556845359,20.615528128088304,24.515301344262525,22.20360331117452,19.0,13.601470508735444,8.06225774829855,9.219544457292889,17.72004514666935,25.019992006393608
