left_iris-362,left_iris-382,left_iris-381,left_iris-380,left_iris-374,left_iris-373,left_iris-390,left_iris-249,left_iris-263,left_iris-466,left_iris-388,left_iris-387,left_iris-386,left_iris-385,left_iris-384,left_iris-398
35.35533905932738,31.78049716414141,24.35159132377184,16.278820596099706,14.0,17.69180601295413,22.825424421026653,26.248809496813376,29.154759474226505,27.0,23.345235059857504,18.788294228055936,12.083045973594572,12.806248474865695,21.840329667841555,31.0
