left_iris-362,left_iris-382,left_iris-381,left_iris-380,left_iris-374,left_iris-373,left_iris-390,left_iris-249,left_iris-263,left_iris-466,left_iris-388,left_iris-387,left_iris-386,left_iris-385,left_iris-384,left_iris-398
38.3275357934736,33.52610922848042,25.079872407968907,14.866068747318506,10.770329614269007,18.788294228055936,26.476404589747453,32.14031735997639,37.013511046643494,33.13608305156178,28.284271247461906,19.924858845171276,9.219544457292889,9.433981132056603,22.02271554554524,32.38826948140329
