left_iris-362,left_iris-382,left_iris-381,left_iris-380,left_iris-374,left_iris-373,left_iris-390,left_iris-249,left_iris-263,left_iris-466,left_iris-388,left_iris-387,left_iris-386,left_iris-385,left_iris-384,left_iris-398
37.33630940518894,33.54101966249684,25.96150997149434,15.620499351813308,11.04536101718726,18.027756377319943,25.298221281347036,30.4138126514911,35.014282800023196,32.01562118716424,27.16615541441225,19.924858845171276,9.433981132056603,11.40175425099138,23.345235059857504,32.01562118716424
