left_iris-362,left_iris-382,left_iris-381,left_iris-380,left_iris-374,left_iris-373,left_iris-390,left_iris-249,left_iris-263,left_iris-466,left_iris-388,left_iris-387,left_iris-386,left_iris-385,left_iris-384,left_iris-398
29.154759474226505,26.30589287593181,20.615528128088304,12.529964086141668,7.0710678118654755,10.63014581273465,16.15549442140351,20.396078054371134,24.08318915758459,22.0,18.24828759089466,13.0,7.280109889280518,10.0,18.439088914585778,25.0
