left_iris-362,left_iris-382,left_iris-381,left_iris-380,left_iris-374,left_iris-373,left_iris-390,left_iris-249,left_iris-263,left_iris-466,left_iris-388,left_iris-387,left_iris-386,left_iris-385,left_iris-384,left_iris-398
26.476404589747453,22.80350850198276,16.55294535724685,10.0,9.433981132056603,15.231546211727816,21.37755832643195,25.079872407968907,29.017236257093817,26.076809620810597,22.20360331117452,16.76305461424021,8.48528137423857,6.4031242374328485,15.132745950421556,22.09072203437452
