left_iris-362,left_iris-382,left_iris-381,left_iris-380,left_iris-374,left_iris-373,left_iris-390,left_iris-249,left_iris-263,left_iris-466,left_iris-388,left_iris-387,left_iris-386,left_iris-385,left_iris-384,left_iris-398
28.635642126552707,25.059928172283335,20.0,13.92838827718412,13.92838827718412,19.72308292331602,25.70992026436488,31.064449134018133,36.12478373637688,32.38826948140329,28.861739379323623,21.93171219946131,12.806248474865695,8.94427190999916,15.132745950421556,24.041630560342615
