left_iris-362,left_iris-382,left_iris-381,left_iris-380,left_iris-374,left_iris-373,left_iris-390,left_iris-249,left_iris-263,left_iris-466,left_iris-388,left_iris-387,left_iris-386,left_iris-385,left_iris-384,left_iris-398
36.49657518178932,31.78049716414141,24.35159132377184,15.620499351813308,12.041594578792296,14.866068747318506,19.235384061671343,23.40939982143925,27.459060435491963,23.08679276123039,19.026297590440446,12.649110640673518,6.0,12.083045973594572,23.08679276123039,32.0624390837628
