left_iris-362,left_iris-382,left_iris-381,left_iris-380,left_iris-374,left_iris-373,left_iris-390,left_iris-249,left_iris-263,left_iris-466,left_iris-388,left_iris-387,left_iris-386,left_iris-385,left_iris-384,left_iris-398
38.3275357934736,33.734255586866,26.248809496813376,16.97056274847714,13.0,18.384776310850235,23.259406699226016,26.92582403567252,31.144823004794873,28.0,24.186773244895647,17.46424919657298,10.770329614269007,12.727922061357855,23.53720459187964,33.015148038438355
