left_iris-362,left_iris-382,left_iris-381,left_iris-380,left_iris-374,left_iris-373,left_iris-390,left_iris-249,left_iris-263,left_iris-466,left_iris-388,left_iris-387,left_iris-386,left_iris-385,left_iris-384,left_iris-398
26.92582403567252,24.041630560342615,18.788294228055936,12.727922061357855,9.055385138137416,12.806248474865695,18.027756377319943,22.20360331117452,27.0,23.08679276123039,19.6468827043885,15.264337522473747,10.44030650891055,11.40175425099138,16.492422502470642,23.08679276123039
