left_iris-362,left_iris-382,left_iris-381,left_iris-380,left_iris-374,left_iris-373,left_iris-390,left_iris-249,left_iris-263,left_iris-466,left_iris-388,left_iris-387,left_iris-386,left_iris-385,left_iris-384,left_iris-398
35.6931365951495,32.984845004941285,26.0,17.69180601295413,14.0356688476182,17.69180601295413,22.47220505424423,26.30589287593181,31.016124838541646,28.16025568065745,24.331050121192877,18.973665961010276,10.0,10.63014581273465,21.213203435596427,31.144823004794873
