left_iris-362,left_iris-382,left_iris-381,left_iris-380,left_iris-374,left_iris-373,left_iris-390,left_iris-249,left_iris-263,left_iris-466,left_iris-388,left_iris-387,left_iris-386,left_iris-385,left_iris-384,left_iris-398
27.65863337187866,24.041630560342615,18.788294228055936,11.40175425099138,10.198039027185567,15.0,18.384776310850235,21.587033144922906,25.079872407968907,22.0,19.026297590440446,13.341664064126334,5.830951894845301,7.211102550927978,16.0312195418814,23.194827009486403
