left_iris-362,left_iris-382,left_iris-381,left_iris-380,left_iris-374,left_iris-373,left_iris-390,left_iris-249,left_iris-263,left_iris-466,left_iris-388,left_iris-387,left_iris-386,left_iris-385,left_iris-384,left_iris-398
27.459060435491963,23.769728648009423,17.46424919657298,9.433981132056603,10.0,17.08800749063506,23.345235059857504,27.073972741361768,31.016124838541646,28.16025568065745,24.515301344262525,19.313207915827967,11.40175425099138,9.848857801796104,15.811388300841896,23.021728866442675
