left_iris-362,left_iris-382,left_iris-381,left_iris-380,left_iris-374,left_iris-373,left_iris-390,left_iris-249,left_iris-263,left_iris-466,left_iris-388,left_iris-387,left_iris-386,left_iris-385,left_iris-384,left_iris-398
37.05401462729781,33.13608305156178,26.476404589747453,16.64331697709324,12.16552506059644,17.029386365926403,21.95449840010015,26.570660511172846,31.400636936215164,29.274562336608895,25.079872407968907,18.027756377319943,7.810249675906654,9.219544457292889,21.587033144922906,32.01562118716424
