left_iris-362,left_iris-382,left_iris-381,left_iris-380,left_iris-374,left_iris-373,left_iris-390,left_iris-249,left_iris-263,left_iris-466,left_iris-388,left_iris-387,left_iris-386,left_iris-385,left_iris-384,left_iris-398
27.892651361962702,25.96150997149434,21.18962010041709,13.601470508735444,8.06225774829855,13.038404810405298,19.6468827043885,26.076809620810597,32.01562118716424,27.018512172212592,22.09072203437452,15.132745950421556,4.47213595499958,6.082762530298219,17.029386365926403,24.515301344262525
