left_iris-362,left_iris-382,left_iris-381,left_iris-380,left_iris-374,left_iris-373,left_iris-390,left_iris-249,left_iris-263,left_iris-466,left_iris-388,left_iris-387,left_iris-386,left_iris-385,left_iris-384,left_iris-398
27.29468812791236,23.53720459187964,17.08800749063506,9.219544457292889,8.94427190999916,16.55294535724685,22.561028345356956,27.16615541441225,31.0,28.0178514522438,23.194827009486403,17.46424919657298,7.810249675906654,6.4031242374328485,15.297058540778355,23.021728866442675
