left_iris-362,left_iris-382,left_iris-381,left_iris-380,left_iris-374,left_iris-373,left_iris-390,left_iris-249,left_iris-263,left_iris-466,left_iris-388,left_iris-387,left_iris-386,left_iris-385,left_iris-384,left_iris-398
33.24154027718932,29.614185789921695,23.08679276123039,15.556349186104043,13.038404810405298,16.97056274847714,21.02379604162864,23.769728648009423,27.018512172212592,25.019992006393608,23.345235059857504,18.788294228055936,12.529964086141668,13.038404810405298,21.18962010041709,28.0
