left_iris-362,left_iris-382,left_iris-381,left_iris-380,left_iris-374,left_iris-373,left_iris-390,left_iris-249,left_iris-263,left_iris-466,left_iris-388,left_iris-387,left_iris-386,left_iris-385,left_iris-384,left_iris-398
32.7566787083184,29.120439557122072,22.84731931759173,14.866068747318506,12.041594578792296,16.278820596099706,20.615528128088304,24.515301344262525,28.0178514522438,25.079872407968907,21.37755832643195,16.1245154965971,10.44030650891055,12.041594578792296,20.396078054371134,28.0713376952364
