left_iris-362,left_iris-382,left_iris-381,left_iris-380,left_iris-374,left_iris-373,left_iris-390,left_iris-249,left_iris-263,left_iris-466,left_iris-388,left_iris-387,left_iris-386,left_iris-385,left_iris-384,left_iris-398
32.7566787083184,29.120439557122072,22.84731931759173,15.556349186104043,11.0,14.212670403551895,20.248456731316587,25.495097567963924,30.066592756745816,26.0,22.20360331117452,16.55294535724685,9.486832980505138,12.041594578792296,20.396078054371134,28.16025568065745
