left_iris-362,left_iris-382,left_iris-381,left_iris-380,left_iris-374,left_iris-373,left_iris-390,left_iris-249,left_iris-263,left_iris-466,left_iris-388,left_iris-387,left_iris-386,left_iris-385,left_iris-384,left_iris-398
29.017236257093817,26.1725046566048,20.615528128088304,12.206555615733702,9.055385138137416,12.041594578792296,15.652475842498529,18.973665961010276,22.360679774997894,19.1049731745428,16.0,10.44030650891055,5.0990195135927845,10.295630140987,19.4164878389476,26.019223662515376
