left_iris-362,left_iris-382,left_iris-381,left_iris-380,left_iris-374,left_iris-373,left_iris-390,left_iris-249,left_iris-263,left_iris-466,left_iris-388,left_iris-387,left_iris-386,left_iris-385,left_iris-384,left_iris-398
26.30589287593181,23.53720459187964,18.973665961010276,12.041594578792296,8.0,11.31370849898476,14.317821063276352,17.46424919657298,20.024984394500787,18.027756377319943,15.132745950421556,11.180339887498947,6.082762530298219,10.0,17.26267650163207,23.021728866442675
