left_iris-362,left_iris-382,left_iris-381,left_iris-380,left_iris-374,left_iris-373,left_iris-390,left_iris-249,left_iris-263,left_iris-466,left_iris-388,left_iris-387,left_iris-386,left_iris-385,left_iris-384,left_iris-398
25.70992026436488,24.041630560342615,18.384776310850235,12.206555615733702,7.280109889280518,8.48528137423857,11.704699910719626,15.297058540778355,18.0,16.0312195418814,13.341664064126334,8.94427190999916,4.123105625617661,9.486832980505138,17.0,23.345235059857504
