left_iris-362,left_iris-382,left_iris-381,left_iris-380,left_iris-374,left_iris-373,left_iris-390,left_iris-249,left_iris-263,left_iris-466,left_iris-388,left_iris-387,left_iris-386,left_iris-385,left_iris-384,left_iris-398
40.52159917870962,37.0,28.635642126552707,19.1049731745428,14.0356688476182,19.209372712298546,24.35159132377184,29.274562336608895,34.058772731852805,30.14962686336267,26.476404589747453,18.384776310850235,8.06225774829855,12.083045973594572,25.0,35.510561809129406
