left_iris-362,left_iris-382,left_iris-381,left_iris-380,left_iris-374,left_iris-373,left_iris-390,left_iris-249,left_iris-263,left_iris-466,left_iris-388,left_iris-387,left_iris-386,left_iris-385,left_iris-384,left_iris-398
27.202941017470888,24.698178070456937,18.867962264113206,12.083045973594572,11.180339887498947,18.35755975068582,23.769728648009423,28.16025568065745,33.0,29.154759474226505,25.495097567963924,19.697715603592208,12.206555615733702,9.848857801796104,15.524174696260024,23.345235059857504
