left_iris-362,left_iris-382,left_iris-381,left_iris-380,left_iris-374,left_iris-373,left_iris-390,left_iris-249,left_iris-263,left_iris-466,left_iris-388,left_iris-387,left_iris-386,left_iris-385,left_iris-384,left_iris-398
29.274562336608895,25.495097567963924,19.6468827043885,12.206555615733702,7.0710678118654755,10.0,13.92838827718412,17.26267650163207,20.024984394500787,18.0,14.142135623730953,8.54400374531753,4.123105625617661,10.44030650891055,19.026297590440446,26.076809620810597
