left_iris-362,left_iris-382,left_iris-381,left_iris-380,left_iris-374,left_iris-373,left_iris-390,left_iris-249,left_iris-263,left_iris-466,left_iris-388,left_iris-387,left_iris-386,left_iris-385,left_iris-384,left_iris-398
29.068883707497267,25.179356624028344,19.4164878389476,13.0,6.708203932499369,9.219544457292889,15.231546211727816,19.924858845171276,25.495097567963924,20.09975124224178,15.0,8.54400374531753,5.385164807134504,11.180339887498947,19.235384061671343,25.0
