left_iris-362,left_iris-382,left_iris-381,left_iris-380,left_iris-374,left_iris-373,left_iris-390,left_iris-249,left_iris-263,left_iris-466,left_iris-388,left_iris-387,left_iris-386,left_iris-385,left_iris-384,left_iris-398
24.186773244895647,21.37755832643195,16.76305461424021,10.63014581273465,8.0,9.899494936611664,13.41640786499874,16.76305461424021,19.235384061671343,17.029386365926403,14.0356688476182,9.486832980505138,5.0990195135927845,8.602325267042627,15.297058540778355,21.0
