left_iris-362,left_iris-382,left_iris-381,left_iris-380,left_iris-374,left_iris-373,left_iris-390,left_iris-249,left_iris-263,left_iris-466,left_iris-388,left_iris-387,left_iris-386,left_iris-385,left_iris-384,left_iris-398
22.20360331117452,19.4164878389476,15.811388300841896,10.0,6.324555320336759,7.810249675906654,11.180339887498947,13.601470508735444,15.297058540778355,13.038404810405298,11.04536101718726,7.615773105863909,5.0,8.06225774829855,14.142135623730953,19.026297590440446
