left_iris-362,left_iris-382,left_iris-381,left_iris-380,left_iris-374,left_iris-373,left_iris-390,left_iris-249,left_iris-263,left_iris-466,left_iris-388,left_iris-387,left_iris-386,left_iris-385,left_iris-384,left_iris-398
31.25699921617557,28.442925306655784,22.80350850198276,13.892443989449804,8.246211251235321,9.899494936611664,15.231546211727816,19.6468827043885,24.08318915758459,21.0,17.11724276862369,11.704699910719626,6.082762530298219,11.180339887498947,20.223748416156685,28.0178514522438
