left_iris-362,left_iris-382,left_iris-381,left_iris-380,left_iris-374,left_iris-373,left_iris-390,left_iris-249,left_iris-263,left_iris-466,left_iris-388,left_iris-387,left_iris-386,left_iris-385,left_iris-384,left_iris-398
30.59411708155671,27.892651361962702,22.47220505424423,15.0,11.40175425099138,11.6619037896906,15.811388300841896,18.384776310850235,21.213203435596427,19.026297590440446,16.0312195418814,11.180339887498947,6.082762530298219,10.816653826391969,19.1049731745428,27.16615541441225
