left_iris-362,left_iris-382,left_iris-381,left_iris-380,left_iris-374,left_iris-373,left_iris-390,left_iris-249,left_iris-263,left_iris-466,left_iris-388,left_iris-387,left_iris-386,left_iris-385,left_iris-384,left_iris-398
30.265491900843113,27.459060435491963,21.840329667841555,13.601470508735444,10.198039027185567,12.806248474865695,16.1245154965971,18.68154169226941,22.09072203437452,20.0,17.11724276862369,12.083045973594572,7.280109889280518,10.0,19.235384061671343,26.019223662515376
