left_iris-362,left_iris-382,left_iris-381,left_iris-380,left_iris-374,left_iris-373,left_iris-390,left_iris-249,left_iris-263,left_iris-466,left_iris-388,left_iris-387,left_iris-386,left_iris-385,left_iris-384,left_iris-398
31.32091952673165,27.85677655436824,21.470910553583888,14.212670403551895,11.180339887498947,15.620499351813308,20.248456731316587,23.53720459187964,27.018512172212592,24.020824298928627,21.37755832643195,15.231546211727816,8.94427190999916,9.219544457292889,18.027756377319943,26.476404589747453
