left_iris-362,left_iris-382,left_iris-381,left_iris-380,left_iris-374,left_iris-373,left_iris-390,left_iris-249,left_iris-263,left_iris-466,left_iris-388,left_iris-387,left_iris-386,left_iris-385,left_iris-384,left_iris-398
24.08318915758459,21.095023109728988,16.278820596099706,9.848857801796104,4.47213595499958,6.4031242374328485,11.40175425099138,14.142135623730953,18.027756377319943,15.033296378372908,12.16552506059644,8.06225774829855,5.0990195135927845,8.94427190999916,16.1245154965971,21.0
