left_iris-362,left_iris-382,left_iris-381,left_iris-380,left_iris-374,left_iris-373,left_iris-390,left_iris-249,left_iris-263,left_iris-466,left_iris-388,left_iris-387,left_iris-386,left_iris-385,left_iris-384,left_iris-398
31.144823004794873,27.29468812791236,21.840329667841555,12.806248474865695,10.0,15.556349186104043,20.12461179749811,24.041630560342615,28.284271247461906,26.076809620810597,23.021728866442675,18.027756377319943,10.816653826391969,10.816653826391969,18.973665961010276,26.019223662515376
