left_iris-362,left_iris-382,left_iris-381,left_iris-380,left_iris-374,left_iris-373,left_iris-390,left_iris-249,left_iris-263,left_iris-466,left_iris-388,left_iris-387,left_iris-386,left_iris-385,left_iris-384,left_iris-398
28.442925306655784,25.70992026436488,20.248456731316587,13.45362404707371,10.0,14.142135623730953,18.788294228055936,21.587033144922906,26.076809620810597,23.0,20.223748416156685,15.231546211727816,9.433981132056603,10.0,17.46424919657298,24.020824298928627
