left_iris-362,left_iris-382,left_iris-381,left_iris-380,left_iris-374,left_iris-373,left_iris-390,left_iris-249,left_iris-263,left_iris-466,left_iris-388,left_iris-387,left_iris-386,left_iris-385,left_iris-384,left_iris-398
31.78049716414141,29.120439557122072,21.93171219946131,15.0,13.341664064126334,19.209372712298546,25.079872407968907,29.614185789921695,33.015148038438355,31.064449134018133,28.442925306655784,23.259406699226016,15.811388300841896,13.0,18.384776310850235,27.073972741361768
