left_iris-362,left_iris-382,left_iris-381,left_iris-380,left_iris-374,left_iris-373,left_iris-390,left_iris-249,left_iris-263,left_iris-466,left_iris-388,left_iris-387,left_iris-386,left_iris-385,left_iris-384,left_iris-398
42.2965719651132,38.47076812334269,29.832867780352597,18.35755975068582,11.180339887498947,15.620499351813308,22.135943621178654,26.476404589747453,31.016124838541646,28.0713376952364,24.331050121192877,17.88854381999832,9.219544457292889,15.264337522473747,27.459060435491963,37.013511046643494
