left_iris-362,left_iris-382,left_iris-381,left_iris-380,left_iris-374,left_iris-373,left_iris-390,left_iris-249,left_iris-263,left_iris-466,left_iris-388,left_iris-387,left_iris-386,left_iris-385,left_iris-384,left_iris-398
29.154759474226505,26.0,19.235384061671343,11.40175425099138,10.0,14.866068747318506,19.4164878389476,22.360679774997894,25.0,22.360679774997894,19.026297590440446,13.341664064126334,6.708203932499369,10.63014581273465,19.313207915827967,25.495097567963924
