left_iris-362,left_iris-382,left_iris-381,left_iris-380,left_iris-374,left_iris-373,left_iris-390,left_iris-249,left_iris-263,left_iris-466,left_iris-388,left_iris-387,left_iris-386,left_iris-385,left_iris-384,left_iris-398
27.018512172212592,23.021728866442675,17.26267650163207,10.0,8.246211251235321,13.601470508735444,18.788294228055936,22.135943621178654,25.70992026436488,22.360679774997894,19.1049731745428,13.038404810405298,5.656854249492381,7.810249675906654,16.76305461424021,23.194827009486403
