left_iris-362,left_iris-382,left_iris-381,left_iris-380,left_iris-374,left_iris-373,left_iris-390,left_iris-249,left_iris-263,left_iris-466,left_iris-388,left_iris-387,left_iris-386,left_iris-385,left_iris-384,left_iris-398
29.068883707497267,25.317977802344327,19.6468827043885,12.806248474865695,9.0,12.727922061357855,17.0,19.924858845171276,23.345235059857504,20.09975124224178,16.0312195418814,10.198039027185567,4.123105625617661,8.94427190999916,18.24828759089466,25.0
