left_iris-362,left_iris-382,left_iris-381,left_iris-380,left_iris-374,left_iris-373,left_iris-390,left_iris-249,left_iris-263,left_iris-466,left_iris-388,left_iris-387,left_iris-386,left_iris-385,left_iris-384,left_iris-398
28.16025568065745,26.248809496813376,20.615528128088304,14.212670403551895,9.219544457292889,9.899494936611664,13.0,16.1245154965971,20.09975124224178,17.26267650163207,14.560219778561036,10.816653826391969,6.0,10.295630140987,18.027756377319943,24.331050121192877
