left_iris-362,left_iris-382,left_iris-381,left_iris-380,left_iris-374,left_iris-373,left_iris-390,left_iris-249,left_iris-263,left_iris-466,left_iris-388,left_iris-387,left_iris-386,left_iris-385,left_iris-384,left_iris-398
25.495097567963924,23.53720459187964,18.973665961010276,12.206555615733702,8.246211251235321,9.219544457292889,13.601470508735444,17.11724276862369,21.02379604162864,18.110770276274835,15.297058540778355,11.180339887498947,6.324555320336759,8.602325267042627,16.1245154965971,22.09072203437452
