left_iris-362,left_iris-382,left_iris-381,left_iris-380,left_iris-374,left_iris-373,left_iris-390,left_iris-249,left_iris-263,left_iris-466,left_iris-388,left_iris-387,left_iris-386,left_iris-385,left_iris-384,left_iris-398
28.0178514522438,25.079872407968907,18.439088914585778,11.40175425099138,8.06225774829855,13.038404810405298,17.72004514666935,22.360679774997894,26.076809620810597,23.0,19.026297590440446,13.341664064126334,5.830951894845301,7.810249675906654,17.46424919657298,25.019992006393608
