left_iris-362,left_iris-382,left_iris-381,left_iris-380,left_iris-374,left_iris-373,left_iris-390,left_iris-249,left_iris-263,left_iris-466,left_iris-388,left_iris-387,left_iris-386,left_iris-385,left_iris-384,left_iris-398
27.29468812791236,24.515301344262525,18.027756377319943,10.63014581273465,9.219544457292889,13.601470508735444,18.027756377319943,21.587033144922906,25.079872407968907,22.0,19.1049731745428,13.92838827718412,6.708203932499369,8.48528137423857,16.278820596099706,24.020824298928627
