left_iris-362,left_iris-382,left_iris-381,left_iris-380,left_iris-374,left_iris-373,left_iris-390,left_iris-249,left_iris-263,left_iris-466,left_iris-388,left_iris-387,left_iris-386,left_iris-385,left_iris-384,left_iris-398
30.066592756745816,27.16615541441225,21.37755832643195,13.41640786499874,8.54400374531753,10.0,13.892443989449804,16.76305461424021,19.1049731745428,18.0,15.132745950421556,9.848857801796104,6.0,10.816653826391969,19.4164878389476,26.019223662515376
