left_iris-362,left_iris-382,left_iris-381,left_iris-380,left_iris-374,left_iris-373,left_iris-390,left_iris-249,left_iris-263,left_iris-466,left_iris-388,left_iris-387,left_iris-386,left_iris-385,left_iris-384,left_iris-398
27.29468812791236,23.769728648009423,17.46424919657298,12.206555615733702,11.40175425099138,15.620499351813308,19.697715603592208,24.041630560342615,26.30589287593181,24.08318915758459,20.024984394500787,14.560219778561036,8.06225774829855,8.48528137423857,16.492422502470642,23.0
