left_iris-362,left_iris-382,left_iris-381,left_iris-380,left_iris-374,left_iris-373,left_iris-390,left_iris-249,left_iris-263,left_iris-466,left_iris-388,left_iris-387,left_iris-386,left_iris-385,left_iris-384,left_iris-398
32.7566787083184,29.410882339705484,21.93171219946131,14.212670403551895,11.180339887498947,15.811388300841896,20.8806130178211,25.179356624028344,30.01666203960727,27.16615541441225,23.53720459187964,17.88854381999832,10.295630140987,10.63014581273465,19.235384061671343,28.16025568065745
