left_iris-362,left_iris-382,left_iris-381,left_iris-380,left_iris-374,left_iris-373,left_iris-390,left_iris-249,left_iris-263,left_iris-466,left_iris-388,left_iris-387,left_iris-386,left_iris-385,left_iris-384,left_iris-398
22.09072203437452,19.235384061671343,15.524174696260024,10.0,8.0,10.63014581273465,14.7648230602334,17.08800749063506,20.396078054371134,18.24828759089466,15.033296378372908,10.198039027185567,5.0,6.4031242374328485,13.341664064126334,19.0
