left_iris-362,left_iris-382,left_iris-381,left_iris-380,left_iris-374,left_iris-373,left_iris-390,left_iris-249,left_iris-263,left_iris-466,left_iris-388,left_iris-387,left_iris-386,left_iris-385,left_iris-384,left_iris-398
25.70992026436488,22.135943621178654,17.0,11.6619037896906,10.44030650891055,14.212670403551895,18.384776310850235,20.615528128088304,24.08318915758459,21.0,18.110770276274835,13.601470508735444,6.708203932499369,7.810249675906654,15.132745950421556,22.09072203437452
