left_iris-362,left_iris-382,left_iris-381,left_iris-380,left_iris-374,left_iris-373,left_iris-390,left_iris-249,left_iris-263,left_iris-466,left_iris-388,left_iris-387,left_iris-386,left_iris-385,left_iris-384,left_iris-398
39.20459156782532,35.35533905932738,27.892651361962702,17.4928556845359,11.04536101718726,15.620499351813308,22.47220505424423,27.65863337187866,32.14031735997639,29.017236257093817,24.020824298928627,16.492422502470642,6.708203932499369,12.529964086141668,25.179356624028344,34.0147027033899
