left_iris-362,left_iris-382,left_iris-381,left_iris-380,left_iris-374,left_iris-373,left_iris-390,left_iris-249,left_iris-263,left_iris-466,left_iris-388,left_iris-387,left_iris-386,left_iris-385,left_iris-384,left_iris-398
25.019992006393608,22.0,17.029386365926403,10.198039027185567,3.605551275463989,7.211102550927978,11.704699910719626,15.524174696260024,19.235384061671343,16.0312195418814,12.0,7.280109889280518,3.1622776601683795,9.848857801796104,17.46424919657298,22.20360331117452
