left_iris-362,left_iris-382,left_iris-381,left_iris-380,left_iris-374,left_iris-373,left_iris-390,left_iris-249,left_iris-263,left_iris-466,left_iris-388,left_iris-387,left_iris-386,left_iris-385,left_iris-384,left_iris-398
34.52535300326414,31.78049716414141,25.0,17.0,10.295630140987,10.0,14.317821063276352,18.439088914585778,23.0,20.09975124224178,16.278820596099706,11.180339887498947,5.0990195135927845,11.704699910719626,22.02271554554524,30.14962686336267
