left_iris-362,left_iris-382,left_iris-381,left_iris-380,left_iris-374,left_iris-373,left_iris-390,left_iris-249,left_iris-263,left_iris-466,left_iris-388,left_iris-387,left_iris-386,left_iris-385,left_iris-384,left_iris-398
28.0713376952364,25.179356624028344,18.68154169226941,11.40175425099138,9.055385138137416,14.212670403551895,19.697715603592208,22.80350850198276,27.29468812791236,24.08318915758459,21.0,15.297058540778355,6.4031242374328485,7.810249675906654,17.46424919657298,24.020824298928627
