left_iris-362,left_iris-382,left_iris-381,left_iris-380,left_iris-374,left_iris-373,left_iris-390,left_iris-249,left_iris-263,left_iris-466,left_iris-388,left_iris-387,left_iris-386,left_iris-385,left_iris-384,left_iris-398
28.442925306655784,25.70992026436488,19.313207915827967,12.727922061357855,10.04987562112089,13.45362404707371,17.46424919657298,20.8806130178211,24.186773244895647,21.095023109728988,17.0,11.180339887498947,4.47213595499958,8.06225774829855,17.11724276862369,25.079872407968907
