left_iris-362,left_iris-382,left_iris-381,left_iris-380,left_iris-374,left_iris-373,left_iris-390,left_iris-249,left_iris-263,left_iris-466,left_iris-388,left_iris-387,left_iris-386,left_iris-385,left_iris-384,left_iris-398
28.442925306655784,25.70992026436488,19.924858845171276,12.806248474865695,9.0,12.727922061357855,16.55294535724685,19.6468827043885,23.08679276123039,20.0,17.11724276862369,12.083045973594572,6.324555320336759,9.433981132056603,18.110770276274835,25.079872407968907
