left_iris-362,left_iris-382,left_iris-381,left_iris-380,left_iris-374,left_iris-373,left_iris-390,left_iris-249,left_iris-263,left_iris-466,left_iris-388,left_iris-387,left_iris-386,left_iris-385,left_iris-384,left_iris-398
32.01562118716424,28.635642126552707,23.345235059857504,15.0,6.708203932499369,6.4031242374328485,11.180339887498947,15.524174696260024,20.09975124224178,17.029386365926403,13.0,7.280109889280518,4.47213595499958,13.038404810405298,22.47220505424423,29.120439557122072
