left_iris-362,left_iris-382,left_iris-381,left_iris-380,left_iris-374,left_iris-373,left_iris-390,left_iris-249,left_iris-263,left_iris-466,left_iris-388,left_iris-387,left_iris-386,left_iris-385,left_iris-384,left_iris-398
23.53720459187964,19.924858845171276,14.7648230602334,9.848857801796104,11.6619037896906,17.4928556845359,22.135943621178654,25.70992026436488,29.154759474226505,26.019223662515376,23.08679276123039,17.72004514666935,10.0,6.324555320336759,12.36931687685298,20.09975124224178
