left_iris-362,left_iris-382,left_iris-381,left_iris-380,left_iris-374,left_iris-373,left_iris-390,left_iris-249,left_iris-263,left_iris-466,left_iris-388,left_iris-387,left_iris-386,left_iris-385,left_iris-384,left_iris-398
40.11234224026316,35.35533905932738,27.892651361962702,17.204650534085253,11.180339887498947,15.556349186104043,21.02379604162864,25.0,29.154759474226505,26.019223662515376,22.09072203437452,14.866068747318506,8.06225774829855,13.892443989449804,25.317977802344327,35.0
