left_iris-362,left_iris-382,left_iris-381,left_iris-380,left_iris-374,left_iris-373,left_iris-390,left_iris-249,left_iris-263,left_iris-466,left_iris-388,left_iris-387,left_iris-386,left_iris-385,left_iris-384,left_iris-398
27.29468812791236,24.73863375370596,18.788294228055936,12.806248474865695,11.180339887498947,14.866068747318506,18.788294228055936,21.840329667841555,25.179356624028344,22.02271554554524,19.026297590440446,13.601470508735444,7.211102550927978,7.810249675906654,16.278820596099706,24.020824298928627
