left_iris-362,left_iris-382,left_iris-381,left_iris-380,left_iris-374,left_iris-373,left_iris-390,left_iris-249,left_iris-263,left_iris-466,left_iris-388,left_iris-387,left_iris-386,left_iris-385,left_iris-384,left_iris-398
23.021728866442675,20.09975124224178,15.132745950421556,8.54400374531753,3.1622776601683795,9.486832980505138,14.317821063276352,18.110770276274835,22.02271554554524,19.0,15.033296378372908,9.219544457292889,3.1622776601683795,7.280109889280518,15.132745950421556,21.0
