left_iris-362,left_iris-382,left_iris-381,left_iris-380,left_iris-374,left_iris-373,left_iris-390,left_iris-249,left_iris-263,left_iris-466,left_iris-388,left_iris-387,left_iris-386,left_iris-385,left_iris-384,left_iris-398
24.020824298928627,22.09072203437452,17.26267650163207,11.180339887498947,7.280109889280518,10.0,13.038404810405298,15.811388300841896,19.235384061671343,17.029386365926403,15.033296378372908,11.704699910719626,7.615773105863909,9.219544457292889,14.866068747318506,21.095023109728988
