left_iris-362,left_iris-382,left_iris-381,left_iris-380,left_iris-374,left_iris-373,left_iris-390,left_iris-249,left_iris-263,left_iris-466,left_iris-388,left_iris-387,left_iris-386,left_iris-385,left_iris-384,left_iris-398
25.079872407968907,22.20360331117452,15.811388300841896,10.0,9.848857801796104,16.1245154965971,21.840329667841555,26.30589287593181,31.016124838541646,27.0,23.08679276123039,17.26267650163207,8.602325267042627,5.830951894845301,14.560219778561036,22.02271554554524
