left_iris-362,left_iris-382,left_iris-381,left_iris-380,left_iris-374,left_iris-373,left_iris-390,left_iris-249,left_iris-263,left_iris-466,left_iris-388,left_iris-387,left_iris-386,left_iris-385,left_iris-384,left_iris-398
38.3275357934736,34.52535300326414,26.92582403567252,16.64331697709324,11.180339887498947,15.556349186104043,21.470910553583888,27.202941017470888,32.2490309931942,29.068883707497267,25.0,17.26267650163207,7.810249675906654,10.63014581273465,22.360679774997894,33.015148038438355
