left_iris-362,left_iris-382,left_iris-381,left_iris-380,left_iris-374,left_iris-373,left_iris-390,left_iris-249,left_iris-263,left_iris-466,left_iris-388,left_iris-387,left_iris-386,left_iris-385,left_iris-384,left_iris-398
37.21558813185679,33.54101966249684,25.96150997149434,16.401219466856727,11.04536101718726,15.556349186104043,20.12461179749811,25.0,29.274562336608895,25.079872407968907,21.02379604162864,13.92838827718412,7.0710678118654755,12.529964086141668,23.194827009486403,33.015148038438355
