left_iris-362,left_iris-382,left_iris-381,left_iris-380,left_iris-374,left_iris-373,left_iris-390,left_iris-249,left_iris-263,left_iris-466,left_iris-388,left_iris-387,left_iris-386,left_iris-385,left_iris-384,left_iris-398
25.179356624028344,22.561028345356956,18.027756377319943,12.041594578792296,10.0,12.806248474865695,15.811388300841896,18.788294228055936,21.840329667841555,18.439088914585778,15.132745950421556,10.04987562112089,3.605551275463989,7.615773105863909,16.1245154965971,22.02271554554524
