left_iris-362,left_iris-382,left_iris-381,left_iris-380,left_iris-374,left_iris-373,left_iris-390,left_iris-249,left_iris-263,left_iris-466,left_iris-388,left_iris-387,left_iris-386,left_iris-385,left_iris-384,left_iris-398
42.2965719651132,38.47076812334269,30.80584360149873,19.72308292331602,12.36931687685298,14.866068747318506,20.248456731316587,24.331050121192877,30.01666203960727,26.1725046566048,22.561028345356956,15.652475842498529,8.06225774829855,15.264337522473747,27.29468812791236,37.013511046643494
