left_iris-362,left_iris-382,left_iris-381,left_iris-380,left_iris-374,left_iris-373,left_iris-390,left_iris-249,left_iris-263,left_iris-466,left_iris-388,left_iris-387,left_iris-386,left_iris-385,left_iris-384,left_iris-398
33.24154027718932,30.4138126514911,23.769728648009423,14.422205101855956,9.219544457292889,11.31370849898476,16.15549442140351,20.396078054371134,24.020824298928627,21.02379604162864,17.26267650163207,12.083045973594572,7.0,11.6619037896906,21.213203435596427,30.01666203960727
