left_iris-362,left_iris-382,left_iris-381,left_iris-380,left_iris-374,left_iris-373,left_iris-390,left_iris-249,left_iris-263,left_iris-466,left_iris-388,left_iris-387,left_iris-386,left_iris-385,left_iris-384,left_iris-398
45.09988913511872,41.19465984809196,33.37663853655727,21.540659228538015,11.40175425099138,11.40175425099138,17.46424919657298,22.360679774997894,27.0,24.020824298928627,19.4164878389476,13.038404810405298,8.54400374531753,17.46424919657298,30.4138126514911,40.01249804748511
