left_iris-362,left_iris-382,left_iris-381,left_iris-380,left_iris-374,left_iris-373,left_iris-390,left_iris-249,left_iris-263,left_iris-466,left_iris-388,left_iris-387,left_iris-386,left_iris-385,left_iris-384,left_iris-398
39.05124837953327,34.785054261852174,27.31300056749533,16.97056274847714,13.038404810405298,17.029386365926403,23.769728648009423,27.65863337187866,33.015148038438355,29.068883707497267,25.495097567963924,19.235384061671343,11.40175425099138,13.45362404707371,23.345235059857504,33.24154027718932
