left_iris-362,left_iris-382,left_iris-381,left_iris-380,left_iris-374,left_iris-373,left_iris-390,left_iris-249,left_iris-263,left_iris-466,left_iris-388,left_iris-387,left_iris-386,left_iris-385,left_iris-384,left_iris-398
30.265491900843113,27.29468812791236,20.8806130178211,12.806248474865695,10.0,15.0,21.540659228538015,27.65863337187866,33.13608305156178,30.01666203960727,25.019992006393608,18.439088914585778,9.899494936611664,8.94427190999916,16.76305461424021,25.0
