left_iris-362,left_iris-382,left_iris-381,left_iris-380,left_iris-374,left_iris-373,left_iris-390,left_iris-249,left_iris-263,left_iris-466,left_iris-388,left_iris-387,left_iris-386,left_iris-385,left_iris-384,left_iris-398
34.52535300326414,31.78049716414141,25.298221281347036,17.029386365926403,12.0,16.278820596099706,22.84731931759173,27.65863337187866,32.14031735997639,29.0,25.079872407968907,18.973665961010276,10.0,10.63014581273465,21.37755832643195,30.066592756745816
