left_iris-362,left_iris-382,left_iris-381,left_iris-380,left_iris-374,left_iris-373,left_iris-390,left_iris-249,left_iris-263,left_iris-466,left_iris-388,left_iris-387,left_iris-386,left_iris-385,left_iris-384,left_iris-398
30.59411708155671,26.92582403567252,21.540659228538015,14.866068747318506,11.04536101718726,13.45362404707371,17.0,20.615528128088304,24.08318915758459,21.02379604162864,17.26267650163207,12.529964086141668,8.06225774829855,11.40175425099138,19.235384061671343,27.073972741361768
