left_iris-362,left_iris-382,left_iris-381,left_iris-380,left_iris-374,left_iris-373,left_iris-390,left_iris-249,left_iris-263,left_iris-466,left_iris-388,left_iris-387,left_iris-386,left_iris-385,left_iris-384,left_iris-398
40.024992192379,36.40054944640259,28.231188426986208,18.384776310850235,13.0,17.029386365926403,23.40939982143925,28.284271247461906,33.06055050963308,29.274562336608895,25.96150997149434,19.72308292331602,12.36931687685298,14.866068747318506,25.317977802344327,34.23448553724738
