left_iris-362,left_iris-382,left_iris-381,left_iris-380,left_iris-374,left_iris-373,left_iris-390,left_iris-249,left_iris-263,left_iris-466,left_iris-388,left_iris-387,left_iris-386,left_iris-385,left_iris-384,left_iris-398
27.16615541441225,24.08318915758459,19.026297590440446,10.198039027185567,3.1622776601683795,8.54400374531753,15.297058540778355,20.396078054371134,25.179356624028344,21.095023109728988,16.0,9.055385138137416,3.1622776601683795,9.848857801796104,18.68154169226941,24.331050121192877
