left_iris-362,left_iris-382,left_iris-381,left_iris-380,left_iris-374,left_iris-373,left_iris-390,left_iris-249,left_iris-263,left_iris-466,left_iris-388,left_iris-387,left_iris-386,left_iris-385,left_iris-384,left_iris-398
33.54101966249684,30.80584360149873,24.35159132377184,15.620499351813308,11.0,14.866068747318506,19.313207915827967,23.345235059857504,27.018512172212592,24.08318915758459,21.213203435596427,15.524174696260024,6.4031242374328485,9.433981132056603,20.09975124224178,29.154759474226505
