left_iris-362,left_iris-382,left_iris-381,left_iris-380,left_iris-374,left_iris-373,left_iris-390,left_iris-249,left_iris-263,left_iris-466,left_iris-388,left_iris-387,left_iris-386,left_iris-385,left_iris-384,left_iris-398
33.37663853655727,30.59411708155671,25.0,16.64331697709324,11.40175425099138,13.601470508735444,18.867962264113206,23.40939982143925,28.442925306655784,24.08318915758459,20.024984394500787,13.601470508735444,6.324555320336759,10.816653826391969,20.223748416156685,29.068883707497267
