left_iris-362,left_iris-382,left_iris-381,left_iris-380,left_iris-374,left_iris-373,left_iris-390,left_iris-249,left_iris-263,left_iris-466,left_iris-388,left_iris-387,left_iris-386,left_iris-385,left_iris-384,left_iris-398
32.01562118716424,28.460498941515414,21.93171219946131,14.142135623730953,10.0,12.041594578792296,15.811388300841896,19.1049731745428,22.09072203437452,19.4164878389476,16.15549442140351,11.40175425099138,8.06225774829855,12.529964086141668,21.02379604162864,28.284271247461906
