left_iris-362,left_iris-382,left_iris-381,left_iris-380,left_iris-374,left_iris-373,left_iris-390,left_iris-249,left_iris-263,left_iris-466,left_iris-388,left_iris-387,left_iris-386,left_iris-385,left_iris-384,left_iris-398
32.01562118716424,28.460498941515414,21.470910553583888,14.7648230602334,14.866068747318506,20.248456731316587,25.96150997149434,31.144823004794873,36.12478373637688,32.2490309931942,28.635642126552707,21.93171219946131,12.806248474865695,10.295630140987,18.68154169226941,27.16615541441225
