left_iris-362,left_iris-382,left_iris-381,left_iris-380,left_iris-374,left_iris-373,left_iris-390,left_iris-249,left_iris-263,left_iris-466,left_iris-388,left_iris-387,left_iris-386,left_iris-385,left_iris-384,left_iris-398
35.17101079013795,32.01562118716424,26.248809496813376,17.88854381999832,10.0,7.810249675906654,12.36931687685298,18.0,24.515301344262525,20.615528128088304,16.15549442140351,10.63014581273465,6.708203932499369,13.601470508735444,23.0,31.400636936215164
