left_iris-362,left_iris-382,left_iris-381,left_iris-380,left_iris-374,left_iris-373,left_iris-390,left_iris-249,left_iris-263,left_iris-466,left_iris-388,left_iris-387,left_iris-386,left_iris-385,left_iris-384,left_iris-398
25.019992006393608,22.02271554554524,16.278820596099706,9.219544457292889,8.246211251235321,14.212670403551895,18.788294228055936,22.135943621178654,25.495097567963924,22.20360331117452,19.026297590440446,14.142135623730953,7.0710678118654755,7.211102550927978,15.231546211727816,22.20360331117452
