left_iris-362,left_iris-382,left_iris-381,left_iris-380,left_iris-374,left_iris-373,left_iris-390,left_iris-249,left_iris-263,left_iris-466,left_iris-388,left_iris-387,left_iris-386,left_iris-385,left_iris-384,left_iris-398
33.734255586866,31.04834939252005,23.769728648009423,16.278820596099706,14.142135623730953,17.69180601295413,22.47220505424423,26.476404589747453,30.0,27.073972741361768,23.345235059857504,18.027756377319943,9.433981132056603,10.63014581273465,20.396078054371134,29.068883707497267
