left_iris-362,left_iris-382,left_iris-381,left_iris-380,left_iris-374,left_iris-373,left_iris-390,left_iris-249,left_iris-263,left_iris-466,left_iris-388,left_iris-387,left_iris-386,left_iris-385,left_iris-384,left_iris-398
24.186773244895647,21.02379604162864,16.0312195418814,8.06225774829855,7.280109889280518,13.038404810405298,18.384776310850235,21.840329667841555,25.495097567963924,22.360679774997894,18.110770276274835,12.0,3.605551275463989,6.4031242374328485,15.811388300841896,21.37755832643195
