left_iris-362,left_iris-382,left_iris-381,left_iris-380,left_iris-374,left_iris-373,left_iris-390,left_iris-249,left_iris-263,left_iris-466,left_iris-388,left_iris-387,left_iris-386,left_iris-385,left_iris-384,left_iris-398
34.92849839314596,32.01562118716424,25.632011235952593,17.029386365926403,12.041594578792296,16.278820596099706,21.540659228538015,25.317977802344327,30.066592756745816,27.16615541441225,23.345235059857504,17.08800749063506,8.06225774829855,10.0,21.095023109728988,30.265491900843113
