left_iris-362,left_iris-382,left_iris-381,left_iris-380,left_iris-374,left_iris-373,left_iris-390,left_iris-249,left_iris-263,left_iris-466,left_iris-388,left_iris-387,left_iris-386,left_iris-385,left_iris-384,left_iris-398
38.2099463490856,34.36568055487916,26.68332812825267,16.64331697709324,11.04536101718726,16.401219466856727,23.40939982143925,28.442925306655784,34.0147027033899,30.066592756745816,26.30589287593181,19.313207915827967,9.848857801796104,13.45362404707371,24.515301344262525,33.0
