left_iris-362,left_iris-382,left_iris-381,left_iris-380,left_iris-374,left_iris-373,left_iris-390,left_iris-249,left_iris-263,left_iris-466,left_iris-388,left_iris-387,left_iris-386,left_iris-385,left_iris-384,left_iris-398
27.0,24.0,18.027756377319943,9.486832980505138,4.123105625617661,11.704699910719626,18.439088914585778,23.194827009486403,28.0713376952364,25.079872407968907,20.024984394500787,13.0,3.1622776601683795,7.280109889280518,17.11724276862369,24.08318915758459
