left_iris-362,left_iris-382,left_iris-381,left_iris-380,left_iris-374,left_iris-373,left_iris-390,left_iris-249,left_iris-263,left_iris-466,left_iris-388,left_iris-387,left_iris-386,left_iris-385,left_iris-384,left_iris-398
33.54101966249684,30.80584360149873,24.041630560342615,15.0,9.0,13.601470508735444,18.973665961010276,24.331050121192877,28.0,25.019992006393608,21.095023109728988,14.560219778561036,4.47213595499958,9.848857801796104,21.02379604162864,29.154759474226505
