left_iris-362,left_iris-382,left_iris-381,left_iris-380,left_iris-374,left_iris-373,left_iris-390,left_iris-249,left_iris-263,left_iris-466,left_iris-388,left_iris-387,left_iris-386,left_iris-385,left_iris-384,left_iris-398
29.017236257093817,25.079872407968907,19.4164878389476,11.6619037896906,7.0710678118654755,11.40175425099138,16.15549442140351,19.6468827043885,23.194827009486403,20.024984394500787,16.0,10.198039027185567,3.0,9.486832980505138,19.1049731745428,25.019992006393608
