left_iris-362,left_iris-382,left_iris-381,left_iris-380,left_iris-374,left_iris-373,left_iris-390,left_iris-249,left_iris-263,left_iris-466,left_iris-388,left_iris-387,left_iris-386,left_iris-385,left_iris-384,left_iris-398
29.0,25.079872407968907,19.235384061671343,11.180339887498947,6.0,10.816653826391969,15.811388300841896,19.4164878389476,23.021728866442675,20.0,17.029386365926403,11.40175425099138,4.47213595499958,9.433981132056603,18.439088914585778,25.079872407968907
