left_iris-362,left_iris-382,left_iris-381,left_iris-380,left_iris-374,left_iris-373,left_iris-390,left_iris-249,left_iris-263,left_iris-466,left_iris-388,left_iris-387,left_iris-386,left_iris-385,left_iris-384,left_iris-398
36.22154055254967,31.575306807693888,24.35159132377184,15.556349186104043,13.038404810405298,17.69180601295413,23.259406699226016,27.202941017470888,31.25699921617557,28.0178514522438,24.08318915758459,17.46424919657298,10.770329614269007,12.727922061357855,21.840329667841555,31.0
