left_iris-362,left_iris-382,left_iris-381,left_iris-380,left_iris-374,left_iris-373,left_iris-390,left_iris-249,left_iris-263,left_iris-466,left_iris-388,left_iris-387,left_iris-386,left_iris-385,left_iris-384,left_iris-398
32.38826948140329,28.442925306655784,22.80350850198276,13.892443989449804,7.0710678118654755,10.816653826391969,16.492422502470642,21.213203435596427,26.0,22.02271554554524,17.26267650163207,11.180339887498947,5.0,10.770329614269007,21.095023109728988,29.068883707497267
