left_iris-362,left_iris-382,left_iris-381,left_iris-380,left_iris-374,left_iris-373,left_iris-390,left_iris-249,left_iris-263,left_iris-466,left_iris-388,left_iris-387,left_iris-386,left_iris-385,left_iris-384,left_iris-398
25.495097567963924,22.80350850198276,16.55294535724685,9.848857801796104,12.206555615733702,21.470910553583888,29.120439557122072,34.36568055487916,40.049968789001575,37.0,32.0624390837628,25.495097567963924,15.264337522473747,8.06225774829855,13.0,21.02379604162864
