left_iris-362,left_iris-382,left_iris-381,left_iris-380,left_iris-374,left_iris-373,left_iris-390,left_iris-249,left_iris-263,left_iris-466,left_iris-388,left_iris-387,left_iris-386,left_iris-385,left_iris-384,left_iris-398
31.400636936215164,27.65863337187866,22.135943621178654,15.0,10.198039027185567,12.806248474865695,16.1245154965971,18.68154169226941,22.09072203437452,19.0,16.1245154965971,10.770329614269007,6.0,11.180339887498947,20.223748416156685,27.073972741361768
