left_iris-362,left_iris-382,left_iris-381,left_iris-380,left_iris-374,left_iris-373,left_iris-390,left_iris-249,left_iris-263,left_iris-466,left_iris-388,left_iris-387,left_iris-386,left_iris-385,left_iris-384,left_iris-398
38.47076812334269,34.92849839314596,27.51363298439521,18.439088914585778,14.142135623730953,17.029386365926403,21.470910553583888,24.73863375370596,29.017236257093817,26.019223662515376,23.194827009486403,16.55294535724685,9.486832980505138,13.45362404707371,23.345235059857504,33.06055050963308
