left_iris-362,left_iris-382,left_iris-381,left_iris-380,left_iris-374,left_iris-373,left_iris-390,left_iris-249,left_iris-263,left_iris-466,left_iris-388,left_iris-387,left_iris-386,left_iris-385,left_iris-384,left_iris-398
25.019992006393608,22.02271554554524,15.297058540778355,8.48528137423857,8.54400374531753,15.264337522473747,19.313207915827967,22.80350850198276,26.476404589747453,23.194827009486403,20.024984394500787,14.142135623730953,7.0710678118654755,7.211102550927978,14.866068747318506,22.20360331117452
