left_iris-362,left_iris-382,left_iris-381,left_iris-380,left_iris-374,left_iris-373,left_iris-390,left_iris-249,left_iris-263,left_iris-466,left_iris-388,left_iris-387,left_iris-386,left_iris-385,left_iris-384,left_iris-398
28.442925306655784,24.73863375370596,19.313207915827967,12.727922061357855,10.0,13.45362404707371,17.0,19.924858845171276,23.345235059857504,21.095023109728988,17.0,12.36931687685298,5.385164807134504,8.602325267042627,17.11724276862369,24.08318915758459
