left_iris-362,left_iris-382,left_iris-381,left_iris-380,left_iris-374,left_iris-373,left_iris-390,left_iris-249,left_iris-263,left_iris-466,left_iris-388,left_iris-387,left_iris-386,left_iris-385,left_iris-384,left_iris-398
28.0713376952364,26.1725046566048,20.396078054371134,13.892443989449804,9.486832980505138,10.816653826391969,13.038404810405298,15.811388300841896,18.110770276274835,16.0,13.152946437965904,9.433981132056603,7.0,10.816653826391969,19.4164878389476,25.019992006393608
