left_iris-362,left_iris-382,left_iris-381,left_iris-380,left_iris-374,left_iris-373,left_iris-390,left_iris-249,left_iris-263,left_iris-466,left_iris-388,left_iris-387,left_iris-386,left_iris-385,left_iris-384,left_iris-398
26.076809620810597,23.345235059857504,18.68154169226941,11.6619037896906,7.0710678118654755,9.899494936611664,13.92838827718412,17.46424919657298,21.095023109728988,17.029386365926403,14.0,8.246211251235321,3.1622776601683795,9.486832980505138,17.11724276862369,23.0
