left_iris-362,left_iris-382,left_iris-381,left_iris-380,left_iris-374,left_iris-373,left_iris-390,left_iris-249,left_iris-263,left_iris-466,left_iris-388,left_iris-387,left_iris-386,left_iris-385,left_iris-384,left_iris-398
30.80584360149873,28.16025568065745,21.93171219946131,14.142135623730953,10.04987562112089,11.31370849898476,14.866068747318506,18.110770276274835,21.02379604162864,18.24828759089466,14.560219778561036,9.433981132056603,5.385164807134504,11.704699910719626,20.0,27.29468812791236
