left_iris-362,left_iris-382,left_iris-381,left_iris-380,left_iris-374,left_iris-373,left_iris-390,left_iris-249,left_iris-263,left_iris-466,left_iris-388,left_iris-387,left_iris-386,left_iris-385,left_iris-384,left_iris-398
22.02271554554524,21.095023109728988,17.26267650163207,12.083045973594572,8.602325267042627,7.280109889280518,10.63014581273465,14.317821063276352,18.68154169226941,15.297058540778355,12.0,7.615773105863909,5.0,9.219544457292889,14.866068747318506,20.024984394500787
