left_iris-362,left_iris-382,left_iris-381,left_iris-380,left_iris-374,left_iris-373,left_iris-390,left_iris-249,left_iris-263,left_iris-466,left_iris-388,left_iris-387,left_iris-386,left_iris-385,left_iris-384,left_iris-398
23.021728866442675,20.0,14.317821063276352,7.810249675906654,8.602325267042627,16.1245154965971,21.18962010041709,24.73863375370596,28.442925306655784,25.179356624028344,21.02379604162864,15.033296378372908,7.211102550927978,5.830951894845301,13.92838827718412,20.396078054371134
