left_iris-362,left_iris-382,left_iris-381,left_iris-380,left_iris-374,left_iris-373,left_iris-390,left_iris-249,left_iris-263,left_iris-466,left_iris-388,left_iris-387,left_iris-386,left_iris-385,left_iris-384,left_iris-398
23.194827009486403,21.02379604162864,16.0,9.219544457292889,4.123105625617661,7.211102550927978,11.704699910719626,15.524174696260024,18.24828759089466,15.033296378372908,12.041594578792296,7.615773105863909,4.0,8.602325267042627,15.811388300841896,21.37755832643195
