left_iris-362,left_iris-382,left_iris-381,left_iris-380,left_iris-374,left_iris-373,left_iris-390,left_iris-249,left_iris-263,left_iris-466,left_iris-388,left_iris-387,left_iris-386,left_iris-385,left_iris-384,left_iris-398
32.01562118716424,29.017236257093817,22.20360331117452,13.41640786499874,8.246211251235321,12.727922061357855,17.0,21.18962010041709,25.495097567963924,22.09072203437452,18.0,11.704699910719626,6.082762530298219,11.40175425099138,20.8806130178211,28.16025568065745
