left_iris-362,left_iris-382,left_iris-381,left_iris-380,left_iris-374,left_iris-373,left_iris-390,left_iris-249,left_iris-263,left_iris-466,left_iris-388,left_iris-387,left_iris-386,left_iris-385,left_iris-384,left_iris-398
40.79215610874227,36.87817782917155,28.460498941515414,17.204650534085253,11.04536101718726,16.401219466856727,23.40939982143925,28.635642126552707,34.058772731852805,31.016124838541646,26.076809620810597,18.68154169226941,7.211102550927978,11.180339887498947,24.08318915758459,35.22782990761707
