left_iris-362,left_iris-382,left_iris-381,left_iris-380,left_iris-374,left_iris-373,left_iris-390,left_iris-249,left_iris-263,left_iris-466,left_iris-388,left_iris-387,left_iris-386,left_iris-385,left_iris-384,left_iris-398
34.713109915419565,31.32091952673165,24.166091947189145,16.278820596099706,12.0,15.556349186104043,19.697715603592208,23.53720459187964,27.0,24.08318915758459,20.615528128088304,15.264337522473747,9.219544457292889,12.806248474865695,22.360679774997894,30.14962686336267
