left_iris-362,left_iris-382,left_iris-381,left_iris-380,left_iris-374,left_iris-373,left_iris-390,left_iris-249,left_iris-263,left_iris-466,left_iris-388,left_iris-387,left_iris-386,left_iris-385,left_iris-384,left_iris-398
25.0,21.540659228538015,16.64331697709324,11.180339887498947,10.770329614269007,15.264337522473747,19.6468827043885,23.194827009486403,27.018512172212592,23.08679276123039,19.4164878389476,14.317821063276352,6.708203932499369,7.810249675906654,15.033296378372908,21.37755832643195
