left_iris-362,left_iris-382,left_iris-381,left_iris-380,left_iris-374,left_iris-373,left_iris-390,left_iris-249,left_iris-263,left_iris-466,left_iris-388,left_iris-387,left_iris-386,left_iris-385,left_iris-384,left_iris-398
28.0,25.079872407968907,20.223748416156685,12.529964086141668,8.246211251235321,11.40175425099138,16.1245154965971,20.248456731316587,23.345235059857504,21.02379604162864,18.027756377319943,13.0,7.615773105863909,10.63014581273465,18.027756377319943,25.079872407968907
