left_iris-362,left_iris-382,left_iris-381,left_iris-380,left_iris-374,left_iris-373,left_iris-390,left_iris-249,left_iris-263,left_iris-466,left_iris-388,left_iris-387,left_iris-386,left_iris-385,left_iris-384,left_iris-398
31.0,28.0178514522438,22.09072203437452,13.92838827718412,8.94427190999916,10.816653826391969,15.811388300841896,19.697715603592208,23.769728648009423,20.396078054371134,17.11724276862369,11.180339887498947,5.385164807134504,10.0,18.68154169226941,27.16615541441225
