left_iris-362,left_iris-382,left_iris-381,left_iris-380,left_iris-374,left_iris-373,left_iris-390,left_iris-249,left_iris-263,left_iris-466,left_iris-388,left_iris-387,left_iris-386,left_iris-385,left_iris-384,left_iris-398
24.186773244895647,21.37755832643195,16.76305461424021,9.899494936611664,7.280109889280518,12.206555615733702,16.76305461424021,20.223748416156685,24.020824298928627,21.02379604162864,18.24828759089466,14.317821063276352,8.06225774829855,8.602325267042627,14.560219778561036,21.0
