left_iris-362,left_iris-382,left_iris-381,left_iris-380,left_iris-374,left_iris-373,left_iris-390,left_iris-249,left_iris-263,left_iris-466,left_iris-388,left_iris-387,left_iris-386,left_iris-385,left_iris-384,left_iris-398
37.21558813185679,34.36568055487916,26.68332812825267,17.4928556845359,11.40175425099138,14.866068747318506,20.12461179749811,25.0,30.14962686336267,27.018512172212592,23.08679276123039,17.08800749063506,9.848857801796104,12.041594578792296,22.80350850198276,32.0
