left_iris-362,left_iris-382,left_iris-381,left_iris-380,left_iris-374,left_iris-373,left_iris-390,left_iris-249,left_iris-263,left_iris-466,left_iris-388,left_iris-387,left_iris-386,left_iris-385,left_iris-384,left_iris-398
31.144823004794873,27.29468812791236,21.587033144922906,12.206555615733702,8.0,12.206555615733702,17.72004514666935,21.213203435596427,26.0,22.02271554554524,18.110770276274835,12.36931687685298,4.47213595499958,8.94427190999916,19.235384061671343,27.018512172212592
