left_iris-362,left_iris-382,left_iris-381,left_iris-380,left_iris-374,left_iris-373,left_iris-390,left_iris-249,left_iris-263,left_iris-466,left_iris-388,left_iris-387,left_iris-386,left_iris-385,left_iris-384,left_iris-398
24.73863375370596,22.135943621178654,16.1245154965971,8.94427190999916,10.0,17.08800749063506,22.360679774997894,26.019223662515376,30.066592756745816,27.16615541441225,24.515301344262525,18.384776310850235,10.63014581273465,8.06225774829855,14.317821063276352,21.095023109728988
