left_iris-362,left_iris-382,left_iris-381,left_iris-380,left_iris-374,left_iris-373,left_iris-390,left_iris-249,left_iris-263,left_iris-466,left_iris-388,left_iris-387,left_iris-386,left_iris-385,left_iris-384,left_iris-398
39.20459156782532,35.510561809129406,27.892651361962702,17.204650534085253,12.0,17.804493814764857,24.698178070456937,29.832867780352597,34.058772731852805,31.0,26.076809620810597,18.68154169226941,9.433981132056603,12.206555615733702,24.515301344262525,34.0
