left_iris-362,left_iris-382,left_iris-381,left_iris-380,left_iris-374,left_iris-373,left_iris-390,left_iris-249,left_iris-263,left_iris-466,left_iris-388,left_iris-387,left_iris-386,left_iris-385,left_iris-384,left_iris-398
34.48187929913333,31.016124838541646,24.166091947189145,14.866068747318506,9.055385138137416,11.40175425099138,16.492422502470642,21.213203435596427,25.0,21.095023109728988,17.46424919657298,10.816653826391969,6.082762530298219,11.704699910719626,22.02271554554524,29.832867780352597
