left_iris-362,left_iris-382,left_iris-381,left_iris-380,left_iris-374,left_iris-373,left_iris-390,left_iris-249,left_iris-263,left_iris-466,left_iris-388,left_iris-387,left_iris-386,left_iris-385,left_iris-384,left_iris-398
27.65863337187866,24.041630560342615,17.46424919657298,10.816653826391969,9.848857801796104,15.652475842498529,20.615528128088304,25.179356624028344,29.0,26.076809620810597,23.345235059857504,17.46424919657298,10.816653826391969,9.433981132056603,15.524174696260024,23.08679276123039
