left_iris-362,left_iris-382,left_iris-381,left_iris-380,left_iris-374,left_iris-373,left_iris-390,left_iris-249,left_iris-263,left_iris-466,left_iris-388,left_iris-387,left_iris-386,left_iris-385,left_iris-384,left_iris-398
31.016124838541646,27.16615541441225,21.37755832643195,13.892443989449804,8.246211251235321,11.31370849898476,15.652475842498529,18.973665961010276,22.360679774997894,19.235384061671343,15.033296378372908,9.219544457292889,4.0,10.770329614269007,20.223748416156685,27.018512172212592
