left_iris-362,left_iris-382,left_iris-381,left_iris-380,left_iris-374,left_iris-373,left_iris-390,left_iris-249,left_iris-263,left_iris-466,left_iris-388,left_iris-387,left_iris-386,left_iris-385,left_iris-384,left_iris-398
22.20360331117452,19.1049731745428,15.033296378372908,7.0710678118654755,3.1622776601683795,10.770329614269007,15.524174696260024,20.223748416156685,23.194827009486403,20.09975124224178,15.132745950421556,9.055385138137416,1.0,6.324555320336759,14.317821063276352,20.396078054371134
