left_iris-362,left_iris-382,left_iris-381,left_iris-380,left_iris-374,left_iris-373,left_iris-390,left_iris-249,left_iris-263,left_iris-466,left_iris-388,left_iris-387,left_iris-386,left_iris-385,left_iris-384,left_iris-398
24.08318915758459,21.095023109728988,15.297058540778355,7.615773105863909,3.1622776601683795,10.44030650891055,16.1245154965971,20.09975124224178,24.020824298928627,21.0,16.0312195418814,10.198039027185567,2.8284271247461903,6.324555320336759,15.033296378372908,21.0
