left_iris-362,left_iris-382,left_iris-381,left_iris-380,left_iris-374,left_iris-373,left_iris-390,left_iris-249,left_iris-263,left_iris-466,left_iris-388,left_iris-387,left_iris-386,left_iris-385,left_iris-384,left_iris-398
26.476404589747453,22.80350850198276,17.46424919657298,11.40175425099138,9.219544457292889,13.45362404707371,17.46424919657298,20.615528128088304,23.021728866442675,21.02379604162864,18.24828759089466,13.0,6.708203932499369,8.602325267042627,16.1245154965971,23.08679276123039
