left_iris-362,left_iris-382,left_iris-381,left_iris-380,left_iris-374,left_iris-373,left_iris-390,left_iris-249,left_iris-263,left_iris-466,left_iris-388,left_iris-387,left_iris-386,left_iris-385,left_iris-384,left_iris-398
22.360679774997894,20.615528128088304,15.231546211727816,10.63014581273465,9.219544457292889,15.0,21.540659228538015,26.92582403567252,33.37663853655727,29.154759474226505,24.0,17.11724276862369,9.433981132056603,5.385164807134504,12.36931687685298,19.026297590440446
