left_iris-362,left_iris-382,left_iris-381,left_iris-380,left_iris-374,left_iris-373,left_iris-390,left_iris-249,left_iris-263,left_iris-466,left_iris-388,left_iris-387,left_iris-386,left_iris-385,left_iris-384,left_iris-398
34.713109915419565,31.32091952673165,23.259406699226016,15.0,12.36931687685298,18.601075237738275,24.35159132377184,29.614185789921695,34.058772731852805,30.01666203960727,25.317977802344327,18.788294228055936,10.770329614269007,12.727922061357855,21.37755832643195,30.066592756745816
