left_iris-362,left_iris-382,left_iris-381,left_iris-380,left_iris-374,left_iris-373,left_iris-390,left_iris-249,left_iris-263,left_iris-466,left_iris-388,left_iris-387,left_iris-386,left_iris-385,left_iris-384,left_iris-398
32.01562118716424,28.460498941515414,21.93171219946131,14.142135623730953,10.0,12.041594578792296,15.811388300841896,19.1049731745428,22.09072203437452,19.235384061671343,15.811388300841896,10.63014581273465,7.280109889280518,12.083045973594572,21.02379604162864,28.442925306655784
