left_iris-362,left_iris-382,left_iris-381,left_iris-380,left_iris-374,left_iris-373,left_iris-390,left_iris-249,left_iris-263,left_iris-466,left_iris-388,left_iris-387,left_iris-386,left_iris-385,left_iris-384,left_iris-398
26.476404589747453,23.769728648009423,18.973665961010276,11.40175425099138,7.0,10.816653826391969,15.811388300841896,19.235384061671343,23.0,20.024984394500787,17.26267650163207,12.083045973594572,6.324555320336759,9.433981132056603,17.11724276862369,23.08679276123039
