left_iris-362,left_iris-382,left_iris-381,left_iris-380,left_iris-374,left_iris-373,left_iris-390,left_iris-249,left_iris-263,left_iris-466,left_iris-388,left_iris-387,left_iris-386,left_iris-385,left_iris-384,left_iris-398
24.515301344262525,21.18962010041709,14.7648230602334,9.486832980505138,11.40175425099138,18.384776310850235,23.345235059857504,28.0713376952364,32.01562118716424,29.154759474226505,25.495097567963924,20.615528128088304,12.041594578792296,8.54400374531753,13.601470508735444,21.02379604162864
