left_iris-362,left_iris-382,left_iris-381,left_iris-380,left_iris-374,left_iris-373,left_iris-390,left_iris-249,left_iris-263,left_iris-466,left_iris-388,left_iris-387,left_iris-386,left_iris-385,left_iris-384,left_iris-398
41.048751503547585,37.12142238654117,29.614185789921695,18.867962264113206,13.152946437965904,17.029386365926403,22.825424421026653,26.248809496813376,31.144823004794873,28.0178514522438,23.021728866442675,16.76305461424021,8.54400374531753,13.601470508735444,26.68332812825267,36.05551275463989
