left_iris-362,left_iris-382,left_iris-381,left_iris-380,left_iris-374,left_iris-373,left_iris-390,left_iris-249,left_iris-263,left_iris-466,left_iris-388,left_iris-387,left_iris-386,left_iris-385,left_iris-384,left_iris-398
29.832867780352597,27.202941017470888,21.93171219946131,14.866068747318506,11.180339887498947,13.038404810405298,16.64331697709324,19.313207915827967,23.194827009486403,20.024984394500787,16.1245154965971,12.083045973594572,7.0710678118654755,11.40175425099138,19.1049731745428,26.30589287593181
