left_iris-362,left_iris-382,left_iris-381,left_iris-380,left_iris-374,left_iris-373,left_iris-390,left_iris-249,left_iris-263,left_iris-466,left_iris-388,left_iris-387,left_iris-386,left_iris-385,left_iris-384,left_iris-398
26.1725046566048,23.345235059857504,18.68154169226941,11.40175425099138,8.06225774829855,10.63014581273465,14.7648230602334,17.08800749063506,20.396078054371134,18.110770276274835,14.0,9.219544457292889,4.123105625617661,9.433981132056603,17.26267650163207,23.0
