left_iris-362,left_iris-382,left_iris-381,left_iris-380,left_iris-374,left_iris-373,left_iris-390,left_iris-249,left_iris-263,left_iris-466,left_iris-388,left_iris-387,left_iris-386,left_iris-385,left_iris-384,left_iris-398
33.37663853655727,28.861739379323623,21.540659228538015,13.45362404707371,11.180339887498947,15.0,19.924858845171276,23.345235059857504,27.0,24.08318915758459,19.4164878389476,13.41640786499874,7.0710678118654755,11.6619037896906,22.20360331117452,29.068883707497267
