left_iris-362,left_iris-382,left_iris-381,left_iris-380,left_iris-374,left_iris-373,left_iris-390,left_iris-249,left_iris-263,left_iris-466,left_iris-388,left_iris-387,left_iris-386,left_iris-385,left_iris-384,left_iris-398
23.021728866442675,19.026297590440446,13.341664064126334,6.708203932499369,10.63014581273465,18.788294228055936,23.08679276123039,26.68332812825267,30.4138126514911,27.16615541441225,23.021728866442675,17.11724276862369,9.433981132056603,6.324555320336759,13.41640786499874,19.4164878389476
