left_iris-362,left_iris-382,left_iris-381,left_iris-380,left_iris-374,left_iris-373,left_iris-390,left_iris-249,left_iris-263,left_iris-466,left_iris-388,left_iris-387,left_iris-386,left_iris-385,left_iris-384,left_iris-398
29.42787793912432,26.92582403567252,20.615528128088304,12.806248474865695,12.16552506059644,17.69180601295413,23.70653918225939,27.51363298439521,31.575306807693888,28.16025568065745,25.0,18.68154169226941,10.63014581273465,9.433981132056603,17.46424919657298,25.019992006393608
