left_iris-362,left_iris-382,left_iris-381,left_iris-380,left_iris-374,left_iris-373,left_iris-390,left_iris-249,left_iris-263,left_iris-466,left_iris-388,left_iris-387,left_iris-386,left_iris-385,left_iris-384,left_iris-398
32.55764119219941,29.120439557122072,22.84731931759173,14.866068747318506,11.04536101718726,15.0,21.18962010041709,25.317977802344327,30.01666203960727,27.018512172212592,22.20360331117452,16.15549442140351,8.06225774829855,10.63014581273465,20.223748416156685,28.0713376952364
