left_iris-362,left_iris-382,left_iris-381,left_iris-380,left_iris-374,left_iris-373,left_iris-390,left_iris-249,left_iris-263,left_iris-466,left_iris-388,left_iris-387,left_iris-386,left_iris-385,left_iris-384,left_iris-398
36.138621999185304,31.622776601683793,23.70653918225939,15.0,11.40175425099138,17.4928556845359,23.53720459187964,29.154759474226505,34.058772731852805,29.274562336608895,24.73863375370596,17.0,9.219544457292889,12.206555615733702,22.09072203437452,31.400636936215164
