left_iris-362,left_iris-382,left_iris-381,left_iris-380,left_iris-374,left_iris-373,left_iris-390,left_iris-249,left_iris-263,left_iris-466,left_iris-388,left_iris-387,left_iris-386,left_iris-385,left_iris-384,left_iris-398
35.11409973215888,30.870698080866266,23.021728866442675,15.652475842498529,14.317821063276352,21.02379604162864,27.29468812791236,31.0,36.345563690772494,32.7566787083184,28.16025568065745,21.470910553583888,11.6619037896906,10.63014581273465,20.024984394500787,29.832867780352597
