left_iris-362,left_iris-382,left_iris-381,left_iris-380,left_iris-374,left_iris-373,left_iris-390,left_iris-249,left_iris-263,left_iris-466,left_iris-388,left_iris-387,left_iris-386,left_iris-385,left_iris-384,left_iris-398
28.0178514522438,25.0,20.024984394500787,11.704699910719626,6.324555320336759,10.0,16.76305461424021,22.360679774997894,27.073972741361768,23.021728866442675,18.0,11.04536101718726,2.23606797749979,8.246211251235321,18.24828759089466,25.079872407968907
