left_iris-362,left_iris-382,left_iris-381,left_iris-380,left_iris-374,left_iris-373,left_iris-390,left_iris-249,left_iris-263,left_iris-466,left_iris-388,left_iris-387,left_iris-386,left_iris-385,left_iris-384,left_iris-398
23.53720459187964,20.8806130178211,15.652475842498529,10.816653826391969,9.486832980505138,13.601470508735444,17.08800749063506,20.615528128088304,24.08318915758459,21.0,17.11724276862369,13.0,6.708203932499369,7.810249675906654,14.317821063276352,20.09975124224178
