left_iris-362,left_iris-382,left_iris-381,left_iris-380,left_iris-374,left_iris-373,left_iris-390,left_iris-249,left_iris-263,left_iris-466,left_iris-388,left_iris-387,left_iris-386,left_iris-385,left_iris-384,left_iris-398
29.42787793912432,26.68332812825267,20.8806130178211,13.038404810405298,7.0710678118654755,10.295630140987,16.278820596099706,20.024984394500787,25.079872407968907,21.213203435596427,17.46424919657298,12.083045973594572,5.0990195135927845,9.848857801796104,18.027756377319943,25.179356624028344
