left_iris-362,left_iris-382,left_iris-381,left_iris-380,left_iris-374,left_iris-373,left_iris-390,left_iris-249,left_iris-263,left_iris-466,left_iris-388,left_iris-387,left_iris-386,left_iris-385,left_iris-384,left_iris-398
30.675723300355937,27.85677655436824,22.360679774997894,14.866068747318506,10.198039027185567,12.727922061357855,18.788294228055936,23.769728648009423,29.154759474226505,24.020824298928627,19.026297590440446,12.36931687685298,5.0990195135927845,9.486832980505138,19.026297590440446,25.96150997149434
