left_iris-362,left_iris-382,left_iris-381,left_iris-380,left_iris-374,left_iris-373,left_iris-390,left_iris-249,left_iris-263,left_iris-466,left_iris-388,left_iris-387,left_iris-386,left_iris-385,left_iris-384,left_iris-398
34.0147027033899,30.066592756745816,23.345235059857504,14.7648230602334,9.219544457292889,12.727922061357855,17.88854381999832,21.840329667841555,26.1725046566048,23.021728866442675,19.1049731745428,13.92838827718412,8.246211251235321,12.806248474865695,21.840329667841555,30.066592756745816
