left_iris-362,left_iris-382,left_iris-381,left_iris-380,left_iris-374,left_iris-373,left_iris-390,left_iris-249,left_iris-263,left_iris-466,left_iris-388,left_iris-387,left_iris-386,left_iris-385,left_iris-384,left_iris-398
26.076809620810597,24.186773244895647,19.235384061671343,12.083045973594572,6.324555320336759,8.48528137423857,13.0,15.524174696260024,19.1049731745428,17.029386365926403,14.0356688476182,9.848857801796104,5.0990195135927845,9.433981132056603,16.278820596099706,23.0
