left_iris-362,left_iris-382,left_iris-381,left_iris-380,left_iris-374,left_iris-373,left_iris-390,left_iris-249,left_iris-263,left_iris-466,left_iris-388,left_iris-387,left_iris-386,left_iris-385,left_iris-384,left_iris-398
33.24154027718932,29.614185789921695,21.540659228538015,13.601470508735444,13.41640786499874,21.470910553583888,28.861739379323623,33.13608305156178,38.05259518088089,35.22782990761707,30.4138126514911,24.041630560342615,13.45362404707371,9.848857801796104,18.973665961010276,28.0
