left_iris-362,left_iris-382,left_iris-381,left_iris-380,left_iris-374,left_iris-373,left_iris-390,left_iris-249,left_iris-263,left_iris-466,left_iris-388,left_iris-387,left_iris-386,left_iris-385,left_iris-384,left_iris-398
23.53720459187964,19.924858845171276,16.1245154965971,10.295630140987,10.44030650891055,14.212670403551895,17.08800749063506,20.396078054371134,23.021728866442675,21.02379604162864,17.26267650163207,13.41640786499874,7.615773105863909,7.810249675906654,14.317821063276352,20.09975124224178
