left_iris-362,left_iris-382,left_iris-381,left_iris-380,left_iris-374,left_iris-373,left_iris-390,left_iris-249,left_iris-263,left_iris-466,left_iris-388,left_iris-387,left_iris-386,left_iris-385,left_iris-384,left_iris-398
26.019223662515376,23.021728866442675,17.46424919657298,10.63014581273465,9.055385138137416,13.45362404707371,17.88854381999832,21.18962010041709,23.769728648009423,21.37755832643195,18.110770276274835,12.041594578792296,5.0,7.810249675906654,15.811388300841896,23.194827009486403
