left_iris-362,left_iris-382,left_iris-381,left_iris-380,left_iris-374,left_iris-373,left_iris-390,left_iris-249,left_iris-263,left_iris-466,left_iris-388,left_iris-387,left_iris-386,left_iris-385,left_iris-384,left_iris-398
29.410882339705484,26.570660511172846,20.615528128088304,12.041594578792296,7.0710678118654755,12.083045973594572,19.235384061671343,25.019992006393608,30.066592756745816,26.076809620810597,20.223748416156685,13.601470508735444,4.47213595499958,8.54400374531753,18.027756377319943,25.70992026436488
