left_iris-362,left_iris-382,left_iris-381,left_iris-380,left_iris-374,left_iris-373,left_iris-390,left_iris-249,left_iris-263,left_iris-466,left_iris-388,left_iris-387,left_iris-386,left_iris-385,left_iris-384,left_iris-398
44.10215414239989,40.19950248448356,32.55764119219941,21.93171219946131,13.038404810405298,13.038404810405298,18.35755975068582,22.80350850198276,28.0713376952364,25.019992006393608,20.396078054371134,13.892443989449804,9.219544457292889,17.4928556845359,29.614185789921695,39.01281840626232
