left_iris-362,left_iris-382,left_iris-381,left_iris-380,left_iris-374,left_iris-373,left_iris-390,left_iris-249,left_iris-263,left_iris-466,left_iris-388,left_iris-387,left_iris-386,left_iris-385,left_iris-384,left_iris-398
31.04834939252005,27.51363298439521,21.02379604162864,14.142135623730953,9.0,11.40175425099138,15.524174696260024,18.027756377319943,22.09072203437452,18.439088914585778,14.866068747318506,10.0,6.324555320336759,11.704699910719626,20.0,27.459060435491963
