left_iris-362,left_iris-382,left_iris-381,left_iris-380,left_iris-374,left_iris-373,left_iris-390,left_iris-249,left_iris-263,left_iris-466,left_iris-388,left_iris-387,left_iris-386,left_iris-385,left_iris-384,left_iris-398
36.49657518178932,32.01562118716424,25.079872407968907,17.029386365926403,15.297058540778355,21.2602916254693,26.40075756488817,31.04834939252005,35.12833614050059,32.0,27.29468812791236,21.93171219946131,13.41640786499874,13.892443989449804,22.135943621178654,31.016124838541646
