left_iris-362,left_iris-382,left_iris-381,left_iris-380,left_iris-374,left_iris-373,left_iris-390,left_iris-249,left_iris-263,left_iris-466,left_iris-388,left_iris-387,left_iris-386,left_iris-385,left_iris-384,left_iris-398
26.076809620810597,24.186773244895647,19.4164878389476,12.529964086141668,8.54400374531753,9.433981132056603,13.038404810405298,16.15549442140351,19.235384061671343,17.11724276862369,14.0356688476182,10.770329614269007,6.082762530298219,9.219544457292889,16.492422502470642,23.0
