left_iris-362,left_iris-382,left_iris-381,left_iris-380,left_iris-374,left_iris-373,left_iris-390,left_iris-249,left_iris-263,left_iris-466,left_iris-388,left_iris-387,left_iris-386,left_iris-385,left_iris-384,left_iris-398
37.656340767525464,33.734255586866,27.202941017470888,18.35755975068582,10.770329614269007,12.806248474865695,17.0,21.587033144922906,25.079872407968907,23.021728866442675,19.026297590440446,11.704699910719626,5.0,12.649110640673518,24.020824298928627,33.24154027718932
