left_iris-362,left_iris-382,left_iris-381,left_iris-380,left_iris-374,left_iris-373,left_iris-390,left_iris-249,left_iris-263,left_iris-466,left_iris-388,left_iris-387,left_iris-386,left_iris-385,left_iris-384,left_iris-398
30.4138126514911,27.65863337187866,20.8806130178211,12.806248474865695,9.0,12.806248474865695,17.46424919657298,21.840329667841555,24.331050121192877,22.09072203437452,19.026297590440446,13.341664064126334,5.830951894845301,9.433981132056603,19.1049731745428,27.073972741361768
