left_iris-362,left_iris-382,left_iris-381,left_iris-380,left_iris-374,left_iris-373,left_iris-390,left_iris-249,left_iris-263,left_iris-466,left_iris-388,left_iris-387,left_iris-386,left_iris-385,left_iris-384,left_iris-398
31.78049716414141,28.16025568065745,21.540659228538015,13.45362404707371,11.180339887498947,15.811388300841896,20.8806130178211,25.179356624028344,29.068883707497267,26.1725046566048,22.360679774997894,17.08800749063506,9.433981132056603,9.899494936611664,18.24828759089466,27.16615541441225
