left_iris-362,left_iris-382,left_iris-381,left_iris-380,left_iris-374,left_iris-373,left_iris-390,left_iris-249,left_iris-263,left_iris-466,left_iris-388,left_iris-387,left_iris-386,left_iris-385,left_iris-384,left_iris-398
32.7566787083184,29.410882339705484,22.360679774997894,13.601470508735444,12.649110640673518,20.248456731316587,26.570660511172846,32.55764119219941,38.05259518088089,33.015148038438355,28.284271247461906,20.615528128088304,11.6619037896906,12.206555615733702,19.6468827043885,28.16025568065745
