left_iris-362,left_iris-382,left_iris-381,left_iris-380,left_iris-374,left_iris-373,left_iris-390,left_iris-249,left_iris-263,left_iris-466,left_iris-388,left_iris-387,left_iris-386,left_iris-385,left_iris-384,left_iris-398
38.07886552931954,33.52610922848042,26.40075756488817,17.69180601295413,13.0,16.401219466856727,22.135943621178654,27.29468812791236,32.01562118716424,27.16615541441225,22.561028345356956,15.264337522473747,8.0,14.317821063276352,25.079872407968907,34.36568055487916
