left_iris-362,left_iris-382,left_iris-381,left_iris-380,left_iris-374,left_iris-373,left_iris-390,left_iris-249,left_iris-263,left_iris-466,left_iris-388,left_iris-387,left_iris-386,left_iris-385,left_iris-384,left_iris-398
30.01666203960727,27.16615541441225,21.587033144922906,13.892443989449804,9.219544457292889,11.40175425099138,15.652475842498529,19.924858845171276,24.186773244895647,21.02379604162864,16.0312195418814,10.44030650891055,5.0,10.295630140987,19.4164878389476,27.018512172212592
