left_iris-362,left_iris-382,left_iris-381,left_iris-380,left_iris-374,left_iris-373,left_iris-390,left_iris-249,left_iris-263,left_iris-466,left_iris-388,left_iris-387,left_iris-386,left_iris-385,left_iris-384,left_iris-398
33.24154027718932,28.635642126552707,20.248456731316587,11.180339887498947,14.866068747318506,26.92582403567252,34.92849839314596,40.44749683231337,46.04345773288535,43.0,38.11823710509184,30.59411708155671,17.0,7.0710678118654755,17.72004514666935,27.0
