left_iris-362,left_iris-382,left_iris-381,left_iris-380,left_iris-374,left_iris-373,left_iris-390,left_iris-249,left_iris-263,left_iris-466,left_iris-388,left_iris-387,left_iris-386,left_iris-385,left_iris-384,left_iris-398
33.54101966249684,30.4138126514911,25.079872407968907,16.1245154965971,8.602325267042627,7.615773105863909,12.206555615733702,16.55294535724685,19.6468827043885,16.278820596099706,13.038404810405298,7.280109889280518,5.385164807134504,13.892443989449804,23.40939982143925,30.083217912982647
