left_iris-362,left_iris-382,left_iris-381,left_iris-380,left_iris-374,left_iris-373,left_iris-390,left_iris-249,left_iris-263,left_iris-466,left_iris-388,left_iris-387,left_iris-386,left_iris-385,left_iris-384,left_iris-398
19.026297590440446,17.26267650163207,12.649110640673518,7.810249675906654,7.615773105863909,11.6619037896906,14.866068747318506,17.46424919657298,20.09975124224178,18.0,16.1245154965971,11.704699910719626,7.211102550927978,6.708203932499369,11.704699910719626,17.029386365926403
