left_iris-362,left_iris-382,left_iris-381,left_iris-380,left_iris-374,left_iris-373,left_iris-390,left_iris-249,left_iris-263,left_iris-466,left_iris-388,left_iris-387,left_iris-386,left_iris-385,left_iris-384,left_iris-398
30.066592756745816,26.1725046566048,20.396078054371134,12.529964086141668,7.0710678118654755,11.40175425099138,17.08800749063506,20.615528128088304,25.179356624028344,21.02379604162864,17.029386365926403,11.704699910719626,5.0990195135927845,10.295630140987,19.235384061671343,26.0
