left_iris-362,left_iris-382,left_iris-381,left_iris-380,left_iris-374,left_iris-373,left_iris-390,left_iris-249,left_iris-263,left_iris-466,left_iris-388,left_iris-387,left_iris-386,left_iris-385,left_iris-384,left_iris-398
30.80584360149873,26.92582403567252,21.540659228538015,13.45362404707371,8.06225774829855,10.0,13.601470508735444,17.029386365926403,21.095023109728988,17.26267650163207,13.92838827718412,9.219544457292889,6.324555320336759,11.704699910719626,20.024984394500787,27.29468812791236
