left_iris-362,left_iris-382,left_iris-381,left_iris-380,left_iris-374,left_iris-373,left_iris-390,left_iris-249,left_iris-263,left_iris-466,left_iris-388,left_iris-387,left_iris-386,left_iris-385,left_iris-384,left_iris-398
26.1725046566048,23.345235059857504,18.439088914585778,10.816653826391969,7.0710678118654755,9.899494936611664,14.317821063276352,17.72004514666935,20.223748416156685,18.027756377319943,15.033296378372908,10.770329614269007,6.324555320336759,9.219544457292889,16.278820596099706,23.0
