left_iris-362,left_iris-382,left_iris-381,left_iris-380,left_iris-374,left_iris-373,left_iris-390,left_iris-249,left_iris-263,left_iris-466,left_iris-388,left_iris-387,left_iris-386,left_iris-385,left_iris-384,left_iris-398
31.622776601683793,28.231188426986208,21.95449840010015,15.264337522473747,12.649110640673518,18.867962264113206,24.73863375370596,30.066592756745816,35.22782990761707,31.575306807693888,28.16025568065745,22.825424421026653,13.892443989449804,12.529964086141668,18.439088914585778,26.476404589747453
