left_iris-362,left_iris-382,left_iris-381,left_iris-380,left_iris-374,left_iris-373,left_iris-390,left_iris-249,left_iris-263,left_iris-466,left_iris-388,left_iris-387,left_iris-386,left_iris-385,left_iris-384,left_iris-398
28.16025568065745,24.331050121192877,17.72004514666935,9.899494936611664,7.615773105863909,14.317821063276352,19.4164878389476,23.194827009486403,27.0,24.020824298928627,20.223748416156685,14.866068747318506,8.06225774829855,8.48528137423857,17.46424919657298,25.0
