left_iris-362,left_iris-382,left_iris-381,left_iris-380,left_iris-374,left_iris-373,left_iris-390,left_iris-249,left_iris-263,left_iris-466,left_iris-388,left_iris-387,left_iris-386,left_iris-385,left_iris-384,left_iris-398
35.510561809129406,32.7566787083184,25.96150997149434,17.4928556845359,11.180339887498947,10.816653826391969,14.7648230602334,18.439088914585778,23.021728866442675,20.024984394500787,16.1245154965971,9.848857801796104,5.0990195135927845,12.649110640673518,22.02271554554524,31.144823004794873
