left_iris-362,left_iris-382,left_iris-381,left_iris-380,left_iris-374,left_iris-373,left_iris-390,left_iris-249,left_iris-263,left_iris-466,left_iris-388,left_iris-387,left_iris-386,left_iris-385,left_iris-384,left_iris-398
24.186773244895647,21.587033144922906,16.15549442140351,10.63014581273465,9.055385138137416,12.727922061357855,15.652475842498529,18.68154169226941,21.213203435596427,19.026297590440446,16.0312195418814,10.770329614269007,6.324555320336759,7.810249675906654,15.297058540778355,21.0
