left_iris-362,left_iris-382,left_iris-381,left_iris-380,left_iris-374,left_iris-373,left_iris-390,left_iris-249,left_iris-263,left_iris-466,left_iris-388,left_iris-387,left_iris-386,left_iris-385,left_iris-384,left_iris-398
38.11823710509184,34.36568055487916,26.92582403567252,17.204650534085253,13.152946437965904,17.029386365926403,21.095023109728988,25.632011235952593,28.284271247461906,26.019223662515376,22.09072203437452,16.55294535724685,10.44030650891055,14.142135623730953,23.769728648009423,33.015148038438355
