left_iris-362,left_iris-382,left_iris-381,left_iris-380,left_iris-374,left_iris-373,left_iris-390,left_iris-249,left_iris-263,left_iris-466,left_iris-388,left_iris-387,left_iris-386,left_iris-385,left_iris-384,left_iris-398
34.52535300326414,30.80584360149873,23.769728648009423,15.620499351813308,13.341664064126334,18.601075237738275,24.35159132377184,29.274562336608895,34.0147027033899,30.066592756745816,26.30589287593181,20.248456731316587,10.816653826391969,11.40175425099138,20.615528128088304,30.01666203960727
