left_iris-362,left_iris-382,left_iris-381,left_iris-380,left_iris-374,left_iris-373,left_iris-390,left_iris-249,left_iris-263,left_iris-466,left_iris-388,left_iris-387,left_iris-386,left_iris-385,left_iris-384,left_iris-398
31.78049716414141,28.460498941515414,21.470910553583888,14.422205101855956,12.649110640673518,18.867962264113206,24.041630560342615,28.16025568065745,33.015148038438355,29.154759474226505,25.495097567963924,19.697715603592208,10.816653826391969,10.0,19.4164878389476,27.16615541441225
