left_iris-362,left_iris-382,left_iris-381,left_iris-380,left_iris-374,left_iris-373,left_iris-390,left_iris-249,left_iris-263,left_iris-466,left_iris-388,left_iris-387,left_iris-386,left_iris-385,left_iris-384,left_iris-398
24.331050121192877,21.587033144922906,17.72004514666935,11.6619037896906,6.708203932499369,7.0710678118654755,10.770329614269007,13.152946437965904,16.0312195418814,14.142135623730953,11.704699910719626,8.602325267042627,6.082762530298219,10.295630140987,16.1245154965971,21.095023109728988
