left_iris-362,left_iris-382,left_iris-381,left_iris-380,left_iris-374,left_iris-373,left_iris-390,left_iris-249,left_iris-263,left_iris-466,left_iris-388,left_iris-387,left_iris-386,left_iris-385,left_iris-384,left_iris-398
24.515301344262525,22.561028345356956,18.027756377319943,11.6619037896906,7.280109889280518,7.810249675906654,11.180339887498947,14.317821063276352,17.0,15.033296378372908,12.16552506059644,8.06225774829855,5.0990195135927845,8.94427190999916,16.0312195418814,21.213203435596427
