left_iris-362,left_iris-382,left_iris-381,left_iris-380,left_iris-374,left_iris-373,left_iris-390,left_iris-249,left_iris-263,left_iris-466,left_iris-388,left_iris-387,left_iris-386,left_iris-385,left_iris-384,left_iris-398
37.21558813185679,33.54101966249684,25.298221281347036,16.278820596099706,14.0,19.1049731745428,24.186773244895647,27.51363298439521,31.25699921617557,28.0178514522438,24.08318915758459,18.384776310850235,11.180339887498947,13.45362404707371,22.80350850198276,32.0
