left_iris-362,left_iris-382,left_iris-381,left_iris-380,left_iris-374,left_iris-373,left_iris-390,left_iris-249,left_iris-263,left_iris-466,left_iris-388,left_iris-387,left_iris-386,left_iris-385,left_iris-384,left_iris-398
18.027756377319943,15.132745950421556,10.770329614269007,6.082762530298219,12.041594578792296,21.02379604162864,27.51363298439521,32.28002478313795,35.90264614203248,32.984845004941285,28.635642126552707,22.360679774997894,12.36931687685298,2.23606797749979,8.0,15.0
