left_iris-362,left_iris-382,left_iris-381,left_iris-380,left_iris-374,left_iris-373,left_iris-390,left_iris-249,left_iris-263,left_iris-466,left_iris-388,left_iris-387,left_iris-386,left_iris-385,left_iris-384,left_iris-398
27.018512172212592,24.0,18.027756377319943,10.770329614269007,5.385164807134504,8.48528137423857,13.41640786499874,16.15549442140351,18.68154169226941,16.278820596099706,14.0356688476182,9.055385138137416,4.123105625617661,9.433981132056603,17.46424919657298,23.194827009486403
