left_iris-362,left_iris-382,left_iris-381,left_iris-380,left_iris-374,left_iris-373,left_iris-390,left_iris-249,left_iris-263,left_iris-466,left_iris-388,left_iris-387,left_iris-386,left_iris-385,left_iris-384,left_iris-398
33.37663853655727,29.832867780352597,22.47220505424423,14.212670403551895,13.341664064126334,18.439088914585778,24.166091947189145,27.892651361962702,32.0624390837628,29.0,25.179356624028344,19.313207915827967,10.816653826391969,10.816653826391969,19.6468827043885,28.0178514522438
