left_iris-362,left_iris-382,left_iris-381,left_iris-380,left_iris-374,left_iris-373,left_iris-390,left_iris-249,left_iris-263,left_iris-466,left_iris-388,left_iris-387,left_iris-386,left_iris-385,left_iris-384,left_iris-398
31.144823004794873,28.284271247461906,22.561028345356956,14.7648230602334,8.54400374531753,10.63014581273465,14.7648230602334,17.72004514666935,21.095023109728988,19.026297590440446,16.1245154965971,10.770329614269007,6.082762530298219,10.816653826391969,20.396078054371134,28.0
