left_iris-362,left_iris-382,left_iris-381,left_iris-380,left_iris-374,left_iris-373,left_iris-390,left_iris-249,left_iris-263,left_iris-466,left_iris-388,left_iris-387,left_iris-386,left_iris-385,left_iris-384,left_iris-398
27.0,24.08318915758459,18.439088914585778,11.31370849898476,11.04536101718726,16.97056274847714,21.095023109728988,25.079872407968907,28.861739379323623,26.476404589747453,23.08679276123039,17.11724276862369,9.219544457292889,7.615773105863909,15.231546211727816,23.194827009486403
