left_iris-362,left_iris-382,left_iris-381,left_iris-380,left_iris-374,left_iris-373,left_iris-390,left_iris-249,left_iris-263,left_iris-466,left_iris-388,left_iris-387,left_iris-386,left_iris-385,left_iris-384,left_iris-398
40.049968789001575,37.12142238654117,29.42787793912432,18.788294228055936,11.704699910719626,13.601470508735444,19.235384061671343,24.041630560342615,30.265491900843113,27.073972741361768,22.0,15.297058540778355,6.708203932499369,12.206555615733702,24.515301344262525,35.014282800023196
