left_iris-362,left_iris-382,left_iris-381,left_iris-380,left_iris-374,left_iris-373,left_iris-390,left_iris-249,left_iris-263,left_iris-466,left_iris-388,left_iris-387,left_iris-386,left_iris-385,left_iris-384,left_iris-398
30.14962686336267,27.29468812791236,22.561028345356956,15.652475842498529,9.433981132056603,9.848857801796104,12.041594578792296,14.317821063276352,17.26267650163207,15.033296378372908,13.038404810405298,8.94427190999916,5.0990195135927845,11.180339887498947,20.223748416156685,27.018512172212592
