left_iris-362,left_iris-382,left_iris-381,left_iris-380,left_iris-374,left_iris-373,left_iris-390,left_iris-249,left_iris-263,left_iris-466,left_iris-388,left_iris-387,left_iris-386,left_iris-385,left_iris-384,left_iris-398
31.400636936215164,28.635642126552707,22.47220505424423,15.556349186104043,13.0,16.97056274847714,23.259406699226016,28.16025568065745,34.23448553724738,30.01666203960727,25.019992006393608,18.68154169226941,10.63014581273465,10.295630140987,18.973665961010276,26.019223662515376
