left_iris-362,left_iris-382,left_iris-381,left_iris-380,left_iris-374,left_iris-373,left_iris-390,left_iris-249,left_iris-263,left_iris-466,left_iris-388,left_iris-387,left_iris-386,left_iris-385,left_iris-384,left_iris-398
45.17742799230607,40.44749683231337,32.7566787083184,21.02379604162864,12.083045973594572,13.45362404707371,19.697715603592208,24.515301344262525,29.068883707497267,26.0,21.213203435596427,13.41640786499874,7.0710678118654755,17.46424919657298,30.265491900843113,40.01249804748511
