left_iris-362,left_iris-382,left_iris-381,left_iris-380,left_iris-374,left_iris-373,left_iris-390,left_iris-249,left_iris-263,left_iris-466,left_iris-388,left_iris-387,left_iris-386,left_iris-385,left_iris-384,left_iris-398
29.068883707497267,25.317977802344327,18.68154169226941,11.40175425099138,8.246211251235321,12.529964086141668,18.68154169226941,22.20360331117452,26.019223662515376,23.021728866442675,19.235384061671343,13.92838827718412,7.615773105863909,9.899494936611664,18.68154169226941,25.019992006393608
