left_iris-362,left_iris-382,left_iris-381,left_iris-380,left_iris-374,left_iris-373,left_iris-390,left_iris-249,left_iris-263,left_iris-466,left_iris-388,left_iris-387,left_iris-386,left_iris-385,left_iris-384,left_iris-398
30.675723300355937,27.31300056749533,21.095023109728988,13.601470508735444,10.198039027185567,13.601470508735444,18.439088914585778,22.02271554554524,25.179356624028344,21.587033144922906,18.027756377319943,12.806248474865695,8.0,11.180339887498947,19.0,26.68332812825267
