left_iris-362,left_iris-382,left_iris-381,left_iris-380,left_iris-374,left_iris-373,left_iris-390,left_iris-249,left_iris-263,left_iris-466,left_iris-388,left_iris-387,left_iris-386,left_iris-385,left_iris-384,left_iris-398
20.09975124224178,18.24828759089466,13.601470508735444,9.219544457292889,6.0,9.219544457292889,13.0,15.297058540778355,18.027756377319943,16.0,14.142135623730953,9.848857801796104,6.324555320336759,7.0710678118654755,12.36931687685298,18.0
