left_iris-362,left_iris-382,left_iris-381,left_iris-380,left_iris-374,left_iris-373,left_iris-390,left_iris-249,left_iris-263,left_iris-466,left_iris-388,left_iris-387,left_iris-386,left_iris-385,left_iris-384,left_iris-398
34.785054261852174,30.463092423455635,24.186773244895647,15.620499351813308,11.04536101718726,15.811388300841896,21.587033144922906,27.073972741361768,32.0624390837628,27.29468812791236,21.840329667841555,15.264337522473747,8.0,12.529964086141668,22.0,30.80584360149873
