left_iris-362,left_iris-382,left_iris-381,left_iris-380,left_iris-374,left_iris-373,left_iris-390,left_iris-249,left_iris-263,left_iris-466,left_iris-388,left_iris-387,left_iris-386,left_iris-385,left_iris-384,left_iris-398
31.575306807693888,27.892651361962702,22.135943621178654,14.422205101855956,9.486832980505138,10.0,14.317821063276352,17.46424919657298,21.02379604162864,18.027756377319943,14.317821063276352,8.602325267042627,5.385164807134504,11.704699910719626,21.02379604162864,28.16025568065745
