left_iris-362,left_iris-382,left_iris-381,left_iris-380,left_iris-374,left_iris-373,left_iris-390,left_iris-249,left_iris-263,left_iris-466,left_iris-388,left_iris-387,left_iris-386,left_iris-385,left_iris-384,left_iris-398
37.33630940518894,32.55764119219941,24.041630560342615,14.142135623730953,12.083045973594572,21.470910553583888,28.16025568065745,33.37663853655727,39.05124837953327,35.0,31.144823004794873,23.53720459187964,11.40175425099138,9.219544457292889,21.37755832643195,31.016124838541646
