left_iris-362,left_iris-382,left_iris-381,left_iris-380,left_iris-374,left_iris-373,left_iris-390,left_iris-249,left_iris-263,left_iris-466,left_iris-388,left_iris-387,left_iris-386,left_iris-385,left_iris-384,left_iris-398
33.734255586866,30.083217912982647,23.259406699226016,15.0,13.152946437965904,17.804493814764857,22.47220505424423,26.30589287593181,30.0,27.073972741361768,23.345235059857504,17.46424919657298,9.848857801796104,11.31370849898476,20.396078054371134,29.068883707497267
