left_iris-362,left_iris-382,left_iris-381,left_iris-380,left_iris-374,left_iris-373,left_iris-390,left_iris-249,left_iris-263,left_iris-466,left_iris-388,left_iris-387,left_iris-386,left_iris-385,left_iris-384,left_iris-398
35.22782990761707,31.400636936215164,23.769728648009423,13.601470508735444,9.219544457292889,17.0,24.73863375370596,30.265491900843113,37.013511046643494,32.01562118716424,27.16615541441225,18.68154169226941,9.219544457292889,9.899494936611664,21.37755832643195,30.01666203960727
