left_iris-362,left_iris-382,left_iris-381,left_iris-380,left_iris-374,left_iris-373,left_iris-390,left_iris-249,left_iris-263,left_iris-466,left_iris-388,left_iris-387,left_iris-386,left_iris-385,left_iris-384,left_iris-398
33.54101966249684,30.80584360149873,25.0,18.35755975068582,12.529964086141668,11.40175425099138,13.45362404707371,15.231546211727816,18.24828759089466,16.0,13.152946437965904,9.433981132056603,7.0710678118654755,13.41640786499874,22.09072203437452,29.154759474226505
