left_iris-362,left_iris-382,left_iris-381,left_iris-380,left_iris-374,left_iris-373,left_iris-390,left_iris-249,left_iris-263,left_iris-466,left_iris-388,left_iris-387,left_iris-386,left_iris-385,left_iris-384,left_iris-398
31.575306807693888,27.892651361962702,20.615528128088304,12.041594578792296,9.848857801796104,16.55294535724685,22.561028345356956,26.1725046566048,31.0,28.0713376952364,24.331050121192877,18.384776310850235,10.816653826391969,10.0,18.439088914585778,27.073972741361768
