left_iris-362,left_iris-382,left_iris-381,left_iris-380,left_iris-374,left_iris-373,left_iris-390,left_iris-249,left_iris-263,left_iris-466,left_iris-388,left_iris-387,left_iris-386,left_iris-385,left_iris-384,left_iris-398
30.4138126514911,26.68332812825267,21.18962010041709,12.806248474865695,9.0,12.206555615733702,18.027756377319943,21.37755832643195,25.019992006393608,23.0,19.1049731745428,13.601470508735444,6.324555320336759,9.433981132056603,19.1049731745428,26.076809620810597
