left_iris-362,left_iris-382,left_iris-381,left_iris-380,left_iris-374,left_iris-373,left_iris-390,left_iris-249,left_iris-263,left_iris-466,left_iris-388,left_iris-387,left_iris-386,left_iris-385,left_iris-384,left_iris-398
38.01315561749642,35.0,28.16025568065745,19.313207915827967,12.529964086141668,13.41640786499874,17.804493814764857,21.540659228538015,26.476404589747453,24.186773244895647,20.024984394500787,14.142135623730953,5.830951894845301,12.206555615733702,23.769728648009423,33.13608305156178
