left_iris-362,left_iris-382,left_iris-381,left_iris-380,left_iris-374,left_iris-373,left_iris-390,left_iris-249,left_iris-263,left_iris-466,left_iris-388,left_iris-387,left_iris-386,left_iris-385,left_iris-384,left_iris-398
27.51363298439521,24.698178070456937,18.35755975068582,12.206555615733702,10.198039027185567,15.0,19.313207915827967,23.769728648009423,28.16025568065745,24.020824298928627,20.024984394500787,14.560219778561036,6.4031242374328485,7.810249675906654,16.0312195418814,23.53720459187964
