left_iris-362,left_iris-382,left_iris-381,left_iris-380,left_iris-374,left_iris-373,left_iris-390,left_iris-249,left_iris-263,left_iris-466,left_iris-388,left_iris-387,left_iris-386,left_iris-385,left_iris-384,left_iris-398
23.345235059857504,20.615528128088304,15.231546211727816,10.0,9.486832980505138,13.601470508735444,18.384776310850235,21.587033144922906,25.179356624028344,22.09072203437452,19.026297590440446,13.038404810405298,4.47213595499958,5.385164807134504,13.038404810405298,20.09975124224178
