left_iris-362,left_iris-382,left_iris-381,left_iris-380,left_iris-374,left_iris-373,left_iris-390,left_iris-249,left_iris-263,left_iris-466,left_iris-388,left_iris-387,left_iris-386,left_iris-385,left_iris-384,left_iris-398
24.020824298928627,21.0,16.0312195418814,9.486832980505138,4.123105625617661,8.06225774829855,12.649110640673518,16.492422502470642,19.235384061671343,16.1245154965971,13.0,7.280109889280518,3.1622776601683795,8.94427190999916,16.278820596099706,22.09072203437452
