left_iris-362,left_iris-382,left_iris-381,left_iris-380,left_iris-374,left_iris-373,left_iris-390,left_iris-249,left_iris-263,left_iris-466,left_iris-388,left_iris-387,left_iris-386,left_iris-385,left_iris-384,left_iris-398
21.37755832643195,18.973665961010276,13.892443989449804,8.94427190999916,10.295630140987,16.1245154965971,20.8806130178211,23.53720459187964,27.073972741361768,24.020824298928627,21.02379604162864,15.132745950421556,7.211102550927978,4.242640687119285,12.041594578792296,18.110770276274835
