left_iris-362,left_iris-382,left_iris-381,left_iris-380,left_iris-374,left_iris-373,left_iris-390,left_iris-249,left_iris-263,left_iris-466,left_iris-388,left_iris-387,left_iris-386,left_iris-385,left_iris-384,left_iris-398
31.04834939252005,27.51363298439521,21.02379604162864,12.727922061357855,8.06225774829855,12.529964086141668,18.24828759089466,22.02271554554524,26.076809620810597,23.194827009486403,19.6468827043885,13.892443989449804,7.280109889280518,10.816653826391969,19.026297590440446,27.29468812791236
