left_iris-362,left_iris-382,left_iris-381,left_iris-380,left_iris-374,left_iris-373,left_iris-390,left_iris-249,left_iris-263,left_iris-466,left_iris-388,left_iris-387,left_iris-386,left_iris-385,left_iris-384,left_iris-398
31.400636936215164,28.635642126552707,23.40939982143925,15.620499351813308,12.16552506059644,14.866068747318506,20.12461179749811,24.041630560342615,29.154759474226505,26.019223662515376,22.09072203437452,15.811388300841896,9.433981132056603,10.63014581273465,19.6468827043885,27.018512172212592
