left_iris-362,left_iris-382,left_iris-381,left_iris-380,left_iris-374,left_iris-373,left_iris-390,left_iris-249,left_iris-263,left_iris-466,left_iris-388,left_iris-387,left_iris-386,left_iris-385,left_iris-384,left_iris-398
38.3275357934736,33.734255586866,27.202941017470888,18.027756377319943,11.40175425099138,13.601470508735444,17.4928556845359,21.18962010041709,25.317977802344327,22.09072203437452,17.0,10.44030650891055,5.0990195135927845,13.601470508735444,25.079872407968907,34.058772731852805
