left_iris-362,left_iris-382,left_iris-381,left_iris-380,left_iris-374,left_iris-373,left_iris-390,left_iris-249,left_iris-263,left_iris-466,left_iris-388,left_iris-387,left_iris-386,left_iris-385,left_iris-384,left_iris-398
36.6742416417845,32.28002478313795,24.166091947189145,14.866068747318506,11.180339887498947,16.64331697709324,22.135943621178654,27.29468812791236,31.016124838541646,27.073972741361768,22.360679774997894,15.652475842498529,8.06225774829855,12.529964086141668,23.08679276123039,32.14031735997639
