left_iris-362,left_iris-382,left_iris-381,left_iris-380,left_iris-374,left_iris-373,left_iris-390,left_iris-249,left_iris-263,left_iris-466,left_iris-388,left_iris-387,left_iris-386,left_iris-385,left_iris-384,left_iris-398
24.515301344262525,22.80350850198276,18.027756377319943,11.40175425099138,7.0710678118654755,8.48528137423857,11.704699910719626,15.132745950421556,18.027756377319943,16.1245154965971,13.341664064126334,9.433981132056603,5.0,8.94427190999916,16.0312195418814,22.09072203437452
