left_iris-362,left_iris-382,left_iris-381,left_iris-380,left_iris-374,left_iris-373,left_iris-390,left_iris-249,left_iris-263,left_iris-466,left_iris-388,left_iris-387,left_iris-386,left_iris-385,left_iris-384,left_iris-398
23.08679276123039,20.09975124224178,15.297058540778355,8.06225774829855,4.123105625617661,9.848857801796104,14.317821063276352,18.24828759089466,21.02379604162864,18.0,15.033296378372908,9.486832980505138,3.1622776601683795,6.708203932499369,15.132745950421556,21.0
