left_iris-362,left_iris-382,left_iris-381,left_iris-380,left_iris-374,left_iris-373,left_iris-390,left_iris-249,left_iris-263,left_iris-466,left_iris-388,left_iris-387,left_iris-386,left_iris-385,left_iris-384,left_iris-398
32.57299494980466,29.154759474226505,23.323807579381203,15.811388300841896,13.341664064126334,17.804493814764857,21.93171219946131,25.70992026436488,29.017236257093817,26.019223662515376,22.360679774997894,17.0,10.770329614269007,11.31370849898476,19.1049731745428,28.442925306655784
