left_iris-362,left_iris-382,left_iris-381,left_iris-380,left_iris-374,left_iris-373,left_iris-390,left_iris-249,left_iris-263,left_iris-466,left_iris-388,left_iris-387,left_iris-386,left_iris-385,left_iris-384,left_iris-398
30.265491900843113,27.459060435491963,21.840329667841555,14.422205101855956,10.198039027185567,12.806248474865695,16.1245154965971,19.924858845171276,23.08679276123039,21.0,17.11724276862369,12.649110640673518,6.324555320336759,10.0,19.235384061671343,27.018512172212592
