left_iris-362,left_iris-382,left_iris-381,left_iris-380,left_iris-374,left_iris-373,left_iris-390,left_iris-249,left_iris-263,left_iris-466,left_iris-388,left_iris-387,left_iris-386,left_iris-385,left_iris-384,left_iris-398
29.068883707497267,25.317977802344327,18.68154169226941,11.40175425099138,8.06225774829855,13.892443989449804,18.973665961010276,23.345235059857504,28.0713376952364,24.0,19.1049731745428,12.649110640673518,5.0990195135927845,8.94427190999916,18.110770276274835,26.0
