left_iris-362,left_iris-382,left_iris-381,left_iris-380,left_iris-374,left_iris-373,left_iris-390,left_iris-249,left_iris-263,left_iris-466,left_iris-388,left_iris-387,left_iris-386,left_iris-385,left_iris-384,left_iris-398
27.16615541441225,24.020824298928627,18.027756377319943,10.770329614269007,7.0710678118654755,12.041594578792296,17.204650534085253,20.12461179749811,23.769728648009423,20.8806130178211,17.26267650163207,11.0,5.0,8.48528137423857,17.08800749063506,23.53720459187964
