left_iris-362,left_iris-382,left_iris-381,left_iris-380,left_iris-374,left_iris-373,left_iris-390,left_iris-249,left_iris-263,left_iris-466,left_iris-388,left_iris-387,left_iris-386,left_iris-385,left_iris-384,left_iris-398
33.37663853655727,29.614185789921695,23.40939982143925,14.866068747318506,12.16552506059644,18.439088914585778,24.166091947189145,28.16025568065745,32.2490309931942,30.066592756745816,26.076809620810597,19.924858845171276,11.40175425099138,10.816653826391969,19.6468827043885,28.0178514522438
