left_iris-362,left_iris-382,left_iris-381,left_iris-380,left_iris-374,left_iris-373,left_iris-390,left_iris-249,left_iris-263,left_iris-466,left_iris-388,left_iris-387,left_iris-386,left_iris-385,left_iris-384,left_iris-398
24.186773244895647,21.587033144922906,17.46424919657298,12.041594578792296,10.04987562112089,12.727922061357855,15.652475842498529,17.72004514666935,21.095023109728988,18.027756377319943,15.033296378372908,10.44030650891055,5.385164807134504,8.602325267042627,15.297058540778355,21.02379604162864
