left_iris-362,left_iris-382,left_iris-381,left_iris-380,left_iris-374,left_iris-373,left_iris-390,left_iris-249,left_iris-263,left_iris-466,left_iris-388,left_iris-387,left_iris-386,left_iris-385,left_iris-384,left_iris-398
30.066592756745816,26.30589287593181,20.248456731316587,14.212670403551895,13.152946437965904,18.384776310850235,21.95449840010015,24.698178070456937,27.459060435491963,25.179356624028344,22.0,16.492422502470642,8.602325267042627,9.219544457292889,18.973665961010276,26.019223662515376
