left_iris-362,left_iris-382,left_iris-381,left_iris-380,left_iris-374,left_iris-373,left_iris-390,left_iris-249,left_iris-263,left_iris-466,left_iris-388,left_iris-387,left_iris-386,left_iris-385,left_iris-384,left_iris-398
32.7566787083184,29.120439557122072,21.93171219946131,14.212670403551895,11.40175425099138,16.64331697709324,21.840329667841555,26.1725046566048,30.01666203960727,27.16615541441225,23.769728648009423,18.35755975068582,10.770329614269007,11.40175425099138,19.6468827043885,28.0713376952364
