left_iris-362,left_iris-382,left_iris-381,left_iris-380,left_iris-374,left_iris-373,left_iris-390,left_iris-249,left_iris-263,left_iris-466,left_iris-388,left_iris-387,left_iris-386,left_iris-385,left_iris-384,left_iris-398
34.132096331752024,30.4138126514911,23.769728648009423,15.0,10.0,13.45362404707371,18.384776310850235,21.587033144922906,26.019223662515376,23.0,19.1049731745428,12.649110640673518,6.082762530298219,11.6619037896906,22.360679774997894,30.0
