left_iris-362,left_iris-382,left_iris-381,left_iris-380,left_iris-374,left_iris-373,left_iris-390,left_iris-249,left_iris-263,left_iris-466,left_iris-388,left_iris-387,left_iris-386,left_iris-385,left_iris-384,left_iris-398
26.476404589747453,22.80350850198276,17.46424919657298,11.40175425099138,10.198039027185567,14.212670403551895,18.384776310850235,21.587033144922906,25.179356624028344,23.021728866442675,19.026297590440446,14.560219778561036,7.211102550927978,8.48528137423857,15.297058540778355,23.021728866442675
