left_iris-362,left_iris-382,left_iris-381,left_iris-380,left_iris-374,left_iris-373,left_iris-390,left_iris-249,left_iris-263,left_iris-466,left_iris-388,left_iris-387,left_iris-386,left_iris-385,left_iris-384,left_iris-398
30.14962686336267,27.073972741361768,21.0,12.649110640673518,7.280109889280518,11.31370849898476,17.0,21.18962010041709,25.70992026436488,21.587033144922906,17.46424919657298,10.198039027185567,1.0,9.219544457292889,19.4164878389476,26.30589287593181
