left_iris-362,left_iris-382,left_iris-381,left_iris-380,left_iris-374,left_iris-373,left_iris-390,left_iris-249,left_iris-263,left_iris-466,left_iris-388,left_iris-387,left_iris-386,left_iris-385,left_iris-384,left_iris-398
24.08318915758459,21.02379604162864,16.0312195418814,8.54400374531753,4.0,8.94427190999916,13.341664064126334,17.26267650163207,20.09975124224178,17.0,13.038404810405298,8.54400374531753,4.0,8.94427190999916,15.524174696260024,21.213203435596427
