left_iris-362,left_iris-382,left_iris-381,left_iris-380,left_iris-374,left_iris-373,left_iris-390,left_iris-249,left_iris-263,left_iris-466,left_iris-388,left_iris-387,left_iris-386,left_iris-385,left_iris-384,left_iris-398
26.1725046566048,23.021728866442675,18.027756377319943,10.295630140987,8.0,12.806248474865695,17.88854381999832,22.135943621178654,26.476404589747453,22.20360331117452,18.027756377319943,12.041594578792296,5.0,7.810249675906654,17.08800749063506,23.53720459187964
