left_iris-362,left_iris-382,left_iris-381,left_iris-380,left_iris-374,left_iris-373,left_iris-390,left_iris-249,left_iris-263,left_iris-466,left_iris-388,left_iris-387,left_iris-386,left_iris-385,left_iris-384,left_iris-398
29.154759474226505,26.019223662515376,20.024984394500787,13.0,8.54400374531753,12.206555615733702,16.64331697709324,21.02379604162864,23.769728648009423,20.396078054371134,17.11724276862369,11.04536101718726,4.47213595499958,9.433981132056603,18.973665961010276,26.476404589747453
