left_iris-362,left_iris-382,left_iris-381,left_iris-380,left_iris-374,left_iris-373,left_iris-390,left_iris-249,left_iris-263,left_iris-466,left_iris-388,left_iris-387,left_iris-386,left_iris-385,left_iris-384,left_iris-398
36.22154055254967,32.55764119219941,25.0,15.811388300841896,10.04987562112089,14.866068747318506,21.93171219946131,26.92582403567252,32.38826948140329,28.0713376952364,22.02271554554524,14.560219778561036,7.280109889280518,11.40175425099138,22.360679774997894,32.01562118716424
