left_iris-362,left_iris-382,left_iris-381,left_iris-380,left_iris-374,left_iris-373,left_iris-390,left_iris-249,left_iris-263,left_iris-466,left_iris-388,left_iris-387,left_iris-386,left_iris-385,left_iris-384,left_iris-398
31.78049716414141,29.120439557122072,22.84731931759173,14.142135623730953,10.04987562112089,13.601470508735444,17.72004514666935,21.095023109728988,24.186773244895647,22.360679774997894,19.924858845171276,15.811388300841896,9.486832980505138,12.041594578792296,20.223748416156685,28.16025568065745
