left_iris-362,left_iris-382,left_iris-381,left_iris-380,left_iris-374,left_iris-373,left_iris-390,left_iris-249,left_iris-263,left_iris-466,left_iris-388,left_iris-387,left_iris-386,left_iris-385,left_iris-384,left_iris-398
30.01666203960727,27.018512172212592,21.095023109728988,13.341664064126334,5.0,9.433981132056603,16.76305461424021,23.53720459187964,29.274562336608895,24.186773244895647,18.110770276274835,10.0,1.4142135623730951,10.198039027185567,20.09975124224178,27.018512172212592
