left_iris-362,left_iris-382,left_iris-381,left_iris-380,left_iris-374,left_iris-373,left_iris-390,left_iris-249,left_iris-263,left_iris-466,left_iris-388,left_iris-387,left_iris-386,left_iris-385,left_iris-384,left_iris-398
24.020824298928627,21.02379604162864,15.132745950421556,6.4031242374328485,7.0710678118654755,16.492422502470642,24.186773244895647,30.01666203960727,35.014282800023196,31.016124838541646,26.076809620810597,19.1049731745428,8.54400374531753,3.605551275463989,13.341664064126334,20.024984394500787
