left_iris-362,left_iris-382,left_iris-381,left_iris-380,left_iris-374,left_iris-373,left_iris-390,left_iris-249,left_iris-263,left_iris-466,left_iris-388,left_iris-387,left_iris-386,left_iris-385,left_iris-384,left_iris-398
25.495097567963924,21.840329667841555,16.55294535724685,11.40175425099138,9.219544457292889,13.601470508735444,17.08800749063506,20.396078054371134,23.021728866442675,20.024984394500787,17.26267650163207,13.0,6.708203932499369,7.810249675906654,15.132745950421556,22.09072203437452
