left_iris-362,left_iris-382,left_iris-381,left_iris-380,left_iris-374,left_iris-373,left_iris-390,left_iris-249,left_iris-263,left_iris-466,left_iris-388,left_iris-387,left_iris-386,left_iris-385,left_iris-384,left_iris-398
32.55764119219941,29.120439557122072,22.84731931759173,15.0,13.341664064126334,18.601075237738275,24.041630560342615,28.284271247461906,32.01562118716424,29.274562336608895,25.70992026436488,20.591260281974,13.41640786499874,13.038404810405298,19.924858845171276,28.0178514522438
