left_iris-362,left_iris-382,left_iris-381,left_iris-380,left_iris-374,left_iris-373,left_iris-390,left_iris-249,left_iris-263,left_iris-466,left_iris-388,left_iris-387,left_iris-386,left_iris-385,left_iris-384,left_iris-398
29.274562336608895,25.495097567963924,18.973665961010276,11.40175425099138,8.06225774829855,12.206555615733702,17.08800749063506,20.396078054371134,24.08318915758459,21.0,18.027756377319943,12.649110640673518,5.830951894845301,8.602325267042627,17.26267650163207,25.019992006393608
