left_iris-362,left_iris-382,left_iris-381,left_iris-380,left_iris-374,left_iris-373,left_iris-390,left_iris-249,left_iris-263,left_iris-466,left_iris-388,left_iris-387,left_iris-386,left_iris-385,left_iris-384,left_iris-398
31.25699921617557,28.442925306655784,23.08679276123039,15.556349186104043,12.0,16.97056274847714,20.12461179749811,23.769728648009423,26.019223662515376,25.019992006393608,22.360679774997894,18.384776310850235,11.6619037896906,11.40175425099138,19.924858845171276,27.0
