left_iris-362,left_iris-382,left_iris-381,left_iris-380,left_iris-374,left_iris-373,left_iris-390,left_iris-249,left_iris-263,left_iris-466,left_iris-388,left_iris-387,left_iris-386,left_iris-385,left_iris-384,left_iris-398
32.38826948140329,29.614185789921695,23.08679276123039,14.866068747318506,11.04536101718726,17.804493814764857,23.769728648009423,28.861739379323623,34.132096331752024,31.016124838541646,26.019223662515376,19.6468827043885,9.899494936611664,9.433981132056603,18.68154169226941,27.018512172212592
