left_iris-362,left_iris-382,left_iris-381,left_iris-380,left_iris-374,left_iris-373,left_iris-390,left_iris-249,left_iris-263,left_iris-466,left_iris-388,left_iris-387,left_iris-386,left_iris-385,left_iris-384,left_iris-398
30.066592756745816,26.1725046566048,20.615528128088304,13.038404810405298,9.219544457292889,12.041594578792296,16.1245154965971,19.924858845171276,23.194827009486403,20.024984394500787,16.0312195418814,10.770329614269007,5.0,10.770329614269007,20.223748416156685,27.018512172212592
