left_iris-362,left_iris-382,left_iris-381,left_iris-380,left_iris-374,left_iris-373,left_iris-390,left_iris-249,left_iris-263,left_iris-466,left_iris-388,left_iris-387,left_iris-386,left_iris-385,left_iris-384,left_iris-398
35.6931365951495,32.01562118716424,26.248809496813376,17.204650534085253,11.40175425099138,12.806248474865695,17.88854381999832,20.615528128088304,25.019992006393608,22.0,19.1049731745428,12.649110640673518,5.0990195135927845,11.704699910719626,22.02271554554524,31.144823004794873
