left_iris-362,left_iris-382,left_iris-381,left_iris-380,left_iris-374,left_iris-373,left_iris-390,left_iris-249,left_iris-263,left_iris-466,left_iris-388,left_iris-387,left_iris-386,left_iris-385,left_iris-384,left_iris-398
35.22782990761707,31.575306807693888,25.96150997149434,18.027756377319943,12.083045973594572,12.206555615733702,17.88854381999832,23.53720459187964,30.0,25.179356624028344,20.8806130178211,15.620499351813308,13.038404810405298,17.69180601295413,25.0,32.0
