left_iris-362,left_iris-382,left_iris-381,left_iris-380,left_iris-374,left_iris-373,left_iris-390,left_iris-249,left_iris-263,left_iris-466,left_iris-388,left_iris-387,left_iris-386,left_iris-385,left_iris-384,left_iris-398
34.36568055487916,30.80584360149873,23.769728648009423,15.620499351813308,13.341664064126334,19.209372712298546,24.698178070456937,28.635642126552707,33.015148038438355,30.01666203960727,26.30589287593181,20.248456731316587,12.206555615733702,11.6619037896906,20.8806130178211,29.0
