left_iris-362,left_iris-382,left_iris-381,left_iris-380,left_iris-374,left_iris-373,left_iris-390,left_iris-249,left_iris-263,left_iris-466,left_iris-388,left_iris-387,left_iris-386,left_iris-385,left_iris-384,left_iris-398
33.95585369269929,31.04834939252005,24.698178070456937,16.278820596099706,13.038404810405298,17.69180601295413,22.47220505424423,26.30589287593181,30.01666203960727,28.16025568065745,24.331050121192877,18.973665961010276,10.0,9.219544457292889,19.235384061671343,28.16025568065745
