left_iris-362,left_iris-382,left_iris-381,left_iris-380,left_iris-374,left_iris-373,left_iris-390,left_iris-249,left_iris-263,left_iris-466,left_iris-388,left_iris-387,left_iris-386,left_iris-385,left_iris-384,left_iris-398
27.018512172212592,24.186773244895647,18.68154169226941,12.041594578792296,12.16552506059644,17.69180601295413,22.47220505424423,26.0,29.832867780352597,27.29468812791236,24.020824298928627,18.24828759089466,10.63014581273465,8.54400374531753,15.231546211727816,23.08679276123039
