left_iris-362,left_iris-382,left_iris-381,left_iris-380,left_iris-374,left_iris-373,left_iris-390,left_iris-249,left_iris-263,left_iris-466,left_iris-388,left_iris-387,left_iris-386,left_iris-385,left_iris-384,left_iris-398
27.459060435491963,23.769728648009423,17.46424919657298,9.433981132056603,10.0,17.46424919657298,22.561028345356956,26.1725046566048,30.0,28.0713376952364,24.331050121192877,18.027756377319943,10.63014581273465,8.602325267042627,16.492422502470642,23.021728866442675
