left_iris-362,left_iris-382,left_iris-381,left_iris-380,left_iris-374,left_iris-373,left_iris-390,left_iris-249,left_iris-263,left_iris-466,left_iris-388,left_iris-387,left_iris-386,left_iris-385,left_iris-384,left_iris-398
37.107950630558946,33.52610922848042,26.40075756488817,17.69180601295413,14.0356688476182,19.1049731745428,23.769728648009423,28.442925306655784,33.015148038438355,29.154759474226505,25.495097567963924,19.313207915827967,10.295630140987,10.63014581273465,22.20360331117452,31.400636936215164
