left_iris-362,left_iris-382,left_iris-381,left_iris-380,left_iris-374,left_iris-373,left_iris-390,left_iris-249,left_iris-263,left_iris-466,left_iris-388,left_iris-387,left_iris-386,left_iris-385,left_iris-384,left_iris-398
39.05124837953327,36.12478373637688,27.459060435491963,17.0,11.180339887498947,14.866068747318506,21.02379604162864,25.96150997149434,31.25699921617557,28.0713376952364,23.0,16.278820596099706,7.211102550927978,11.40175425099138,23.53720459187964,34.0147027033899
