left_iris-362,left_iris-382,left_iris-381,left_iris-380,left_iris-374,left_iris-373,left_iris-390,left_iris-249,left_iris-263,left_iris-466,left_iris-388,left_iris-387,left_iris-386,left_iris-385,left_iris-384,left_iris-398
36.013886210738214,32.0624390837628,24.515301344262525,14.422205101855956,11.0,16.278820596099706,21.02379604162864,25.0,29.274562336608895,25.079872407968907,21.0,14.317821063276352,5.385164807134504,10.816653826391969,22.561028345356956,31.064449134018133
