left_iris-362,left_iris-382,left_iris-381,left_iris-380,left_iris-374,left_iris-373,left_iris-390,left_iris-249,left_iris-263,left_iris-466,left_iris-388,left_iris-387,left_iris-386,left_iris-385,left_iris-384,left_iris-398
25.70992026436488,23.769728648009423,18.027756377319943,12.041594578792296,8.06225774829855,12.206555615733702,18.027756377319943,22.360679774997894,27.073972741361768,24.0,20.024984394500787,14.317821063276352,5.656854249492381,5.830951894845301,15.033296378372908,22.20360331117452
