left_iris-362,left_iris-382,left_iris-381,left_iris-380,left_iris-374,left_iris-373,left_iris-390,left_iris-249,left_iris-263,left_iris-466,left_iris-388,left_iris-387,left_iris-386,left_iris-385,left_iris-384,left_iris-398
26.30589287593181,23.345235059857504,17.46424919657298,10.295630140987,5.0,9.486832980505138,15.033296378372908,19.0,23.194827009486403,19.235384061671343,15.297058540778355,8.54400374531753,3.1622776601683795,9.219544457292889,17.0,24.08318915758459
