left_iris-362,left_iris-382,left_iris-381,left_iris-380,left_iris-374,left_iris-373,left_iris-390,left_iris-249,left_iris-263,left_iris-466,left_iris-388,left_iris-387,left_iris-386,left_iris-385,left_iris-384,left_iris-398
28.635642126552707,25.0,19.235384061671343,13.0,14.7648230602334,22.47220505424423,29.410882339705484,33.37663853655727,38.0,35.05709628591621,31.400636936215164,24.35159132377184,15.556349186104043,10.198039027185567,16.15549442140351,24.020824298928627
