left_iris-362,left_iris-382,left_iris-381,left_iris-380,left_iris-374,left_iris-373,left_iris-390,left_iris-249,left_iris-263,left_iris-466,left_iris-388,left_iris-387,left_iris-386,left_iris-385,left_iris-384,left_iris-398
25.179356624028344,22.360679774997894,16.76305461424021,11.40175425099138,8.0,9.899494936611664,13.41640786499874,15.524174696260024,18.110770276274835,16.0,14.317821063276352,10.295630140987,7.0710678118654755,9.219544457292889,16.492422502470642,22.0
