left_iris-362,left_iris-382,left_iris-381,left_iris-380,left_iris-374,left_iris-373,left_iris-390,left_iris-249,left_iris-263,left_iris-466,left_iris-388,left_iris-387,left_iris-386,left_iris-385,left_iris-384,left_iris-398
32.28002478313795,28.792360097775937,21.470910553583888,13.601470508735444,11.704699910719626,18.35755975068582,23.769728648009423,28.16025568065745,33.06055050963308,30.14962686336267,25.495097567963924,18.973665961010276,9.219544457292889,8.48528137423857,18.027756377319943,27.459060435491963
