left_iris-362,left_iris-382,left_iris-381,left_iris-380,left_iris-374,left_iris-373,left_iris-390,left_iris-249,left_iris-263,left_iris-466,left_iris-388,left_iris-387,left_iris-386,left_iris-385,left_iris-384,left_iris-398
35.17101079013795,31.622776601683793,25.495097567963924,15.620499351813308,13.152946437965904,19.209372712298546,24.35159132377184,28.442925306655784,33.015148038438355,31.144823004794873,27.65863337187866,22.360679774997894,13.892443989449804,13.038404810405298,20.615528128088304,29.274562336608895
