left_iris-362,left_iris-382,left_iris-381,left_iris-380,left_iris-374,left_iris-373,left_iris-390,left_iris-249,left_iris-263,left_iris-466,left_iris-388,left_iris-387,left_iris-386,left_iris-385,left_iris-384,left_iris-398
31.575306807693888,27.892651361962702,22.47220505424423,15.556349186104043,12.0,16.278820596099706,22.84731931759173,27.892651361962702,34.132096331752024,29.0,24.08318915758459,17.72004514666935,10.0,10.816653826391969,18.68154169226941,27.018512172212592
