left_iris-362,left_iris-382,left_iris-381,left_iris-380,left_iris-374,left_iris-373,left_iris-390,left_iris-249,left_iris-263,left_iris-466,left_iris-388,left_iris-387,left_iris-386,left_iris-385,left_iris-384,left_iris-398
30.083217912982647,27.51363298439521,21.095023109728988,14.7648230602334,13.92838827718412,21.095023109728988,26.92582403567252,32.14031735997639,38.11823710509184,34.23448553724738,29.614185789921695,22.47220505424423,12.806248474865695,10.295630140987,17.46424919657298,26.1725046566048
