left_iris-362,left_iris-382,left_iris-381,left_iris-380,left_iris-374,left_iris-373,left_iris-390,left_iris-249,left_iris-263,left_iris-466,left_iris-388,left_iris-387,left_iris-386,left_iris-385,left_iris-384,left_iris-398
23.021728866442675,21.095023109728988,16.278820596099706,9.433981132056603,7.0,10.63014581273465,15.652475842498529,18.973665961010276,22.360679774997894,19.1049731745428,17.029386365926403,12.16552506059644,5.656854249492381,6.4031242374328485,13.601470508735444,20.024984394500787
