left_iris-362,left_iris-382,left_iris-381,left_iris-380,left_iris-374,left_iris-373,left_iris-390,left_iris-249,left_iris-263,left_iris-466,left_iris-388,left_iris-387,left_iris-386,left_iris-385,left_iris-384,left_iris-398
29.410882339705484,26.0,20.591260281974,14.212670403551895,10.04987562112089,12.806248474865695,16.76305461424021,20.09975124224178,23.08679276123039,19.4164878389476,15.811388300841896,11.40175425099138,7.0710678118654755,11.180339887498947,19.0,25.495097567963924
