left_iris-362,left_iris-382,left_iris-381,left_iris-380,left_iris-374,left_iris-373,left_iris-390,left_iris-249,left_iris-263,left_iris-466,left_iris-388,left_iris-387,left_iris-386,left_iris-385,left_iris-384,left_iris-398
27.073972741361768,23.194827009486403,17.46424919657298,10.0,7.0710678118654755,12.529964086141668,16.492422502470642,20.223748416156685,24.020824298928627,21.0,18.110770276274835,12.36931687685298,5.0,8.06225774829855,17.26267650163207,24.0
