left_iris-362,left_iris-382,left_iris-381,left_iris-380,left_iris-374,left_iris-373,left_iris-390,left_iris-249,left_iris-263,left_iris-466,left_iris-388,left_iris-387,left_iris-386,left_iris-385,left_iris-384,left_iris-398
25.317977802344327,22.561028345356956,17.72004514666935,10.816653826391969,7.0,9.433981132056603,14.560219778561036,18.110770276274835,21.0,19.026297590440446,16.278820596099706,11.180339887498947,5.385164807134504,8.602325267042627,16.1245154965971,22.09072203437452
