left_iris-362,left_iris-382,left_iris-381,left_iris-380,left_iris-374,left_iris-373,left_iris-390,left_iris-249,left_iris-263,left_iris-466,left_iris-388,left_iris-387,left_iris-386,left_iris-385,left_iris-384,left_iris-398
41.78516483155236,37.16180835212409,30.886890422961,21.213203435596427,13.341664064126334,12.727922061357855,17.46424919657298,24.0,29.614185789921695,24.041630560342615,18.788294228055936,11.31370849898476,8.602325267042627,16.492422502470642,28.16025568065745,37.36308338453881
