left_iris-362,left_iris-382,left_iris-381,left_iris-380,left_iris-374,left_iris-373,left_iris-390,left_iris-249,left_iris-263,left_iris-466,left_iris-388,left_iris-387,left_iris-386,left_iris-385,left_iris-384,left_iris-398
28.0713376952364,24.331050121192877,18.68154169226941,10.63014581273465,8.246211251235321,13.601470508735444,18.384776310850235,21.840329667841555,25.317977802344327,23.08679276123039,19.0,13.341664064126334,5.830951894845301,7.810249675906654,17.46424919657298,24.020824298928627
