left_iris-362,left_iris-382,left_iris-381,left_iris-380,left_iris-374,left_iris-373,left_iris-390,left_iris-249,left_iris-263,left_iris-466,left_iris-388,left_iris-387,left_iris-386,left_iris-385,left_iris-384,left_iris-398
23.0,20.024984394500787,15.132745950421556,8.94427190999916,6.082762530298219,9.219544457292889,13.038404810405298,16.15549442140351,18.68154169226941,17.26267650163207,14.0356688476182,10.198039027185567,4.47213595499958,7.0710678118654755,14.560219778561036,20.09975124224178
