left_iris-362,left_iris-382,left_iris-381,left_iris-380,left_iris-374,left_iris-373,left_iris-390,left_iris-249,left_iris-263,left_iris-466,left_iris-388,left_iris-387,left_iris-386,left_iris-385,left_iris-384,left_iris-398
29.42787793912432,26.476404589747453,20.8806130178211,12.206555615733702,8.0,12.206555615733702,18.973665961010276,23.345235059857504,29.017236257093817,25.0,20.09975124224178,14.560219778561036,5.830951894845301,8.602325267042627,18.110770276274835,25.079872407968907
