left_iris-362,left_iris-382,left_iris-381,left_iris-380,left_iris-374,left_iris-373,left_iris-390,left_iris-249,left_iris-263,left_iris-466,left_iris-388,left_iris-387,left_iris-386,left_iris-385,left_iris-384,left_iris-398
30.364452901377952,26.92582403567252,20.591260281974,14.212670403551895,11.04536101718726,13.601470508735444,17.72004514666935,21.095023109728988,24.08318915758459,21.37755832643195,17.72004514666935,12.206555615733702,7.0,11.180339887498947,19.0,26.68332812825267
