left_iris-362,left_iris-382,left_iris-381,left_iris-380,left_iris-374,left_iris-373,left_iris-390,left_iris-249,left_iris-263,left_iris-466,left_iris-388,left_iris-387,left_iris-386,left_iris-385,left_iris-384,left_iris-398
32.2490309931942,28.635642126552707,21.18962010041709,13.45362404707371,10.04987562112089,14.212670403551895,18.027756377319943,21.37755832643195,24.020824298928627,21.095023109728988,17.26267650163207,11.6619037896906,7.0,12.529964086141668,21.213203435596427,29.017236257093817
