left_iris-362,left_iris-382,left_iris-381,left_iris-380,left_iris-374,left_iris-373,left_iris-390,left_iris-249,left_iris-263,left_iris-466,left_iris-388,left_iris-387,left_iris-386,left_iris-385,left_iris-384,left_iris-398
34.23448553724738,31.400636936215164,25.70992026436488,17.88854381999832,11.6619037896906,12.083045973594572,15.620499351813308,18.788294228055936,23.345235059857504,20.09975124224178,16.0312195418814,10.770329614269007,7.0,13.038404810405298,22.360679774997894,30.01666203960727
