left_iris-362,left_iris-382,left_iris-381,left_iris-380,left_iris-374,left_iris-373,left_iris-390,left_iris-249,left_iris-263,left_iris-466,left_iris-388,left_iris-387,left_iris-386,left_iris-385,left_iris-384,left_iris-398
34.713109915419565,32.01562118716424,24.35159132377184,15.0,9.055385138137416,12.806248474865695,18.027756377319943,23.345235059857504,27.018512172212592,24.0,20.09975124224178,13.601470508735444,4.123105625617661,10.44030650891055,22.0,30.265491900843113
