left_iris-362,left_iris-382,left_iris-381,left_iris-380,left_iris-374,left_iris-373,left_iris-390,left_iris-249,left_iris-263,left_iris-466,left_iris-388,left_iris-387,left_iris-386,left_iris-385,left_iris-384,left_iris-398
32.2490309931942,28.635642126552707,22.135943621178654,14.422205101855956,9.486832980505138,11.40175425099138,15.264337522473747,18.384776310850235,21.37755832643195,18.110770276274835,15.033296378372908,8.94427190999916,6.082762530298219,12.083045973594572,21.095023109728988,28.0178514522438
