left_iris-362,left_iris-382,left_iris-381,left_iris-380,left_iris-374,left_iris-373,left_iris-390,left_iris-249,left_iris-263,left_iris-466,left_iris-388,left_iris-387,left_iris-386,left_iris-385,left_iris-384,left_iris-398
30.066592756745816,28.16025568065745,22.360679774997894,14.317821063276352,8.94427190999916,9.433981132056603,12.206555615733702,14.866068747318506,18.110770276274835,16.0312195418814,13.038404810405298,8.94427190999916,6.0,11.6619037896906,20.396078054371134,27.0
