left_iris-362,left_iris-382,left_iris-381,left_iris-380,left_iris-374,left_iris-373,left_iris-390,left_iris-249,left_iris-263,left_iris-466,left_iris-388,left_iris-387,left_iris-386,left_iris-385,left_iris-384,left_iris-398
27.29468812791236,24.73863375370596,18.788294228055936,13.038404810405298,13.601470508735444,18.439088914585778,23.70653918225939,27.51363298439521,30.4138126514911,28.16025568065745,24.0,18.24828759089466,10.0,7.211102550927978,15.524174696260024,23.021728866442675
