left_iris-362,left_iris-382,left_iris-381,left_iris-380,left_iris-374,left_iris-373,left_iris-390,left_iris-249,left_iris-263,left_iris-466,left_iris-388,left_iris-387,left_iris-386,left_iris-385,left_iris-384,left_iris-398
39.319206502675,34.713109915419565,26.248809496813376,16.278820596099706,11.0,16.401219466856727,22.135943621178654,27.459060435491963,32.0624390837628,28.0178514522438,22.20360331117452,14.317821063276352,8.0,13.892443989449804,25.179356624028344,35.014282800023196
