left_iris-362,left_iris-382,left_iris-381,left_iris-380,left_iris-374,left_iris-373,left_iris-390,left_iris-249,left_iris-263,left_iris-466,left_iris-388,left_iris-387,left_iris-386,left_iris-385,left_iris-384,left_iris-398
33.06055050963308,29.0,23.08679276123039,14.866068747318506,8.06225774829855,10.0,15.264337522473747,18.027756377319943,21.37755832643195,19.026297590440446,16.0312195418814,11.180339887498947,7.0,12.806248474865695,22.135943621178654,29.274562336608895
