left_iris-362,left_iris-382,left_iris-381,left_iris-380,left_iris-374,left_iris-373,left_iris-390,left_iris-249,left_iris-263,left_iris-466,left_iris-388,left_iris-387,left_iris-386,left_iris-385,left_iris-384,left_iris-398
25.495097567963924,23.53720459187964,18.027756377319943,11.40175425099138,7.0,10.0,14.560219778561036,18.24828759089466,22.0,19.026297590440446,16.278820596099706,12.083045973594572,6.324555320336759,8.602325267042627,16.278820596099706,22.09072203437452
