left_iris-362,left_iris-382,left_iris-381,left_iris-380,left_iris-374,left_iris-373,left_iris-390,left_iris-249,left_iris-263,left_iris-466,left_iris-388,left_iris-387,left_iris-386,left_iris-385,left_iris-384,left_iris-398
27.0,23.0,18.110770276274835,9.486832980505138,5.0,11.180339887498947,17.72004514666935,22.561028345356956,27.29468812791236,23.194827009486403,18.110770276274835,11.0,2.8284271247461903,7.615773105863909,17.26267650163207,23.08679276123039
