left_iris-362,left_iris-382,left_iris-381,left_iris-380,left_iris-374,left_iris-373,left_iris-390,left_iris-249,left_iris-263,left_iris-466,left_iris-388,left_iris-387,left_iris-386,left_iris-385,left_iris-384,left_iris-398
37.12142238654117,34.23448553724738,26.68332812825267,17.4928556845359,12.649110640673518,14.422205101855956,18.601075237738275,21.93171219946131,25.495097567963924,23.08679276123039,20.0,15.524174696260024,8.54400374531753,12.727922061357855,22.80350850198276,32.01562118716424
