left_iris-362,left_iris-382,left_iris-381,left_iris-380,left_iris-374,left_iris-373,left_iris-390,left_iris-249,left_iris-263,left_iris-466,left_iris-388,left_iris-387,left_iris-386,left_iris-385,left_iris-384,left_iris-398
25.079872407968907,22.20360331117452,16.76305461424021,9.219544457292889,8.94427190999916,16.1245154965971,21.840329667841555,27.29468812791236,31.016124838541646,28.0,24.020824298928627,17.26267650163207,8.06225774829855,5.830951894845301,14.560219778561036,21.02379604162864
