left_iris-362,left_iris-382,left_iris-381,left_iris-380,left_iris-374,left_iris-373,left_iris-390,left_iris-249,left_iris-263,left_iris-466,left_iris-388,left_iris-387,left_iris-386,left_iris-385,left_iris-384,left_iris-398
23.345235059857504,20.8806130178211,15.652475842498529,10.0,9.219544457292889,14.212670403551895,18.384776310850235,21.587033144922906,24.186773244895647,21.02379604162864,18.0,12.16552506059644,5.656854249492381,5.830951894845301,14.0356688476182,20.09975124224178
