left_iris-362,left_iris-382,left_iris-381,left_iris-380,left_iris-374,left_iris-373,left_iris-390,left_iris-249,left_iris-263,left_iris-466,left_iris-388,left_iris-387,left_iris-386,left_iris-385,left_iris-384,left_iris-398
26.076809620810597,23.194827009486403,17.72004514666935,10.63014581273465,10.44030650891055,16.64331697709324,21.18962010041709,25.495097567963924,30.14962686336267,27.018512172212592,23.0,16.1245154965971,7.211102550927978,5.656854249492381,15.297058540778355,22.02271554554524
