left_iris-362,left_iris-382,left_iris-381,left_iris-380,left_iris-374,left_iris-373,left_iris-390,left_iris-249,left_iris-263,left_iris-466,left_iris-388,left_iris-387,left_iris-386,left_iris-385,left_iris-384,left_iris-398
30.4138126514911,27.65863337187866,21.18962010041709,12.727922061357855,9.055385138137416,13.038404810405298,18.68154169226941,22.20360331117452,25.0,23.021728866442675,19.235384061671343,14.317821063276352,7.615773105863909,10.0,19.235384061671343,27.073972741361768
