left_iris-362,left_iris-382,left_iris-381,left_iris-380,left_iris-374,left_iris-373,left_iris-390,left_iris-249,left_iris-263,left_iris-466,left_iris-388,left_iris-387,left_iris-386,left_iris-385,left_iris-384,left_iris-398
28.16025568065745,24.698178070456937,19.72308292331602,13.038404810405298,10.198039027185567,15.0,18.973665961010276,21.37755832643195,25.019992006393608,22.02271554554524,18.24828759089466,12.083045973594572,6.324555320336759,9.433981132056603,17.029386365926403,24.331050121192877
