left_iris-362,left_iris-382,left_iris-381,left_iris-380,left_iris-374,left_iris-373,left_iris-390,left_iris-249,left_iris-263,left_iris-466,left_iris-388,left_iris-387,left_iris-386,left_iris-385,left_iris-384,left_iris-398
29.42787793912432,25.70992026436488,20.248456731316587,12.806248474865695,9.0,12.041594578792296,17.46424919657298,20.615528128088304,24.08318915758459,21.0,18.110770276274835,13.0,6.324555320336759,10.0,18.110770276274835,25.079872407968907
