left_iris-362,left_iris-382,left_iris-381,left_iris-380,left_iris-374,left_iris-373,left_iris-390,left_iris-249,left_iris-263,left_iris-466,left_iris-388,left_iris-387,left_iris-386,left_iris-385,left_iris-384,left_iris-398
25.70992026436488,22.135943621178654,16.1245154965971,10.44030650891055,12.806248474865695,20.12461179749811,25.70992026436488,29.274562336608895,33.0,30.066592756745816,26.30589287593181,21.18962010041709,12.727922061357855,8.246211251235321,14.560219778561036,21.095023109728988
