left_iris-362,left_iris-382,left_iris-381,left_iris-380,left_iris-374,left_iris-373,left_iris-390,left_iris-249,left_iris-263,left_iris-466,left_iris-388,left_iris-387,left_iris-386,left_iris-385,left_iris-384,left_iris-398
33.24154027718932,30.59411708155671,24.041630560342615,15.811388300841896,10.198039027185567,12.041594578792296,15.652475842498529,19.6468827043885,23.021728866442675,20.024984394500787,17.26267650163207,11.6619037896906,7.0,12.206555615733702,21.213203435596427,29.017236257093817
