left_iris-362,left_iris-382,left_iris-381,left_iris-380,left_iris-374,left_iris-373,left_iris-390,left_iris-249,left_iris-263,left_iris-466,left_iris-388,left_iris-387,left_iris-386,left_iris-385,left_iris-384,left_iris-398
39.05124837953327,35.17101079013795,27.51363298439521,16.64331697709324,9.219544457292889,11.40175425099138,16.76305461424021,21.37755832643195,26.019223662515376,23.021728866442675,18.24828759089466,12.083045973594572,5.0990195135927845,13.341664064126334,25.0,34.36568055487916
