left_iris-362,left_iris-382,left_iris-381,left_iris-380,left_iris-374,left_iris-373,left_iris-390,left_iris-249,left_iris-263,left_iris-466,left_iris-388,left_iris-387,left_iris-386,left_iris-385,left_iris-384,left_iris-398
23.021728866442675,20.0,15.033296378372908,7.280109889280518,3.0,8.54400374531753,14.317821063276352,17.26267650163207,20.09975124224178,18.0,14.0356688476182,9.486832980505138,5.0990195135927845,8.602325267042627,15.524174696260024,21.095023109728988
