left_iris-362,left_iris-382,left_iris-381,left_iris-380,left_iris-374,left_iris-373,left_iris-390,left_iris-249,left_iris-263,left_iris-466,left_iris-388,left_iris-387,left_iris-386,left_iris-385,left_iris-384,left_iris-398
37.21558813185679,33.54101966249684,26.248809496813376,17.804493814764857,14.142135623730953,17.204650534085253,22.20360331117452,25.079872407968907,27.459060435491963,25.079872407968907,22.09072203437452,17.46424919657298,10.770329614269007,14.142135623730953,23.769728648009423,32.0
