left_iris-362,left_iris-382,left_iris-381,left_iris-380,left_iris-374,left_iris-373,left_iris-390,left_iris-249,left_iris-263,left_iris-466,left_iris-388,left_iris-387,left_iris-386,left_iris-385,left_iris-384,left_iris-398
28.0713376952364,24.0,18.24828759089466,11.40175425099138,9.0,12.727922061357855,16.64331697709324,19.697715603592208,22.80350850198276,19.4164878389476,16.1245154965971,11.04536101718726,4.47213595499958,9.219544457292889,18.027756377319943,24.331050121192877
