left_iris-362,left_iris-382,left_iris-381,left_iris-380,left_iris-374,left_iris-373,left_iris-390,left_iris-249,left_iris-263,left_iris-466,left_iris-388,left_iris-387,left_iris-386,left_iris-385,left_iris-384,left_iris-398
29.017236257093817,25.0,19.1049731745428,11.180339887498947,6.0,11.40175425099138,16.55294535724685,20.8806130178211,24.515301344262525,21.213203435596427,17.0,11.40175425099138,5.0990195135927845,10.0,18.68154169226941,25.179356624028344
