left_iris-362,left_iris-382,left_iris-381,left_iris-380,left_iris-374,left_iris-373,left_iris-390,left_iris-249,left_iris-263,left_iris-466,left_iris-388,left_iris-387,left_iris-386,left_iris-385,left_iris-384,left_iris-398
36.138621999185304,32.28002478313795,26.0,16.278820596099706,11.0,14.212670403551895,18.973665961010276,23.194827009486403,27.018512172212592,24.186773244895647,20.8806130178211,16.1245154965971,10.198039027185567,12.806248474865695,22.09072203437452,31.25699921617557
