left_iris-362,left_iris-382,left_iris-381,left_iris-380,left_iris-374,left_iris-373,left_iris-390,left_iris-249,left_iris-263,left_iris-466,left_iris-388,left_iris-387,left_iris-386,left_iris-385,left_iris-384,left_iris-398
33.734255586866,31.32091952673165,24.166091947189145,15.811388300841896,14.317821063276352,19.4164878389476,25.0,29.154759474226505,33.06055050963308,30.265491900843113,26.476404589747453,20.248456731316587,10.63014581273465,9.899494936611664,20.223748416156685,29.154759474226505
