left_iris-362,left_iris-382,left_iris-381,left_iris-380,left_iris-374,left_iris-373,left_iris-390,left_iris-249,left_iris-263,left_iris-466,left_iris-388,left_iris-387,left_iris-386,left_iris-385,left_iris-384,left_iris-398
34.132096331752024,31.144823004794873,24.331050121192877,14.866068747318506,6.4031242374328485,9.433981132056603,15.524174696260024,20.223748416156685,25.019992006393608,22.02271554554524,18.027756377319943,11.180339887498947,3.0,11.40175425099138,22.09072203437452,30.01666203960727
