left_iris-362,left_iris-382,left_iris-381,left_iris-380,left_iris-374,left_iris-373,left_iris-390,left_iris-249,left_iris-263,left_iris-466,left_iris-388,left_iris-387,left_iris-386,left_iris-385,left_iris-384,left_iris-398
22.09072203437452,19.0,13.152946437965904,7.810249675906654,8.94427190999916,15.811388300841896,20.615528128088304,24.35159132377184,27.892651361962702,24.515301344262525,21.37755832643195,15.132745950421556,6.082762530298219,4.242640687119285,12.649110640673518,18.439088914585778
