left_iris-362,left_iris-382,left_iris-381,left_iris-380,left_iris-374,left_iris-373,left_iris-390,left_iris-249,left_iris-263,left_iris-466,left_iris-388,left_iris-387,left_iris-386,left_iris-385,left_iris-384,left_iris-398
33.13608305156178,29.274562336608895,20.615528128088304,11.31370849898476,10.816653826391969,21.02379604162864,28.861739379323623,34.36568055487916,40.01249804748511,36.013886210738214,32.14031735997639,24.73863375370596,12.806248474865695,8.06225774829855,18.68154169226941,28.0178514522438
