left_iris-362,left_iris-382,left_iris-381,left_iris-380,left_iris-374,left_iris-373,left_iris-390,left_iris-249,left_iris-263,left_iris-466,left_iris-388,left_iris-387,left_iris-386,left_iris-385,left_iris-384,left_iris-398
24.331050121192877,21.840329667841555,15.652475842498529,10.295630140987,10.770329614269007,16.64331697709324,21.540659228538015,25.70992026436488,29.154759474226505,26.019223662515376,22.09072203437452,16.76305461424021,9.219544457292889,7.211102550927978,14.560219778561036,21.0
