left_iris-362,left_iris-382,left_iris-381,left_iris-380,left_iris-374,left_iris-373,left_iris-390,left_iris-249,left_iris-263,left_iris-466,left_iris-388,left_iris-387,left_iris-386,left_iris-385,left_iris-384,left_iris-398
41.48493702538308,37.0,28.635642126552707,17.69180601295413,13.152946437965904,18.027756377319943,24.73863375370596,29.068883707497267,34.132096331752024,31.400636936215164,27.202941017470888,20.248456731316587,11.40175425099138,14.212670403551895,26.1725046566048,36.345563690772494
