left_iris-362,left_iris-382,left_iris-381,left_iris-380,left_iris-374,left_iris-373,left_iris-390,left_iris-249,left_iris-263,left_iris-466,left_iris-388,left_iris-387,left_iris-386,left_iris-385,left_iris-384,left_iris-398
29.42787793912432,26.68332812825267,19.924858845171276,12.041594578792296,8.06225774829855,13.038404810405298,18.027756377319943,21.37755832643195,25.0,22.09072203437452,19.4164878389476,14.317821063276352,8.54400374531753,10.63014581273465,18.24828759089466,26.019223662515376
