left_iris-362,left_iris-382,left_iris-381,left_iris-380,left_iris-374,left_iris-373,left_iris-390,left_iris-249,left_iris-263,left_iris-466,left_iris-388,left_iris-387,left_iris-386,left_iris-385,left_iris-384,left_iris-398
30.14962686336267,26.019223662515376,20.024984394500787,12.529964086141668,9.055385138137416,14.212670403551895,18.027756377319943,21.02379604162864,23.08679276123039,21.37755832643195,18.027756377319943,12.16552506059644,6.324555320336759,11.40175425099138,20.248456731316587,26.68332812825267
