left_iris-362,left_iris-382,left_iris-381,left_iris-380,left_iris-374,left_iris-373,left_iris-390,left_iris-249,left_iris-263,left_iris-466,left_iris-388,left_iris-387,left_iris-386,left_iris-385,left_iris-384,left_iris-398
25.495097567963924,21.840329667841555,16.55294535724685,10.816653826391969,10.770329614269007,15.811388300841896,20.248456731316587,22.561028345356956,26.076809620810597,23.0,20.09975124224178,14.866068747318506,7.810249675906654,7.810249675906654,15.297058540778355,22.02271554554524
