left_iris-362,left_iris-382,left_iris-381,left_iris-380,left_iris-374,left_iris-373,left_iris-390,left_iris-249,left_iris-263,left_iris-466,left_iris-388,left_iris-387,left_iris-386,left_iris-385,left_iris-384,left_iris-398
24.08318915758459,21.02379604162864,16.0,9.219544457292889,4.123105625617661,7.810249675906654,13.0,15.811388300841896,19.4164878389476,16.278820596099706,13.038404810405298,7.0710678118654755,3.0,8.54400374531753,15.524174696260024,21.213203435596427
