left_iris-362,left_iris-382,left_iris-381,left_iris-380,left_iris-374,left_iris-373,left_iris-390,left_iris-249,left_iris-263,left_iris-466,left_iris-388,left_iris-387,left_iris-386,left_iris-385,left_iris-384,left_iris-398
26.476404589747453,23.08679276123039,17.46424919657298,11.40175425099138,10.198039027185567,14.212670403551895,18.384776310850235,20.615528128088304,24.08318915758459,21.0,18.110770276274835,12.649110640673518,5.830951894845301,8.06225774829855,16.0312195418814,23.08679276123039
