left_iris-362,left_iris-382,left_iris-381,left_iris-380,left_iris-374,left_iris-373,left_iris-390,left_iris-249,left_iris-263,left_iris-466,left_iris-388,left_iris-387,left_iris-386,left_iris-385,left_iris-384,left_iris-398
26.0,23.08679276123039,18.24828759089466,10.295630140987,6.0,10.63014581273465,14.317821063276352,17.72004514666935,20.223748416156685,18.110770276274835,15.0,10.198039027185567,4.47213595499958,8.602325267042627,16.492422502470642,23.08679276123039
