left_iris-362,left_iris-382,left_iris-381,left_iris-380,left_iris-374,left_iris-373,left_iris-390,left_iris-249,left_iris-263,left_iris-466,left_iris-388,left_iris-387,left_iris-386,left_iris-385,left_iris-384,left_iris-398
34.36568055487916,29.832867780352597,21.540659228538015,12.806248474865695,12.083045973594572,19.72308292331602,26.248809496813376,30.80584360149873,35.12833614050059,32.0,28.16025568065745,21.18962010041709,12.206555615733702,10.816653826391969,19.6468827043885,29.017236257093817
