left_iris-362,left_iris-382,left_iris-381,left_iris-380,left_iris-374,left_iris-373,left_iris-390,left_iris-249,left_iris-263,left_iris-466,left_iris-388,left_iris-387,left_iris-386,left_iris-385,left_iris-384,left_iris-398
28.635642126552707,25.96150997149434,20.615528128088304,13.45362404707371,10.04987562112089,13.45362404707371,17.0,19.924858845171276,22.20360331117452,20.0,17.11724276862369,12.083045973594572,7.280109889280518,10.0,17.11724276862369,25.179356624028344
