left_iris-362,left_iris-382,left_iris-381,left_iris-380,left_iris-374,left_iris-373,left_iris-390,left_iris-249,left_iris-263,left_iris-466,left_iris-388,left_iris-387,left_iris-386,left_iris-385,left_iris-384,left_iris-398
39.11521443121589,34.36568055487916,25.96150997149434,16.401219466856727,12.0,17.029386365926403,22.84731931759173,26.92582403567252,31.144823004794873,28.0,24.186773244895647,17.46424919657298,10.770329614269007,14.142135623730953,24.041630560342615,34.0147027033899
