left_iris-362,left_iris-382,left_iris-381,left_iris-380,left_iris-374,left_iris-373,left_iris-390,left_iris-249,left_iris-263,left_iris-466,left_iris-388,left_iris-387,left_iris-386,left_iris-385,left_iris-384,left_iris-398
32.55764119219941,28.861739379323623,21.18962010041709,12.041594578792296,8.54400374531753,15.231546211727816,22.360679774997894,28.16025568065745,33.0,29.017236257093817,25.179356624028344,18.027756377319943,8.602325267042627,8.48528137423857,19.235384061671343,28.0713376952364
