left_iris-362,left_iris-382,left_iris-381,left_iris-380,left_iris-374,left_iris-373,left_iris-390,left_iris-249,left_iris-263,left_iris-466,left_iris-388,left_iris-387,left_iris-386,left_iris-385,left_iris-384,left_iris-398
33.734255586866,30.80584360149873,24.35159132377184,16.278820596099706,13.0,16.97056274847714,21.93171219946131,26.476404589747453,30.0,28.0713376952364,25.495097567963924,20.615528128088304,12.206555615733702,11.6619037896906,19.6468827043885,28.0713376952364
