left_iris-362,left_iris-382,left_iris-381,left_iris-380,left_iris-374,left_iris-373,left_iris-390,left_iris-249,left_iris-263,left_iris-466,left_iris-388,left_iris-387,left_iris-386,left_iris-385,left_iris-384,left_iris-398
29.068883707497267,26.1725046566048,20.396078054371134,12.529964086141668,6.324555320336759,7.810249675906654,11.704699910719626,15.297058540778355,18.027756377319943,15.0,12.16552506059644,7.211102550927978,4.47213595499958,11.704699910719626,20.223748416156685,26.0
