left_iris-362,left_iris-382,left_iris-381,left_iris-380,left_iris-374,left_iris-373,left_iris-390,left_iris-249,left_iris-263,left_iris-466,left_iris-388,left_iris-387,left_iris-386,left_iris-385,left_iris-384,left_iris-398
21.095023109728988,18.24828759089466,14.560219778561036,8.602325267042627,5.0,7.810249675906654,11.704699910719626,14.560219778561036,17.11724276862369,14.0,12.041594578792296,7.615773105863909,5.0990195135927845,7.211102550927978,13.341664064126334,18.0
