left_iris-362,left_iris-382,left_iris-381,left_iris-380,left_iris-374,left_iris-373,left_iris-390,left_iris-249,left_iris-263,left_iris-466,left_iris-388,left_iris-387,left_iris-386,left_iris-385,left_iris-384,left_iris-398
32.64965543462902,29.154759474226505,22.80350850198276,15.231546211727816,12.083045973594572,17.46424919657298,23.08679276123039,27.073972741361768,31.78049716414141,28.16025568065745,24.698178070456937,18.35755975068582,8.94427190999916,8.06225774829855,18.110770276274835,27.85677655436824
