left_iris-362,left_iris-382,left_iris-381,left_iris-380,left_iris-374,left_iris-373,left_iris-390,left_iris-249,left_iris-263,left_iris-466,left_iris-388,left_iris-387,left_iris-386,left_iris-385,left_iris-384,left_iris-398
44.10215414239989,40.19950248448356,32.55764119219941,21.02379604162864,12.083045973594572,13.45362404707371,19.697715603592208,24.73863375370596,30.066592756745816,26.019223662515376,22.20360331117452,14.7648230602334,9.0,17.0,29.42787793912432,39.01281840626232
