left_iris-362,left_iris-382,left_iris-381,left_iris-380,left_iris-374,left_iris-373,left_iris-390,left_iris-249,left_iris-263,left_iris-466,left_iris-388,left_iris-387,left_iris-386,left_iris-385,left_iris-384,left_iris-398
34.132096331752024,31.144823004794873,25.317977802344327,16.15549442140351,8.602325267042627,8.602325267042627,13.892443989449804,18.027756377319943,22.360679774997894,19.1049731745428,15.0,9.219544457292889,4.123105625617661,11.704699910719626,22.09072203437452,30.01666203960727
