left_iris-362,left_iris-382,left_iris-381,left_iris-380,left_iris-374,left_iris-373,left_iris-390,left_iris-249,left_iris-263,left_iris-466,left_iris-388,left_iris-387,left_iris-386,left_iris-385,left_iris-384,left_iris-398
25.317977802344327,21.587033144922906,16.15549442140351,10.63014581273465,8.246211251235321,12.206555615733702,16.76305461424021,20.396078054371134,23.021728866442675,21.02379604162864,17.26267650163207,12.083045973594572,6.324555320336759,9.219544457292889,16.278820596099706,22.02271554554524
