left_iris-362,left_iris-382,left_iris-381,left_iris-380,left_iris-374,left_iris-373,left_iris-390,left_iris-249,left_iris-263,left_iris-466,left_iris-388,left_iris-387,left_iris-386,left_iris-385,left_iris-384,left_iris-398
32.7566787083184,29.120439557122072,23.40939982143925,15.264337522473747,8.54400374531753,9.899494936611664,14.317821063276352,18.439088914585778,22.09072203437452,18.0,14.317821063276352,7.810249675906654,6.4031242374328485,13.341664064126334,22.0,29.274562336608895
