left_iris-362,left_iris-382,left_iris-381,left_iris-380,left_iris-374,left_iris-373,left_iris-390,left_iris-249,left_iris-263,left_iris-466,left_iris-388,left_iris-387,left_iris-386,left_iris-385,left_iris-384,left_iris-398
28.284271247461906,24.515301344262525,18.973665961010276,11.31370849898476,9.219544457292889,13.601470508735444,18.973665961010276,22.360679774997894,25.019992006393608,23.021728866442675,19.235384061671343,14.866068747318506,8.06225774829855,8.48528137423857,17.46424919657298,24.020824298928627
