left_iris-362,left_iris-382,left_iris-381,left_iris-380,left_iris-374,left_iris-373,left_iris-390,left_iris-249,left_iris-263,left_iris-466,left_iris-388,left_iris-387,left_iris-386,left_iris-385,left_iris-384,left_iris-398
35.22782990761707,31.400636936215164,24.73863375370596,14.7648230602334,8.06225774829855,12.806248474865695,18.384776310850235,23.08679276123039,26.476404589747453,24.186773244895647,20.024984394500787,14.142135623730953,5.385164807134504,11.180339887498947,22.20360331117452,31.016124838541646
