left_iris-362,left_iris-382,left_iris-381,left_iris-380,left_iris-374,left_iris-373,left_iris-390,left_iris-249,left_iris-263,left_iris-466,left_iris-388,left_iris-387,left_iris-386,left_iris-385,left_iris-384,left_iris-398
27.0,24.020824298928627,19.1049731745428,11.704699910719626,6.4031242374328485,7.810249675906654,11.6619037896906,14.866068747318506,18.24828759089466,16.1245154965971,13.0,8.246211251235321,4.0,9.433981132056603,17.46424919657298,23.08679276123039
