left_iris-362,left_iris-382,left_iris-381,left_iris-380,left_iris-374,left_iris-373,left_iris-390,left_iris-249,left_iris-263,left_iris-466,left_iris-388,left_iris-387,left_iris-386,left_iris-385,left_iris-384,left_iris-398
29.274562336608895,25.495097567963924,19.924858845171276,12.206555615733702,8.06225774829855,11.31370849898476,15.231546211727816,18.439088914585778,22.02271554554524,19.026297590440446,16.1245154965971,10.770329614269007,5.0990195135927845,9.848857801796104,18.110770276274835,25.019992006393608
