left_iris-362,left_iris-382,left_iris-381,left_iris-380,left_iris-374,left_iris-373,left_iris-390,left_iris-249,left_iris-263,left_iris-466,left_iris-388,left_iris-387,left_iris-386,left_iris-385,left_iris-384,left_iris-398
27.018512172212592,25.019992006393608,19.1049731745428,11.40175425099138,5.0,6.4031242374328485,11.704699910719626,15.297058540778355,18.027756377319943,16.0312195418814,13.038404810405298,8.246211251235321,4.0,9.848857801796104,18.24828759089466,24.020824298928627
