left_iris-362,left_iris-382,left_iris-381,left_iris-380,left_iris-374,left_iris-373,left_iris-390,left_iris-249,left_iris-263,left_iris-466,left_iris-388,left_iris-387,left_iris-386,left_iris-385,left_iris-384,left_iris-398
33.54101966249684,30.80584360149873,24.35159132377184,15.811388300841896,9.219544457292889,12.206555615733702,17.72004514666935,22.09072203437452,27.018512172212592,24.186773244895647,20.396078054371134,14.317821063276352,7.280109889280518,11.6619037896906,21.095023109728988,29.154759474226505
