left_iris-362,left_iris-382,left_iris-381,left_iris-380,left_iris-374,left_iris-373,left_iris-390,left_iris-249,left_iris-263,left_iris-466,left_iris-388,left_iris-387,left_iris-386,left_iris-385,left_iris-384,left_iris-398
37.36308338453881,33.52610922848042,26.40075756488817,17.029386365926403,13.038404810405298,17.804493814764857,22.47220505424423,27.29468812791236,31.016124838541646,28.16025568065745,24.515301344262525,18.384776310850235,9.433981132056603,10.816653826391969,22.02271554554524,31.400636936215164
