left_iris-362,left_iris-382,left_iris-381,left_iris-380,left_iris-374,left_iris-373,left_iris-390,left_iris-249,left_iris-263,left_iris-466,left_iris-388,left_iris-387,left_iris-386,left_iris-385,left_iris-384,left_iris-398
37.21558813185679,33.54101966249684,25.96150997149434,16.401219466856727,11.04536101718726,14.866068747318506,19.235384061671343,23.40939982143925,26.476404589747453,23.194827009486403,19.0,12.36931687685298,5.0,13.0,24.186773244895647,33.015148038438355
