left_iris-362,left_iris-382,left_iris-381,left_iris-380,left_iris-374,left_iris-373,left_iris-390,left_iris-249,left_iris-263,left_iris-466,left_iris-388,left_iris-387,left_iris-386,left_iris-385,left_iris-384,left_iris-398
31.575306807693888,29.274562336608895,23.08679276123039,15.132745950421556,7.810249675906654,7.615773105863909,12.206555615733702,16.15549442140351,19.4164878389476,17.11724276862369,13.0,8.54400374531753,6.082762530298219,13.601470508735444,22.84731931759173,29.120439557122072
