left_iris-362,left_iris-382,left_iris-381,left_iris-380,left_iris-374,left_iris-373,left_iris-390,left_iris-249,left_iris-263,left_iris-466,left_iris-388,left_iris-387,left_iris-386,left_iris-385,left_iris-384,left_iris-398
34.23448553724738,31.25699921617557,25.495097567963924,15.652475842498529,9.486832980505138,12.806248474865695,19.924858845171276,25.317977802344327,31.0,28.0713376952364,24.331050121192877,17.46424919657298,8.94427190999916,11.31370849898476,21.587033144922906,30.0
