left_iris-362,left_iris-382,left_iris-381,left_iris-380,left_iris-374,left_iris-373,left_iris-390,left_iris-249,left_iris-263,left_iris-466,left_iris-388,left_iris-387,left_iris-386,left_iris-385,left_iris-384,left_iris-398
26.92582403567252,23.53720459187964,18.110770276274835,11.180339887498947,6.4031242374328485,8.06225774829855,12.806248474865695,16.64331697709324,20.615528128088304,17.08800749063506,13.341664064126334,8.06225774829855,5.0,9.899494936611664,17.88854381999832,23.40939982143925
