left_iris-362,left_iris-382,left_iris-381,left_iris-380,left_iris-374,left_iris-373,left_iris-390,left_iris-249,left_iris-263,left_iris-466,left_iris-388,left_iris-387,left_iris-386,left_iris-385,left_iris-384,left_iris-398
29.017236257093817,25.0,19.1049731745428,11.704699910719626,5.0990195135927845,10.816653826391969,16.76305461424021,21.587033144922906,26.1725046566048,22.02271554554524,18.027756377319943,11.40175425099138,6.082762530298219,10.816653826391969,18.973665961010276,25.179356624028344
