left_iris-362,left_iris-382,left_iris-381,left_iris-380,left_iris-374,left_iris-373,left_iris-390,left_iris-249,left_iris-263,left_iris-466,left_iris-388,left_iris-387,left_iris-386,left_iris-385,left_iris-384,left_iris-398
23.021728866442675,20.09975124224178,16.1245154965971,8.94427190999916,4.123105625617661,8.06225774829855,12.649110640673518,16.278820596099706,20.09975124224178,17.029386365926403,14.0,9.055385138137416,3.605551275463989,6.708203932499369,14.142135623730953,20.0
