left_iris-362,left_iris-382,left_iris-381,left_iris-380,left_iris-374,left_iris-373,left_iris-390,left_iris-249,left_iris-263,left_iris-466,left_iris-388,left_iris-387,left_iris-386,left_iris-385,left_iris-384,left_iris-398
31.400636936215164,28.635642126552707,21.840329667841555,14.422205101855956,10.44030650891055,11.40175425099138,15.264337522473747,18.027756377319943,21.213203435596427,19.026297590440446,15.033296378372908,10.770329614269007,6.0,11.6619037896906,20.223748416156685,27.073972741361768
