left_iris-362,left_iris-382,left_iris-381,left_iris-380,left_iris-374,left_iris-373,left_iris-390,left_iris-249,left_iris-263,left_iris-466,left_iris-388,left_iris-387,left_iris-386,left_iris-385,left_iris-384,left_iris-398
29.832867780352597,26.248809496813376,19.697715603592208,12.806248474865695,10.44030650891055,15.264337522473747,20.8806130178211,24.186773244895647,28.0178514522438,25.179356624028344,22.561028345356956,17.88854381999832,10.295630140987,10.0,17.26267650163207,25.079872407968907
