left_iris-362,left_iris-382,left_iris-381,left_iris-380,left_iris-374,left_iris-373,left_iris-390,left_iris-249,left_iris-263,left_iris-466,left_iris-388,left_iris-387,left_iris-386,left_iris-385,left_iris-384,left_iris-398
24.515301344262525,21.840329667841555,16.55294535724685,12.206555615733702,11.180339887498947,14.142135623730953,17.0,18.973665961010276,21.213203435596427,19.026297590440446,16.0312195418814,11.704699910719626,5.385164807134504,7.810249675906654,15.297058540778355,21.02379604162864
