left_iris-362,left_iris-382,left_iris-381,left_iris-380,left_iris-374,left_iris-373,left_iris-390,left_iris-249,left_iris-263,left_iris-466,left_iris-388,left_iris-387,left_iris-386,left_iris-385,left_iris-384,left_iris-398
26.019223662515376,23.194827009486403,17.46424919657298,10.63014581273465,9.055385138137416,13.45362404707371,19.235384061671343,22.47220505424423,26.476404589747453,23.08679276123039,20.024984394500787,15.811388300841896,9.433981132056603,10.295630140987,16.15549442140351,22.09072203437452
