left_iris-362,left_iris-382,left_iris-381,left_iris-380,left_iris-374,left_iris-373,left_iris-390,left_iris-249,left_iris-263,left_iris-466,left_iris-388,left_iris-387,left_iris-386,left_iris-385,left_iris-384,left_iris-398
37.12142238654117,33.37663853655727,25.96150997149434,16.278820596099706,14.0356688476182,19.79898987322333,25.059928172283335,29.410882339705484,33.37663853655727,30.14962686336267,26.019223662515376,18.110770276274835,7.0710678118654755,10.0,22.360679774997894,33.0
