left_iris-362,left_iris-382,left_iris-381,left_iris-380,left_iris-374,left_iris-373,left_iris-390,left_iris-249,left_iris-263,left_iris-466,left_iris-388,left_iris-387,left_iris-386,left_iris-385,left_iris-384,left_iris-398
32.14031735997639,27.459060435491963,19.924858845171276,12.041594578792296,11.704699910719626,19.4164878389476,25.632011235952593,30.80584360149873,35.22782990761707,32.01562118716424,28.0713376952364,20.8806130178211,12.041594578792296,10.295630140987,18.973665961010276,27.018512172212592
