left_iris-362,left_iris-382,left_iris-381,left_iris-380,left_iris-374,left_iris-373,left_iris-390,left_iris-249,left_iris-263,left_iris-466,left_iris-388,left_iris-387,left_iris-386,left_iris-385,left_iris-384,left_iris-398
40.01249804748511,36.013886210738214,28.16025568065745,18.027756377319943,10.0,10.816653826391969,16.1245154965971,21.18962010041709,26.30589287593181,22.09072203437452,18.027756377319943,10.770329614269007,6.324555320336759,14.7648230602334,26.68332812825267,35.12833614050059
