left_iris-362,left_iris-382,left_iris-381,left_iris-380,left_iris-374,left_iris-373,left_iris-390,left_iris-249,left_iris-263,left_iris-466,left_iris-388,left_iris-387,left_iris-386,left_iris-385,left_iris-384,left_iris-398
25.96150997149434,22.47220505424423,17.4928556845359,11.6619037896906,9.486832980505138,13.892443989449804,17.46424919657298,21.095023109728988,24.08318915758459,21.37755832643195,17.72004514666935,13.038404810405298,7.0710678118654755,8.602325267042627,16.0312195418814,22.360679774997894
