left_iris-362,left_iris-382,left_iris-381,left_iris-380,left_iris-374,left_iris-373,left_iris-390,left_iris-249,left_iris-263,left_iris-466,left_iris-388,left_iris-387,left_iris-386,left_iris-385,left_iris-384,left_iris-398
40.70626487409524,37.73592452822641,31.622776601683793,22.62741699796952,15.652475842498529,12.16552506059644,13.601470508735444,15.0,16.15549442140351,12.041594578792296,8.94427190999916,8.06225774829855,12.806248474865695,20.223748416156685,28.442925306655784,35.84689665786984
