left_iris-362,left_iris-382,left_iris-381,left_iris-380,left_iris-374,left_iris-373,left_iris-390,left_iris-249,left_iris-263,left_iris-466,left_iris-388,left_iris-387,left_iris-386,left_iris-385,left_iris-384,left_iris-398
29.614185789921695,25.96150997149434,19.697715603592208,12.806248474865695,10.198039027185567,15.0,19.313207915827967,22.360679774997894,26.019223662515376,24.020824298928627,20.396078054371134,15.231546211727816,8.94427190999916,9.899494936611664,18.24828759089466,25.079872407968907
