left_iris-362,left_iris-382,left_iris-381,left_iris-380,left_iris-374,left_iris-373,left_iris-390,left_iris-249,left_iris-263,left_iris-466,left_iris-388,left_iris-387,left_iris-386,left_iris-385,left_iris-384,left_iris-398
36.22154055254967,33.54101966249684,26.248809496813376,17.804493814764857,14.317821063276352,16.64331697709324,20.0,22.84731931759173,26.30589287593181,23.08679276123039,20.024984394500787,13.92838827718412,7.280109889280518,12.206555615733702,23.345235059857504,32.01562118716424
