left_iris-362,left_iris-382,left_iris-381,left_iris-380,left_iris-374,left_iris-373,left_iris-390,left_iris-249,left_iris-263,left_iris-466,left_iris-388,left_iris-387,left_iris-386,left_iris-385,left_iris-384,left_iris-398
45.044422518220834,42.1070065428546,35.22782990761707,25.0,14.422205101855956,8.06225774829855,11.180339887498947,17.26267650163207,23.08679276123039,19.4164878389476,14.317821063276352,10.295630140987,13.601470508735444,22.360679774997894,32.7566787083184,41.048751503547585
