left_iris-362,left_iris-382,left_iris-381,left_iris-380,left_iris-374,left_iris-373,left_iris-390,left_iris-249,left_iris-263,left_iris-466,left_iris-388,left_iris-387,left_iris-386,left_iris-385,left_iris-384,left_iris-398
41.23105625617661,36.68787265568828,29.154759474226505,19.1049731745428,14.0356688476182,16.97056274847714,21.93171219946131,26.476404589747453,31.016124838541646,27.29468812791236,24.041630560342615,17.204650534085253,12.041594578792296,15.811388300841896,26.1725046566048,35.22782990761707
