left_iris-362,left_iris-382,left_iris-381,left_iris-380,left_iris-374,left_iris-373,left_iris-390,left_iris-249,left_iris-263,left_iris-466,left_iris-388,left_iris-387,left_iris-386,left_iris-385,left_iris-384,left_iris-398
22.0,19.1049731745428,14.142135623730953,7.211102550927978,5.0990195135927845,10.295630140987,14.560219778561036,18.439088914585778,21.213203435596427,19.1049731745428,15.0,10.198039027185567,3.605551275463989,6.708203932499369,14.317821063276352,19.026297590440446
