left_iris-362,left_iris-382,left_iris-381,left_iris-380,left_iris-374,left_iris-373,left_iris-390,left_iris-249,left_iris-263,left_iris-466,left_iris-388,left_iris-387,left_iris-386,left_iris-385,left_iris-384,left_iris-398
24.331050121192877,21.587033144922906,17.08800749063506,11.31370849898476,8.0,11.31370849898476,14.317821063276352,16.76305461424021,19.1049731745428,17.0,14.142135623730953,10.295630140987,6.082762530298219,9.219544457292889,15.297058540778355,21.02379604162864
