left_iris-362,left_iris-382,left_iris-381,left_iris-380,left_iris-374,left_iris-373,left_iris-390,left_iris-249,left_iris-263,left_iris-466,left_iris-388,left_iris-387,left_iris-386,left_iris-385,left_iris-384,left_iris-398
27.459060435491963,24.73863375370596,18.384776310850235,11.40175425099138,9.219544457292889,15.0,19.313207915827967,22.80350850198276,25.179356624028344,23.08679276123039,19.0,13.341664064126334,5.656854249492381,7.211102550927978,17.11724276862369,24.08318915758459
