left_iris-362,left_iris-382,left_iris-381,left_iris-380,left_iris-374,left_iris-373,left_iris-390,left_iris-249,left_iris-263,left_iris-466,left_iris-388,left_iris-387,left_iris-386,left_iris-385,left_iris-384,left_iris-398
26.076809620810597,22.0,16.1245154965971,9.433981132056603,7.0710678118654755,12.806248474865695,17.46424919657298,20.8806130178211,23.53720459187964,21.213203435596427,18.027756377319943,12.16552506059644,5.830951894845301,8.48528137423857,16.15549442140351,22.360679774997894
