left_iris-362,left_iris-382,left_iris-381,left_iris-380,left_iris-374,left_iris-373,left_iris-390,left_iris-249,left_iris-263,left_iris-466,left_iris-388,left_iris-387,left_iris-386,left_iris-385,left_iris-384,left_iris-398
25.019992006393608,22.09072203437452,15.297058540778355,7.211102550927978,6.4031242374328485,14.560219778561036,20.396078054371134,24.186773244895647,28.0713376952364,25.0,22.09072203437452,15.524174696260024,8.48528137423857,6.4031242374328485,14.560219778561036,21.02379604162864
