left_iris-362,left_iris-382,left_iris-381,left_iris-380,left_iris-374,left_iris-373,left_iris-390,left_iris-249,left_iris-263,left_iris-466,left_iris-388,left_iris-387,left_iris-386,left_iris-385,left_iris-384,left_iris-398
31.144823004794873,28.442925306655784,22.80350850198276,14.422205101855956,10.04987562112089,14.212670403551895,19.72308292331602,23.40939982143925,27.459060435491963,25.179356624028344,21.0,15.524174696260024,8.06225774829855,9.899494936611664,19.6468827043885,27.0
