left_iris-362,left_iris-382,left_iris-381,left_iris-380,left_iris-374,left_iris-373,left_iris-390,left_iris-249,left_iris-263,left_iris-466,left_iris-388,left_iris-387,left_iris-386,left_iris-385,left_iris-384,left_iris-398
31.400636936215164,28.635642126552707,23.08679276123039,15.811388300841896,10.44030650891055,10.816653826391969,14.7648230602334,17.72004514666935,21.02379604162864,18.110770276274835,14.560219778561036,10.63014581273465,8.246211251235321,13.038404810405298,20.223748416156685,28.0713376952364
