left_iris-362,left_iris-382,left_iris-381,left_iris-380,left_iris-374,left_iris-373,left_iris-390,left_iris-249,left_iris-263,left_iris-466,left_iris-388,left_iris-387,left_iris-386,left_iris-385,left_iris-384,left_iris-398
39.319206502675,35.35533905932738,28.635642126552707,18.788294228055936,10.295630140987,10.816653826391969,15.652475842498529,19.6468827043885,24.08318915758459,21.02379604162864,17.029386365926403,10.44030650891055,4.47213595499958,13.341664064126334,26.076809620810597,35.05709628591621
