left_iris-362,left_iris-382,left_iris-381,left_iris-380,left_iris-374,left_iris-373,left_iris-390,left_iris-249,left_iris-263,left_iris-466,left_iris-388,left_iris-387,left_iris-386,left_iris-385,left_iris-384,left_iris-398
33.54101966249684,30.59411708155671,24.73863375370596,16.55294535724685,8.06225774829855,8.48528137423857,12.649110640673518,16.0312195418814,21.095023109728988,18.110770276274835,14.317821063276352,8.94427190999916,4.47213595499958,12.36931687685298,22.02271554554524,30.14962686336267
