left_iris-362,left_iris-382,left_iris-381,left_iris-380,left_iris-374,left_iris-373,left_iris-390,left_iris-249,left_iris-263,left_iris-466,left_iris-388,left_iris-387,left_iris-386,left_iris-385,left_iris-384,left_iris-398
31.400636936215164,27.65863337187866,21.18962010041709,13.601470508735444,9.055385138137416,12.041594578792296,17.46424919657298,21.840329667841555,25.179356624028344,21.02379604162864,17.029386365926403,10.44030650891055,3.0,10.44030650891055,20.024984394500787,27.073972741361768
