left_iris-362,left_iris-382,left_iris-381,left_iris-380,left_iris-374,left_iris-373,left_iris-390,left_iris-249,left_iris-263,left_iris-466,left_iris-388,left_iris-387,left_iris-386,left_iris-385,left_iris-384,left_iris-398
28.442925306655784,25.317977802344327,20.09975124224178,12.16552506059644,5.385164807134504,10.0,17.72004514666935,23.345235059857504,29.068883707497267,24.08318915758459,19.1049731745428,12.16552506059644,2.23606797749979,8.06225774829855,17.46424919657298,24.515301344262525
