left_iris-362,left_iris-382,left_iris-381,left_iris-380,left_iris-374,left_iris-373,left_iris-390,left_iris-249,left_iris-263,left_iris-466,left_iris-388,left_iris-387,left_iris-386,left_iris-385,left_iris-384,left_iris-398
31.400636936215164,27.65863337187866,21.18962010041709,12.727922061357855,10.198039027185567,15.0,20.248456731316587,24.515301344262525,29.068883707497267,25.019992006393608,21.02379604162864,14.317821063276352,5.0,8.94427190999916,19.1049731745428,27.073972741361768
