left_iris-362,left_iris-382,left_iris-381,left_iris-380,left_iris-374,left_iris-373,left_iris-390,left_iris-249,left_iris-263,left_iris-466,left_iris-388,left_iris-387,left_iris-386,left_iris-385,left_iris-384,left_iris-398
30.4138126514911,26.68332812825267,20.248456731316587,12.727922061357855,9.055385138137416,14.212670403551895,18.384776310850235,21.587033144922906,25.179356624028344,22.0,18.110770276274835,12.649110640673518,6.324555320336759,9.433981132056603,18.110770276274835,26.076809620810597
