left_iris-362,left_iris-382,left_iris-381,left_iris-380,left_iris-374,left_iris-373,left_iris-390,left_iris-249,left_iris-263,left_iris-466,left_iris-388,left_iris-387,left_iris-386,left_iris-385,left_iris-384,left_iris-398
40.01249804748511,36.05551275463989,29.274562336608895,18.973665961010276,10.63014581273465,9.433981132056603,14.7648230602334,19.924858845171276,25.179356624028344,21.0,16.278820596099706,10.0,9.848857801796104,17.0,27.65863337187866,36.05551275463989
