left_iris-362,left_iris-382,left_iris-381,left_iris-380,left_iris-374,left_iris-373,left_iris-390,left_iris-249,left_iris-263,left_iris-466,left_iris-388,left_iris-387,left_iris-386,left_iris-385,left_iris-384,left_iris-398
27.29468812791236,23.53720459187964,18.68154169226941,11.6619037896906,7.0710678118654755,11.40175425099138,17.08800749063506,22.561028345356956,28.284271247461906,23.08679276123039,17.0,10.198039027185567,3.0,9.486832980505138,18.027756377319943,24.08318915758459
