left_iris-362,left_iris-382,left_iris-381,left_iris-380,left_iris-374,left_iris-373,left_iris-390,left_iris-249,left_iris-263,left_iris-466,left_iris-388,left_iris-387,left_iris-386,left_iris-385,left_iris-384,left_iris-398
29.068883707497267,26.019223662515376,21.0,12.36931687685298,5.830951894845301,9.219544457292889,14.866068747318506,20.396078054371134,26.019223662515376,21.02379604162864,16.0,9.219544457292889,3.0,9.848857801796104,19.4164878389476,26.1725046566048
