left_iris-362,left_iris-382,left_iris-381,left_iris-380,left_iris-374,left_iris-373,left_iris-390,left_iris-249,left_iris-263,left_iris-466,left_iris-388,left_iris-387,left_iris-386,left_iris-385,left_iris-384,left_iris-398
27.16615541441225,24.331050121192877,18.027756377319943,11.40175425099138,10.44030650891055,17.029386365926403,21.93171219946131,25.298221281347036,27.459060435491963,26.1725046566048,23.0,17.26267650163207,9.219544457292889,7.211102550927978,16.76305461424021,23.021728866442675
