left_iris-362,left_iris-382,left_iris-381,left_iris-380,left_iris-374,left_iris-373,left_iris-390,left_iris-249,left_iris-263,left_iris-466,left_iris-388,left_iris-387,left_iris-386,left_iris-385,left_iris-384,left_iris-398
38.11823710509184,35.22782990761707,28.635642126552707,20.591260281974,14.317821063276352,15.231546211727816,19.1049731745428,22.360679774997894,26.68332812825267,23.345235059857504,20.024984394500787,14.317821063276352,6.708203932499369,12.206555615733702,23.53720459187964,33.0
