left_iris-362,left_iris-382,left_iris-381,left_iris-380,left_iris-374,left_iris-373,left_iris-390,left_iris-249,left_iris-263,left_iris-466,left_iris-388,left_iris-387,left_iris-386,left_iris-385,left_iris-384,left_iris-398
32.01562118716424,29.068883707497267,24.331050121192877,17.46424919657298,11.40175425099138,9.219544457292889,10.63014581273465,13.0,15.033296378372908,14.0,11.180339887498947,8.602325267042627,7.280109889280518,13.892443989449804,21.587033144922906,28.0178514522438
