left_iris-362,left_iris-382,left_iris-381,left_iris-380,left_iris-374,left_iris-373,left_iris-390,left_iris-249,left_iris-263,left_iris-466,left_iris-388,left_iris-387,left_iris-386,left_iris-385,left_iris-384,left_iris-398
30.59411708155671,27.892651361962702,21.540659228538015,14.866068747318506,11.04536101718726,13.45362404707371,18.35755975068582,20.8806130178211,24.186773244895647,22.02271554554524,18.027756377319943,13.0,7.280109889280518,10.0,19.235384061671343,26.076809620810597
