left_iris-362,left_iris-382,left_iris-381,left_iris-380,left_iris-374,left_iris-373,left_iris-390,left_iris-249,left_iris-263,left_iris-466,left_iris-388,left_iris-387,left_iris-386,left_iris-385,left_iris-384,left_iris-398
29.832867780352597,26.248809496813376,19.72308292331602,13.92838827718412,14.7648230602334,22.47220505424423,28.460498941515414,32.55764119219941,36.013886210738214,33.015148038438355,29.274562336608895,23.08679276123039,13.45362404707371,9.486832980505138,16.76305461424021,25.079872407968907
