left_iris-362,left_iris-382,left_iris-381,left_iris-380,left_iris-374,left_iris-373,left_iris-390,left_iris-249,left_iris-263,left_iris-466,left_iris-388,left_iris-387,left_iris-386,left_iris-385,left_iris-384,left_iris-398
34.36568055487916,30.59411708155671,23.08679276123039,14.212670403551895,10.0,13.45362404707371,18.384776310850235,21.587033144922906,25.079872407968907,22.0,18.110770276274835,13.0,7.0710678118654755,11.6619037896906,21.213203435596427,30.01666203960727
