left_iris-362,left_iris-382,left_iris-381,left_iris-380,left_iris-374,left_iris-373,left_iris-390,left_iris-249,left_iris-263,left_iris-466,left_iris-388,left_iris-387,left_iris-386,left_iris-385,left_iris-384,left_iris-398
24.020824298928627,22.0,17.11724276862369,9.848857801796104,6.082762530298219,10.0,13.601470508735444,17.0,18.973665961010276,16.492422502470642,14.142135623730953,9.219544457292889,5.0990195135927845,8.602325267042627,15.811388300841896,21.213203435596427
