left_iris-362,left_iris-382,left_iris-381,left_iris-380,left_iris-374,left_iris-373,left_iris-390,left_iris-249,left_iris-263,left_iris-466,left_iris-388,left_iris-387,left_iris-386,left_iris-385,left_iris-384,left_iris-398
25.70992026436488,23.769728648009423,18.973665961010276,12.529964086141668,6.708203932499369,7.0710678118654755,10.770329614269007,14.317821063276352,17.029386365926403,15.0,12.041594578792296,7.280109889280518,3.1622776601683795,9.219544457292889,17.029386365926403,23.345235059857504
