left_iris-362,left_iris-382,left_iris-381,left_iris-380,left_iris-374,left_iris-373,left_iris-390,left_iris-249,left_iris-263,left_iris-466,left_iris-388,left_iris-387,left_iris-386,left_iris-385,left_iris-384,left_iris-398
28.16025568065745,25.019992006393608,19.026297590440446,11.704699910719626,7.0710678118654755,11.31370849898476,16.1245154965971,19.697715603592208,22.80350850198276,20.396078054371134,16.0312195418814,11.40175425099138,6.324555320336759,9.899494936611664,18.384776310850235,25.495097567963924
