left_iris-362,left_iris-382,left_iris-381,left_iris-380,left_iris-374,left_iris-373,left_iris-390,left_iris-249,left_iris-263,left_iris-466,left_iris-388,left_iris-387,left_iris-386,left_iris-385,left_iris-384,left_iris-398
21.095023109728988,18.0,12.16552506059644,7.211102550927978,9.433981132056603,16.64331697709324,20.615528128088304,24.35159132377184,27.892651361962702,24.515301344262525,21.213203435596427,15.033296378372908,6.324555320336759,5.0,13.0,18.439088914585778
