left_iris-362,left_iris-382,left_iris-381,left_iris-380,left_iris-374,left_iris-373,left_iris-390,left_iris-249,left_iris-263,left_iris-466,left_iris-388,left_iris-387,left_iris-386,left_iris-385,left_iris-384,left_iris-398
34.36568055487916,30.59411708155671,24.041630560342615,14.7648230602334,7.280109889280518,10.63014581273465,17.08800749063506,21.37755832643195,26.076809620810597,22.0,17.26267650163207,11.6619037896906,7.0710678118654755,13.41640786499874,22.09072203437452,30.066592756745816
