left_iris-362,left_iris-382,left_iris-381,left_iris-380,left_iris-374,left_iris-373,left_iris-390,left_iris-249,left_iris-263,left_iris-466,left_iris-388,left_iris-387,left_iris-386,left_iris-385,left_iris-384,left_iris-398
38.60051813123757,35.73513677041127,28.635642126552707,19.849433241279208,14.317821063276352,15.811388300841896,19.72308292331602,22.80350850198276,27.018512172212592,24.020824298928627,20.396078054371134,14.7648230602334,8.06225774829855,13.892443989449804,24.020824298928627,33.54101966249684
