left_iris-362,left_iris-382,left_iris-381,left_iris-380,left_iris-374,left_iris-373,left_iris-390,left_iris-249,left_iris-263,left_iris-466,left_iris-388,left_iris-387,left_iris-386,left_iris-385,left_iris-384,left_iris-398
26.1725046566048,24.331050121192877,18.439088914585778,11.6619037896906,7.0710678118654755,10.0,14.866068747318506,18.439088914585778,22.09072203437452,19.0,16.1245154965971,12.083045973594572,7.280109889280518,9.899494936611664,16.492422502470642,23.0
