left_iris-362,left_iris-382,left_iris-381,left_iris-380,left_iris-374,left_iris-373,left_iris-390,left_iris-249,left_iris-263,left_iris-466,left_iris-388,left_iris-387,left_iris-386,left_iris-385,left_iris-384,left_iris-398
26.476404589747453,23.769728648009423,17.46424919657298,10.0,9.848857801796104,15.652475842498529,20.615528128088304,24.186773244895647,28.0,25.019992006393608,22.20360331117452,17.08800749063506,8.602325267042627,7.810249675906654,16.278820596099706,23.08679276123039
