left_iris-362,left_iris-382,left_iris-381,left_iris-380,left_iris-374,left_iris-373,left_iris-390,left_iris-249,left_iris-263,left_iris-466,left_iris-388,left_iris-387,left_iris-386,left_iris-385,left_iris-384,left_iris-398
22.561028345356956,20.8806130178211,16.15549442140351,9.899494936611664,7.0710678118654755,11.40175425099138,14.866068747318506,17.26267650163207,20.0,18.110770276274835,16.278820596099706,12.083045973594572,6.324555320336759,7.810249675906654,14.0356688476182,20.09975124224178
