left_iris-362,left_iris-382,left_iris-381,left_iris-380,left_iris-374,left_iris-373,left_iris-390,left_iris-249,left_iris-263,left_iris-466,left_iris-388,left_iris-387,left_iris-386,left_iris-385,left_iris-384,left_iris-398
25.019992006393608,22.02271554554524,16.278820596099706,8.602325267042627,7.280109889280518,13.038404810405298,17.46424919657298,20.8806130178211,24.515301344262525,21.213203435596427,18.027756377319943,12.041594578792296,5.0,7.211102550927978,15.524174696260024,22.20360331117452
