left_iris-362,left_iris-382,left_iris-381,left_iris-380,left_iris-374,left_iris-373,left_iris-390,left_iris-249,left_iris-263,left_iris-466,left_iris-388,left_iris-387,left_iris-386,left_iris-385,left_iris-384,left_iris-398
34.52535300326414,31.78049716414141,25.298221281347036,15.811388300841896,9.055385138137416,13.601470508735444,19.6468827043885,25.079872407968907,29.017236257093817,27.16615541441225,23.345235059857504,17.08800749063506,7.211102550927978,10.295630140987,21.095023109728988,30.14962686336267
