left_iris-362,left_iris-382,left_iris-381,left_iris-380,left_iris-374,left_iris-373,left_iris-390,left_iris-249,left_iris-263,left_iris-466,left_iris-388,left_iris-387,left_iris-386,left_iris-385,left_iris-384,left_iris-398
27.018512172212592,24.020824298928627,18.24828759089466,11.6619037896906,8.06225774829855,12.041594578792296,15.811388300841896,18.788294228055936,22.135943621178654,18.439088914585778,15.132745950421556,10.04987562112089,4.123105625617661,8.602325267042627,17.46424919657298,24.186773244895647
