left_iris-362,left_iris-382,left_iris-381,left_iris-380,left_iris-374,left_iris-373,left_iris-390,left_iris-249,left_iris-263,left_iris-466,left_iris-388,left_iris-387,left_iris-386,left_iris-385,left_iris-384,left_iris-398
31.25699921617557,27.459060435491963,20.8806130178211,12.727922061357855,9.219544457292889,14.422205101855956,18.68154169226941,23.194827009486403,27.0,24.020824298928627,20.223748416156685,15.231546211727816,7.615773105863909,10.63014581273465,19.4164878389476,27.0
