left_iris-362,left_iris-382,left_iris-381,left_iris-380,left_iris-374,left_iris-373,left_iris-390,left_iris-249,left_iris-263,left_iris-466,left_iris-388,left_iris-387,left_iris-386,left_iris-385,left_iris-384,left_iris-398
31.25699921617557,27.65863337187866,21.18962010041709,13.45362404707371,10.0,13.45362404707371,17.88854381999832,20.8806130178211,24.186773244895647,21.095023109728988,18.0,12.36931687685298,5.385164807134504,10.295630140987,19.1049731745428,27.018512172212592
