left_iris-362,left_iris-382,left_iris-381,left_iris-380,left_iris-374,left_iris-373,left_iris-390,left_iris-249,left_iris-263,left_iris-466,left_iris-388,left_iris-387,left_iris-386,left_iris-385,left_iris-384,left_iris-398
26.476404589747453,23.769728648009423,17.46424919657298,10.0,8.54400374531753,14.7648230602334,19.6468827043885,23.194827009486403,27.0,24.020824298928627,21.213203435596427,16.15549442140351,9.433981132056603,8.602325267042627,16.492422502470642,23.021728866442675
