left_iris-362,left_iris-382,left_iris-381,left_iris-380,left_iris-374,left_iris-373,left_iris-390,left_iris-249,left_iris-263,left_iris-466,left_iris-388,left_iris-387,left_iris-386,left_iris-385,left_iris-384,left_iris-398
40.607881008493905,35.90264614203248,28.460498941515414,19.209372712298546,13.152946437965904,16.278820596099706,21.02379604162864,25.70992026436488,30.066592756745816,27.018512172212592,22.20360331117452,15.231546211727816,8.06225774829855,13.892443989449804,25.179356624028344,35.12833614050059
