left_iris-362,left_iris-382,left_iris-381,left_iris-380,left_iris-374,left_iris-373,left_iris-390,left_iris-249,left_iris-263,left_iris-466,left_iris-388,left_iris-387,left_iris-386,left_iris-385,left_iris-384,left_iris-398
37.656340767525464,34.20526275297414,26.92582403567252,17.69180601295413,14.142135623730953,19.209372712298546,24.35159132377184,28.284271247461906,33.015148038438355,30.066592756745816,26.30589287593181,20.248456731316587,10.816653826391969,11.31370849898476,22.360679774997894,32.14031735997639
