left_iris-362,left_iris-382,left_iris-381,left_iris-380,left_iris-374,left_iris-373,left_iris-390,left_iris-249,left_iris-263,left_iris-466,left_iris-388,left_iris-387,left_iris-386,left_iris-385,left_iris-384,left_iris-398
27.892651361962702,25.0,19.313207915827967,12.727922061357855,10.04987562112089,15.620499351813308,21.93171219946131,26.92582403567252,32.38826948140329,28.16025568065745,23.0,16.1245154965971,7.0710678118654755,6.4031242374328485,16.0312195418814,24.186773244895647
