left_iris-362,left_iris-382,left_iris-381,left_iris-380,left_iris-374,left_iris-373,left_iris-390,left_iris-249,left_iris-263,left_iris-466,left_iris-388,left_iris-387,left_iris-386,left_iris-385,left_iris-384,left_iris-398
41.012193308819754,36.12478373637688,29.274562336608895,18.973665961010276,10.0,9.433981132056603,14.317821063276352,18.68154169226941,23.08679276123039,20.0,16.1245154965971,8.94427190999916,6.708203932499369,16.15549442140351,27.29468812791236,36.013886210738214
