left_iris-362,left_iris-382,left_iris-381,left_iris-380,left_iris-374,left_iris-373,left_iris-390,left_iris-249,left_iris-263,left_iris-466,left_iris-388,left_iris-387,left_iris-386,left_iris-385,left_iris-384,left_iris-398
38.3275357934736,34.52535300326414,26.92582403567252,18.027756377319943,12.16552506059644,15.620499351813308,21.470910553583888,26.92582403567252,32.14031735997639,29.017236257093817,24.020824298928627,17.72004514666935,8.06225774829855,12.041594578792296,22.360679774997894,33.015148038438355
