left_iris-362,left_iris-382,left_iris-381,left_iris-380,left_iris-374,left_iris-373,left_iris-390,left_iris-249,left_iris-263,left_iris-466,left_iris-388,left_iris-387,left_iris-386,left_iris-385,left_iris-384,left_iris-398
28.635642126552707,25.298221281347036,19.697715603592208,13.45362404707371,10.04987562112089,13.45362404707371,18.384776310850235,21.587033144922906,25.019992006393608,22.02271554554524,18.439088914585778,13.038404810405298,8.06225774829855,10.63014581273465,18.24828759089466,25.179356624028344
