left_iris-362,left_iris-382,left_iris-381,left_iris-380,left_iris-374,left_iris-373,left_iris-390,left_iris-249,left_iris-263,left_iris-466,left_iris-388,left_iris-387,left_iris-386,left_iris-385,left_iris-384,left_iris-398
30.14962686336267,27.29468812791236,20.615528128088304,12.206555615733702,8.0,12.041594578792296,16.15549442140351,19.4164878389476,23.08679276123039,21.0,17.11724276862369,11.704699910719626,6.324555320336759,10.0,19.235384061671343,26.0
