left_iris-362,left_iris-382,left_iris-381,left_iris-380,left_iris-374,left_iris-373,left_iris-390,left_iris-249,left_iris-263,left_iris-466,left_iris-388,left_iris-387,left_iris-386,left_iris-385,left_iris-384,left_iris-398
32.38826948140329,29.832867780352597,23.40939982143925,15.556349186104043,12.0,16.278820596099706,21.540659228538015,25.317977802344327,29.017236257093817,27.16615541441225,24.515301344262525,19.235384061671343,12.529964086141668,11.6619037896906,19.924858845171276,27.018512172212592
