left_iris-362,left_iris-382,left_iris-381,left_iris-380,left_iris-374,left_iris-373,left_iris-390,left_iris-249,left_iris-263,left_iris-466,left_iris-388,left_iris-387,left_iris-386,left_iris-385,left_iris-384,left_iris-398
23.194827009486403,20.396078054371134,15.811388300841896,10.63014581273465,8.0,10.63014581273465,15.231546211727816,18.68154169226941,22.09072203437452,19.026297590440446,15.033296378372908,10.44030650891055,5.385164807134504,7.211102550927978,14.142135623730953,20.024984394500787
