left_iris-362,left_iris-382,left_iris-381,left_iris-380,left_iris-374,left_iris-373,left_iris-390,left_iris-249,left_iris-263,left_iris-466,left_iris-388,left_iris-387,left_iris-386,left_iris-385,left_iris-384,left_iris-398
25.179356624028344,22.561028345356956,17.08800749063506,10.63014581273465,10.198039027185567,15.0,20.615528128088304,24.73863375370596,28.16025568065745,25.019992006393608,21.095023109728988,15.811388300841896,10.0,8.94427190999916,14.866068747318506,21.0
