left_iris-362,left_iris-382,left_iris-381,left_iris-380,left_iris-374,left_iris-373,left_iris-390,left_iris-249,left_iris-263,left_iris-466,left_iris-388,left_iris-387,left_iris-386,left_iris-385,left_iris-384,left_iris-398
26.0,23.08679276123039,18.439088914585778,10.816653826391969,8.06225774829855,10.63014581273465,15.264337522473747,18.788294228055936,21.840329667841555,19.235384061671343,16.0,11.40175425099138,6.708203932499369,9.219544457292889,16.76305461424021,23.08679276123039
