left_iris-362,left_iris-382,left_iris-381,left_iris-380,left_iris-374,left_iris-373,left_iris-390,left_iris-249,left_iris-263,left_iris-466,left_iris-388,left_iris-387,left_iris-386,left_iris-385,left_iris-384,left_iris-398
25.495097567963924,22.80350850198276,17.46424919657298,11.40175425099138,9.219544457292889,13.601470508735444,18.027756377319943,21.37755832643195,24.020824298928627,22.02271554554524,18.110770276274835,13.601470508735444,5.830951894845301,7.810249675906654,15.132745950421556,22.09072203437452
