left_iris-362,left_iris-382,left_iris-381,left_iris-380,left_iris-374,left_iris-373,left_iris-390,left_iris-249,left_iris-263,left_iris-466,left_iris-388,left_iris-387,left_iris-386,left_iris-385,left_iris-384,left_iris-398
19.1049731745428,17.26267650163207,13.601470508735444,7.810249675906654,6.082762530298219,8.602325267042627,12.649110640673518,15.297058540778355,17.11724276862369,15.0,13.152946437965904,8.94427190999916,5.385164807134504,7.0710678118654755,12.36931687685298,17.0
