left_iris-362,left_iris-382,left_iris-381,left_iris-380,left_iris-374,left_iris-373,left_iris-390,left_iris-249,left_iris-263,left_iris-466,left_iris-388,left_iris-387,left_iris-386,left_iris-385,left_iris-384,left_iris-398
32.38826948140329,29.154759474226505,23.021728866442675,15.132745950421556,7.0710678118654755,7.810249675906654,13.41640786499874,18.68154169226941,23.345235059857504,19.235384061671343,15.132745950421556,8.0,2.23606797749979,11.704699910719626,21.587033144922906,28.442925306655784
