left_iris-362,left_iris-382,left_iris-381,left_iris-380,left_iris-374,left_iris-373,left_iris-390,left_iris-249,left_iris-263,left_iris-466,left_iris-388,left_iris-387,left_iris-386,left_iris-385,left_iris-384,left_iris-398
30.14962686336267,26.476404589747453,20.8806130178211,12.806248474865695,10.0,12.727922061357855,16.55294535724685,18.973665961010276,22.20360331117452,19.026297590440446,16.0312195418814,10.44030650891055,5.0990195135927845,10.295630140987,19.235384061671343,27.0
