left_iris-362,left_iris-382,left_iris-381,left_iris-380,left_iris-374,left_iris-373,left_iris-390,left_iris-249,left_iris-263,left_iris-466,left_iris-388,left_iris-387,left_iris-386,left_iris-385,left_iris-384,left_iris-398
29.017236257093817,25.179356624028344,19.4164878389476,12.206555615733702,8.0,12.041594578792296,17.46424919657298,20.8806130178211,24.186773244895647,21.095023109728988,17.0,11.180339887498947,4.123105625617661,8.94427190999916,18.24828759089466,25.019992006393608
