left_iris-362,left_iris-382,left_iris-381,left_iris-380,left_iris-374,left_iris-373,left_iris-390,left_iris-249,left_iris-263,left_iris-466,left_iris-388,left_iris-387,left_iris-386,left_iris-385,left_iris-384,left_iris-398
26.68332812825267,24.041630560342615,18.384776310850235,11.31370849898476,8.06225774829855,11.40175425099138,15.231546211727816,18.439088914585778,21.095023109728988,19.026297590440446,15.033296378372908,10.44030650891055,3.1622776601683795,8.54400374531753,17.0,23.194827009486403
