left_iris-362,left_iris-382,left_iris-381,left_iris-380,left_iris-374,left_iris-373,left_iris-390,left_iris-249,left_iris-263,left_iris-466,left_iris-388,left_iris-387,left_iris-386,left_iris-385,left_iris-384,left_iris-398
34.52535300326414,31.575306807693888,24.73863375370596,15.652475842498529,7.615773105863909,10.0,15.811388300841896,20.09975124224178,25.019992006393608,22.09072203437452,18.24828759089466,11.704699910719626,5.0990195135927845,10.770329614269007,21.02379604162864,30.14962686336267
