left_iris-362,left_iris-382,left_iris-381,left_iris-380,left_iris-374,left_iris-373,left_iris-390,left_iris-249,left_iris-263,left_iris-466,left_iris-388,left_iris-387,left_iris-386,left_iris-385,left_iris-384,left_iris-398
33.24154027718932,30.463092423455635,23.853720883753127,16.1245154965971,14.866068747318506,20.248456731316587,25.70992026436488,30.066592756745816,34.23448553724738,31.575306807693888,28.16025568065745,22.825424421026653,13.892443989449804,12.206555615733702,20.223748416156685,28.635642126552707
