left_iris-362,left_iris-382,left_iris-381,left_iris-380,left_iris-374,left_iris-373,left_iris-390,left_iris-249,left_iris-263,left_iris-466,left_iris-388,left_iris-387,left_iris-386,left_iris-385,left_iris-384,left_iris-398
27.073972741361768,24.08318915758459,18.0,9.219544457292889,4.123105625617661,13.92838827718412,20.615528128088304,26.476404589747453,31.25699921617557,27.29468812791236,22.360679774997894,14.560219778561036,4.242640687119285,7.0710678118654755,17.11724276862369,23.08679276123039
