left_iris-362,left_iris-382,left_iris-381,left_iris-380,left_iris-374,left_iris-373,left_iris-390,left_iris-249,left_iris-263,left_iris-466,left_iris-388,left_iris-387,left_iris-386,left_iris-385,left_iris-384,left_iris-398
36.40054944640259,33.83784863137726,27.730849247724095,19.1049731745428,15.0,18.384776310850235,23.769728648009423,27.459060435491963,32.01562118716424,30.14962686336267,26.476404589747453,20.615528128088304,11.40175425099138,11.31370849898476,21.095023109728988,31.400636936215164
