left_iris-362,left_iris-382,left_iris-381,left_iris-380,left_iris-374,left_iris-373,left_iris-390,left_iris-249,left_iris-263,left_iris-466,left_iris-388,left_iris-387,left_iris-386,left_iris-385,left_iris-384,left_iris-398
33.734255586866,30.083217912982647,24.166091947189145,15.620499351813308,13.341664064126334,20.0,25.298221281347036,29.274562336608895,33.06055050963308,31.25699921617557,28.861739379323623,23.70653918225939,15.264337522473747,13.41640786499874,19.924858845171276,28.0713376952364
