left_iris-362,left_iris-382,left_iris-381,left_iris-380,left_iris-374,left_iris-373,left_iris-390,left_iris-249,left_iris-263,left_iris-466,left_iris-388,left_iris-387,left_iris-386,left_iris-385,left_iris-384,left_iris-398
30.4138126514911,27.65863337187866,21.840329667841555,15.811388300841896,10.770329614269007,11.6619037896906,14.422205101855956,17.08800749063506,20.223748416156685,17.029386365926403,15.033296378372908,9.848857801796104,6.0,11.6619037896906,19.235384061671343,27.073972741361768
