left_iris-362,left_iris-382,left_iris-381,left_iris-380,left_iris-374,left_iris-373,left_iris-390,left_iris-249,left_iris-263,left_iris-466,left_iris-388,left_iris-387,left_iris-386,left_iris-385,left_iris-384,left_iris-398
26.076809620810597,23.194827009486403,17.72004514666935,10.63014581273465,10.44030650891055,15.811388300841896,20.248456731316587,24.515301344262525,28.0713376952364,25.019992006393608,22.02271554554524,16.492422502470642,7.810249675906654,7.211102550927978,15.524174696260024,22.02271554554524
