left_iris-362,left_iris-382,left_iris-381,left_iris-380,left_iris-374,left_iris-373,left_iris-390,left_iris-249,left_iris-263,left_iris-466,left_iris-388,left_iris-387,left_iris-386,left_iris-385,left_iris-384,left_iris-398
29.068883707497267,25.179356624028344,18.439088914585778,11.40175425099138,8.06225774829855,12.206555615733702,16.76305461424021,21.37755832643195,25.019992006393608,22.0,18.110770276274835,13.601470508735444,6.708203932499369,9.219544457292889,17.46424919657298,25.019992006393608
