left_iris-362,left_iris-382,left_iris-381,left_iris-380,left_iris-374,left_iris-373,left_iris-390,left_iris-249,left_iris-263,left_iris-466,left_iris-388,left_iris-387,left_iris-386,left_iris-385,left_iris-384,left_iris-398
35.0,31.016124838541646,23.345235059857504,14.7648230602334,10.04987562112089,14.866068747318506,21.02379604162864,25.96150997149434,30.14962686336267,27.018512172212592,22.02271554554524,15.524174696260024,7.615773105863909,12.041594578792296,21.840329667841555,31.144823004794873
