left_iris-362,left_iris-382,left_iris-381,left_iris-380,left_iris-374,left_iris-373,left_iris-390,left_iris-249,left_iris-263,left_iris-466,left_iris-388,left_iris-387,left_iris-386,left_iris-385,left_iris-384,left_iris-398
39.0,35.014282800023196,27.16615541441225,16.76305461424021,8.06225774829855,11.40175425099138,18.384776310850235,22.80350850198276,28.442925306655784,24.186773244895647,19.026297590440446,12.16552506059644,4.0,13.0,25.317977802344327,34.058772731852805
