left_iris-362,left_iris-382,left_iris-381,left_iris-380,left_iris-374,left_iris-373,left_iris-390,left_iris-249,left_iris-263,left_iris-466,left_iris-388,left_iris-387,left_iris-386,left_iris-385,left_iris-384,left_iris-398
30.01666203960727,26.1725046566048,19.924858845171276,12.041594578792296,11.704699910719626,19.4164878389476,26.0,30.083217912982647,34.36568055487916,31.064449134018133,26.019223662515376,19.4164878389476,10.63014581273465,9.433981132056603,18.027756377319943,26.076809620810597
