left_iris-362,left_iris-382,left_iris-381,left_iris-380,left_iris-374,left_iris-373,left_iris-390,left_iris-249,left_iris-263,left_iris-466,left_iris-388,left_iris-387,left_iris-386,left_iris-385,left_iris-384,left_iris-398
29.96664812754339,26.92582403567252,22.02271554554524,16.15549442140351,15.811388300841896,20.0,25.298221281347036,30.265491900843113,35.05709628591621,31.25699921617557,27.65863337187866,21.02379604162864,13.038404810405298,10.295630140987,17.11724276862369,25.0
