left_iris-362,left_iris-382,left_iris-381,left_iris-380,left_iris-374,left_iris-373,left_iris-390,left_iris-249,left_iris-263,left_iris-466,left_iris-388,left_iris-387,left_iris-386,left_iris-385,left_iris-384,left_iris-398
23.194827009486403,20.396078054371134,15.524174696260024,8.06225774829855,3.1622776601683795,9.219544457292889,15.033296378372908,19.0,22.09072203437452,19.235384061671343,15.524174696260024,10.295630140987,5.0990195135927845,8.06225774829855,15.033296378372908,21.02379604162864
