left_iris-362,left_iris-382,left_iris-381,left_iris-380,left_iris-374,left_iris-373,left_iris-390,left_iris-249,left_iris-263,left_iris-466,left_iris-388,left_iris-387,left_iris-386,left_iris-385,left_iris-384,left_iris-398
31.78049716414141,28.16025568065745,21.93171219946131,13.601470508735444,12.36931687685298,18.027756377319943,23.08679276123039,27.29468812791236,32.01562118716424,28.16025568065745,24.515301344262525,18.384776310850235,10.816653826391969,10.0,19.4164878389476,27.073972741361768
