left_iris-362,left_iris-382,left_iris-381,left_iris-380,left_iris-374,left_iris-373,left_iris-390,left_iris-249,left_iris-263,left_iris-466,left_iris-388,left_iris-387,left_iris-386,left_iris-385,left_iris-384,left_iris-398
40.024992192379,37.107950630558946,29.732137494637012,19.4164878389476,12.36931687685298,14.142135623730953,19.313207915827967,24.186773244895647,29.154759474226505,26.30589287593181,22.80350850198276,16.55294535724685,8.246211251235321,12.529964086141668,25.019992006393608,34.36568055487916
