left_iris-362,left_iris-382,left_iris-381,left_iris-380,left_iris-374,left_iris-373,left_iris-390,left_iris-249,left_iris-263,left_iris-466,left_iris-388,left_iris-387,left_iris-386,left_iris-385,left_iris-384,left_iris-398
41.0,37.013511046643494,29.154759474226505,18.973665961010276,11.40175425099138,10.295630140987,13.892443989449804,18.027756377319943,22.09072203437452,19.0,15.132745950421556,8.06225774829855,7.211102550927978,17.08800749063506,28.442925306655784,37.12142238654117
