left_iris-362,left_iris-382,left_iris-381,left_iris-380,left_iris-374,left_iris-373,left_iris-390,left_iris-249,left_iris-263,left_iris-466,left_iris-388,left_iris-387,left_iris-386,left_iris-385,left_iris-384,left_iris-398
30.066592756745816,26.30589287593181,20.615528128088304,13.601470508735444,10.04987562112089,14.866068747318506,19.72308292331602,22.47220505424423,26.476404589747453,24.08318915758459,21.02379604162864,15.811388300841896,9.433981132056603,10.0,18.027756377319943,25.019992006393608
