left_iris-362,left_iris-382,left_iris-381,left_iris-380,left_iris-374,left_iris-373,left_iris-390,left_iris-249,left_iris-263,left_iris-466,left_iris-388,left_iris-387,left_iris-386,left_iris-385,left_iris-384,left_iris-398
34.48187929913333,31.622776601683793,24.596747752497688,16.401219466856727,13.152946437965904,17.804493814764857,22.135943621178654,26.30589287593181,30.01666203960727,27.16615541441225,23.53720459187964,17.46424919657298,8.06225774829855,9.433981132056603,21.02379604162864,29.42787793912432
