left_iris-362,left_iris-382,left_iris-381,left_iris-380,left_iris-374,left_iris-373,left_iris-390,left_iris-249,left_iris-263,left_iris-466,left_iris-388,left_iris-387,left_iris-386,left_iris-385,left_iris-384,left_iris-398
25.019992006393608,23.021728866442675,17.029386365926403,9.219544457292889,3.1622776601683795,8.246211251235321,14.142135623730953,19.026297590440446,23.0,19.026297590440446,15.033296378372908,9.219544457292889,2.0,8.246211251235321,17.11724276862369,23.021728866442675
