left_iris-362,left_iris-382,left_iris-381,left_iris-380,left_iris-374,left_iris-373,left_iris-390,left_iris-249,left_iris-263,left_iris-466,left_iris-388,left_iris-387,left_iris-386,left_iris-385,left_iris-384,left_iris-398
36.12478373637688,32.38826948140329,25.70992026436488,16.64331697709324,12.16552506059644,15.811388300841896,20.248456731316587,23.769728648009423,28.635642126552707,25.179356624028344,22.02271554554524,15.297058540778355,8.06225774829855,11.31370849898476,21.587033144922906,31.0
