left_iris-362,left_iris-382,left_iris-381,left_iris-380,left_iris-374,left_iris-373,left_iris-390,left_iris-249,left_iris-263,left_iris-466,left_iris-388,left_iris-387,left_iris-386,left_iris-385,left_iris-384,left_iris-398
29.017236257093817,26.076809620810597,19.6468827043885,12.806248474865695,11.0,16.278820596099706,21.095023109728988,24.698178070456937,27.459060435491963,25.179356624028344,22.0,16.492422502470642,10.0,9.848857801796104,17.46424919657298,24.186773244895647
