left_iris-362,left_iris-382,left_iris-381,left_iris-380,left_iris-374,left_iris-373,left_iris-390,left_iris-249,left_iris-263,left_iris-466,left_iris-388,left_iris-387,left_iris-386,left_iris-385,left_iris-384,left_iris-398
35.35533905932738,32.7566787083184,25.632011235952593,17.69180601295413,15.033296378372908,18.601075237738275,23.021728866442675,26.0,28.442925306655784,26.076809620810597,23.08679276123039,17.46424919657298,10.770329614269007,12.041594578792296,21.587033144922906,31.016124838541646
