left_iris-362,left_iris-382,left_iris-381,left_iris-380,left_iris-374,left_iris-373,left_iris-390,left_iris-249,left_iris-263,left_iris-466,left_iris-388,left_iris-387,left_iris-386,left_iris-385,left_iris-384,left_iris-398
26.1725046566048,24.08318915758459,18.0,10.198039027185567,5.0990195135927845,9.219544457292889,14.317821063276352,18.384776310850235,21.840329667841555,18.68154169226941,15.524174696260024,9.055385138137416,1.4142135623730951,8.54400374531753,17.46424919657298,23.345235059857504
