left_iris-362,left_iris-382,left_iris-381,left_iris-380,left_iris-374,left_iris-373,left_iris-390,left_iris-249,left_iris-263,left_iris-466,left_iris-388,left_iris-387,left_iris-386,left_iris-385,left_iris-384,left_iris-398
32.38826948140329,28.635642126552707,21.18962010041709,12.727922061357855,9.219544457292889,15.264337522473747,19.924858845171276,24.331050121192877,28.0178514522438,25.019992006393608,21.213203435596427,14.866068747318506,8.06225774829855,10.63014581273465,19.4164878389476,28.0178514522438
