left_iris-362,left_iris-382,left_iris-381,left_iris-380,left_iris-374,left_iris-373,left_iris-390,left_iris-249,left_iris-263,left_iris-466,left_iris-388,left_iris-387,left_iris-386,left_iris-385,left_iris-384,left_iris-398
31.78049716414141,28.178005607210743,22.20360331117452,16.55294535724685,14.560219778561036,20.0,25.298221281347036,29.274562336608895,35.05709628591621,31.25699921617557,26.68332812825267,20.12461179749811,12.529964086141668,10.816653826391969,18.110770276274835,26.92582403567252
