left_iris-362,left_iris-382,left_iris-381,left_iris-380,left_iris-374,left_iris-373,left_iris-390,left_iris-249,left_iris-263,left_iris-466,left_iris-388,left_iris-387,left_iris-386,left_iris-385,left_iris-384,left_iris-398
21.37755832643195,19.4164878389476,14.560219778561036,8.06225774829855,3.0,7.615773105863909,13.152946437965904,16.0312195418814,20.0,17.0,13.038404810405298,8.246211251235321,2.0,7.280109889280518,14.0,19.1049731745428
