left_iris-362,left_iris-382,left_iris-381,left_iris-380,left_iris-374,left_iris-373,left_iris-390,left_iris-249,left_iris-263,left_iris-466,left_iris-388,left_iris-387,left_iris-386,left_iris-385,left_iris-384,left_iris-398
35.17101079013795,32.28002478313795,25.079872407968907,16.97056274847714,13.038404810405298,17.029386365926403,22.47220505424423,26.30589287593181,31.016124838541646,28.16025568065745,25.495097567963924,20.12461179749811,12.529964086141668,12.206555615733702,20.396078054371134,30.265491900843113
