left_iris-362,left_iris-382,left_iris-381,left_iris-380,left_iris-374,left_iris-373,left_iris-390,left_iris-249,left_iris-263,left_iris-466,left_iris-388,left_iris-387,left_iris-386,left_iris-385,left_iris-384,left_iris-398
39.05124837953327,36.12478373637688,29.274562336608895,19.924858845171276,12.041594578792296,8.246211251235321,12.806248474865695,17.88854381999832,21.840329667841555,18.439088914585778,13.038404810405298,6.324555320336759,6.4031242374328485,16.492422502470642,27.16615541441225,35.0
