left_iris-362,left_iris-382,left_iris-381,left_iris-380,left_iris-374,left_iris-373,left_iris-390,left_iris-249,left_iris-263,left_iris-466,left_iris-388,left_iris-387,left_iris-386,left_iris-385,left_iris-384,left_iris-398
32.38826948140329,28.635642126552707,22.135943621178654,14.212670403551895,10.0,14.142135623730953,17.88854381999832,21.18962010041709,24.331050121192877,22.09072203437452,18.0,12.36931687685298,5.385164807134504,10.295630140987,20.223748416156685,28.0178514522438
