left_iris-362,left_iris-382,left_iris-381,left_iris-380,left_iris-374,left_iris-373,left_iris-390,left_iris-249,left_iris-263,left_iris-466,left_iris-388,left_iris-387,left_iris-386,left_iris-385,left_iris-384,left_iris-398
31.400636936215164,27.65863337187866,20.248456731316587,12.041594578792296,9.486832980505138,15.264337522473747,19.924858845171276,24.331050121192877,28.0178514522438,25.019992006393608,21.213203435596427,15.811388300841896,8.06225774829855,9.899494936611664,19.4164878389476,27.018512172212592
