left_iris-362,left_iris-382,left_iris-381,left_iris-380,left_iris-374,left_iris-373,left_iris-390,left_iris-249,left_iris-263,left_iris-466,left_iris-388,left_iris-387,left_iris-386,left_iris-385,left_iris-384,left_iris-398
40.049968789001575,37.12142238654117,30.265491900843113,21.02379604162864,13.892443989449804,15.231546211727816,18.439088914585778,22.360679774997894,26.68332812825267,24.331050121192877,21.095023109728988,14.142135623730953,6.708203932499369,12.206555615733702,24.73863375370596,35.05709628591621
