left_iris-362,left_iris-382,left_iris-381,left_iris-380,left_iris-374,left_iris-373,left_iris-390,left_iris-249,left_iris-263,left_iris-466,left_iris-388,left_iris-387,left_iris-386,left_iris-385,left_iris-384,left_iris-398
30.4138126514911,26.68332812825267,20.248456731316587,11.31370849898476,8.94427190999916,16.55294535724685,22.360679774997894,27.073972741361768,31.016124838541646,28.16025568065745,24.73863375370596,19.72308292331602,13.41640786499874,12.529964086141668,18.973665961010276,26.019223662515376
