left_iris-362,left_iris-382,left_iris-381,left_iris-380,left_iris-374,left_iris-373,left_iris-390,left_iris-249,left_iris-263,left_iris-466,left_iris-388,left_iris-387,left_iris-386,left_iris-385,left_iris-384,left_iris-398
30.265491900843113,27.459060435491963,20.8806130178211,12.727922061357855,10.198039027185567,17.4928556845359,24.041630560342615,30.4138126514911,36.05551275463989,32.0,27.16615541441225,19.924858845171276,10.63014581273465,8.94427190999916,17.72004514666935,26.0
