left_iris-362,left_iris-382,left_iris-381,left_iris-380,left_iris-374,left_iris-373,left_iris-390,left_iris-249,left_iris-263,left_iris-466,left_iris-388,left_iris-387,left_iris-386,left_iris-385,left_iris-384,left_iris-398
34.785054261852174,31.016124838541646,24.186773244895647,15.811388300841896,13.601470508735444,21.095023109728988,27.892651361962702,33.13608305156178,40.049968789001575,36.22154055254967,31.78049716414141,25.079872407968907,15.0,11.180339887498947,19.4164878389476,28.442925306655784
