left_iris-362,left_iris-382,left_iris-381,left_iris-380,left_iris-374,left_iris-373,left_iris-390,left_iris-249,left_iris-263,left_iris-466,left_iris-388,left_iris-387,left_iris-386,left_iris-385,left_iris-384,left_iris-398
29.017236257093817,26.076809620810597,20.223748416156685,12.083045973594572,7.0710678118654755,12.206555615733702,18.384776310850235,22.80350850198276,27.459060435491963,23.194827009486403,18.0,11.180339887498947,4.0,10.295630140987,19.4164878389476,26.076809620810597
