left_iris-362,left_iris-382,left_iris-381,left_iris-380,left_iris-374,left_iris-373,left_iris-390,left_iris-249,left_iris-263,left_iris-466,left_iris-388,left_iris-387,left_iris-386,left_iris-385,left_iris-384,left_iris-398
32.01562118716424,29.068883707497267,23.194827009486403,14.866068747318506,7.810249675906654,8.602325267042627,13.892443989449804,18.027756377319943,21.37755832643195,19.1049731745428,15.033296378372908,9.486832980505138,6.0,11.6619037896906,21.37755832643195,28.0178514522438
