left_iris-362,left_iris-382,left_iris-381,left_iris-380,left_iris-374,left_iris-373,left_iris-390,left_iris-249,left_iris-263,left_iris-466,left_iris-388,left_iris-387,left_iris-386,left_iris-385,left_iris-384,left_iris-398
37.36308338453881,33.83784863137726,26.40075756488817,16.278820596099706,13.341664064126334,18.867962264113206,25.0,30.14962686336267,34.058772731852805,32.2490309931942,28.635642126552707,21.540659228538015,12.206555615733702,10.63014581273465,21.213203435596427,31.400636936215164
