left_iris-362,left_iris-382,left_iris-381,left_iris-380,left_iris-374,left_iris-373,left_iris-390,left_iris-249,left_iris-263,left_iris-466,left_iris-388,left_iris-387,left_iris-386,left_iris-385,left_iris-384,left_iris-398
30.14962686336267,26.30589287593181,20.8806130178211,12.806248474865695,10.0,13.45362404707371,17.4928556845359,20.615528128088304,23.53720459187964,20.223748416156685,17.0,11.40175425099138,5.385164807134504,10.0,18.439088914585778,26.0
