left_iris-362,left_iris-382,left_iris-381,left_iris-380,left_iris-374,left_iris-373,left_iris-390,left_iris-249,left_iris-263,left_iris-466,left_iris-388,left_iris-387,left_iris-386,left_iris-385,left_iris-384,left_iris-398
36.345563690772494,32.55764119219941,24.35159132377184,15.556349186104043,12.041594578792296,17.029386365926403,22.84731931759173,27.892651361962702,32.14031735997639,28.0178514522438,23.08679276123039,16.76305461424021,8.54400374531753,11.40175425099138,22.360679774997894,32.01562118716424
