left_iris-362,left_iris-382,left_iris-381,left_iris-380,left_iris-374,left_iris-373,left_iris-390,left_iris-249,left_iris-263,left_iris-466,left_iris-388,left_iris-387,left_iris-386,left_iris-385,left_iris-384,left_iris-398
29.017236257093817,26.1725046566048,19.4164878389476,11.6619037896906,7.0,11.40175425099138,16.76305461424021,20.396078054371134,24.08318915758459,21.0,18.027756377319943,11.40175425099138,4.47213595499958,8.94427190999916,18.24828759089466,25.019992006393608
