left_iris-362,left_iris-382,left_iris-381,left_iris-380,left_iris-374,left_iris-373,left_iris-390,left_iris-249,left_iris-263,left_iris-466,left_iris-388,left_iris-387,left_iris-386,left_iris-385,left_iris-384,left_iris-398
39.01281840626232,35.014282800023196,27.16615541441225,16.15549442140351,9.486832980505138,12.041594578792296,17.88854381999832,21.840329667841555,26.1725046566048,23.021728866442675,19.1049731745428,12.083045973594572,7.0,13.892443989449804,25.70992026436488,34.23448553724738
