left_iris-362,left_iris-382,left_iris-381,left_iris-380,left_iris-374,left_iris-373,left_iris-390,left_iris-249,left_iris-263,left_iris-466,left_iris-388,left_iris-387,left_iris-386,left_iris-385,left_iris-384,left_iris-398
35.12833614050059,32.14031735997639,24.515301344262525,14.7648230602334,8.246211251235321,12.041594578792296,18.384776310850235,22.561028345356956,27.073972741361768,24.020824298928627,19.0,12.16552506059644,4.123105625617661,10.770329614269007,22.20360331117452,31.0
