left_iris-362,left_iris-382,left_iris-381,left_iris-380,left_iris-374,left_iris-373,left_iris-390,left_iris-249,left_iris-263,left_iris-466,left_iris-388,left_iris-387,left_iris-386,left_iris-385,left_iris-384,left_iris-398
35.510561809129406,32.14031735997639,25.0,15.811388300841896,9.848857801796104,12.529964086141668,17.204650534085253,21.02379604162864,25.0,21.37755832643195,16.0312195418814,10.44030650891055,6.082762530298219,14.422205101855956,24.35159132377184,32.01562118716424
