left_iris-362,left_iris-382,left_iris-381,left_iris-380,left_iris-374,left_iris-373,left_iris-390,left_iris-249,left_iris-263,left_iris-466,left_iris-388,left_iris-387,left_iris-386,left_iris-385,left_iris-384,left_iris-398
23.021728866442675,20.024984394500787,15.132745950421556,7.615773105863909,3.605551275463989,11.180339887498947,17.029386365926403,21.0,25.019992006393608,22.02271554554524,17.029386365926403,11.04536101718726,2.0,6.0,15.033296378372908,21.0
