left_iris-362,left_iris-382,left_iris-381,left_iris-380,left_iris-374,left_iris-373,left_iris-390,left_iris-249,left_iris-263,left_iris-466,left_iris-388,left_iris-387,left_iris-386,left_iris-385,left_iris-384,left_iris-398
32.2490309931942,28.635642126552707,21.840329667841555,12.806248474865695,8.0,12.206555615733702,17.72004514666935,21.37755832643195,25.019992006393608,22.02271554554524,18.24828759089466,13.41640786499874,7.0710678118654755,10.816653826391969,20.223748416156685,29.017236257093817
