left_iris-362,left_iris-382,left_iris-381,left_iris-380,left_iris-374,left_iris-373,left_iris-390,left_iris-249,left_iris-263,left_iris-466,left_iris-388,left_iris-387,left_iris-386,left_iris-385,left_iris-384,left_iris-398
23.08679276123039,20.223748416156685,14.560219778561036,8.06225774829855,4.123105625617661,9.486832980505138,14.142135623730953,18.110770276274835,21.0,18.027756377319943,15.132745950421556,9.486832980505138,3.1622776601683795,7.615773105863909,15.033296378372908,20.024984394500787
