left_iris-362,left_iris-382,left_iris-381,left_iris-380,left_iris-374,left_iris-373,left_iris-390,left_iris-249,left_iris-263,left_iris-466,left_iris-388,left_iris-387,left_iris-386,left_iris-385,left_iris-384,left_iris-398
31.064449134018133,27.073972741361768,20.223748416156685,10.295630140987,6.324555320336759,14.866068747318506,22.360679774997894,27.16615541441225,32.0624390837628,28.0713376952364,23.08679276123039,15.033296378372908,3.1622776601683795,8.0,20.024984394500787,27.0
