left_iris-362,left_iris-382,left_iris-381,left_iris-380,left_iris-374,left_iris-373,left_iris-390,left_iris-249,left_iris-263,left_iris-466,left_iris-388,left_iris-387,left_iris-386,left_iris-385,left_iris-384,left_iris-398
38.2099463490856,34.36568055487916,27.892651361962702,18.601075237738275,13.341664064126334,16.64331697709324,20.808652046684813,23.769728648009423,27.16615541441225,25.0,21.37755832643195,17.4928556845359,12.36931687685298,14.866068747318506,24.041630560342615,33.015148038438355
