left_iris-362,left_iris-382,left_iris-381,left_iris-380,left_iris-374,left_iris-373,left_iris-390,left_iris-249,left_iris-263,left_iris-466,left_iris-388,left_iris-387,left_iris-386,left_iris-385,left_iris-384,left_iris-398
39.81205847478876,35.17101079013795,26.570660511172846,16.97056274847714,12.041594578792296,17.804493814764857,23.08679276123039,28.284271247461906,33.015148038438355,29.068883707497267,25.317977802344327,18.027756377319943,8.06225774829855,11.180339887498947,24.08318915758459,34.23448553724738
