left_iris-362,left_iris-382,left_iris-381,left_iris-380,left_iris-374,left_iris-373,left_iris-390,left_iris-249,left_iris-263,left_iris-466,left_iris-388,left_iris-387,left_iris-386,left_iris-385,left_iris-384,left_iris-398
25.179356624028344,21.37755832643195,16.15549442140351,10.0,9.486832980505138,14.422205101855956,18.973665961010276,22.561028345356956,26.1725046566048,23.021728866442675,19.026297590440446,13.341664064126334,6.4031242374328485,7.0710678118654755,15.524174696260024,22.0
