left_iris-362,left_iris-382,left_iris-381,left_iris-380,left_iris-374,left_iris-373,left_iris-390,left_iris-249,left_iris-263,left_iris-466,left_iris-388,left_iris-387,left_iris-386,left_iris-385,left_iris-384,left_iris-398
30.066592756745816,27.29468812791236,20.615528128088304,13.038404810405298,9.055385138137416,11.31370849898476,15.652475842498529,18.68154169226941,21.213203435596427,19.026297590440446,16.0312195418814,10.44030650891055,5.0990195135927845,10.295630140987,19.4164878389476,27.018512172212592
