left_iris-362,left_iris-382,left_iris-381,left_iris-380,left_iris-374,left_iris-373,left_iris-390,left_iris-249,left_iris-263,left_iris-466,left_iris-388,left_iris-387,left_iris-386,left_iris-385,left_iris-384,left_iris-398
36.345563690772494,31.575306807693888,24.35159132377184,14.142135623730953,11.704699910719626,20.591260281974,28.16025568065745,33.54101966249684,39.05124837953327,35.014282800023196,31.25699921617557,23.08679276123039,12.806248474865695,10.816653826391969,20.615528128088304,31.0
