left_iris-362,left_iris-382,left_iris-381,left_iris-380,left_iris-374,left_iris-373,left_iris-390,left_iris-249,left_iris-263,left_iris-466,left_iris-388,left_iris-387,left_iris-386,left_iris-385,left_iris-384,left_iris-398
28.442925306655784,25.70992026436488,21.18962010041709,14.212670403551895,10.198039027185567,12.041594578792296,16.1245154965971,18.68154169226941,23.08679276123039,20.024984394500787,17.029386365926403,11.704699910719626,6.324555320336759,10.0,17.26267650163207,25.079872407968907
