left_iris-362,left_iris-382,left_iris-381,left_iris-380,left_iris-374,left_iris-373,left_iris-390,left_iris-249,left_iris-263,left_iris-466,left_iris-388,left_iris-387,left_iris-386,left_iris-385,left_iris-384,left_iris-398
27.073972741361768,24.331050121192877,17.72004514666935,10.63014581273465,8.06225774829855,12.206555615733702,16.76305461424021,20.396078054371134,23.021728866442675,20.0,17.11724276862369,11.704699910719626,5.385164807134504,8.602325267042627,17.46424919657298,24.020824298928627
