left_iris-362,left_iris-382,left_iris-381,left_iris-380,left_iris-374,left_iris-373,left_iris-390,left_iris-249,left_iris-263,left_iris-466,left_iris-388,left_iris-387,left_iris-386,left_iris-385,left_iris-384,left_iris-398
40.01249804748511,36.05551275463989,28.284271247461906,17.88854381999832,10.44030650891055,13.45362404707371,18.788294228055936,22.80350850198276,28.16025568065745,24.020824298928627,20.024984394500787,12.649110640673518,6.0,13.41640786499874,25.495097567963924,35.05709628591621
