left_iris-362,left_iris-382,left_iris-381,left_iris-380,left_iris-374,left_iris-373,left_iris-390,left_iris-249,left_iris-263,left_iris-466,left_iris-388,left_iris-387,left_iris-386,left_iris-385,left_iris-384,left_iris-398
28.442925306655784,24.73863375370596,18.384776310850235,11.40175425099138,10.44030650891055,15.0,19.313207915827967,22.561028345356956,26.1725046566048,23.021728866442675,20.024984394500787,14.317821063276352,5.656854249492381,7.211102550927978,17.11724276862369,24.020824298928627
