left_iris-362,left_iris-382,left_iris-381,left_iris-380,left_iris-374,left_iris-373,left_iris-390,left_iris-249,left_iris-263,left_iris-466,left_iris-388,left_iris-387,left_iris-386,left_iris-385,left_iris-384,left_iris-398
37.107950630558946,34.48187929913333,28.231188426986208,19.1049731745428,14.142135623730953,16.401219466856727,20.12461179749811,23.53720459187964,28.0,25.079872407968907,21.37755832643195,15.231546211727816,8.246211251235321,11.6619037896906,23.08679276123039,32.38826948140329
