left_iris-362,left_iris-382,left_iris-381,left_iris-380,left_iris-374,left_iris-373,left_iris-390,left_iris-249,left_iris-263,left_iris-466,left_iris-388,left_iris-387,left_iris-386,left_iris-385,left_iris-384,left_iris-398
29.068883707497267,26.1725046566048,20.396078054371134,12.529964086141668,7.280109889280518,9.899494936611664,15.231546211727816,18.68154169226941,22.20360331117452,19.026297590440446,15.0,9.219544457292889,3.1622776601683795,10.198039027185567,19.1049731745428,26.0
