right_iris-133,right_iris-33,right_iris-7,right_iris-163,right_iris-144,right_iris-145,right_iris-153,right_iris-154,right_iris-155,right_iris-173,right_iris-157,right_iris-158,right_iris-159,right_iris-160,right_iris-161,right_iris-246
30.4138126514911,42.0,36.345563690772494,31.32091952673165,24.186773244895647,14.7648230602334,13.41640786499874,19.697715603592208,26.68332812825267,26.019223662515376,17.88854381999832,13.038404810405298,17.69180601295413,27.51363298439521,34.52535300326414,38.11823710509184
