right_iris-133,right_iris-33,right_iris-7,right_iris-163,right_iris-144,right_iris-145,right_iris-153,right_iris-154,right_iris-155,right_iris-173,right_iris-157,right_iris-158,right_iris-159,right_iris-160,right_iris-161,right_iris-246
25.96150997149434,30.0,27.16615541441225,22.561028345356956,17.46424919657298,10.816653826391969,9.848857801796104,17.0,22.47220505424423,22.20360331117452,14.142135623730953,7.211102550927978,9.899494936611664,18.027756377319943,24.331050121192877,28.0713376952364
