right_iris-133,right_iris-33,right_iris-7,right_iris-163,right_iris-144,right_iris-145,right_iris-153,right_iris-154,right_iris-155,right_iris-173,right_iris-157,right_iris-158,right_iris-159,right_iris-160,right_iris-161,right_iris-246
28.16025568065745,17.26267650163207,15.652475842498529,13.45362404707371,11.704699910719626,11.180339887498947,15.264337522473747,21.840329667841555,25.317977802344327,25.0,18.68154169226941,12.727922061357855,9.0,10.816653826391969,13.152946437965904,16.0312195418814
