right_iris-133,right_iris-33,right_iris-7,right_iris-163,right_iris-144,right_iris-145,right_iris-153,right_iris-154,right_iris-155,right_iris-173,right_iris-157,right_iris-158,right_iris-159,right_iris-160,right_iris-161,right_iris-246
22.561028345356956,23.194827009486403,19.026297590440446,15.0,9.219544457292889,4.123105625617661,8.602325267042627,15.811388300841896,20.615528128088304,20.223748416156685,15.033296378372908,7.0710678118654755,3.1622776601683795,9.848857801796104,15.524174696260024,19.235384061671343
