right_iris-133,right_iris-33,right_iris-7,right_iris-163,right_iris-144,right_iris-145,right_iris-153,right_iris-154,right_iris-155,right_iris-173,right_iris-157,right_iris-158,right_iris-159,right_iris-160,right_iris-161,right_iris-246
35.6931365951495,30.59411708155671,25.96150997149434,20.248456731316587,12.529964086141668,4.47213595499958,13.0,24.331050121192877,32.55764119219941,31.04834939252005,22.135943621178654,9.848857801796104,3.1622776601683795,14.142135623730953,22.360679774997894,27.459060435491963
