right_iris-133,right_iris-33,right_iris-7,right_iris-163,right_iris-144,right_iris-145,right_iris-153,right_iris-154,right_iris-155,right_iris-173,right_iris-157,right_iris-158,right_iris-159,right_iris-160,right_iris-161,right_iris-246
26.076809620810597,45.17742799230607,38.47076812334269,32.984845004941285,25.632011235952593,13.45362404707371,7.280109889280518,15.811388300841896,22.20360331117452,21.02379604162864,13.41640786499874,7.280109889280518,16.15549442140351,28.16025568065745,36.0,41.048751503547585
