right_iris-133,right_iris-33,right_iris-7,right_iris-163,right_iris-144,right_iris-145,right_iris-153,right_iris-154,right_iris-155,right_iris-173,right_iris-157,right_iris-158,right_iris-159,right_iris-160,right_iris-161,right_iris-246
26.076809620810597,35.22782990761707,31.016124838541646,26.0,19.1049731745428,8.94427190999916,5.656854249492381,15.297058540778355,23.08679276123039,23.0,16.0312195418814,5.0990195135927845,7.280109889280518,19.1049731745428,27.16615541441225,32.14031735997639
