right_iris-133,right_iris-33,right_iris-7,right_iris-163,right_iris-144,right_iris-145,right_iris-153,right_iris-154,right_iris-155,right_iris-173,right_iris-157,right_iris-158,right_iris-159,right_iris-160,right_iris-161,right_iris-246
23.08679276123039,17.029386365926403,14.317821063276352,10.770329614269007,7.0710678118654755,6.324555320336759,10.295630140987,16.492422502470642,21.213203435596427,21.0,15.132745950421556,8.94427190999916,4.123105625617661,7.211102550927978,11.180339887498947,14.0356688476182
