right_iris-133,right_iris-33,right_iris-7,right_iris-163,right_iris-144,right_iris-145,right_iris-153,right_iris-154,right_iris-155,right_iris-173,right_iris-157,right_iris-158,right_iris-159,right_iris-160,right_iris-161,right_iris-246
33.83784863137726,31.064449134018133,27.073972741361768,23.345235059857504,17.46424919657298,11.704699910719626,14.422205101855956,22.47220505424423,29.546573405388315,28.861739379323623,20.0,10.295630140987,8.54400374531753,17.0,23.769728648009423,28.284271247461906
