right_iris-133,right_iris-33,right_iris-7,right_iris-163,right_iris-144,right_iris-145,right_iris-153,right_iris-154,right_iris-155,right_iris-173,right_iris-157,right_iris-158,right_iris-159,right_iris-160,right_iris-161,right_iris-246
38.60051813123757,30.0,25.317977802344327,22.135943621178654,16.401219466856727,12.041594578792296,16.97056274847714,26.83281572999748,34.785054261852174,33.54101966249684,23.0,11.180339887498947,6.324555320336759,16.15549442140351,22.360679774997894,27.073972741361768
