right_iris-133,right_iris-33,right_iris-7,right_iris-163,right_iris-144,right_iris-145,right_iris-153,right_iris-154,right_iris-155,right_iris-173,right_iris-157,right_iris-158,right_iris-159,right_iris-160,right_iris-161,right_iris-246
28.442925306655784,22.09072203437452,19.6468827043885,16.15549442140351,12.041594578792296,9.0,12.041594578792296,19.313207915827967,24.73863375370596,25.019992006393608,17.26267650163207,10.0,7.280109889280518,12.083045973594572,16.1245154965971,20.0
