right_iris-133,right_iris-33,right_iris-7,right_iris-163,right_iris-144,right_iris-145,right_iris-153,right_iris-154,right_iris-155,right_iris-173,right_iris-157,right_iris-158,right_iris-159,right_iris-160,right_iris-161,right_iris-246
29.732137494637012,30.066592756745816,26.1725046566048,22.80350850198276,17.4928556845359,11.704699910719626,13.038404810405298,20.248456731316587,26.92582403567252,25.495097567963924,18.027756377319943,9.219544457292889,10.295630140987,17.88854381999832,23.769728648009423,27.29468812791236
