right_iris-133,right_iris-33,right_iris-7,right_iris-163,right_iris-144,right_iris-145,right_iris-153,right_iris-154,right_iris-155,right_iris-173,right_iris-157,right_iris-158,right_iris-159,right_iris-160,right_iris-161,right_iris-246
29.274562336608895,20.223748416156685,17.08800749063506,15.0,12.083045973594572,11.704699910719626,15.811388300841896,21.840329667841555,27.459060435491963,26.0,19.6468827043885,12.041594578792296,8.0,11.6619037896906,15.132745950421556,18.027756377319943
