right_iris-133,right_iris-33,right_iris-7,right_iris-163,right_iris-144,right_iris-145,right_iris-153,right_iris-154,right_iris-155,right_iris-173,right_iris-157,right_iris-158,right_iris-159,right_iris-160,right_iris-161,right_iris-246
21.37755832643195,23.08679276123039,19.026297590440446,16.0,11.180339887498947,4.242640687119285,6.4031242374328485,13.92838827718412,18.439088914585778,19.1049731745428,14.0,6.324555320336759,3.605551275463989,10.770329614269007,16.278820596099706,19.235384061671343
