right_iris-133,right_iris-33,right_iris-7,right_iris-163,right_iris-144,right_iris-145,right_iris-153,right_iris-154,right_iris-155,right_iris-173,right_iris-157,right_iris-158,right_iris-159,right_iris-160,right_iris-161,right_iris-246
26.0,23.194827009486403,19.924858845171276,17.0,13.45362404707371,10.0,12.041594578792296,17.46424919657298,23.08679276123039,23.194827009486403,17.08800749063506,10.63014581273465,7.615773105863909,13.0,17.11724276862369,20.024984394500787
