right_iris-133,right_iris-33,right_iris-7,right_iris-163,right_iris-144,right_iris-145,right_iris-153,right_iris-154,right_iris-155,right_iris-173,right_iris-157,right_iris-158,right_iris-159,right_iris-160,right_iris-161,right_iris-246
24.020824298928627,15.033296378372908,12.36931687685298,8.94427190999916,5.830951894845301,6.4031242374328485,10.770329614269007,17.26267650163207,21.095023109728988,21.0,16.1245154965971,8.94427190999916,4.47213595499958,5.830951894845301,10.04987562112089,13.0
