right_iris-133,right_iris-33,right_iris-7,right_iris-163,right_iris-144,right_iris-145,right_iris-153,right_iris-154,right_iris-155,right_iris-173,right_iris-157,right_iris-158,right_iris-159,right_iris-160,right_iris-161,right_iris-246
38.3275357934736,33.06055050963308,27.16615541441225,22.135943621178654,15.620499351813308,11.04536101718726,17.204650534085253,28.16025568065745,34.52535300326414,33.015148038438355,24.515301344262525,12.806248474865695,10.770329614269007,18.788294228055936,25.70992026436488,29.154759474226505
