right_iris-133,right_iris-33,right_iris-7,right_iris-163,right_iris-144,right_iris-145,right_iris-153,right_iris-154,right_iris-155,right_iris-173,right_iris-157,right_iris-158,right_iris-159,right_iris-160,right_iris-161,right_iris-246
36.40054944640259,34.0147027033899,28.16025568065745,23.769728648009423,17.4928556845359,12.16552506059644,15.620499351813308,25.079872407968907,32.57299494980466,31.400636936215164,22.02271554554524,10.0,8.602325267042627,18.027756377319943,25.317977802344327,30.14962686336267
