right_iris-133,right_iris-33,right_iris-7,right_iris-163,right_iris-144,right_iris-145,right_iris-153,right_iris-154,right_iris-155,right_iris-173,right_iris-157,right_iris-158,right_iris-159,right_iris-160,right_iris-161,right_iris-246
29.120439557122072,32.2490309931942,28.0,24.186773244895647,18.384776310850235,12.206555615733702,12.083045973594572,18.867962264113206,24.698178070456937,24.331050121192877,17.11724276862369,8.602325267042627,10.816653826391969,20.12461179749811,25.96150997149434,29.42787793912432
