right_iris-133,right_iris-33,right_iris-7,right_iris-163,right_iris-144,right_iris-145,right_iris-153,right_iris-154,right_iris-155,right_iris-173,right_iris-157,right_iris-158,right_iris-159,right_iris-160,right_iris-161,right_iris-246
30.4138126514911,38.11823710509184,33.06055050963308,28.635642126552707,21.93171219946131,13.892443989449804,12.529964086141668,19.697715603592208,26.68332812825267,26.0,18.788294228055936,12.649110640673518,16.401219466856727,25.495097567963924,32.01562118716424,35.510561809129406
