right_iris-133,right_iris-33,right_iris-7,right_iris-163,right_iris-144,right_iris-145,right_iris-153,right_iris-154,right_iris-155,right_iris-173,right_iris-157,right_iris-158,right_iris-159,right_iris-160,right_iris-161,right_iris-246
27.073972741361768,26.92582403567252,23.08679276123039,18.384776310850235,11.6619037896906,5.0990195135927845,9.486832980505138,18.027756377319943,24.020824298928627,24.186773244895647,17.46424919657298,8.06225774829855,4.242640687119285,12.0,19.235384061671343,23.53720459187964
