right_iris-133,right_iris-33,right_iris-7,right_iris-163,right_iris-144,right_iris-145,right_iris-153,right_iris-154,right_iris-155,right_iris-173,right_iris-157,right_iris-158,right_iris-159,right_iris-160,right_iris-161,right_iris-246
35.4400902933387,36.0,31.25699921617557,26.248809496813376,20.248456731316587,13.601470508735444,15.811388300841896,25.059928172283335,31.953090617340916,30.4138126514911,21.37755832643195,12.206555615733702,13.41640786499874,21.470910553583888,28.635642126552707,32.14031735997639
