right_iris-133,right_iris-33,right_iris-7,right_iris-163,right_iris-144,right_iris-145,right_iris-153,right_iris-154,right_iris-155,right_iris-173,right_iris-157,right_iris-158,right_iris-159,right_iris-160,right_iris-161,right_iris-246
31.575306807693888,33.06055050963308,28.0713376952364,22.561028345356956,16.1245154965971,10.198039027185567,13.45362404707371,22.135943621178654,27.65863337187866,27.018512172212592,18.439088914585778,10.0,10.816653826391969,19.697715603592208,25.70992026436488,29.274562336608895
