right_iris-133,right_iris-33,right_iris-7,right_iris-163,right_iris-144,right_iris-145,right_iris-153,right_iris-154,right_iris-155,right_iris-173,right_iris-157,right_iris-158,right_iris-159,right_iris-160,right_iris-161,right_iris-246
33.13608305156178,34.0147027033899,29.274562336608895,25.298221281347036,19.4164878389476,12.36931687685298,13.45362404707371,22.135943621178654,29.42787793912432,28.0178514522438,20.615528128088304,12.083045973594572,13.601470508735444,21.540659228538015,27.459060435491963,31.144823004794873
