right_iris-133,right_iris-33,right_iris-7,right_iris-163,right_iris-144,right_iris-145,right_iris-153,right_iris-154,right_iris-155,right_iris-173,right_iris-157,right_iris-158,right_iris-159,right_iris-160,right_iris-161,right_iris-246
33.37663853655727,26.019223662515376,21.587033144922906,17.46424919657298,13.45362404707371,11.04536101718726,15.620499351813308,24.35159132377184,30.80584360149873,29.017236257093817,21.37755832643195,12.806248474865695,9.055385138137416,13.892443989449804,19.4164878389476,23.021728866442675
