right_iris-133,right_iris-33,right_iris-7,right_iris-163,right_iris-144,right_iris-145,right_iris-153,right_iris-154,right_iris-155,right_iris-173,right_iris-157,right_iris-158,right_iris-159,right_iris-160,right_iris-161,right_iris-246
30.265491900843113,24.020824298928627,20.223748416156685,16.76305461424021,12.206555615733702,9.0,12.806248474865695,20.8806130178211,26.476404589747453,26.019223662515376,19.4164878389476,10.63014581273465,7.280109889280518,13.41640786499874,18.24828759089466,22.02271554554524
