right_iris-133,right_iris-33,right_iris-7,right_iris-163,right_iris-144,right_iris-145,right_iris-153,right_iris-154,right_iris-155,right_iris-173,right_iris-157,right_iris-158,right_iris-159,right_iris-160,right_iris-161,right_iris-246
33.24154027718932,26.019223662515376,21.095023109728988,16.492422502470642,10.816653826391969,7.280109889280518,14.7648230602334,23.53720459187964,30.4138126514911,30.01666203960727,22.09072203437452,11.40175425099138,4.0,10.770329614269007,18.24828759089466,22.09072203437452
