right_iris-133,right_iris-33,right_iris-7,right_iris-163,right_iris-144,right_iris-145,right_iris-153,right_iris-154,right_iris-155,right_iris-173,right_iris-157,right_iris-158,right_iris-159,right_iris-160,right_iris-161,right_iris-246
28.442925306655784,23.194827009486403,19.924858845171276,17.0,12.806248474865695,11.04536101718726,13.45362404707371,20.248456731316587,26.68332812825267,25.079872407968907,18.110770276274835,9.433981132056603,5.0990195135927845,11.704699910719626,17.029386365926403,20.024984394500787
