right_iris-133,right_iris-33,right_iris-7,right_iris-163,right_iris-144,right_iris-145,right_iris-153,right_iris-154,right_iris-155,right_iris-173,right_iris-157,right_iris-158,right_iris-159,right_iris-160,right_iris-161,right_iris-246
27.29468812791236,26.30589287593181,22.80350850198276,19.313207915827967,15.0,9.486832980505138,10.63014581273465,18.027756377319943,24.515301344262525,24.020824298928627,16.278820596099706,7.810249675906654,5.656854249492381,13.152946437965904,20.0,23.08679276123039
