right_iris-133,right_iris-33,right_iris-7,right_iris-163,right_iris-144,right_iris-145,right_iris-153,right_iris-154,right_iris-155,right_iris-173,right_iris-157,right_iris-158,right_iris-159,right_iris-160,right_iris-161,right_iris-246
28.861739379323623,26.1725046566048,22.80350850198276,19.697715603592208,15.620499351813308,11.180339887498947,12.806248474865695,20.12461179749811,26.248809496813376,25.179356624028344,17.11724276862369,9.219544457292889,7.615773105863909,13.92838827718412,19.1049731745428,23.021728866442675
