right_iris-133,right_iris-33,right_iris-7,right_iris-163,right_iris-144,right_iris-145,right_iris-153,right_iris-154,right_iris-155,right_iris-173,right_iris-157,right_iris-158,right_iris-159,right_iris-160,right_iris-161,right_iris-246
42.42640687119285,32.01562118716424,27.459060435491963,22.47220505424423,16.401219466856727,12.0,17.804493814764857,29.120439557122072,37.656340767525464,37.013511046643494,27.29468812791236,13.892443989449804,8.06225774829855,16.15549442140351,23.194827009486403,28.0178514522438
