right_iris-133,right_iris-33,right_iris-7,right_iris-163,right_iris-144,right_iris-145,right_iris-153,right_iris-154,right_iris-155,right_iris-173,right_iris-157,right_iris-158,right_iris-159,right_iris-160,right_iris-161,right_iris-246
34.058772731852805,27.16615541441225,24.041630560342615,20.12461179749811,15.556349186104043,11.04536101718726,15.0,23.53720459187964,30.14962686336267,30.01666203960727,20.8806130178211,12.041594578792296,9.848857801796104,16.15549442140351,22.09072203437452,25.019992006393608
