right_iris-133,right_iris-33,right_iris-7,right_iris-163,right_iris-144,right_iris-145,right_iris-153,right_iris-154,right_iris-155,right_iris-173,right_iris-157,right_iris-158,right_iris-159,right_iris-160,right_iris-161,right_iris-246
23.0,21.02379604162864,19.0,15.033296378372908,10.44030650891055,4.47213595499958,6.708203932499369,15.132745950421556,20.024984394500787,21.02379604162864,15.132745950421556,7.280109889280518,3.1622776601683795,9.486832980505138,15.132745950421556,18.110770276274835
