right_iris-133,right_iris-33,right_iris-7,right_iris-163,right_iris-144,right_iris-145,right_iris-153,right_iris-154,right_iris-155,right_iris-173,right_iris-157,right_iris-158,right_iris-159,right_iris-160,right_iris-161,right_iris-246
19.026297590440446,19.026297590440446,16.1245154965971,12.36931687685298,7.615773105863909,3.0,7.280109889280518,13.038404810405298,17.029386365926403,17.0,12.0,6.0,1.0,8.06225774829855,13.038404810405298,17.029386365926403
