right_iris-133,right_iris-33,right_iris-7,right_iris-163,right_iris-144,right_iris-145,right_iris-153,right_iris-154,right_iris-155,right_iris-173,right_iris-157,right_iris-158,right_iris-159,right_iris-160,right_iris-161,right_iris-246
33.54101966249684,29.274562336608895,26.248809496813376,23.259406699226016,17.69180601295413,13.038404810405298,14.866068747318506,23.769728648009423,29.832867780352597,29.017236257093817,21.587033144922906,12.727922061357855,11.704699910719626,17.88854381999832,24.186773244895647,27.0
