right_iris-133,right_iris-33,right_iris-7,right_iris-163,right_iris-144,right_iris-145,right_iris-153,right_iris-154,right_iris-155,right_iris-173,right_iris-157,right_iris-158,right_iris-159,right_iris-160,right_iris-161,right_iris-246
32.0,25.70992026436488,22.84731931759173,19.4164878389476,15.0,10.198039027185567,13.892443989449804,22.360679774997894,28.0178514522438,27.16615541441225,19.313207915827967,10.0,8.602325267042627,15.524174696260024,20.024984394500787,23.345235059857504
