right_iris-133,right_iris-33,right_iris-7,right_iris-163,right_iris-144,right_iris-145,right_iris-153,right_iris-154,right_iris-155,right_iris-173,right_iris-157,right_iris-158,right_iris-159,right_iris-160,right_iris-161,right_iris-246
29.42787793912432,20.09975124224178,16.76305461424021,14.422205101855956,11.6619037896906,10.44030650891055,15.0,22.135943621178654,27.65863337187866,26.019223662515376,20.223748416156685,11.6619037896906,7.0710678118654755,9.433981132056603,14.317821063276352,17.0
