right_iris-133,right_iris-33,right_iris-7,right_iris-163,right_iris-144,right_iris-145,right_iris-153,right_iris-154,right_iris-155,right_iris-173,right_iris-157,right_iris-158,right_iris-159,right_iris-160,right_iris-161,right_iris-246
39.293765408777,33.015148038438355,26.1725046566048,20.248456731316587,14.142135623730953,12.36931687685298,19.209372712298546,29.154759474226505,35.73513677041127,34.36568055487916,25.179356624028344,15.811388300841896,11.0,15.811388300841896,22.80350850198276,28.284271247461906
