right_iris-133,right_iris-33,right_iris-7,right_iris-163,right_iris-144,right_iris-145,right_iris-153,right_iris-154,right_iris-155,right_iris-173,right_iris-157,right_iris-158,right_iris-159,right_iris-160,right_iris-161,right_iris-246
36.345563690772494,30.0,25.495097567963924,21.93171219946131,16.97056274847714,13.038404810405298,17.029386365926403,26.248809496813376,32.55764119219941,31.016124838541646,22.360679774997894,10.63014581273465,8.94427190999916,17.08800749063506,23.194827009486403,27.018512172212592
