right_iris-133,right_iris-33,right_iris-7,right_iris-163,right_iris-144,right_iris-145,right_iris-153,right_iris-154,right_iris-155,right_iris-173,right_iris-157,right_iris-158,right_iris-159,right_iris-160,right_iris-161,right_iris-246
32.14031735997639,27.073972741361768,22.561028345356956,19.313207915827967,13.601470508735444,9.0,13.601470508735444,21.840329667841555,28.442925306655784,28.0,20.396078054371134,11.40175425099138,8.246211251235321,13.92838827718412,19.1049731745428,23.0
