right_iris-133,right_iris-33,right_iris-7,right_iris-163,right_iris-144,right_iris-145,right_iris-153,right_iris-154,right_iris-155,right_iris-173,right_iris-157,right_iris-158,right_iris-159,right_iris-160,right_iris-161,right_iris-246
37.12142238654117,33.37663853655727,27.018512172212592,20.615528128088304,12.806248474865695,9.848857801796104,17.88854381999832,28.442925306655784,34.132096331752024,33.015148038438355,24.515301344262525,14.422205101855956,9.055385138137416,16.64331697709324,24.041630560342615,29.614185789921695
