right_iris-133,right_iris-33,right_iris-7,right_iris-163,right_iris-144,right_iris-145,right_iris-153,right_iris-154,right_iris-155,right_iris-173,right_iris-157,right_iris-158,right_iris-159,right_iris-160,right_iris-161,right_iris-246
37.12142238654117,28.16025568065745,25.0,21.93171219946131,16.401219466856727,11.04536101718726,14.866068747318506,24.041630560342615,32.38826948140329,33.0,23.53720459187964,13.45362404707371,9.219544457292889,15.652475842498529,21.213203435596427,25.0
