right_iris-133,right_iris-33,right_iris-7,right_iris-163,right_iris-144,right_iris-145,right_iris-153,right_iris-154,right_iris-155,right_iris-173,right_iris-157,right_iris-158,right_iris-159,right_iris-160,right_iris-161,right_iris-246
39.293765408777,35.014282800023196,29.832867780352597,25.079872407968907,19.1049731745428,15.0,19.79898987322333,28.635642126552707,35.73513677041127,33.37663853655727,24.331050121192877,14.142135623730953,11.704699910719626,20.12461179749811,26.476404589747453,31.064449134018133
