right_iris-133,right_iris-33,right_iris-7,right_iris-163,right_iris-144,right_iris-145,right_iris-153,right_iris-154,right_iris-155,right_iris-173,right_iris-157,right_iris-158,right_iris-159,right_iris-160,right_iris-161,right_iris-246
29.068883707497267,27.29468812791236,22.80350850198276,17.46424919657298,12.041594578792296,8.06225774829855,12.529964086141668,20.396078054371134,26.1725046566048,25.019992006393608,18.439088914585778,9.219544457292889,6.324555320336759,12.649110640673518,19.026297590440446,23.021728866442675
