right_iris-133,right_iris-33,right_iris-7,right_iris-163,right_iris-144,right_iris-145,right_iris-153,right_iris-154,right_iris-155,right_iris-173,right_iris-157,right_iris-158,right_iris-159,right_iris-160,right_iris-161,right_iris-246
24.331050121192877,20.0,16.1245154965971,12.36931687685298,8.06225774829855,5.0990195135927845,10.295630140987,17.72004514666935,22.360679774997894,22.09072203437452,16.0312195418814,8.54400374531753,4.0,8.54400374531753,14.142135623730953,17.029386365926403
