right_iris-133,right_iris-33,right_iris-7,right_iris-163,right_iris-144,right_iris-145,right_iris-153,right_iris-154,right_iris-155,right_iris-173,right_iris-157,right_iris-158,right_iris-159,right_iris-160,right_iris-161,right_iris-246
25.317977802344327,22.02271554554524,19.4164878389476,15.811388300841896,12.206555615733702,8.06225774829855,11.31370849898476,17.08800749063506,22.561028345356956,22.02271554554524,16.1245154965971,8.06225774829855,5.0990195135927845,10.770329614269007,16.1245154965971,19.0
