right_iris-133,right_iris-33,right_iris-7,right_iris-163,right_iris-144,right_iris-145,right_iris-153,right_iris-154,right_iris-155,right_iris-173,right_iris-157,right_iris-158,right_iris-159,right_iris-160,right_iris-161,right_iris-246
32.7566787083184,35.22782990761707,31.04834939252005,26.0,20.0,13.601470508735444,14.422205101855956,21.470910553583888,28.460498941515414,28.0713376952364,18.68154169226941,11.6619037896906,12.206555615733702,20.248456731316587,27.073972741361768,31.016124838541646
