right_iris-133,right_iris-33,right_iris-7,right_iris-163,right_iris-144,right_iris-145,right_iris-153,right_iris-154,right_iris-155,right_iris-173,right_iris-157,right_iris-158,right_iris-159,right_iris-160,right_iris-161,right_iris-246
29.154759474226505,24.186773244895647,20.615528128088304,17.08800749063506,12.806248474865695,9.055385138137416,12.041594578792296,19.924858845171276,25.495097567963924,26.0,18.24828759089466,10.0,6.082762530298219,12.083045973594572,17.11724276862369,21.0
