right_iris-133,right_iris-33,right_iris-7,right_iris-163,right_iris-144,right_iris-145,right_iris-153,right_iris-154,right_iris-155,right_iris-173,right_iris-157,right_iris-158,right_iris-159,right_iris-160,right_iris-161,right_iris-246
28.284271247461906,23.08679276123039,19.6468827043885,16.15549442140351,12.041594578792296,8.0,12.206555615733702,19.924858845171276,25.495097567963924,25.019992006393608,18.110770276274835,9.433981132056603,5.385164807134504,11.704699910719626,17.029386365926403,21.02379604162864
