right_iris-133,right_iris-33,right_iris-7,right_iris-163,right_iris-144,right_iris-145,right_iris-153,right_iris-154,right_iris-155,right_iris-173,right_iris-157,right_iris-158,right_iris-159,right_iris-160,right_iris-161,right_iris-246
28.861739379323623,39.05124837953327,34.52535300326414,29.120439557122072,22.825424421026653,15.264337522473747,12.649110640673518,18.867962264113206,25.298221281347036,24.08318915758459,16.76305461424021,10.44030650891055,14.142135623730953,24.041630560342615,31.25699921617557,35.014282800023196
