right_iris-133,right_iris-33,right_iris-7,right_iris-163,right_iris-144,right_iris-145,right_iris-153,right_iris-154,right_iris-155,right_iris-173,right_iris-157,right_iris-158,right_iris-159,right_iris-160,right_iris-161,right_iris-246
34.23448553724738,32.2490309931942,27.892651361962702,23.769728648009423,18.027756377319943,11.40175425099138,13.45362404707371,22.135943621178654,29.614185789921695,29.0,21.840329667841555,12.041594578792296,10.770329614269007,18.384776310850235,24.186773244895647,28.0178514522438
