right_iris-133,right_iris-33,right_iris-7,right_iris-163,right_iris-144,right_iris-145,right_iris-153,right_iris-154,right_iris-155,right_iris-173,right_iris-157,right_iris-158,right_iris-159,right_iris-160,right_iris-161,right_iris-246
30.083217912982647,26.076809620810597,22.09072203437452,18.68154169226941,14.422205101855956,10.198039027185567,13.45362404707371,21.02379604162864,26.570660511172846,26.30589287593181,19.026297590440446,10.816653826391969,8.06225774829855,14.422205101855956,19.924858845171276,23.345235059857504
