right_iris-133,right_iris-33,right_iris-7,right_iris-163,right_iris-144,right_iris-145,right_iris-153,right_iris-154,right_iris-155,right_iris-173,right_iris-157,right_iris-158,right_iris-159,right_iris-160,right_iris-161,right_iris-246
24.0,18.24828759089466,15.811388300841896,13.41640786499874,10.0,7.0710678118654755,10.816653826391969,16.278820596099706,22.09072203437452,22.09072203437452,16.492422502470642,8.602325267042627,5.0,8.54400374531753,13.038404810405298,16.0312195418814
