right_iris-133,right_iris-33,right_iris-7,right_iris-163,right_iris-144,right_iris-145,right_iris-153,right_iris-154,right_iris-155,right_iris-173,right_iris-157,right_iris-158,right_iris-159,right_iris-160,right_iris-161,right_iris-246
22.561028345356956,19.026297590440446,16.0312195418814,12.16552506059644,8.06225774829855,5.0,9.433981132056603,15.811388300841896,20.615528128088304,20.09975124224178,14.0356688476182,8.06225774829855,5.0,8.94427190999916,13.341664064126334,16.1245154965971
