right_iris-133,right_iris-33,right_iris-7,right_iris-163,right_iris-144,right_iris-145,right_iris-153,right_iris-154,right_iris-155,right_iris-173,right_iris-157,right_iris-158,right_iris-159,right_iris-160,right_iris-161,right_iris-246
29.42787793912432,23.021728866442675,19.6468827043885,17.0,12.806248474865695,11.04536101718726,14.866068747318506,21.18962010041709,26.68332812825267,26.076809620810597,19.235384061671343,10.816653826391969,7.0710678118654755,12.083045973594572,17.11724276862369,21.0
