right_iris-133,right_iris-33,right_iris-7,right_iris-163,right_iris-144,right_iris-145,right_iris-153,right_iris-154,right_iris-155,right_iris-173,right_iris-157,right_iris-158,right_iris-159,right_iris-160,right_iris-161,right_iris-246
34.52535300326414,23.08679276123039,18.110770276274835,14.560219778561036,9.219544457292889,8.54400374531753,16.1245154965971,25.0,30.59411708155671,31.144823004794873,24.020824298928627,13.341664064126334,5.0,8.06225774829855,14.317821063276352,19.235384061671343
