right_iris-133,right_iris-33,right_iris-7,right_iris-163,right_iris-144,right_iris-145,right_iris-153,right_iris-154,right_iris-155,right_iris-173,right_iris-157,right_iris-158,right_iris-159,right_iris-160,right_iris-161,right_iris-246
32.0624390837628,33.734255586866,29.732137494637012,25.942243542145693,21.2602916254693,14.560219778561036,13.601470508735444,21.18962010041709,28.442925306655784,27.073972741361768,18.788294228055936,12.649110640673518,14.212670403551895,22.135943621178654,28.0178514522438,31.144823004794873
