right_iris-133,right_iris-33,right_iris-7,right_iris-163,right_iris-144,right_iris-145,right_iris-153,right_iris-154,right_iris-155,right_iris-173,right_iris-157,right_iris-158,right_iris-159,right_iris-160,right_iris-161,right_iris-246
30.59411708155671,23.021728866442675,19.4164878389476,15.231546211727816,11.31370849898476,9.219544457292889,14.422205101855956,22.135943621178654,27.892651361962702,27.16615541441225,20.0,10.44030650891055,4.0,9.486832980505138,16.1245154965971,20.0
