right_iris-133,right_iris-33,right_iris-7,right_iris-163,right_iris-144,right_iris-145,right_iris-153,right_iris-154,right_iris-155,right_iris-173,right_iris-157,right_iris-158,right_iris-159,right_iris-160,right_iris-161,right_iris-246
39.45883931389772,28.442925306655784,22.02271554554524,15.033296378372908,8.06225774829855,8.48528137423857,18.973665961010276,29.614185789921695,36.49657518178932,36.12478373637688,27.0,15.033296378372908,4.242640687119285,9.848857801796104,18.439088914585778,23.345235059857504
