right_iris-133,right_iris-33,right_iris-7,right_iris-163,right_iris-144,right_iris-145,right_iris-153,right_iris-154,right_iris-155,right_iris-173,right_iris-157,right_iris-158,right_iris-159,right_iris-160,right_iris-161,right_iris-246
32.01562118716424,27.65863337187866,23.08679276123039,17.46424919657298,11.40175425099138,6.082762530298219,13.0,21.213203435596427,28.0713376952364,28.0178514522438,20.223748416156685,9.848857801796104,4.0,11.180339887498947,18.027756377319943,23.345235059857504
