right_iris-133,right_iris-33,right_iris-7,right_iris-163,right_iris-144,right_iris-145,right_iris-153,right_iris-154,right_iris-155,right_iris-173,right_iris-157,right_iris-158,right_iris-159,right_iris-160,right_iris-161,right_iris-246
21.02379604162864,25.019992006393608,22.02271554554524,18.027756377319943,13.152946437965904,5.0,5.0,12.16552506059644,18.027756377319943,18.027756377319943,13.152946437965904,4.47213595499958,3.605551275463989,12.16552506059644,18.110770276274835,22.02271554554524
