right_iris-133,right_iris-33,right_iris-7,right_iris-163,right_iris-144,right_iris-145,right_iris-153,right_iris-154,right_iris-155,right_iris-173,right_iris-157,right_iris-158,right_iris-159,right_iris-160,right_iris-161,right_iris-246
35.014282800023196,38.11823710509184,32.55764119219941,28.16025568065745,20.591260281974,11.180339887498947,12.041594578792296,22.561028345356956,30.14962686336267,29.154759474226505,19.697715603592208,11.704699910719626,14.142135623730953,23.769728648009423,31.064449134018133,35.014282800023196
