right_iris-133,right_iris-33,right_iris-7,right_iris-163,right_iris-144,right_iris-145,right_iris-153,right_iris-154,right_iris-155,right_iris-173,right_iris-157,right_iris-158,right_iris-159,right_iris-160,right_iris-161,right_iris-246
33.24154027718932,33.37663853655727,28.0178514522438,23.08679276123039,15.811388300841896,8.54400374531753,12.727922061357855,21.93171219946131,29.410882339705484,28.284271247461906,20.09975124224178,10.63014581273465,9.848857801796104,17.88854381999832,25.0,29.614185789921695
