right_iris-133,right_iris-33,right_iris-7,right_iris-163,right_iris-144,right_iris-145,right_iris-153,right_iris-154,right_iris-155,right_iris-173,right_iris-157,right_iris-158,right_iris-159,right_iris-160,right_iris-161,right_iris-246
38.63935817272331,34.058772731852805,29.614185789921695,25.298221281347036,20.248456731316587,13.601470508735444,15.620499351813308,26.0,34.20526275297414,33.06055050963308,23.345235059857504,12.041594578792296,9.848857801796104,19.313207915827967,26.30589287593181,31.016124838541646
