right_iris-133,right_iris-33,right_iris-7,right_iris-163,right_iris-144,right_iris-145,right_iris-153,right_iris-154,right_iris-155,right_iris-173,right_iris-157,right_iris-158,right_iris-159,right_iris-160,right_iris-161,right_iris-246
25.70992026436488,21.0,18.24828759089466,15.811388300841896,11.40175425099138,8.06225774829855,11.31370849898476,17.46424919657298,23.08679276123039,22.20360331117452,16.1245154965971,9.219544457292889,7.280109889280518,12.529964086141668,16.492422502470642,19.1049731745428
