right_iris-133,right_iris-33,right_iris-7,right_iris-163,right_iris-144,right_iris-145,right_iris-153,right_iris-154,right_iris-155,right_iris-173,right_iris-157,right_iris-158,right_iris-159,right_iris-160,right_iris-161,right_iris-246
32.0,25.317977802344327,20.615528128088304,15.811388300841896,10.0,5.385164807134504,13.601470508735444,22.09072203437452,29.017236257093817,28.0713376952364,21.37755832643195,11.180339887498947,5.0990195135927845,10.44030650891055,17.0,22.09072203437452
