right_iris-133,right_iris-33,right_iris-7,right_iris-163,right_iris-144,right_iris-145,right_iris-153,right_iris-154,right_iris-155,right_iris-173,right_iris-157,right_iris-158,right_iris-159,right_iris-160,right_iris-161,right_iris-246
31.400636936215164,29.068883707497267,25.70992026436488,22.47220505424423,17.204650534085253,12.36931687685298,14.212670403551895,21.540659228538015,27.65863337187866,28.0178514522438,19.4164878389476,9.899494936611664,8.06225774829855,16.76305461424021,22.09072203437452,26.0
