right_iris-133,right_iris-33,right_iris-7,right_iris-163,right_iris-144,right_iris-145,right_iris-153,right_iris-154,right_iris-155,right_iris-173,right_iris-157,right_iris-158,right_iris-159,right_iris-160,right_iris-161,right_iris-246
26.076809620810597,21.840329667841555,18.384776310850235,14.7648230602334,9.899494936611664,6.082762530298219,10.770329614269007,18.110770276274835,23.0,23.345235059857504,17.72004514666935,9.433981132056603,4.123105625617661,9.055385138137416,15.132745950421556,19.4164878389476
