right_iris-133,right_iris-33,right_iris-7,right_iris-163,right_iris-144,right_iris-145,right_iris-153,right_iris-154,right_iris-155,right_iris-173,right_iris-157,right_iris-158,right_iris-159,right_iris-160,right_iris-161,right_iris-246
33.06055050963308,29.017236257093817,24.08318915758459,18.439088914585778,10.816653826391969,7.615773105863909,15.231546211727816,24.331050121192877,31.144823004794873,29.0,21.213203435596427,10.770329614269007,4.123105625617661,13.341664064126334,21.095023109728988,25.019992006393608
