right_iris-133,right_iris-33,right_iris-7,right_iris-163,right_iris-144,right_iris-145,right_iris-153,right_iris-154,right_iris-155,right_iris-173,right_iris-157,right_iris-158,right_iris-159,right_iris-160,right_iris-161,right_iris-246
35.6931365951495,31.0,26.476404589747453,22.47220505424423,17.029386365926403,12.041594578792296,15.556349186104043,24.698178070456937,32.01562118716424,30.14962686336267,21.095023109728988,9.219544457292889,7.810249675906654,17.72004514666935,24.186773244895647,28.0178514522438
