right_iris-133,right_iris-33,right_iris-7,right_iris-163,right_iris-144,right_iris-145,right_iris-153,right_iris-154,right_iris-155,right_iris-173,right_iris-157,right_iris-158,right_iris-159,right_iris-160,right_iris-161,right_iris-246
30.4138126514911,24.020824298928627,19.4164878389476,16.15549442140351,11.31370849898476,9.219544457292889,14.422205101855956,21.840329667841555,27.459060435491963,26.019223662515376,19.235384061671343,10.0,6.324555320336759,13.0,18.110770276274835,21.0
