right_iris-133,right_iris-33,right_iris-7,right_iris-163,right_iris-144,right_iris-145,right_iris-153,right_iris-154,right_iris-155,right_iris-173,right_iris-157,right_iris-158,right_iris-159,right_iris-160,right_iris-161,right_iris-246
33.06055050963308,27.073972741361768,23.769728648009423,20.615528128088304,15.620499351813308,11.04536101718726,14.212670403551895,22.80350850198276,29.274562336608895,29.017236257093817,21.587033144922906,12.041594578792296,9.486832980505138,16.55294535724685,21.213203435596427,25.019992006393608
