right_iris-133,right_iris-33,right_iris-7,right_iris-163,right_iris-144,right_iris-145,right_iris-153,right_iris-154,right_iris-155,right_iris-173,right_iris-157,right_iris-158,right_iris-159,right_iris-160,right_iris-161,right_iris-246
20.09975124224178,19.235384061671343,16.492422502470642,13.0,10.0,6.082762530298219,7.810249675906654,13.601470508735444,17.26267650163207,17.0,12.16552506059644,5.656854249492381,5.0,10.198039027185567,15.0,17.029386365926403
