right_iris-133,right_iris-33,right_iris-7,right_iris-163,right_iris-144,right_iris-145,right_iris-153,right_iris-154,right_iris-155,right_iris-173,right_iris-157,right_iris-158,right_iris-159,right_iris-160,right_iris-161,right_iris-246
28.635642126552707,24.020824298928627,20.396078054371134,18.384776310850235,14.212670403551895,10.04987562112089,13.45362404707371,19.697715603592208,25.96150997149434,25.179356624028344,18.027756377319943,8.94427190999916,5.385164807134504,12.649110640673518,18.110770276274835,21.0
