right_iris-133,right_iris-33,right_iris-7,right_iris-163,right_iris-144,right_iris-145,right_iris-153,right_iris-154,right_iris-155,right_iris-173,right_iris-157,right_iris-158,right_iris-159,right_iris-160,right_iris-161,right_iris-246
30.265491900843113,24.331050121192877,21.18962010041709,17.88854381999832,13.45362404707371,10.0,13.45362404707371,20.248456731316587,26.476404589747453,26.019223662515376,18.24828759089466,9.433981132056603,5.385164807134504,11.40175425099138,17.0,21.095023109728988
