right_iris-133,right_iris-33,right_iris-7,right_iris-163,right_iris-144,right_iris-145,right_iris-153,right_iris-154,right_iris-155,right_iris-173,right_iris-157,right_iris-158,right_iris-159,right_iris-160,right_iris-161,right_iris-246
31.144823004794873,25.0,21.095023109728988,16.492422502470642,11.6619037896906,8.0,12.206555615733702,20.615528128088304,27.29468812791236,27.0,20.223748416156685,10.295630140987,6.082762530298219,12.083045973594572,17.26267650163207,21.095023109728988
