right_iris-133,right_iris-33,right_iris-7,right_iris-163,right_iris-144,right_iris-145,right_iris-153,right_iris-154,right_iris-155,right_iris-173,right_iris-157,right_iris-158,right_iris-159,right_iris-160,right_iris-161,right_iris-246
37.0,32.01562118716424,26.476404589747453,22.84731931759173,16.97056274847714,14.0,19.1049731745428,27.730849247724095,34.17601498127012,31.575306807693888,23.08679276123039,12.806248474865695,10.44030650891055,18.35755975068582,24.73863375370596,28.16025568065745
