right_iris-133,right_iris-33,right_iris-7,right_iris-163,right_iris-144,right_iris-145,right_iris-153,right_iris-154,right_iris-155,right_iris-173,right_iris-157,right_iris-158,right_iris-159,right_iris-160,right_iris-161,right_iris-246
39.0,32.2490309931942,26.68332812825267,21.18962010041709,13.601470508735444,7.280109889280518,15.811388300841896,27.16615541441225,35.014282800023196,34.132096331752024,25.0,13.45362404707371,9.219544457292889,15.811388300841896,23.021728866442675,28.0178514522438
