right_iris-133,right_iris-33,right_iris-7,right_iris-163,right_iris-144,right_iris-145,right_iris-153,right_iris-154,right_iris-155,right_iris-173,right_iris-157,right_iris-158,right_iris-159,right_iris-160,right_iris-161,right_iris-246
32.984845004941285,38.05259518088089,33.24154027718932,29.120439557122072,22.47220505424423,15.652475842498529,14.7648230602334,21.470910553583888,29.410882339705484,27.073972741361768,17.72004514666935,10.44030650891055,14.866068747318506,25.298221281347036,31.575306807693888,35.22782990761707
