right_iris-133,right_iris-33,right_iris-7,right_iris-163,right_iris-144,right_iris-145,right_iris-153,right_iris-154,right_iris-155,right_iris-173,right_iris-157,right_iris-158,right_iris-159,right_iris-160,right_iris-161,right_iris-246
39.56008088970496,30.066592756745816,25.079872407968907,20.615528128088304,14.422205101855956,11.0,16.97056274847714,26.83281572999748,35.11409973215888,34.713109915419565,26.019223662515376,14.560219778561036,7.280109889280518,13.038404810405298,20.8806130178211,25.317977802344327
