right_iris-133,right_iris-33,right_iris-7,right_iris-163,right_iris-144,right_iris-145,right_iris-153,right_iris-154,right_iris-155,right_iris-173,right_iris-157,right_iris-158,right_iris-159,right_iris-160,right_iris-161,right_iris-246
30.4138126514911,27.018512172212592,23.194827009486403,19.6468827043885,14.422205101855956,9.219544457292889,12.727922061357855,21.18962010041709,27.65863337187866,27.073972741361768,19.235384061671343,9.433981132056603,6.708203932499369,13.92838827718412,20.223748416156685,24.08318915758459
