right_iris-133,right_iris-33,right_iris-7,right_iris-163,right_iris-144,right_iris-145,right_iris-153,right_iris-154,right_iris-155,right_iris-173,right_iris-157,right_iris-158,right_iris-159,right_iris-160,right_iris-161,right_iris-246
46.389654018972806,28.0178514522438,22.561028345356956,17.46424919657298,11.40175425099138,12.206555615733702,21.93171219946131,33.95585369269929,42.579337712087536,41.048751503547585,31.400636936215164,19.235384061671343,11.40175425099138,13.45362404707371,19.6468827043885,24.08318915758459
