right_iris-133,right_iris-33,right_iris-7,right_iris-163,right_iris-144,right_iris-145,right_iris-153,right_iris-154,right_iris-155,right_iris-173,right_iris-157,right_iris-158,right_iris-159,right_iris-160,right_iris-161,right_iris-246
36.12478373637688,29.154759474226505,25.0,21.02379604162864,16.278820596099706,11.0,15.0,25.0,32.38826948140329,32.01562118716424,24.041630560342615,15.556349186104043,12.16552506059644,17.4928556845359,22.360679774997894,26.019223662515376
