right_iris-133,right_iris-33,right_iris-7,right_iris-163,right_iris-144,right_iris-145,right_iris-153,right_iris-154,right_iris-155,right_iris-173,right_iris-157,right_iris-158,right_iris-159,right_iris-160,right_iris-161,right_iris-246
26.019223662515376,19.235384061671343,15.811388300841896,13.41640786499874,9.219544457292889,7.280109889280518,11.180339887498947,18.24828759089466,24.08318915758459,23.021728866442675,17.26267650163207,8.94427190999916,3.0,8.246211251235321,13.0,16.1245154965971
