right_iris-133,right_iris-33,right_iris-7,right_iris-163,right_iris-144,right_iris-145,right_iris-153,right_iris-154,right_iris-155,right_iris-173,right_iris-157,right_iris-158,right_iris-159,right_iris-160,right_iris-161,right_iris-246
28.16025568065745,22.09072203437452,18.439088914585778,15.231546211727816,10.63014581273465,8.246211251235321,13.038404810405298,19.6468827043885,25.317977802344327,25.019992006393608,18.24828759089466,10.295630140987,5.0990195135927845,10.770329614269007,16.1245154965971,19.0
