right_iris-133,right_iris-33,right_iris-7,right_iris-163,right_iris-144,right_iris-145,right_iris-153,right_iris-154,right_iris-155,right_iris-173,right_iris-157,right_iris-158,right_iris-159,right_iris-160,right_iris-161,right_iris-246
37.107950630558946,33.13608305156178,27.073972741361768,21.587033144922906,15.264337522473747,10.04987562112089,15.620499351813308,25.632011235952593,33.24154027718932,32.38826948140329,23.021728866442675,10.816653826391969,7.615773105863909,17.08800749063506,24.515301344262525,29.274562336608895
