right_iris-133,right_iris-33,right_iris-7,right_iris-163,right_iris-144,right_iris-145,right_iris-153,right_iris-154,right_iris-155,right_iris-173,right_iris-157,right_iris-158,right_iris-159,right_iris-160,right_iris-161,right_iris-246
34.132096331752024,22.360679774997894,18.027756377319943,13.152946437965904,7.211102550927978,7.211102550927978,15.231546211727816,24.515301344262525,30.265491900843113,31.0,24.08318915758459,14.560219778561036,7.0710678118654755,7.810249675906654,13.92838827718412,18.439088914585778
