right_iris-133,right_iris-33,right_iris-7,right_iris-163,right_iris-144,right_iris-145,right_iris-153,right_iris-154,right_iris-155,right_iris-173,right_iris-157,right_iris-158,right_iris-159,right_iris-160,right_iris-161,right_iris-246
32.38826948140329,28.16025568065745,23.53720459187964,19.313207915827967,13.601470508735444,9.0,13.601470508735444,23.08679276123039,28.635642126552707,29.068883707497267,21.095023109728988,11.6619037896906,7.0710678118654755,13.0,20.09975124224178,24.020824298928627
