right_iris-133,right_iris-33,right_iris-7,right_iris-163,right_iris-144,right_iris-145,right_iris-153,right_iris-154,right_iris-155,right_iris-173,right_iris-157,right_iris-158,right_iris-159,right_iris-160,right_iris-161,right_iris-246
23.08679276123039,20.09975124224178,17.26267650163207,14.317821063276352,9.848857801796104,3.1622776601683795,7.280109889280518,15.033296378372908,21.02379604162864,21.213203435596427,15.524174696260024,8.06225774829855,4.123105625617661,9.486832980505138,14.0356688476182,17.0
