right_iris-133,right_iris-33,right_iris-7,right_iris-163,right_iris-144,right_iris-145,right_iris-153,right_iris-154,right_iris-155,right_iris-173,right_iris-157,right_iris-158,right_iris-159,right_iris-160,right_iris-161,right_iris-246
28.0713376952364,30.066592756745816,25.317977802344327,21.587033144922906,15.231546211727816,8.06225774829855,9.219544457292889,17.46424919657298,24.186773244895647,24.0,16.278820596099706,7.211102550927978,6.4031242374328485,15.297058540778355,22.02271554554524,26.0
