right_iris-133,right_iris-33,right_iris-7,right_iris-163,right_iris-144,right_iris-145,right_iris-153,right_iris-154,right_iris-155,right_iris-173,right_iris-157,right_iris-158,right_iris-159,right_iris-160,right_iris-161,right_iris-246
30.14962686336267,17.26267650163207,15.231546211727816,13.45362404707371,10.770329614269007,11.180339887498947,15.264337522473747,22.80350850198276,27.29468812791236,27.018512172212592,20.615528128088304,13.601470508735444,8.246211251235321,9.219544457292889,12.16552506059644,15.0
