right_iris-133,right_iris-33,right_iris-7,right_iris-163,right_iris-144,right_iris-145,right_iris-153,right_iris-154,right_iris-155,right_iris-173,right_iris-157,right_iris-158,right_iris-159,right_iris-160,right_iris-161,right_iris-246
31.575306807693888,29.0,25.317977802344327,21.18962010041709,15.811388300841896,11.180339887498947,13.45362404707371,21.540659228538015,28.861739379323623,28.0713376952364,19.235384061671343,10.0,8.06225774829855,16.15549442140351,22.20360331117452,26.076809620810597
