right_iris-133,right_iris-33,right_iris-7,right_iris-163,right_iris-144,right_iris-145,right_iris-153,right_iris-154,right_iris-155,right_iris-173,right_iris-157,right_iris-158,right_iris-159,right_iris-160,right_iris-161,right_iris-246
38.11823710509184,20.09975124224178,16.492422502470642,13.41640786499874,8.06225774829855,9.219544457292889,18.439088914585778,28.0178514522438,35.014282800023196,34.36568055487916,26.92582403567252,17.0,9.433981132056603,8.48528137423857,13.341664064126334,17.029386365926403
