right_iris-133,right_iris-33,right_iris-7,right_iris-163,right_iris-144,right_iris-145,right_iris-153,right_iris-154,right_iris-155,right_iris-173,right_iris-157,right_iris-158,right_iris-159,right_iris-160,right_iris-161,right_iris-246
24.020824298928627,22.20360331117452,20.396078054371134,16.492422502470642,12.083045973594572,5.830951894845301,7.211102550927978,15.297058540778355,21.095023109728988,21.02379604162864,15.132745950421556,6.708203932499369,3.605551275463989,11.180339887498947,16.0,20.024984394500787
