right_iris-133,right_iris-33,right_iris-7,right_iris-163,right_iris-144,right_iris-145,right_iris-153,right_iris-154,right_iris-155,right_iris-173,right_iris-157,right_iris-158,right_iris-159,right_iris-160,right_iris-161,right_iris-246
32.38826948140329,32.38826948140329,29.120439557122072,25.079872407968907,19.4164878389476,12.649110640673518,13.601470508735444,20.615528128088304,28.861739379323623,28.0178514522438,19.6468827043885,10.816653826391969,10.816653826391969,18.973665961010276,25.019992006393608,29.068883707497267
