right_iris-133,right_iris-33,right_iris-7,right_iris-163,right_iris-144,right_iris-145,right_iris-153,right_iris-154,right_iris-155,right_iris-173,right_iris-157,right_iris-158,right_iris-159,right_iris-160,right_iris-161,right_iris-246
25.019992006393608,21.37755832643195,17.72004514666935,14.317821063276352,10.63014581273465,7.0,10.0,16.492422502470642,22.09072203437452,22.02271554554524,15.524174696260024,9.219544457292889,5.0990195135927845,10.44030650891055,15.033296378372908,18.110770276274835
