right_iris-133,right_iris-33,right_iris-7,right_iris-163,right_iris-144,right_iris-145,right_iris-153,right_iris-154,right_iris-155,right_iris-173,right_iris-157,right_iris-158,right_iris-159,right_iris-160,right_iris-161,right_iris-246
35.6931365951495,32.14031735997639,28.635642126552707,24.698178070456937,18.601075237738275,13.341664064126334,15.620499351813308,23.769728648009423,32.01562118716424,31.064449134018133,21.37755832643195,11.31370849898476,10.295630140987,18.973665961010276,25.179356624028344,29.0
