right_iris-133,right_iris-33,right_iris-7,right_iris-163,right_iris-144,right_iris-145,right_iris-153,right_iris-154,right_iris-155,right_iris-173,right_iris-157,right_iris-158,right_iris-159,right_iris-160,right_iris-161,right_iris-246
29.42787793912432,24.0,20.223748416156685,17.08800749063506,12.806248474865695,9.055385138137416,12.041594578792296,20.248456731316587,25.70992026436488,25.079872407968907,18.110770276274835,9.433981132056603,6.324555320336759,12.083045973594572,17.26267650163207,21.02379604162864
