right_iris-133,right_iris-33,right_iris-7,right_iris-163,right_iris-144,right_iris-145,right_iris-153,right_iris-154,right_iris-155,right_iris-173,right_iris-157,right_iris-158,right_iris-159,right_iris-160,right_iris-161,right_iris-246
37.8549864614954,29.068883707497267,24.08318915758459,19.4164878389476,13.41640786499874,9.0,15.620499351813308,25.632011235952593,33.24154027718932,34.36568055487916,25.0,14.866068747318506,7.280109889280518,12.206555615733702,19.6468827043885,24.186773244895647
