right_iris-133,right_iris-33,right_iris-7,right_iris-163,right_iris-144,right_iris-145,right_iris-153,right_iris-154,right_iris-155,right_iris-173,right_iris-157,right_iris-158,right_iris-159,right_iris-160,right_iris-161,right_iris-246
37.21558813185679,29.154759474226505,25.96150997149434,21.93171219946131,17.029386365926403,12.041594578792296,15.620499351813308,25.0,32.55764119219941,32.0,23.53720459187964,13.601470508735444,8.246211251235321,16.15549442140351,22.20360331117452,26.0
