right_iris-133,right_iris-33,right_iris-7,right_iris-163,right_iris-144,right_iris-145,right_iris-153,right_iris-154,right_iris-155,right_iris-173,right_iris-157,right_iris-158,right_iris-159,right_iris-160,right_iris-161,right_iris-246
30.59411708155671,31.064449134018133,26.476404589747453,22.135943621178654,16.1245154965971,10.44030650891055,12.041594578792296,20.248456731316587,26.92582403567252,26.076809620810597,18.439088914585778,9.219544457292889,9.433981132056603,16.76305461424021,23.08679276123039,28.0
