right_iris-133,right_iris-33,right_iris-7,right_iris-163,right_iris-144,right_iris-145,right_iris-153,right_iris-154,right_iris-155,right_iris-173,right_iris-157,right_iris-158,right_iris-159,right_iris-160,right_iris-161,right_iris-246
31.400636936215164,28.16025568065745,24.73863375370596,21.540659228538015,16.401219466856727,11.180339887498947,13.45362404707371,20.615528128088304,27.65863337187866,27.018512172212592,19.4164878389476,9.899494936611664,8.06225774829855,15.811388300841896,22.09072203437452,25.019992006393608
