right_iris-133,right_iris-33,right_iris-7,right_iris-163,right_iris-144,right_iris-145,right_iris-153,right_iris-154,right_iris-155,right_iris-173,right_iris-157,right_iris-158,right_iris-159,right_iris-160,right_iris-161,right_iris-246
36.013886210738214,27.073972741361768,22.80350850198276,17.88854381999832,13.45362404707371,10.44030650891055,16.1245154965971,25.495097567963924,32.14031735997639,31.064449134018133,23.08679276123039,14.142135623730953,9.219544457292889,15.652475842498529,20.223748416156685,24.0
