right_iris-133,right_iris-33,right_iris-7,right_iris-163,right_iris-144,right_iris-145,right_iris-153,right_iris-154,right_iris-155,right_iris-173,right_iris-157,right_iris-158,right_iris-159,right_iris-160,right_iris-161,right_iris-246
35.35533905932738,31.144823004794873,27.892651361962702,23.769728648009423,18.601075237738275,12.36931687685298,14.866068747318506,23.769728648009423,30.80584360149873,30.01666203960727,21.587033144922906,12.727922061357855,10.770329614269007,17.88854381999832,24.331050121192877,28.0
