right_iris-133,right_iris-33,right_iris-7,right_iris-163,right_iris-144,right_iris-145,right_iris-153,right_iris-154,right_iris-155,right_iris-173,right_iris-157,right_iris-158,right_iris-159,right_iris-160,right_iris-161,right_iris-246
27.018512172212592,26.30589287593181,22.80350850198276,18.384776310850235,12.206555615733702,7.0,10.295630140987,18.110770276274835,24.0,24.186773244895647,17.72004514666935,9.219544457292889,6.324555320336759,11.40175425099138,18.0,23.08679276123039
