right_iris-133,right_iris-33,right_iris-7,right_iris-163,right_iris-144,right_iris-145,right_iris-153,right_iris-154,right_iris-155,right_iris-173,right_iris-157,right_iris-158,right_iris-159,right_iris-160,right_iris-161,right_iris-246
39.81205847478876,36.12478373637688,31.04834939252005,25.942243542145693,19.849433241279208,15.033296378372908,19.849433241279208,29.732137494637012,37.107950630558946,34.132096331752024,23.345235059857504,12.041594578792296,10.816653826391969,20.8806130178211,28.0713376952364,33.015148038438355
