right_iris-133,right_iris-33,right_iris-7,right_iris-163,right_iris-144,right_iris-145,right_iris-153,right_iris-154,right_iris-155,right_iris-173,right_iris-157,right_iris-158,right_iris-159,right_iris-160,right_iris-161,right_iris-246
35.05709628591621,24.186773244895647,21.18962010041709,18.35755975068582,14.212670403551895,11.180339887498947,15.811388300841896,24.73863375370596,31.25699921617557,31.064449134018133,23.53720459187964,13.892443989449804,7.0,13.0,18.110770276274835,22.02271554554524
