right_iris-133,right_iris-33,right_iris-7,right_iris-163,right_iris-144,right_iris-145,right_iris-153,right_iris-154,right_iris-155,right_iris-173,right_iris-157,right_iris-158,right_iris-159,right_iris-160,right_iris-161,right_iris-246
34.92849839314596,31.064449134018133,27.073972741361768,22.561028345356956,17.0,10.44030650891055,14.212670403551895,23.259406699226016,30.364452901377952,30.265491900843113,21.213203435596427,12.041594578792296,10.770329614269007,18.867962264113206,25.0,28.284271247461906
