right_iris-133,right_iris-33,right_iris-7,right_iris-163,right_iris-144,right_iris-145,right_iris-153,right_iris-154,right_iris-155,right_iris-173,right_iris-157,right_iris-158,right_iris-159,right_iris-160,right_iris-161,right_iris-246
31.0,22.561028345356956,18.788294228055936,15.811388300841896,10.816653826391969,9.848857801796104,14.7648230602334,22.360679774997894,28.0713376952364,28.0713376952364,20.615528128088304,12.206555615733702,6.0,10.770329614269007,16.0,19.235384061671343
