right_iris-133,right_iris-33,right_iris-7,right_iris-163,right_iris-144,right_iris-145,right_iris-153,right_iris-154,right_iris-155,right_iris-173,right_iris-157,right_iris-158,right_iris-159,right_iris-160,right_iris-161,right_iris-246
42.579337712087536,29.068883707497267,24.73863375370596,18.788294228055936,13.45362404707371,12.083045973594572,20.591260281974,31.04834939252005,38.8329756778952,38.05259518088089,29.274562336608895,17.4928556845359,10.198039027185567,14.422205101855956,21.37755832643195,25.019992006393608
