right_iris-133,right_iris-33,right_iris-7,right_iris-163,right_iris-144,right_iris-145,right_iris-153,right_iris-154,right_iris-155,right_iris-173,right_iris-157,right_iris-158,right_iris-159,right_iris-160,right_iris-161,right_iris-246
31.144823004794873,29.0,24.186773244895647,18.68154169226941,12.529964086141668,7.0710678118654755,13.038404810405298,21.587033144922906,28.284271247461906,28.0,20.223748416156685,10.295630140987,6.082762530298219,13.0,20.223748416156685,25.019992006393608
