right_iris-133,right_iris-33,right_iris-7,right_iris-163,right_iris-144,right_iris-145,right_iris-153,right_iris-154,right_iris-155,right_iris-173,right_iris-157,right_iris-158,right_iris-159,right_iris-160,right_iris-161,right_iris-246
37.8549864614954,33.015148038438355,28.442925306655784,23.40939982143925,17.204650534085253,12.041594578792296,16.97056274847714,26.92582403567252,34.20526275297414,32.14031735997639,22.20360331117452,11.31370849898476,10.295630140987,19.313207915827967,26.30589287593181,30.01666203960727
