right_iris-133,right_iris-33,right_iris-7,right_iris-163,right_iris-144,right_iris-145,right_iris-153,right_iris-154,right_iris-155,right_iris-173,right_iris-157,right_iris-158,right_iris-159,right_iris-160,right_iris-161,right_iris-246
25.70992026436488,19.1049731745428,16.0312195418814,12.041594578792296,6.324555320336759,4.47213595499958,11.180339887498947,18.973665961010276,23.769728648009423,23.345235059857504,17.029386365926403,9.055385138137416,3.605551275463989,6.708203932499369,12.36931687685298,16.278820596099706
