right_iris-133,right_iris-33,right_iris-7,right_iris-163,right_iris-144,right_iris-145,right_iris-153,right_iris-154,right_iris-155,right_iris-173,right_iris-157,right_iris-158,right_iris-159,right_iris-160,right_iris-161,right_iris-246
28.442925306655784,28.0,24.186773244895647,20.615528128088304,14.7648230602334,9.486832980505138,10.63014581273465,18.384776310850235,24.73863375370596,24.08318915758459,16.1245154965971,7.810249675906654,7.211102550927978,14.866068747318506,21.213203435596427,25.079872407968907
