right_iris-133,right_iris-33,right_iris-7,right_iris-163,right_iris-144,right_iris-145,right_iris-153,right_iris-154,right_iris-155,right_iris-173,right_iris-157,right_iris-158,right_iris-159,right_iris-160,right_iris-161,right_iris-246
29.614185789921695,25.179356624028344,22.135943621178654,19.235384061671343,14.866068747318506,11.0,14.142135623730953,21.540659228538015,26.92582403567252,25.179356624028344,17.11724276862369,8.602325267042627,6.4031242374328485,14.317821063276352,20.024984394500787,23.021728866442675
