right_iris-133,right_iris-33,right_iris-7,right_iris-163,right_iris-144,right_iris-145,right_iris-153,right_iris-154,right_iris-155,right_iris-173,right_iris-157,right_iris-158,right_iris-159,right_iris-160,right_iris-161,right_iris-246
27.459060435491963,19.026297590440446,15.0,10.04987562112089,5.830951894845301,5.656854249492381,13.0,19.6468827043885,24.515301344262525,24.186773244895647,18.027756377319943,10.198039027185567,4.242640687119285,5.830951894845301,11.40175425099138,15.132745950421556
