right_iris-133,right_iris-33,right_iris-7,right_iris-163,right_iris-144,right_iris-145,right_iris-153,right_iris-154,right_iris-155,right_iris-173,right_iris-157,right_iris-158,right_iris-159,right_iris-160,right_iris-161,right_iris-246
28.442925306655784,24.331050121192877,20.8806130178211,17.88854381999832,13.45362404707371,10.04987562112089,12.727922061357855,19.313207915827967,25.70992026436488,25.079872407968907,17.26267650163207,8.602325267042627,6.324555320336759,12.36931687685298,18.0,21.095023109728988
