right_iris-133,right_iris-33,right_iris-7,right_iris-163,right_iris-144,right_iris-145,right_iris-153,right_iris-154,right_iris-155,right_iris-173,right_iris-157,right_iris-158,right_iris-159,right_iris-160,right_iris-161,right_iris-246
44.28317965096906,33.24154027718932,28.16025568065745,23.259406699226016,16.278820596099706,13.341664064126334,20.248456731316587,31.04834939252005,39.45883931389772,39.01281840626232,28.284271247461906,15.264337522473747,8.06225774829855,16.76305461424021,24.020824298928627,29.068883707497267
