right_iris-133,right_iris-33,right_iris-7,right_iris-163,right_iris-144,right_iris-145,right_iris-153,right_iris-154,right_iris-155,right_iris-173,right_iris-157,right_iris-158,right_iris-159,right_iris-160,right_iris-161,right_iris-246
31.400636936215164,42.01190307520001,36.22154055254967,31.04834939252005,24.596747752497688,15.264337522473747,12.083045973594572,19.697715603592208,26.68332812825267,26.0,17.88854381999832,12.041594578792296,17.69180601295413,28.792360097775937,34.52535300326414,38.11823710509184
