right_iris-133,right_iris-33,right_iris-7,right_iris-163,right_iris-144,right_iris-145,right_iris-153,right_iris-154,right_iris-155,right_iris-173,right_iris-157,right_iris-158,right_iris-159,right_iris-160,right_iris-161,right_iris-246
26.68332812825267,28.442925306655784,25.0,21.18962010041709,16.1245154965971,9.848857801796104,10.0,17.46424919657298,22.80350850198276,22.09072203437452,15.132745950421556,7.0710678118654755,8.48528137423857,16.492422502470642,22.0,26.1725046566048
