right_iris-133,right_iris-33,right_iris-7,right_iris-163,right_iris-144,right_iris-145,right_iris-153,right_iris-154,right_iris-155,right_iris-173,right_iris-157,right_iris-158,right_iris-159,right_iris-160,right_iris-161,right_iris-246
31.144823004794873,19.026297590440446,15.524174696260024,12.206555615733702,9.848857801796104,10.295630140987,15.652475842498529,22.561028345356956,28.284271247461906,28.0,21.37755832643195,13.038404810405298,7.280109889280518,9.219544457292889,13.341664064126334,16.0312195418814
