right_iris-133,right_iris-33,right_iris-7,right_iris-163,right_iris-144,right_iris-145,right_iris-153,right_iris-154,right_iris-155,right_iris-173,right_iris-157,right_iris-158,right_iris-159,right_iris-160,right_iris-161,right_iris-246
33.54101966249684,38.05259518088089,33.37663853655727,27.892651361962702,20.12461179749811,11.180339887498947,12.806248474865695,22.47220505424423,29.832867780352597,29.068883707497267,20.396078054371134,9.899494936611664,10.0,20.8806130178211,29.068883707497267,34.0
