right_iris-133,right_iris-33,right_iris-7,right_iris-163,right_iris-144,right_iris-145,right_iris-153,right_iris-154,right_iris-155,right_iris-173,right_iris-157,right_iris-158,right_iris-159,right_iris-160,right_iris-161,right_iris-246
32.01562118716424,19.235384061671343,14.866068747318506,11.40175425099138,8.54400374531753,9.899494936611664,17.08800749063506,24.331050121192877,29.068883707497267,29.017236257093817,22.360679774997894,13.41640786499874,7.615773105863909,7.810249675906654,13.152946437965904,16.0
