right_iris-133,right_iris-33,right_iris-7,right_iris-163,right_iris-144,right_iris-145,right_iris-153,right_iris-154,right_iris-155,right_iris-173,right_iris-157,right_iris-158,right_iris-159,right_iris-160,right_iris-161,right_iris-246
35.22782990761707,29.154759474226505,24.73863375370596,19.697715603592208,14.866068747318506,11.180339887498947,15.811388300841896,25.96150997149434,32.55764119219941,31.016124838541646,22.360679774997894,12.806248474865695,8.54400374531753,16.15549442140351,22.20360331117452,26.0
