right_iris-133,right_iris-33,right_iris-7,right_iris-163,right_iris-144,right_iris-145,right_iris-153,right_iris-154,right_iris-155,right_iris-173,right_iris-157,right_iris-158,right_iris-159,right_iris-160,right_iris-161,right_iris-246
31.25699921617557,28.0713376952364,24.73863375370596,20.615528128088304,15.0,10.04987562112089,13.45362404707371,22.135943621178654,28.635642126552707,27.018512172212592,19.6468827043885,10.63014581273465,9.848857801796104,16.15549442140351,21.213203435596427,25.0
