right_iris-133,right_iris-33,right_iris-7,right_iris-163,right_iris-144,right_iris-145,right_iris-153,right_iris-154,right_iris-155,right_iris-173,right_iris-157,right_iris-158,right_iris-159,right_iris-160,right_iris-161,right_iris-246
37.0,26.019223662515376,21.213203435596427,16.76305461424021,10.816653826391969,6.324555320336759,14.866068747318506,25.079872407968907,33.015148038438355,33.06055050963308,25.495097567963924,14.317821063276352,6.324555320336759,10.295630140987,17.11724276862369,22.02271554554524
