right_iris-133,right_iris-33,right_iris-7,right_iris-163,right_iris-144,right_iris-145,right_iris-153,right_iris-154,right_iris-155,right_iris-173,right_iris-157,right_iris-158,right_iris-159,right_iris-160,right_iris-161,right_iris-246
31.78049716414141,39.0,34.36568055487916,29.410882339705484,22.47220505424423,14.317821063276352,13.892443989449804,21.02379604162864,28.16025568065745,26.076809620810597,16.492422502470642,8.246211251235321,14.212670403551895,25.0,32.2490309931942,36.05551275463989
