right_iris-133,right_iris-33,right_iris-7,right_iris-163,right_iris-144,right_iris-145,right_iris-153,right_iris-154,right_iris-155,right_iris-173,right_iris-157,right_iris-158,right_iris-159,right_iris-160,right_iris-161,right_iris-246
28.16025568065745,27.018512172212592,22.09072203437452,18.68154169226941,13.038404810405298,8.06225774829855,11.40175425099138,19.6468827043885,25.317977802344327,25.019992006393608,18.110770276274835,8.06225774829855,5.0,12.649110640673518,19.235384061671343,24.08318915758459
