right_iris-133,right_iris-33,right_iris-7,right_iris-163,right_iris-144,right_iris-145,right_iris-153,right_iris-154,right_iris-155,right_iris-173,right_iris-157,right_iris-158,right_iris-159,right_iris-160,right_iris-161,right_iris-246
26.248809496813376,21.213203435596427,18.0,14.142135623730953,10.295630140987,7.0,11.31370849898476,18.788294228055936,23.40939982143925,22.561028345356956,17.029386365926403,8.246211251235321,4.0,10.295630140987,14.866068747318506,18.439088914585778
