right_iris-133,right_iris-33,right_iris-7,right_iris-163,right_iris-144,right_iris-145,right_iris-153,right_iris-154,right_iris-155,right_iris-173,right_iris-157,right_iris-158,right_iris-159,right_iris-160,right_iris-161,right_iris-246
39.11521443121589,26.30589287593181,22.47220505424423,18.867962264113206,15.0,12.36931687685298,18.027756377319943,26.92582403567252,34.36568055487916,35.0,26.68332812825267,17.204650534085253,11.04536101718726,13.601470508735444,19.4164878389476,23.0
