right_iris-133,right_iris-33,right_iris-7,right_iris-163,right_iris-144,right_iris-145,right_iris-153,right_iris-154,right_iris-155,right_iris-173,right_iris-157,right_iris-158,right_iris-159,right_iris-160,right_iris-161,right_iris-246
29.42787793912432,24.08318915758459,20.615528128088304,16.15549442140351,12.041594578792296,8.06225774829855,13.601470508735444,21.18962010041709,26.68332812825267,26.076809620810597,19.1049731745428,9.433981132056603,6.324555320336759,12.649110640673518,18.110770276274835,22.0
