right_iris-133,right_iris-33,right_iris-7,right_iris-163,right_iris-144,right_iris-145,right_iris-153,right_iris-154,right_iris-155,right_iris-173,right_iris-157,right_iris-158,right_iris-159,right_iris-160,right_iris-161,right_iris-246
25.179356624028344,19.1049731745428,16.492422502470642,12.649110640673518,8.602325267042627,6.082762530298219,10.816653826391969,16.76305461424021,22.360679774997894,22.02271554554524,16.0312195418814,8.54400374531753,3.0,8.246211251235321,13.038404810405298,17.029386365926403
