right_iris-133,right_iris-33,right_iris-7,right_iris-163,right_iris-144,right_iris-145,right_iris-153,right_iris-154,right_iris-155,right_iris-173,right_iris-157,right_iris-158,right_iris-159,right_iris-160,right_iris-161,right_iris-246
31.25699921617557,33.13608305156178,28.442925306655784,23.08679276123039,17.4928556845359,10.770329614269007,12.041594578792296,20.248456731316587,27.65863337187866,27.018512172212592,18.24828759089466,8.48528137423857,7.810249675906654,17.46424919657298,24.020824298928627,29.017236257093817
