right_iris-133,right_iris-33,right_iris-7,right_iris-163,right_iris-144,right_iris-145,right_iris-153,right_iris-154,right_iris-155,right_iris-173,right_iris-157,right_iris-158,right_iris-159,right_iris-160,right_iris-161,right_iris-246
23.194827009486403,22.360679774997894,18.973665961010276,16.55294535724685,12.041594578792296,8.06225774829855,9.899494936611664,16.15549442140351,20.396078054371134,20.024984394500787,14.142135623730953,6.4031242374328485,5.0,11.180339887498947,16.0,19.1049731745428
