right_iris-133,right_iris-33,right_iris-7,right_iris-163,right_iris-144,right_iris-145,right_iris-153,right_iris-154,right_iris-155,right_iris-173,right_iris-157,right_iris-158,right_iris-159,right_iris-160,right_iris-161,right_iris-246
25.079872407968907,22.561028345356956,19.313207915827967,15.652475842498529,11.31370849898476,7.0,9.433981132056603,17.11724276862369,22.0,22.360679774997894,16.492422502470642,8.06225774829855,3.605551275463989,10.0,16.1245154965971,19.4164878389476
