right_iris-133,right_iris-33,right_iris-7,right_iris-163,right_iris-144,right_iris-145,right_iris-153,right_iris-154,right_iris-155,right_iris-173,right_iris-157,right_iris-158,right_iris-159,right_iris-160,right_iris-161,right_iris-246
22.09072203437452,19.1049731745428,16.492422502470642,13.0,9.219544457292889,5.0990195135927845,8.94427190999916,15.297058540778355,20.223748416156685,19.0,14.317821063276352,6.4031242374328485,5.0,10.198039027185567,15.0,17.029386365926403
