right_iris-133,right_iris-33,right_iris-7,right_iris-163,right_iris-144,right_iris-145,right_iris-153,right_iris-154,right_iris-155,right_iris-173,right_iris-157,right_iris-158,right_iris-159,right_iris-160,right_iris-161,right_iris-246
28.16025568065745,20.09975124224178,16.492422502470642,13.41640786499874,9.219544457292889,7.615773105863909,13.892443989449804,20.615528128088304,26.30589287593181,25.019992006393608,19.235384061671343,11.180339887498947,6.082762530298219,8.94427190999916,14.0356688476182,18.0
