right_iris-133,right_iris-33,right_iris-7,right_iris-163,right_iris-144,right_iris-145,right_iris-153,right_iris-154,right_iris-155,right_iris-173,right_iris-157,right_iris-158,right_iris-159,right_iris-160,right_iris-161,right_iris-246
32.14031735997639,23.08679276123039,19.924858845171276,16.64331697709324,13.601470508735444,11.40175425099138,15.811388300841896,22.80350850198276,29.42787793912432,28.0,20.615528128088304,12.727922061357855,9.219544457292889,13.892443989449804,18.24828759089466,21.0
