right_iris-133,right_iris-33,right_iris-7,right_iris-163,right_iris-144,right_iris-145,right_iris-153,right_iris-154,right_iris-155,right_iris-173,right_iris-157,right_iris-158,right_iris-159,right_iris-160,right_iris-161,right_iris-246
34.0147027033899,29.068883707497267,25.317977802344327,20.615528128088304,14.7648230602334,7.0710678118654755,12.529964086141668,22.360679774997894,30.066592756745816,30.01666203960727,21.213203435596427,9.848857801796104,4.47213595499958,13.341664064126334,21.02379604162864,26.019223662515376
