right_iris-133,right_iris-33,right_iris-7,right_iris-163,right_iris-144,right_iris-145,right_iris-153,right_iris-154,right_iris-155,right_iris-173,right_iris-157,right_iris-158,right_iris-159,right_iris-160,right_iris-161,right_iris-246
28.0713376952364,24.515301344262525,20.8806130178211,16.15549442140351,11.40175425099138,7.0,10.816653826391969,19.4164878389476,25.179356624028344,25.019992006393608,18.24828759089466,9.433981132056603,5.0990195135927845,11.40175425099138,17.0,21.213203435596427
