right_iris-133,right_iris-33,right_iris-7,right_iris-163,right_iris-144,right_iris-145,right_iris-153,right_iris-154,right_iris-155,right_iris-173,right_iris-157,right_iris-158,right_iris-159,right_iris-160,right_iris-161,right_iris-246
29.42787793912432,26.0,22.20360331117452,18.68154169226941,14.422205101855956,9.219544457292889,12.727922061357855,20.248456731316587,26.68332812825267,26.076809620810597,18.24828759089466,8.602325267042627,6.708203932499369,13.92838827718412,19.235384061671343,23.021728866442675
