right_iris-133,right_iris-33,right_iris-7,right_iris-163,right_iris-144,right_iris-145,right_iris-153,right_iris-154,right_iris-155,right_iris-173,right_iris-157,right_iris-158,right_iris-159,right_iris-160,right_iris-161,right_iris-246
30.59411708155671,37.21558813185679,33.734255586866,29.410882339705484,23.70653918225939,15.0,11.704699910719626,18.867962264113206,26.248809496813376,26.076809620810597,17.72004514666935,10.770329614269007,14.212670403551895,23.40939982143925,30.265491900843113,34.0
