right_iris-133,right_iris-33,right_iris-7,right_iris-163,right_iris-144,right_iris-145,right_iris-153,right_iris-154,right_iris-155,right_iris-173,right_iris-157,right_iris-158,right_iris-159,right_iris-160,right_iris-161,right_iris-246
27.29468812791236,25.079872407968907,22.360679774997894,18.973665961010276,14.422205101855956,9.219544457292889,10.63014581273465,18.027756377319943,23.53720459187964,23.021728866442675,16.492422502470642,9.219544457292889,8.06225774829855,13.92838827718412,19.1049731745428,23.0
