right_iris-133,right_iris-33,right_iris-7,right_iris-163,right_iris-144,right_iris-145,right_iris-153,right_iris-154,right_iris-155,right_iris-173,right_iris-157,right_iris-158,right_iris-159,right_iris-160,right_iris-161,right_iris-246
32.984845004941285,39.05124837953327,35.22782990761707,30.083217912982647,24.186773244895647,15.652475842498529,14.317821063276352,21.470910553583888,29.410882339705484,27.16615541441225,17.46424919657298,8.54400374531753,15.0,25.96150997149434,32.38826948140329,36.12478373637688
