right_iris-133,right_iris-33,right_iris-7,right_iris-163,right_iris-144,right_iris-145,right_iris-153,right_iris-154,right_iris-155,right_iris-173,right_iris-157,right_iris-158,right_iris-159,right_iris-160,right_iris-161,right_iris-246
28.16025568065745,25.317977802344327,21.840329667841555,18.384776310850235,14.212670403551895,9.219544457292889,11.31370849898476,18.027756377319943,24.331050121192877,24.0,17.11724276862369,8.06225774829855,5.0,13.152946437965904,19.0,22.09072203437452
