right_iris-133,right_iris-33,right_iris-7,right_iris-163,right_iris-144,right_iris-145,right_iris-153,right_iris-154,right_iris-155,right_iris-173,right_iris-157,right_iris-158,right_iris-159,right_iris-160,right_iris-161,right_iris-246
28.635642126552707,25.179356624028344,21.840329667841555,17.46424919657298,13.45362404707371,10.04987562112089,12.727922061357855,19.697715603592208,25.0,24.08318915758459,18.24828759089466,10.0,6.324555320336759,12.649110640673518,18.027756377319943,22.02271554554524
