right_iris-133,right_iris-33,right_iris-7,right_iris-163,right_iris-144,right_iris-145,right_iris-153,right_iris-154,right_iris-155,right_iris-173,right_iris-157,right_iris-158,right_iris-159,right_iris-160,right_iris-161,right_iris-246
36.87817782917155,41.10960958218893,35.510561809129406,30.364452901377952,22.825424421026653,13.0,14.212670403551895,25.079872407968907,33.24154027718932,31.144823004794873,21.37755832643195,10.63014581273465,12.041594578792296,23.769728648009423,32.0624390837628,37.013511046643494
