right_iris-133,right_iris-33,right_iris-7,right_iris-163,right_iris-144,right_iris-145,right_iris-153,right_iris-154,right_iris-155,right_iris-173,right_iris-157,right_iris-158,right_iris-159,right_iris-160,right_iris-161,right_iris-246
22.02271554554524,18.110770276274835,15.524174696260024,13.41640786499874,9.899494936611664,6.0,8.602325267042627,14.317821063276352,19.1049731745428,19.026297590440446,13.601470508735444,8.48528137423857,5.385164807134504,9.848857801796104,14.0356688476182,16.0312195418814
