right_iris-133,right_iris-33,right_iris-7,right_iris-163,right_iris-144,right_iris-145,right_iris-153,right_iris-154,right_iris-155,right_iris-173,right_iris-157,right_iris-158,right_iris-159,right_iris-160,right_iris-161,right_iris-246
29.614185789921695,24.0,21.213203435596427,18.027756377319943,13.601470508735444,9.055385138137416,12.727922061357855,20.248456731316587,25.70992026436488,25.079872407968907,18.24828759089466,10.0,7.280109889280518,13.41640786499874,18.24828759089466,22.02271554554524
