right_iris-133,right_iris-33,right_iris-7,right_iris-163,right_iris-144,right_iris-145,right_iris-153,right_iris-154,right_iris-155,right_iris-173,right_iris-157,right_iris-158,right_iris-159,right_iris-160,right_iris-161,right_iris-246
27.16615541441225,32.2490309931942,27.073972741361768,22.0,15.132745950421556,5.656854249492381,8.06225774829855,17.46424919657298,24.331050121192877,24.020824298928627,17.029386365926403,6.708203932499369,5.656854249492381,15.811388300841896,23.53720459187964,28.442925306655784
