right_iris-133,right_iris-33,right_iris-7,right_iris-163,right_iris-144,right_iris-145,right_iris-153,right_iris-154,right_iris-155,right_iris-173,right_iris-157,right_iris-158,right_iris-159,right_iris-160,right_iris-161,right_iris-246
34.132096331752024,28.284271247461906,25.96150997149434,21.93171219946131,17.029386365926403,11.180339887498947,13.45362404707371,22.135943621178654,30.4138126514911,30.0,21.587033144922906,12.041594578792296,9.486832980505138,16.15549442140351,22.09072203437452,26.076809620810597
