right_iris-133,right_iris-33,right_iris-7,right_iris-163,right_iris-144,right_iris-145,right_iris-153,right_iris-154,right_iris-155,right_iris-173,right_iris-157,right_iris-158,right_iris-159,right_iris-160,right_iris-161,right_iris-246
31.400636936215164,26.076809620810597,21.840329667841555,17.88854381999832,12.806248474865695,10.198039027185567,15.811388300841896,22.80350850198276,28.635642126552707,28.0178514522438,20.615528128088304,12.727922061357855,9.219544457292889,14.7648230602334,20.223748416156685,23.0
