right_iris-133,right_iris-33,right_iris-7,right_iris-163,right_iris-144,right_iris-145,right_iris-153,right_iris-154,right_iris-155,right_iris-173,right_iris-157,right_iris-158,right_iris-159,right_iris-160,right_iris-161,right_iris-246
22.360679774997894,17.11724276862369,14.560219778561036,11.6619037896906,8.602325267042627,7.280109889280518,10.816653826391969,16.76305461424021,20.615528128088304,20.09975124224178,14.142135623730953,8.602325267042627,5.0990195135927845,8.94427190999916,13.152946437965904,15.0
