right_iris-133,right_iris-33,right_iris-7,right_iris-163,right_iris-144,right_iris-145,right_iris-153,right_iris-154,right_iris-155,right_iris-173,right_iris-157,right_iris-158,right_iris-159,right_iris-160,right_iris-161,right_iris-246
33.54101966249684,26.30589287593181,23.08679276123039,18.788294228055936,14.142135623730953,11.04536101718726,15.620499351813308,23.40939982143925,29.832867780352597,29.068883707497267,20.223748416156685,11.40175425099138,7.280109889280518,13.92838827718412,20.024984394500787,23.021728866442675
