right_iris-133,right_iris-33,right_iris-7,right_iris-163,right_iris-144,right_iris-145,right_iris-153,right_iris-154,right_iris-155,right_iris-173,right_iris-157,right_iris-158,right_iris-159,right_iris-160,right_iris-161,right_iris-246
28.16025568065745,28.0713376952364,24.515301344262525,20.248456731316587,15.264337522473747,9.219544457292889,11.31370849898476,18.68154169226941,25.317977802344327,24.0,16.492422502470642,7.810249675906654,8.48528137423857,16.492422502470642,22.02271554554524,26.0
