right_iris-133,right_iris-33,right_iris-7,right_iris-163,right_iris-144,right_iris-145,right_iris-153,right_iris-154,right_iris-155,right_iris-173,right_iris-157,right_iris-158,right_iris-159,right_iris-160,right_iris-161,right_iris-246
33.06055050963308,25.079872407968907,21.37755832643195,17.08800749063506,12.041594578792296,8.06225774829855,13.892443989449804,23.53720459187964,30.14962686336267,29.017236257093817,21.587033144922906,12.206555615733702,7.0710678118654755,12.083045973594572,18.110770276274835,22.0
