right_iris-133,right_iris-33,right_iris-7,right_iris-163,right_iris-144,right_iris-145,right_iris-153,right_iris-154,right_iris-155,right_iris-173,right_iris-157,right_iris-158,right_iris-159,right_iris-160,right_iris-161,right_iris-246
22.02271554554524,26.248809496813376,22.84731931759173,18.788294228055936,14.422205101855956,7.615773105863909,7.0710678118654755,13.341664064126334,18.110770276274835,18.027756377319943,12.36931687685298,5.0,5.830951894845301,13.0,19.4164878389476,22.80350850198276
