right_iris-133,right_iris-33,right_iris-7,right_iris-163,right_iris-144,right_iris-145,right_iris-153,right_iris-154,right_iris-155,right_iris-173,right_iris-157,right_iris-158,right_iris-159,right_iris-160,right_iris-161,right_iris-246
23.194827009486403,24.331050121192877,20.615528128088304,16.76305461424021,10.770329614269007,3.1622776601683795,7.280109889280518,15.0,20.09975124224178,20.615528128088304,15.231546211727816,7.810249675906654,5.830951894845301,12.16552506059644,18.0,21.213203435596427
