right_iris-133,right_iris-33,right_iris-7,right_iris-163,right_iris-144,right_iris-145,right_iris-153,right_iris-154,right_iris-155,right_iris-173,right_iris-157,right_iris-158,right_iris-159,right_iris-160,right_iris-161,right_iris-246
22.20360331117452,17.0,14.317821063276352,10.770329614269007,8.48528137423857,6.082762530298219,10.0,15.524174696260024,19.4164878389476,19.026297590440446,14.317821063276352,9.219544457292889,7.0,8.602325267042627,12.36931687685298,14.0356688476182
