right_iris-133,right_iris-33,right_iris-7,right_iris-163,right_iris-144,right_iris-145,right_iris-153,right_iris-154,right_iris-155,right_iris-173,right_iris-157,right_iris-158,right_iris-159,right_iris-160,right_iris-161,right_iris-246
27.459060435491963,27.018512172212592,24.08318915758459,19.4164878389476,14.317821063276352,8.54400374531753,10.63014581273465,18.384776310850235,24.73863375370596,24.08318915758459,17.11724276862369,7.211102550927978,6.4031242374328485,14.866068747318506,21.213203435596427,24.08318915758459
