right_iris-133,right_iris-33,right_iris-7,right_iris-163,right_iris-144,right_iris-145,right_iris-153,right_iris-154,right_iris-155,right_iris-173,right_iris-157,right_iris-158,right_iris-159,right_iris-160,right_iris-161,right_iris-246
38.07886552931954,34.0,29.274562336608895,23.769728648009423,17.4928556845359,11.180339887498947,15.556349186104043,26.0,33.52610922848042,33.37663853655727,23.021728866442675,10.770329614269007,6.324555320336759,16.15549442140351,24.186773244895647,30.066592756745816
