right_iris-133,right_iris-33,right_iris-7,right_iris-163,right_iris-144,right_iris-145,right_iris-153,right_iris-154,right_iris-155,right_iris-173,right_iris-157,right_iris-158,right_iris-159,right_iris-160,right_iris-161,right_iris-246
32.7566787083184,32.14031735997639,27.65863337187866,23.769728648009423,18.601075237738275,12.649110640673518,13.601470508735444,21.93171219946131,29.120439557122072,28.0713376952364,19.4164878389476,10.0,10.0,18.973665961010276,25.079872407968907,29.0
