right_iris-133,right_iris-33,right_iris-7,right_iris-163,right_iris-144,right_iris-145,right_iris-153,right_iris-154,right_iris-155,right_iris-173,right_iris-157,right_iris-158,right_iris-159,right_iris-160,right_iris-161,right_iris-246
35.35533905932738,32.2490309931942,28.861739379323623,24.698178070456937,18.601075237738275,12.36931687685298,14.866068747318506,23.40939982143925,30.80584360149873,31.016124838541646,21.37755832643195,11.40175425099138,8.54400374531753,16.76305461424021,24.08318915758459,29.017236257093817
