right_iris-133,right_iris-33,right_iris-7,right_iris-163,right_iris-144,right_iris-145,right_iris-153,right_iris-154,right_iris-155,right_iris-173,right_iris-157,right_iris-158,right_iris-159,right_iris-160,right_iris-161,right_iris-246
32.2490309931942,23.021728866442675,18.439088914585778,15.652475842498529,11.40175425099138,10.770329614269007,16.64331697709324,23.769728648009423,29.274562336608895,28.0,20.615528128088304,12.041594578792296,9.219544457292889,13.892443989449804,18.439088914585778,21.095023109728988
