right_iris-133,right_iris-33,right_iris-7,right_iris-163,right_iris-144,right_iris-145,right_iris-153,right_iris-154,right_iris-155,right_iris-173,right_iris-157,right_iris-158,right_iris-159,right_iris-160,right_iris-161,right_iris-246
30.4138126514911,25.179356624028344,21.587033144922906,17.46424919657298,12.727922061357855,9.055385138137416,14.212670403551895,22.135943621178654,27.65863337187866,27.073972741361768,19.235384061671343,10.816653826391969,6.082762530298219,12.649110640673518,18.027756377319943,22.02271554554524
