right_iris-133,right_iris-33,right_iris-7,right_iris-163,right_iris-144,right_iris-145,right_iris-153,right_iris-154,right_iris-155,right_iris-173,right_iris-157,right_iris-158,right_iris-159,right_iris-160,right_iris-161,right_iris-246
34.36568055487916,26.0,21.37755832643195,17.08800749063506,12.041594578792296,9.219544457292889,15.264337522473747,24.041630560342615,30.59411708155671,30.066592756745816,22.09072203437452,11.704699910719626,5.0990195135927845,10.770329614269007,18.110770276274835,22.02271554554524
