right_iris-133,right_iris-33,right_iris-7,right_iris-163,right_iris-144,right_iris-145,right_iris-153,right_iris-154,right_iris-155,right_iris-173,right_iris-157,right_iris-158,right_iris-159,right_iris-160,right_iris-161,right_iris-246
32.14031735997639,20.024984394500787,16.492422502470642,13.038404810405298,10.295630140987,9.848857801796104,16.1245154965971,23.53720459187964,29.274562336608895,28.0,21.37755832643195,12.529964086141668,6.324555320336759,8.602325267042627,13.341664064126334,17.029386365926403
