right_iris-133,right_iris-33,right_iris-7,right_iris-163,right_iris-144,right_iris-145,right_iris-153,right_iris-154,right_iris-155,right_iris-173,right_iris-157,right_iris-158,right_iris-159,right_iris-160,right_iris-161,right_iris-246
29.017236257093817,23.194827009486403,18.973665961010276,14.7648230602334,9.899494936611664,7.615773105863909,13.0,20.09975124224178,25.019992006393608,25.179356624028344,18.68154169226941,10.295630140987,5.0,9.486832980505138,15.033296378372908,19.026297590440446
