right_iris-133,right_iris-33,right_iris-7,right_iris-163,right_iris-144,right_iris-145,right_iris-153,right_iris-154,right_iris-155,right_iris-173,right_iris-157,right_iris-158,right_iris-159,right_iris-160,right_iris-161,right_iris-246
34.92849839314596,25.019992006393608,20.615528128088304,17.46424919657298,13.45362404707371,11.180339887498947,17.029386365926403,26.0,32.28002478313795,31.25699921617557,22.20360331117452,13.038404810405298,8.0,13.038404810405298,18.24828759089466,22.02271554554524
