right_iris-133,right_iris-33,right_iris-7,right_iris-163,right_iris-144,right_iris-145,right_iris-153,right_iris-154,right_iris-155,right_iris-173,right_iris-157,right_iris-158,right_iris-159,right_iris-160,right_iris-161,right_iris-246
32.2490309931942,37.48332962798263,34.48187929913333,30.870698080866266,25.0,16.55294535724685,14.7648230602334,21.02379604162864,27.65863337187866,27.018512172212592,19.235384061671343,13.341664064126334,16.278820596099706,25.298221281347036,31.064449134018133,35.05709628591621
