right_iris-133,right_iris-33,right_iris-7,right_iris-163,right_iris-144,right_iris-145,right_iris-153,right_iris-154,right_iris-155,right_iris-173,right_iris-157,right_iris-158,right_iris-159,right_iris-160,right_iris-161,right_iris-246
35.014282800023196,26.30589287593181,24.35159132377184,20.591260281974,15.556349186104043,12.0,15.0,23.53720459187964,31.064449134018133,31.25699921617557,22.80350850198276,12.806248474865695,7.280109889280518,13.92838827718412,20.024984394500787,24.08318915758459
