right_iris-133,right_iris-33,right_iris-7,right_iris-163,right_iris-144,right_iris-145,right_iris-153,right_iris-154,right_iris-155,right_iris-173,right_iris-157,right_iris-158,right_iris-159,right_iris-160,right_iris-161,right_iris-246
30.59411708155671,27.073972741361768,23.53720459187964,18.973665961010276,13.601470508735444,9.055385138137416,12.806248474865695,20.248456731316587,26.68332812825267,26.1725046566048,19.026297590440446,8.94427190999916,4.47213595499958,13.341664064126334,20.024984394500787,24.020824298928627
