right_iris-133,right_iris-33,right_iris-7,right_iris-163,right_iris-144,right_iris-145,right_iris-153,right_iris-154,right_iris-155,right_iris-173,right_iris-157,right_iris-158,right_iris-159,right_iris-160,right_iris-161,right_iris-246
25.079872407968907,20.396078054371134,17.46424919657298,15.264337522473747,11.40175425099138,9.055385138137416,10.816653826391969,17.26267650163207,22.0,22.360679774997894,17.08800749063506,9.899494936611664,6.082762530298219,10.44030650891055,15.033296378372908,18.110770276274835
