right_iris-133,right_iris-33,right_iris-7,right_iris-163,right_iris-144,right_iris-145,right_iris-153,right_iris-154,right_iris-155,right_iris-173,right_iris-157,right_iris-158,right_iris-159,right_iris-160,right_iris-161,right_iris-246
21.095023109728988,25.079872407968907,22.02271554554524,18.0,12.041594578792296,4.47213595499958,5.385164807134504,13.152946437965904,18.110770276274835,18.027756377319943,13.0,5.0990195135927845,3.605551275463989,11.180339887498947,18.110770276274835,22.09072203437452
