right_iris-133,right_iris-33,right_iris-7,right_iris-163,right_iris-144,right_iris-145,right_iris-153,right_iris-154,right_iris-155,right_iris-173,right_iris-157,right_iris-158,right_iris-159,right_iris-160,right_iris-161,right_iris-246
33.06055050963308,23.194827009486403,18.973665961010276,15.264337522473747,10.816653826391969,8.94427190999916,15.652475842498529,24.331050121192877,30.14962686336267,30.01666203960727,22.561028345356956,13.601470508735444,8.06225774829855,11.180339887498947,17.11724276862369,20.024984394500787
