right_iris-133,right_iris-33,right_iris-7,right_iris-163,right_iris-144,right_iris-145,right_iris-153,right_iris-154,right_iris-155,right_iris-173,right_iris-157,right_iris-158,right_iris-159,right_iris-160,right_iris-161,right_iris-246
20.024984394500787,16.278820596099706,13.92838827718412,11.180339887498947,7.810249675906654,5.385164807134504,8.94427190999916,14.142135623730953,18.110770276274835,18.027756377319943,13.341664064126334,7.211102550927978,4.123105625617661,8.246211251235321,12.0,14.142135623730953
