right_iris-133,right_iris-33,right_iris-7,right_iris-163,right_iris-144,right_iris-145,right_iris-153,right_iris-154,right_iris-155,right_iris-173,right_iris-157,right_iris-158,right_iris-159,right_iris-160,right_iris-161,right_iris-246
26.1725046566048,23.194827009486403,18.973665961010276,15.652475842498529,11.31370849898476,8.06225774829855,11.6619037896906,18.439088914585778,23.345235059857504,22.0,15.524174696260024,7.810249675906654,7.211102550927978,13.341664064126334,18.027756377319943,21.02379604162864
