right_iris-133,right_iris-33,right_iris-7,right_iris-163,right_iris-144,right_iris-145,right_iris-153,right_iris-154,right_iris-155,right_iris-173,right_iris-157,right_iris-158,right_iris-159,right_iris-160,right_iris-161,right_iris-246
29.614185789921695,21.02379604162864,17.72004514666935,15.264337522473747,11.6619037896906,11.40175425099138,15.620499351813308,22.135943621178654,26.92582403567252,26.076809620810597,19.235384061671343,12.206555615733702,7.0,10.816653826391969,15.297058540778355,19.026297590440446
