right_iris-133,right_iris-33,right_iris-7,right_iris-163,right_iris-144,right_iris-145,right_iris-153,right_iris-154,right_iris-155,right_iris-173,right_iris-157,right_iris-158,right_iris-159,right_iris-160,right_iris-161,right_iris-246
38.8329756778952,33.06055050963308,28.635642126552707,24.698178070456937,17.804493814764857,13.038404810405298,17.69180601295413,28.231188426986208,35.4400902933387,34.23448553724738,24.186773244895647,13.601470508735444,10.44030650891055,18.384776310850235,25.317977802344327,30.0
