right_iris-133,right_iris-33,right_iris-7,right_iris-163,right_iris-144,right_iris-145,right_iris-153,right_iris-154,right_iris-155,right_iris-173,right_iris-157,right_iris-158,right_iris-159,right_iris-160,right_iris-161,right_iris-246
32.984845004941285,28.0178514522438,23.194827009486403,18.973665961010276,13.45362404707371,11.04536101718726,16.278820596099706,23.769728648009423,30.083217912982647,28.284271247461906,20.024984394500787,10.295630140987,7.615773105863909,15.231546211727816,20.396078054371134,25.179356624028344
