right_iris-133,right_iris-33,right_iris-7,right_iris-163,right_iris-144,right_iris-145,right_iris-153,right_iris-154,right_iris-155,right_iris-173,right_iris-157,right_iris-158,right_iris-159,right_iris-160,right_iris-161,right_iris-246
32.2490309931942,22.02271554554524,18.027756377319943,14.317821063276352,8.602325267042627,7.280109889280518,13.892443989449804,22.80350850198276,29.42787793912432,29.068883707497267,22.02271554554524,12.36931687685298,5.830951894845301,8.06225774829855,14.317821063276352,18.110770276274835
