right_iris-133,right_iris-33,right_iris-7,right_iris-163,right_iris-144,right_iris-145,right_iris-153,right_iris-154,right_iris-155,right_iris-173,right_iris-157,right_iris-158,right_iris-159,right_iris-160,right_iris-161,right_iris-246
31.400636936215164,27.073972741361768,22.02271554554524,18.24828759089466,12.083045973594572,7.0,12.806248474865695,22.135943621178654,27.65863337187866,28.0713376952364,20.0,10.198039027185567,4.0,11.704699910719626,18.24828759089466,23.194827009486403
