right_iris-133,right_iris-33,right_iris-7,right_iris-163,right_iris-144,right_iris-145,right_iris-153,right_iris-154,right_iris-155,right_iris-173,right_iris-157,right_iris-158,right_iris-159,right_iris-160,right_iris-161,right_iris-246
23.53720459187964,27.018512172212592,24.186773244895647,20.615528128088304,16.1245154965971,10.295630140987,9.848857801796104,14.7648230602334,20.8806130178211,20.024984394500787,13.341664064126334,7.211102550927978,8.602325267042627,16.15549442140351,21.37755832643195,24.08318915758459
