right_iris-133,right_iris-33,right_iris-7,right_iris-163,right_iris-144,right_iris-145,right_iris-153,right_iris-154,right_iris-155,right_iris-173,right_iris-157,right_iris-158,right_iris-159,right_iris-160,right_iris-161,right_iris-246
31.144823004794873,38.05259518088089,32.0,26.019223662515376,17.11724276862369,4.47213595499958,9.055385138137416,20.024984394500787,27.16615541441225,27.29468812791236,19.4164878389476,7.280109889280518,6.082762530298219,19.0,28.0178514522438,33.015148038438355
