right_iris-133,right_iris-33,right_iris-7,right_iris-163,right_iris-144,right_iris-145,right_iris-153,right_iris-154,right_iris-155,right_iris-173,right_iris-157,right_iris-158,right_iris-159,right_iris-160,right_iris-161,right_iris-246
25.317977802344327,20.8806130178211,17.46424919657298,13.892443989449804,9.899494936611664,5.0990195135927845,10.44030650891055,17.0,23.194827009486403,22.80350850198276,17.46424919657298,9.219544457292889,5.0990195135927845,9.219544457292889,14.0356688476182,18.439088914585778
