right_iris-133,right_iris-33,right_iris-7,right_iris-163,right_iris-144,right_iris-145,right_iris-153,right_iris-154,right_iris-155,right_iris-173,right_iris-157,right_iris-158,right_iris-159,right_iris-160,right_iris-161,right_iris-246
22.09072203437452,17.029386365926403,14.317821063276352,11.704699910719626,7.810249675906654,6.082762530298219,9.433981132056603,15.524174696260024,20.223748416156685,20.0,15.132745950421556,7.615773105863909,4.0,7.615773105863909,12.041594578792296,15.0
