right_iris-133,right_iris-33,right_iris-7,right_iris-163,right_iris-144,right_iris-145,right_iris-153,right_iris-154,right_iris-155,right_iris-173,right_iris-157,right_iris-158,right_iris-159,right_iris-160,right_iris-161,right_iris-246
26.1725046566048,21.37755832643195,18.027756377319943,14.7648230602334,10.63014581273465,8.06225774829855,11.40175425099138,17.72004514666935,23.345235059857504,23.0,16.278820596099706,8.94427190999916,5.0990195135927845,9.486832980505138,15.0,18.110770276274835
