right_iris-133,right_iris-33,right_iris-7,right_iris-163,right_iris-144,right_iris-145,right_iris-153,right_iris-154,right_iris-155,right_iris-173,right_iris-157,right_iris-158,right_iris-159,right_iris-160,right_iris-161,right_iris-246
34.92849839314596,25.019992006393608,20.223748416156685,17.08800749063506,12.041594578792296,10.198039027185567,16.401219466856727,25.632011235952593,32.01562118716424,31.25699921617557,23.021728866442675,11.704699910719626,5.0,12.083045973594572,18.24828759089466,22.09072203437452
