right_iris-133,right_iris-33,right_iris-7,right_iris-163,right_iris-144,right_iris-145,right_iris-153,right_iris-154,right_iris-155,right_iris-173,right_iris-157,right_iris-158,right_iris-159,right_iris-160,right_iris-161,right_iris-246
24.331050121192877,20.024984394500787,17.46424919657298,13.92838827718412,10.0,7.0,10.63014581273465,16.76305461424021,21.587033144922906,21.02379604162864,15.132745950421556,7.211102550927978,4.47213595499958,10.44030650891055,15.033296378372908,17.0
