right_iris-133,right_iris-33,right_iris-7,right_iris-163,right_iris-144,right_iris-145,right_iris-153,right_iris-154,right_iris-155,right_iris-173,right_iris-157,right_iris-158,right_iris-159,right_iris-160,right_iris-161,right_iris-246
27.073972741361768,19.1049731745428,15.811388300841896,13.41640786499874,9.219544457292889,8.246211251235321,11.6619037896906,18.439088914585778,24.186773244895647,24.0,17.26267650163207,8.94427190999916,4.0,8.246211251235321,13.0,17.029386365926403
