right_iris-133,right_iris-33,right_iris-7,right_iris-163,right_iris-144,right_iris-145,right_iris-153,right_iris-154,right_iris-155,right_iris-173,right_iris-157,right_iris-158,right_iris-159,right_iris-160,right_iris-161,right_iris-246
36.345563690772494,24.186773244895647,20.8806130178211,17.4928556845359,13.601470508735444,12.36931687685298,17.204650534085253,26.248809496813376,32.55764119219941,33.015148038438355,25.317977802344327,15.264337522473747,9.219544457292889,12.206555615733702,17.26267650163207,21.0
