right_iris-133,right_iris-33,right_iris-7,right_iris-163,right_iris-144,right_iris-145,right_iris-153,right_iris-154,right_iris-155,right_iris-173,right_iris-157,right_iris-158,right_iris-159,right_iris-160,right_iris-161,right_iris-246
26.68332812825267,21.095023109728988,17.46424919657298,14.317821063276352,11.31370849898476,9.055385138137416,12.727922061357855,18.384776310850235,23.769728648009423,23.194827009486403,17.11724276862369,10.295630140987,5.0,9.848857801796104,14.142135623730953,18.0
