right_iris-133,right_iris-33,right_iris-7,right_iris-163,right_iris-144,right_iris-145,right_iris-153,right_iris-154,right_iris-155,right_iris-173,right_iris-157,right_iris-158,right_iris-159,right_iris-160,right_iris-161,right_iris-246
22.20360331117452,18.027756377319943,15.297058540778355,12.083045973594572,9.219544457292889,7.0710678118654755,10.0,15.811388300841896,19.4164878389476,19.026297590440446,14.142135623730953,8.06225774829855,5.0,8.602325267042627,12.36931687685298,15.033296378372908
