right_iris-133,right_iris-33,right_iris-7,right_iris-163,right_iris-144,right_iris-145,right_iris-153,right_iris-154,right_iris-155,right_iris-173,right_iris-157,right_iris-158,right_iris-159,right_iris-160,right_iris-161,right_iris-246
28.442925306655784,41.10960958218893,37.21558813185679,31.400636936215164,23.769728648009423,11.180339887498947,4.242640687119285,15.033296378372908,24.186773244895647,25.495097567963924,17.26267650163207,5.385164807134504,8.94427190999916,21.587033144922906,30.265491900843113,36.12478373637688
