right_iris-133,right_iris-33,right_iris-7,right_iris-163,right_iris-144,right_iris-145,right_iris-153,right_iris-154,right_iris-155,right_iris-173,right_iris-157,right_iris-158,right_iris-159,right_iris-160,right_iris-161,right_iris-246
27.65863337187866,25.179356624028344,20.8806130178211,17.88854381999832,14.142135623730953,11.0,13.45362404707371,19.697715603592208,25.0,24.186773244895647,17.26267650163207,9.219544457292889,7.280109889280518,13.0,18.110770276274835,22.02271554554524
