right_iris-133,right_iris-33,right_iris-7,right_iris-163,right_iris-144,right_iris-145,right_iris-153,right_iris-154,right_iris-155,right_iris-173,right_iris-157,right_iris-158,right_iris-159,right_iris-160,right_iris-161,right_iris-246
37.21558813185679,25.019992006393608,20.223748416156685,15.811388300841896,11.31370849898476,9.486832980505138,17.0,26.68332812825267,33.37663853655727,33.015148038438355,25.179356624028344,13.92838827718412,6.082762530298219,11.180339887498947,17.26267650163207,22.09072203437452
