right_iris-133,right_iris-33,right_iris-7,right_iris-163,right_iris-144,right_iris-145,right_iris-153,right_iris-154,right_iris-155,right_iris-173,right_iris-157,right_iris-158,right_iris-159,right_iris-160,right_iris-161,right_iris-246
31.400636936215164,32.01562118716424,27.459060435491963,23.40939982143925,18.027756377319943,12.649110640673518,13.601470508735444,20.615528128088304,27.65863337187866,27.018512172212592,18.439088914585778,9.219544457292889,9.219544457292889,17.72004514666935,24.186773244895647,28.0178514522438
