right_iris-133,right_iris-33,right_iris-7,right_iris-163,right_iris-144,right_iris-145,right_iris-153,right_iris-154,right_iris-155,right_iris-173,right_iris-157,right_iris-158,right_iris-159,right_iris-160,right_iris-161,right_iris-246
23.0,24.020824298928627,21.213203435596427,17.26267650163207,12.649110640673518,5.656854249492381,5.830951894845301,14.142135623730953,20.024984394500787,21.095023109728988,15.297058540778355,6.708203932499369,4.242640687119285,11.180339887498947,17.029386365926403,21.0
