right_iris-133,right_iris-33,right_iris-7,right_iris-163,right_iris-144,right_iris-145,right_iris-153,right_iris-154,right_iris-155,right_iris-173,right_iris-157,right_iris-158,right_iris-159,right_iris-160,right_iris-161,right_iris-246
29.274562336608895,22.02271554554524,18.439088914585778,15.231546211727816,11.31370849898476,9.055385138137416,13.601470508735444,20.8806130178211,26.476404589747453,26.019223662515376,19.235384061671343,10.816653826391969,7.0,11.180339887498947,16.278820596099706,19.026297590440446
