right_iris-133,right_iris-33,right_iris-7,right_iris-163,right_iris-144,right_iris-145,right_iris-153,right_iris-154,right_iris-155,right_iris-173,right_iris-157,right_iris-158,right_iris-159,right_iris-160,right_iris-161,right_iris-246
37.48332962798263,28.0178514522438,23.345235059857504,19.697715603592208,14.866068747318506,12.36931687685298,18.027756377319943,27.202941017470888,34.713109915419565,32.0624390837628,23.53720459187964,12.727922061357855,10.770329614269007,17.88854381999832,22.561028345356956,26.1725046566048
