right_iris-133,right_iris-33,right_iris-7,right_iris-163,right_iris-144,right_iris-145,right_iris-153,right_iris-154,right_iris-155,right_iris-173,right_iris-157,right_iris-158,right_iris-159,right_iris-160,right_iris-161,right_iris-246
34.20526275297414,25.079872407968907,21.095023109728988,17.72004514666935,13.45362404707371,11.0,15.556349186104043,24.166091947189145,30.675723300355937,29.42787793912432,23.08679276123039,13.892443989449804,9.055385138137416,14.212670403551895,18.973665961010276,22.360679774997894
