right_iris-133,right_iris-33,right_iris-7,right_iris-163,right_iris-144,right_iris-145,right_iris-153,right_iris-154,right_iris-155,right_iris-173,right_iris-157,right_iris-158,right_iris-159,right_iris-160,right_iris-161,right_iris-246
27.29468812791236,27.16615541441225,23.53720459187964,20.248456731316587,14.422205101855956,9.486832980505138,10.63014581273465,17.46424919657298,23.53720459187964,24.020824298928627,16.278820596099706,8.48528137423857,8.06225774829855,13.92838827718412,20.09975124224178,24.020824298928627
