right_iris-133,right_iris-33,right_iris-7,right_iris-163,right_iris-144,right_iris-145,right_iris-153,right_iris-154,right_iris-155,right_iris-173,right_iris-157,right_iris-158,right_iris-159,right_iris-160,right_iris-161,right_iris-246
32.55764119219941,31.25699921617557,27.892651361962702,23.769728648009423,18.601075237738275,13.341664064126334,14.422205101855956,22.360679774997894,29.120439557122072,28.0713376952364,19.6468827043885,11.40175425099138,11.180339887498947,18.384776310850235,24.186773244895647,28.0178514522438
