right_iris-133,right_iris-33,right_iris-7,right_iris-163,right_iris-144,right_iris-145,right_iris-153,right_iris-154,right_iris-155,right_iris-173,right_iris-157,right_iris-158,right_iris-159,right_iris-160,right_iris-161,right_iris-246
32.7566787083184,36.05551275463989,30.14962686336267,24.73863375370596,17.4928556845359,11.40175425099138,14.142135623730953,22.47220505424423,30.083217912982647,28.16025568065745,18.24828759089466,8.602325267042627,11.31370849898476,21.18962010041709,28.442925306655784,32.14031735997639
