right_iris-133,right_iris-33,right_iris-7,right_iris-163,right_iris-144,right_iris-145,right_iris-153,right_iris-154,right_iris-155,right_iris-173,right_iris-157,right_iris-158,right_iris-159,right_iris-160,right_iris-161,right_iris-246
36.345563690772494,33.015148038438355,28.442925306655784,24.041630560342615,17.204650534085253,11.180339887498947,14.866068747318506,24.35159132377184,32.55764119219941,32.0,22.80350850198276,12.727922061357855,9.848857801796104,18.384776310850235,25.317977802344327,30.01666203960727
