right_iris-133,right_iris-33,right_iris-7,right_iris-163,right_iris-144,right_iris-145,right_iris-153,right_iris-154,right_iris-155,right_iris-173,right_iris-157,right_iris-158,right_iris-159,right_iris-160,right_iris-161,right_iris-246
25.019992006393608,23.345235059857504,19.924858845171276,17.88854381999832,14.142135623730953,10.04987562112089,11.31370849898476,16.76305461424021,22.09072203437452,22.09072203437452,15.811388300841896,8.48528137423857,6.708203932499369,12.36931687685298,17.029386365926403,20.09975124224178
