right_iris-133,right_iris-33,right_iris-7,right_iris-163,right_iris-144,right_iris-145,right_iris-153,right_iris-154,right_iris-155,right_iris-173,right_iris-157,right_iris-158,right_iris-159,right_iris-160,right_iris-161,right_iris-246
22.20360331117452,17.029386365926403,14.560219778561036,12.083045973594572,9.219544457292889,7.0710678118654755,10.0,15.524174696260024,20.223748416156685,19.0,14.317821063276352,8.48528137423857,6.324555320336759,10.295630140987,13.152946437965904,15.0
