right_iris-133,right_iris-33,right_iris-7,right_iris-163,right_iris-144,right_iris-145,right_iris-153,right_iris-154,right_iris-155,right_iris-173,right_iris-157,right_iris-158,right_iris-159,right_iris-160,right_iris-161,right_iris-246
34.132096331752024,26.476404589747453,23.08679276123039,18.788294228055936,13.45362404707371,8.06225774829855,13.0,23.08679276123039,31.016124838541646,30.4138126514911,23.40939982143925,12.806248474865695,7.280109889280518,13.601470508735444,20.0,23.08679276123039
