right_iris-133,right_iris-33,right_iris-7,right_iris-163,right_iris-144,right_iris-145,right_iris-153,right_iris-154,right_iris-155,right_iris-173,right_iris-157,right_iris-158,right_iris-159,right_iris-160,right_iris-161,right_iris-246
34.713109915419565,28.0178514522438,23.53720459187964,20.615528128088304,14.866068747318506,12.0,16.278820596099706,24.698178070456937,31.04834939252005,30.14962686336267,21.213203435596427,11.40175425099138,8.94427190999916,16.15549442140351,22.20360331117452,25.0
