right_iris-133,right_iris-33,right_iris-7,right_iris-163,right_iris-144,right_iris-145,right_iris-153,right_iris-154,right_iris-155,right_iris-173,right_iris-157,right_iris-158,right_iris-159,right_iris-160,right_iris-161,right_iris-246
35.12833614050059,30.14962686336267,26.68332812825267,22.47220505424423,17.204650534085253,11.180339887498947,13.45362404707371,23.08679276123039,30.4138126514911,31.016124838541646,21.840329667841555,12.727922061357855,9.848857801796104,17.46424919657298,23.194827009486403,27.0
