right_iris-133,right_iris-33,right_iris-7,right_iris-163,right_iris-144,right_iris-145,right_iris-153,right_iris-154,right_iris-155,right_iris-173,right_iris-157,right_iris-158,right_iris-159,right_iris-160,right_iris-161,right_iris-246
27.29468812791236,19.0,15.132745950421556,11.704699910719626,8.48528137423857,7.615773105863909,12.529964086141668,19.6468827043885,24.515301344262525,24.08318915758459,18.110770276274835,11.180339887498947,6.082762530298219,8.602325267042627,13.341664064126334,16.1245154965971
