right_iris-133,right_iris-33,right_iris-7,right_iris-163,right_iris-144,right_iris-145,right_iris-153,right_iris-154,right_iris-155,right_iris-173,right_iris-157,right_iris-158,right_iris-159,right_iris-160,right_iris-161,right_iris-246
32.01562118716424,23.0,18.439088914585778,15.231546211727816,10.63014581273465,8.94427190999916,15.652475842498529,23.345235059857504,29.068883707497267,28.0178514522438,20.615528128088304,10.816653826391969,6.082762530298219,11.704699910719626,17.11724276862369,20.024984394500787
