right_iris-133,right_iris-33,right_iris-7,right_iris-163,right_iris-144,right_iris-145,right_iris-153,right_iris-154,right_iris-155,right_iris-173,right_iris-157,right_iris-158,right_iris-159,right_iris-160,right_iris-161,right_iris-246
23.0,21.0,19.026297590440446,16.1245154965971,11.180339887498947,4.242640687119285,6.324555320336759,14.0356688476182,20.0,20.024984394500787,15.132745950421556,7.280109889280518,2.23606797749979,9.219544457292889,15.033296378372908,19.0
