right_iris-133,right_iris-33,right_iris-7,right_iris-163,right_iris-144,right_iris-145,right_iris-153,right_iris-154,right_iris-155,right_iris-173,right_iris-157,right_iris-158,right_iris-159,right_iris-160,right_iris-161,right_iris-246
23.08679276123039,15.033296378372908,12.16552506059644,8.54400374531753,5.656854249492381,5.830951894845301,10.770329614269007,16.278820596099706,21.095023109728988,21.0,15.132745950421556,8.94427190999916,5.385164807134504,6.4031242374328485,10.198039027185567,13.038404810405298
