right_iris-133,right_iris-33,right_iris-7,right_iris-163,right_iris-144,right_iris-145,right_iris-153,right_iris-154,right_iris-155,right_iris-173,right_iris-157,right_iris-158,right_iris-159,right_iris-160,right_iris-161,right_iris-246
26.476404589747453,20.024984394500787,16.0312195418814,12.36931687685298,7.211102550927978,5.385164807134504,11.6619037896906,18.68154169226941,24.73863375370596,24.186773244895647,18.0,9.486832980505138,4.123105625617661,8.06225774829855,13.341664064126334,17.11724276862369
