right_iris-133,right_iris-33,right_iris-7,right_iris-163,right_iris-144,right_iris-145,right_iris-153,right_iris-154,right_iris-155,right_iris-173,right_iris-157,right_iris-158,right_iris-159,right_iris-160,right_iris-161,right_iris-246
30.4138126514911,28.0713376952364,24.515301344262525,21.18962010041709,15.811388300841896,10.44030650891055,12.806248474865695,20.248456731316587,26.68332812825267,27.018512172212592,18.439088914585778,9.899494936611664,8.54400374531753,15.231546211727816,21.095023109728988,25.0
