right_iris-133,right_iris-33,right_iris-7,right_iris-163,right_iris-144,right_iris-145,right_iris-153,right_iris-154,right_iris-155,right_iris-173,right_iris-157,right_iris-158,right_iris-159,right_iris-160,right_iris-161,right_iris-246
27.018512172212592,28.284271247461906,24.515301344262525,20.615528128088304,13.92838827718412,5.830951894845301,8.06225774829855,17.26267650163207,24.08318915758459,24.020824298928627,16.492422502470642,7.0710678118654755,6.4031242374328485,14.317821063276352,21.0,25.079872407968907
