right_iris-133,right_iris-33,right_iris-7,right_iris-163,right_iris-144,right_iris-145,right_iris-153,right_iris-154,right_iris-155,right_iris-173,right_iris-157,right_iris-158,right_iris-159,right_iris-160,right_iris-161,right_iris-246
30.066592756745816,39.319206502675,33.13608305156178,26.019223662515376,17.029386365926403,5.0,8.54400374531753,19.1049731745428,26.076809620810597,27.018512172212592,19.0,7.0,4.0,17.11724276862369,27.16615541441225,33.24154027718932
