right_iris-133,right_iris-33,right_iris-7,right_iris-163,right_iris-144,right_iris-145,right_iris-153,right_iris-154,right_iris-155,right_iris-173,right_iris-157,right_iris-158,right_iris-159,right_iris-160,right_iris-161,right_iris-246
24.020824298928627,22.561028345356956,20.615528128088304,18.35755975068582,14.866068747318506,10.44030650891055,10.0,15.524174696260024,21.02379604162864,20.396078054371134,15.652475842498529,8.94427190999916,9.219544457292889,14.560219778561036,19.026297590440446,20.09975124224178
