right_iris-133,right_iris-33,right_iris-7,right_iris-163,right_iris-144,right_iris-145,right_iris-153,right_iris-154,right_iris-155,right_iris-173,right_iris-157,right_iris-158,right_iris-159,right_iris-160,right_iris-161,right_iris-246
32.7566787083184,34.058772731852805,29.614185789921695,25.632011235952593,19.4164878389476,13.601470508735444,14.422205101855956,21.93171219946131,29.120439557122072,28.0713376952364,19.6468827043885,10.816653826391969,11.6619037896906,20.248456731316587,26.1725046566048,31.016124838541646
