right_iris-133,right_iris-33,right_iris-7,right_iris-163,right_iris-144,right_iris-145,right_iris-153,right_iris-154,right_iris-155,right_iris-173,right_iris-157,right_iris-158,right_iris-159,right_iris-160,right_iris-161,right_iris-246
33.24154027718932,24.186773244895647,20.8806130178211,17.0,12.727922061357855,10.198039027185567,15.0,23.769728648009423,30.4138126514911,29.017236257093817,21.37755832643195,12.206555615733702,8.06225774829855,13.0,18.110770276274835,22.02271554554524
