right_iris-133,right_iris-33,right_iris-7,right_iris-163,right_iris-144,right_iris-145,right_iris-153,right_iris-154,right_iris-155,right_iris-173,right_iris-157,right_iris-158,right_iris-159,right_iris-160,right_iris-161,right_iris-246
27.073972741361768,20.396078054371134,17.08800749063506,14.422205101855956,10.63014581273465,8.246211251235321,11.6619037896906,18.110770276274835,24.0,24.331050121192877,18.68154169226941,9.848857801796104,4.0,8.246211251235321,14.0356688476182,17.26267650163207
