right_iris-133,right_iris-33,right_iris-7,right_iris-163,right_iris-144,right_iris-145,right_iris-153,right_iris-154,right_iris-155,right_iris-173,right_iris-157,right_iris-158,right_iris-159,right_iris-160,right_iris-161,right_iris-246
37.21558813185679,26.0,21.213203435596427,15.811388300841896,10.63014581273465,8.94427190999916,16.55294535724685,26.68332812825267,33.37663853655727,33.015148038438355,24.186773244895647,13.0,6.082762530298219,11.180339887498947,18.24828759089466,22.02271554554524
