right_iris-133,right_iris-33,right_iris-7,right_iris-163,right_iris-144,right_iris-145,right_iris-153,right_iris-154,right_iris-155,right_iris-173,right_iris-157,right_iris-158,right_iris-159,right_iris-160,right_iris-161,right_iris-246
31.144823004794873,22.09072203437452,18.439088914585778,15.231546211727816,10.63014581273465,8.246211251235321,13.892443989449804,21.587033144922906,28.284271247461906,28.0,20.396078054371134,11.6619037896906,6.0,10.295630140987,16.1245154965971,19.0
