right_iris-133,right_iris-33,right_iris-7,right_iris-163,right_iris-144,right_iris-145,right_iris-153,right_iris-154,right_iris-155,right_iris-173,right_iris-157,right_iris-158,right_iris-159,right_iris-160,right_iris-161,right_iris-246
27.16615541441225,23.194827009486403,19.924858845171276,17.46424919657298,13.45362404707371,10.04987562112089,12.041594578792296,18.027756377319943,23.53720459187964,23.0,17.46424919657298,9.219544457292889,6.324555320336759,11.704699910719626,17.11724276862369,20.024984394500787
