right_iris-133,right_iris-33,right_iris-7,right_iris-163,right_iris-144,right_iris-145,right_iris-153,right_iris-154,right_iris-155,right_iris-173,right_iris-157,right_iris-158,right_iris-159,right_iris-160,right_iris-161,right_iris-246
30.265491900843113,33.06055050963308,28.442925306655784,24.041630560342615,18.35755975068582,11.180339887498947,11.40175425099138,19.924858845171276,26.476404589747453,26.019223662515376,17.46424919657298,7.810249675906654,9.219544457292889,19.4164878389476,26.019223662515376,30.01666203960727
