right_iris-133,right_iris-33,right_iris-7,right_iris-163,right_iris-144,right_iris-145,right_iris-153,right_iris-154,right_iris-155,right_iris-173,right_iris-157,right_iris-158,right_iris-159,right_iris-160,right_iris-161,right_iris-246
37.33630940518894,28.0713376952364,23.194827009486403,19.924858845171276,14.212670403551895,12.0,17.69180601295413,27.29468812791236,33.61547262794322,32.01562118716424,23.021728866442675,12.529964086141668,9.055385138137416,15.264337522473747,21.840329667841555,25.317977802344327
