right_iris-133,right_iris-33,right_iris-7,right_iris-163,right_iris-144,right_iris-145,right_iris-153,right_iris-154,right_iris-155,right_iris-173,right_iris-157,right_iris-158,right_iris-159,right_iris-160,right_iris-161,right_iris-246
27.29468812791236,30.265491900843113,25.495097567963924,21.18962010041709,16.1245154965971,8.54400374531753,10.63014581273465,18.973665961010276,24.515301344262525,23.021728866442675,15.524174696260024,8.06225774829855,9.219544457292889,17.72004514666935,23.021728866442675,27.018512172212592
