right_iris-133,right_iris-33,right_iris-7,right_iris-163,right_iris-144,right_iris-145,right_iris-153,right_iris-154,right_iris-155,right_iris-173,right_iris-157,right_iris-158,right_iris-159,right_iris-160,right_iris-161,right_iris-246
29.068883707497267,21.37755832643195,17.72004514666935,14.317821063276352,9.899494936611664,7.280109889280518,12.529964086141668,20.396078054371134,26.1725046566048,26.0,19.235384061671343,11.180339887498947,5.0990195135927845,8.94427190999916,14.0356688476182,18.110770276274835
