right_iris-133,right_iris-33,right_iris-7,right_iris-163,right_iris-144,right_iris-145,right_iris-153,right_iris-154,right_iris-155,right_iris-173,right_iris-157,right_iris-158,right_iris-159,right_iris-160,right_iris-161,right_iris-246
34.23448553724738,27.29468812791236,24.041630560342615,19.697715603592208,14.866068747318506,11.04536101718726,14.212670403551895,23.08679276123039,30.4138126514911,30.0,21.587033144922906,12.806248474865695,8.246211251235321,14.317821063276352,20.09975124224178,24.020824298928627
