right_iris-133,right_iris-33,right_iris-7,right_iris-163,right_iris-144,right_iris-145,right_iris-153,right_iris-154,right_iris-155,right_iris-173,right_iris-157,right_iris-158,right_iris-159,right_iris-160,right_iris-161,right_iris-246
28.442925306655784,23.194827009486403,19.6468827043885,16.55294535724685,12.727922061357855,9.055385138137416,12.806248474865695,20.248456731316587,25.70992026436488,25.079872407968907,18.24828759089466,10.0,6.082762530298219,11.704699910719626,17.029386365926403,21.02379604162864
