right_iris-133,right_iris-33,right_iris-7,right_iris-163,right_iris-144,right_iris-145,right_iris-153,right_iris-154,right_iris-155,right_iris-173,right_iris-157,right_iris-158,right_iris-159,right_iris-160,right_iris-161,right_iris-246
28.442925306655784,22.09072203437452,18.973665961010276,16.1245154965971,12.206555615733702,10.198039027185567,14.212670403551895,21.18962010041709,26.68332812825267,25.019992006393608,18.439088914585778,11.31370849898476,8.06225774829855,12.529964086141668,16.278820596099706,20.0
