right_iris-133,right_iris-33,right_iris-7,right_iris-163,right_iris-144,right_iris-145,right_iris-153,right_iris-154,right_iris-155,right_iris-173,right_iris-157,right_iris-158,right_iris-159,right_iris-160,right_iris-161,right_iris-246
25.019992006393608,17.26267650163207,15.231546211727816,12.206555615733702,9.433981132056603,8.246211251235321,11.6619037896906,17.46424919657298,22.09072203437452,22.09072203437452,16.492422502470642,9.433981132056603,5.0990195135927845,7.615773105863909,12.041594578792296,15.033296378372908
