right_iris-133,right_iris-33,right_iris-7,right_iris-163,right_iris-144,right_iris-145,right_iris-153,right_iris-154,right_iris-155,right_iris-173,right_iris-157,right_iris-158,right_iris-159,right_iris-160,right_iris-161,right_iris-246
29.120439557122072,32.01562118716424,27.29468812791236,22.80350850198276,17.0,9.848857801796104,12.206555615733702,19.235384061671343,25.632011235952593,25.495097567963924,18.027756377319943,8.602325267042627,7.211102550927978,17.08800749063506,24.186773244895647,29.017236257093817
