right_iris-133,right_iris-33,right_iris-7,right_iris-163,right_iris-144,right_iris-145,right_iris-153,right_iris-154,right_iris-155,right_iris-173,right_iris-157,right_iris-158,right_iris-159,right_iris-160,right_iris-161,right_iris-246
33.24154027718932,30.066592756745816,26.476404589747453,23.08679276123039,17.0,10.770329614269007,12.041594578792296,21.18962010041709,28.635642126552707,29.0,20.8806130178211,12.806248474865695,11.704699910719626,17.88854381999832,23.345235059857504,27.018512172212592
