right_iris-133,right_iris-33,right_iris-7,right_iris-163,right_iris-144,right_iris-145,right_iris-153,right_iris-154,right_iris-155,right_iris-173,right_iris-157,right_iris-158,right_iris-159,right_iris-160,right_iris-161,right_iris-246
30.4138126514911,23.021728866442675,19.235384061671343,15.811388300841896,10.63014581273465,8.06225774829855,13.601470508735444,21.18962010041709,26.68332812825267,26.1725046566048,19.026297590440446,9.848857801796104,5.0,10.770329614269007,16.278820596099706,20.024984394500787
