right_iris-133,right_iris-33,right_iris-7,right_iris-163,right_iris-144,right_iris-145,right_iris-153,right_iris-154,right_iris-155,right_iris-173,right_iris-157,right_iris-158,right_iris-159,right_iris-160,right_iris-161,right_iris-246
23.0,21.095023109728988,18.439088914585778,16.15549442140351,12.206555615733702,7.0710678118654755,8.602325267042627,15.297058540778355,20.024984394500787,20.09975124224178,14.560219778561036,7.0710678118654755,5.0,11.180339887498947,16.0,19.026297590440446
