right_iris-133,right_iris-33,right_iris-7,right_iris-163,right_iris-144,right_iris-145,right_iris-153,right_iris-154,right_iris-155,right_iris-173,right_iris-157,right_iris-158,right_iris-159,right_iris-160,right_iris-161,right_iris-246
19.6468827043885,19.026297590440446,16.1245154965971,13.341664064126334,9.848857801796104,6.324555320336759,7.810249675906654,13.0,17.72004514666935,17.11724276862369,12.041594578792296,5.830951894845301,4.47213595499958,9.486832980505138,14.142135623730953,17.0
