right_iris-133,right_iris-33,right_iris-7,right_iris-163,right_iris-144,right_iris-145,right_iris-153,right_iris-154,right_iris-155,right_iris-173,right_iris-157,right_iris-158,right_iris-159,right_iris-160,right_iris-161,right_iris-246
29.068883707497267,24.08318915758459,21.37755832643195,17.72004514666935,12.529964086141668,7.0710678118654755,10.816653826391969,19.4164878389476,26.1725046566048,26.019223662515376,19.235384061671343,10.295630140987,5.0990195135927845,11.40175425099138,17.029386365926403,21.02379604162864
