right_iris-133,right_iris-33,right_iris-7,right_iris-163,right_iris-144,right_iris-145,right_iris-153,right_iris-154,right_iris-155,right_iris-173,right_iris-157,right_iris-158,right_iris-159,right_iris-160,right_iris-161,right_iris-246
23.08679276123039,19.4164878389476,17.08800749063506,13.892443989449804,9.899494936611664,7.0710678118654755,10.0,16.492422502470642,21.213203435596427,21.0,15.297058540778355,8.06225774829855,4.123105625617661,9.219544457292889,14.0,17.11724276862369
