right_iris-133,right_iris-33,right_iris-7,right_iris-163,right_iris-144,right_iris-145,right_iris-153,right_iris-154,right_iris-155,right_iris-173,right_iris-157,right_iris-158,right_iris-159,right_iris-160,right_iris-161,right_iris-246
33.24154027718932,24.08318915758459,19.026297590440446,15.297058540778355,9.433981132056603,7.280109889280518,14.7648230602334,23.769728648009423,29.42787793912432,30.066592756745816,23.021728866442675,12.36931687685298,5.0,9.433981132056603,15.524174696260024,20.223748416156685
