right_iris-133,right_iris-33,right_iris-7,right_iris-163,right_iris-144,right_iris-145,right_iris-153,right_iris-154,right_iris-155,right_iris-173,right_iris-157,right_iris-158,right_iris-159,right_iris-160,right_iris-161,right_iris-246
28.861739379323623,26.0,22.09072203437452,17.26267650163207,11.704699910719626,6.082762530298219,10.816653826391969,20.248456731316587,25.96150997149434,25.317977802344327,18.0,8.54400374531753,4.123105625617661,11.704699910719626,18.24828759089466,23.021728866442675
