right_iris-133,right_iris-33,right_iris-7,right_iris-163,right_iris-144,right_iris-145,right_iris-153,right_iris-154,right_iris-155,right_iris-173,right_iris-157,right_iris-158,right_iris-159,right_iris-160,right_iris-161,right_iris-246
26.0,24.08318915758459,20.223748416156685,16.492422502470642,11.180339887498947,5.0990195135927845,8.94427190999916,17.11724276862369,23.021728866442675,23.08679276123039,16.492422502470642,8.602325267042627,6.324555320336759,11.704699910719626,17.11724276862369,21.0
