right_iris-133,right_iris-33,right_iris-7,right_iris-163,right_iris-144,right_iris-145,right_iris-153,right_iris-154,right_iris-155,right_iris-173,right_iris-157,right_iris-158,right_iris-159,right_iris-160,right_iris-161,right_iris-246
31.575306807693888,21.213203435596427,18.027756377319943,14.422205101855956,11.180339887498947,11.704699910719626,16.401219466856727,23.40939982143925,28.861739379323623,28.16025568065745,21.095023109728988,12.083045973594572,6.324555320336759,8.94427190999916,14.142135623730953,18.027756377319943
