right_iris-133,right_iris-33,right_iris-7,right_iris-163,right_iris-144,right_iris-145,right_iris-153,right_iris-154,right_iris-155,right_iris-173,right_iris-157,right_iris-158,right_iris-159,right_iris-160,right_iris-161,right_iris-246
31.064449134018133,24.0,20.223748416156685,16.76305461424021,11.40175425099138,8.06225774829855,13.892443989449804,22.360679774997894,28.16025568065745,28.0,21.213203435596427,10.44030650891055,3.1622776601683795,11.180339887498947,18.027756377319943,22.02271554554524
