right_iris-133,right_iris-33,right_iris-7,right_iris-163,right_iris-144,right_iris-145,right_iris-153,right_iris-154,right_iris-155,right_iris-173,right_iris-157,right_iris-158,right_iris-159,right_iris-160,right_iris-161,right_iris-246
27.459060435491963,18.027756377319943,14.142135623730953,10.44030650891055,6.4031242374328485,7.211102550927978,12.529964086141668,19.924858845171276,24.515301344262525,24.186773244895647,18.0,10.198039027185567,4.242640687119285,6.708203932499369,11.180339887498947,15.033296378372908
