right_iris-133,right_iris-33,right_iris-7,right_iris-163,right_iris-144,right_iris-145,right_iris-153,right_iris-154,right_iris-155,right_iris-173,right_iris-157,right_iris-158,right_iris-159,right_iris-160,right_iris-161,right_iris-246
25.079872407968907,27.459060435491963,22.561028345356956,17.72004514666935,11.180339887498947,4.0,9.219544457292889,17.029386365926403,22.09072203437452,21.213203435596427,15.132745950421556,6.0,3.605551275463989,13.601470508735444,19.4164878389476,24.515301344262525
