right_iris-133,right_iris-33,right_iris-7,right_iris-163,right_iris-144,right_iris-145,right_iris-153,right_iris-154,right_iris-155,right_iris-173,right_iris-157,right_iris-158,right_iris-159,right_iris-160,right_iris-161,right_iris-246
28.284271247461906,18.110770276274835,14.866068747318506,12.806248474865695,11.180339887498947,10.770329614269007,15.0,20.8806130178211,26.476404589747453,25.019992006393608,19.4164878389476,12.206555615733702,7.0710678118654755,8.602325267042627,13.152946437965904,16.0
