right_iris-133,right_iris-33,right_iris-7,right_iris-163,right_iris-144,right_iris-145,right_iris-153,right_iris-154,right_iris-155,right_iris-173,right_iris-157,right_iris-158,right_iris-159,right_iris-160,right_iris-161,right_iris-246
24.08318915758459,25.317977802344327,20.615528128088304,15.811388300841896,9.433981132056603,4.47213595499958,10.198039027185567,17.029386365926403,22.02271554554524,21.095023109728988,14.142135623730953,6.0,2.23606797749979,11.180339887498947,17.26267650163207,22.360679774997894
