right_iris-133,right_iris-33,right_iris-7,right_iris-163,right_iris-144,right_iris-145,right_iris-153,right_iris-154,right_iris-155,right_iris-173,right_iris-157,right_iris-158,right_iris-159,right_iris-160,right_iris-161,right_iris-246
29.42787793912432,27.073972741361768,23.021728866442675,19.235384061671343,13.41640786499874,8.246211251235321,12.041594578792296,19.924858845171276,26.68332812825267,26.076809620810597,18.110770276274835,8.602325267042627,6.708203932499369,15.231546211727816,20.396078054371134,24.186773244895647
