right_iris-133,right_iris-33,right_iris-7,right_iris-163,right_iris-144,right_iris-145,right_iris-153,right_iris-154,right_iris-155,right_iris-173,right_iris-157,right_iris-158,right_iris-159,right_iris-160,right_iris-161,right_iris-246
26.076809620810597,21.095023109728988,17.72004514666935,14.317821063276352,10.63014581273465,8.246211251235321,11.6619037896906,19.4164878389476,24.186773244895647,23.0,16.492422502470642,8.48528137423857,5.385164807134504,11.704699910719626,16.0312195418814,19.026297590440446
