right_iris-133,right_iris-33,right_iris-7,right_iris-163,right_iris-144,right_iris-145,right_iris-153,right_iris-154,right_iris-155,right_iris-173,right_iris-157,right_iris-158,right_iris-159,right_iris-160,right_iris-161,right_iris-246
43.965895873961216,27.073972741361768,21.095023109728988,15.231546211727816,10.295630140987,13.601470508735444,23.323807579381203,33.24154027718932,40.162171256046406,40.024992192379,31.064449134018133,19.235384061671343,9.433981132056603,7.810249675906654,15.811388300841896,22.20360331117452
