right_iris-133,right_iris-33,right_iris-7,right_iris-163,right_iris-144,right_iris-145,right_iris-153,right_iris-154,right_iris-155,right_iris-173,right_iris-157,right_iris-158,right_iris-159,right_iris-160,right_iris-161,right_iris-246
31.575306807693888,25.019992006393608,21.02379604162864,17.26267650163207,12.529964086141668,8.0,12.806248474865695,22.135943621178654,27.65863337187866,28.16025568065745,20.024984394500787,10.44030650891055,4.0,10.770329614269007,17.26267650163207,22.09072203437452
