right_iris-133,right_iris-33,right_iris-7,right_iris-163,right_iris-144,right_iris-145,right_iris-153,right_iris-154,right_iris-155,right_iris-173,right_iris-157,right_iris-158,right_iris-159,right_iris-160,right_iris-161,right_iris-246
21.587033144922906,29.42787793912432,26.68332812825267,22.80350850198276,16.15549442140351,6.4031242374328485,4.123105625617661,13.152946437965904,18.68154169226941,18.68154169226941,13.152946437965904,5.385164807134504,7.0710678118654755,15.231546211727816,21.840329667841555,26.68332812825267
