right_iris-133,right_iris-33,right_iris-7,right_iris-163,right_iris-144,right_iris-145,right_iris-153,right_iris-154,right_iris-155,right_iris-173,right_iris-157,right_iris-158,right_iris-159,right_iris-160,right_iris-161,right_iris-246
27.0,25.70992026436488,22.135943621178654,18.788294228055936,13.601470508735444,8.06225774829855,10.0,17.46424919657298,24.08318915758459,24.08318915758459,16.76305461424021,8.48528137423857,6.708203932499369,12.36931687685298,18.027756377319943,22.20360331117452
