right_iris-133,right_iris-33,right_iris-7,right_iris-163,right_iris-144,right_iris-145,right_iris-153,right_iris-154,right_iris-155,right_iris-173,right_iris-157,right_iris-158,right_iris-159,right_iris-160,right_iris-161,right_iris-246
27.29468812791236,24.020824298928627,20.396078054371134,17.08800749063506,12.806248474865695,9.055385138137416,12.041594578792296,18.973665961010276,24.515301344262525,24.0,16.492422502470642,10.63014581273465,8.54400374531753,14.317821063276352,18.24828759089466,21.02379604162864
