right_iris-133,right_iris-33,right_iris-7,right_iris-163,right_iris-144,right_iris-145,right_iris-153,right_iris-154,right_iris-155,right_iris-173,right_iris-157,right_iris-158,right_iris-159,right_iris-160,right_iris-161,right_iris-246
34.23448553724738,23.08679276123039,19.026297590440446,15.297058540778355,9.433981132056603,7.615773105863909,14.7648230602334,23.769728648009423,30.4138126514911,30.066592756745816,23.021728866442675,13.601470508735444,5.830951894845301,9.433981132056603,15.524174696260024,20.223748416156685
