right_iris-133,right_iris-33,right_iris-7,right_iris-163,right_iris-144,right_iris-145,right_iris-153,right_iris-154,right_iris-155,right_iris-173,right_iris-157,right_iris-158,right_iris-159,right_iris-160,right_iris-161,right_iris-246
29.832867780352597,38.2099463490856,33.95585369269929,28.792360097775937,21.95449840010015,13.41640786499874,12.529964086141668,19.235384061671343,26.248809496813376,25.079872407968907,16.76305461424021,10.770329614269007,13.45362404707371,23.08679276123039,30.14962686336267,34.0147027033899
