right_iris-133,right_iris-33,right_iris-7,right_iris-163,right_iris-144,right_iris-145,right_iris-153,right_iris-154,right_iris-155,right_iris-173,right_iris-157,right_iris-158,right_iris-159,right_iris-160,right_iris-161,right_iris-246
29.017236257093817,25.495097567963924,22.135943621178654,18.788294228055936,14.212670403551895,9.055385138137416,11.40175425099138,19.6468827043885,25.179356624028344,25.079872407968907,18.68154169226941,9.899494936611664,7.615773105863909,12.649110640673518,18.027756377319943,22.09072203437452
