right_iris-133,right_iris-33,right_iris-7,right_iris-163,right_iris-144,right_iris-145,right_iris-153,right_iris-154,right_iris-155,right_iris-173,right_iris-157,right_iris-158,right_iris-159,right_iris-160,right_iris-161,right_iris-246
33.015148038438355,24.08318915758459,20.248456731316587,16.64331697709324,13.038404810405298,10.770329614269007,16.1245154965971,24.331050121192877,30.066592756745816,29.154759474226505,21.18962010041709,13.45362404707371,10.198039027185567,13.892443989449804,18.24828759089466,21.0
