right_iris-133,right_iris-33,right_iris-7,right_iris-163,right_iris-144,right_iris-145,right_iris-153,right_iris-154,right_iris-155,right_iris-173,right_iris-157,right_iris-158,right_iris-159,right_iris-160,right_iris-161,right_iris-246
33.015148038438355,21.587033144922906,19.235384061671343,16.401219466856727,12.529964086141668,11.40175425099138,15.811388300841896,23.769728648009423,30.14962686336267,29.068883707497267,22.561028345356956,13.038404810405298,7.0710678118654755,10.295630140987,15.033296378372908,18.110770276274835
