right_iris-133,right_iris-33,right_iris-7,right_iris-163,right_iris-144,right_iris-145,right_iris-153,right_iris-154,right_iris-155,right_iris-173,right_iris-157,right_iris-158,right_iris-159,right_iris-160,right_iris-161,right_iris-246
28.442925306655784,23.021728866442675,19.4164878389476,16.15549442140351,12.041594578792296,9.0,12.806248474865695,20.248456731316587,25.70992026436488,25.079872407968907,17.26267650163207,10.0,7.280109889280518,12.083045973594572,17.26267650163207,20.024984394500787
