right_iris-133,right_iris-33,right_iris-7,right_iris-163,right_iris-144,right_iris-145,right_iris-153,right_iris-154,right_iris-155,right_iris-173,right_iris-157,right_iris-158,right_iris-159,right_iris-160,right_iris-161,right_iris-246
33.95585369269929,37.05401462729781,32.2490309931942,28.16025568065745,22.47220505424423,15.231546211727816,15.264337522473747,23.259406699226016,30.364452901377952,29.154759474226505,19.4164878389476,8.94427190999916,13.45362404707371,24.041630560342615,30.4138126514911,34.132096331752024
