right_iris-133,right_iris-33,right_iris-7,right_iris-163,right_iris-144,right_iris-145,right_iris-153,right_iris-154,right_iris-155,right_iris-173,right_iris-157,right_iris-158,right_iris-159,right_iris-160,right_iris-161,right_iris-246
38.3275357934736,31.016124838541646,26.1725046566048,19.4164878389476,12.083045973594572,6.324555320336759,15.231546211727816,26.68332812825267,34.52535300326414,34.058772731852805,25.079872407968907,12.649110640673518,6.0,13.601470508735444,21.095023109728988,27.0
