right_iris-133,right_iris-33,right_iris-7,right_iris-163,right_iris-144,right_iris-145,right_iris-153,right_iris-154,right_iris-155,right_iris-173,right_iris-157,right_iris-158,right_iris-159,right_iris-160,right_iris-161,right_iris-246
33.24154027718932,25.079872407968907,20.223748416156685,16.55294535724685,12.206555615733702,11.704699910719626,17.4928556845359,24.73863375370596,30.4138126514911,29.017236257093817,20.615528128088304,12.041594578792296,9.486832980505138,16.1245154965971,20.615528128088304,23.194827009486403
