right_iris-133,right_iris-33,right_iris-7,right_iris-163,right_iris-144,right_iris-145,right_iris-153,right_iris-154,right_iris-155,right_iris-173,right_iris-157,right_iris-158,right_iris-159,right_iris-160,right_iris-161,right_iris-246
37.21558813185679,26.1725046566048,22.135943621178654,18.35755975068582,15.0,12.36931687685298,17.804493814764857,26.248809496813376,33.54101966249684,33.0,25.317977802344327,14.7648230602334,7.0710678118654755,12.083045973594572,18.110770276274835,23.021728866442675
