right_iris-133,right_iris-33,right_iris-7,right_iris-163,right_iris-144,right_iris-145,right_iris-153,right_iris-154,right_iris-155,right_iris-173,right_iris-157,right_iris-158,right_iris-159,right_iris-160,right_iris-161,right_iris-246
30.265491900843113,29.068883707497267,25.495097567963924,21.18962010041709,15.264337522473747,9.219544457292889,12.727922061357855,19.924858845171276,26.476404589747453,26.019223662515376,18.439088914585778,9.219544457292889,7.211102550927978,15.811388300841896,22.09072203437452,26.0
