right_iris-133,right_iris-33,right_iris-7,right_iris-163,right_iris-144,right_iris-145,right_iris-153,right_iris-154,right_iris-155,right_iris-173,right_iris-157,right_iris-158,right_iris-159,right_iris-160,right_iris-161,right_iris-246
31.400636936215164,31.25699921617557,26.92582403567252,23.769728648009423,17.204650534085253,11.40175425099138,12.806248474865695,20.615528128088304,27.65863337187866,27.018512172212592,19.6468827043885,11.40175425099138,11.180339887498947,17.46424919657298,24.186773244895647,28.0178514522438
