right_iris-133,right_iris-33,right_iris-7,right_iris-163,right_iris-144,right_iris-145,right_iris-153,right_iris-154,right_iris-155,right_iris-173,right_iris-157,right_iris-158,right_iris-159,right_iris-160,right_iris-161,right_iris-246
21.213203435596427,21.02379604162864,18.027756377319943,14.142135623730953,9.486832980505138,4.47213595499958,7.211102550927978,13.601470508735444,18.24828759089466,19.026297590440446,13.038404810405298,6.708203932499369,4.123105625617661,9.848857801796104,15.297058540778355,18.110770276274835
