right_iris-133,right_iris-33,right_iris-7,right_iris-163,right_iris-144,right_iris-145,right_iris-153,right_iris-154,right_iris-155,right_iris-173,right_iris-157,right_iris-158,right_iris-159,right_iris-160,right_iris-161,right_iris-246
29.42787793912432,26.076809620810597,22.360679774997894,17.72004514666935,12.529964086141668,7.0710678118654755,11.40175425099138,19.924858845171276,25.70992026436488,25.079872407968907,18.110770276274835,9.433981132056603,6.324555320336759,13.601470508735444,19.1049731745428,23.0
