right_iris-133,right_iris-33,right_iris-7,right_iris-163,right_iris-144,right_iris-145,right_iris-153,right_iris-154,right_iris-155,right_iris-173,right_iris-157,right_iris-158,right_iris-159,right_iris-160,right_iris-161,right_iris-246
38.60051813123757,31.016124838541646,25.317977802344327,20.248456731316587,14.866068747318506,12.16552506059644,18.439088914585778,27.730849247724095,34.17601498127012,34.52535300326414,26.019223662515376,15.652475842498529,9.486832980505138,14.212670403551895,20.8806130178211,26.30589287593181
