right_iris-133,right_iris-33,right_iris-7,right_iris-163,right_iris-144,right_iris-145,right_iris-153,right_iris-154,right_iris-155,right_iris-173,right_iris-157,right_iris-158,right_iris-159,right_iris-160,right_iris-161,right_iris-246
23.194827009486403,17.029386365926403,14.317821063276352,11.180339887498947,8.48528137423857,7.280109889280518,10.816653826391969,15.811388300841896,20.396078054371134,20.024984394500787,15.132745950421556,8.94427190999916,5.0990195135927845,7.211102550927978,11.180339887498947,14.0356688476182
