right_iris-133,right_iris-33,right_iris-7,right_iris-163,right_iris-144,right_iris-145,right_iris-153,right_iris-154,right_iris-155,right_iris-173,right_iris-157,right_iris-158,right_iris-159,right_iris-160,right_iris-161,right_iris-246
35.510561809129406,33.015148038438355,28.442925306655784,23.769728648009423,17.69180601295413,13.0,16.278820596099706,25.298221281347036,32.7566787083184,31.064449134018133,20.396078054371134,10.63014581273465,10.63014581273465,19.924858845171276,26.30589287593181,30.066592756745816
