right_iris-133,right_iris-33,right_iris-7,right_iris-163,right_iris-144,right_iris-145,right_iris-153,right_iris-154,right_iris-155,right_iris-173,right_iris-157,right_iris-158,right_iris-159,right_iris-160,right_iris-161,right_iris-246
23.08679276123039,23.194827009486403,20.024984394500787,17.0,12.16552506059644,5.0,6.4031242374328485,14.560219778561036,20.223748416156685,21.0,15.132745950421556,7.211102550927978,6.082762530298219,11.6619037896906,16.76305461424021,20.396078054371134
