right_iris-133,right_iris-33,right_iris-7,right_iris-163,right_iris-144,right_iris-145,right_iris-153,right_iris-154,right_iris-155,right_iris-173,right_iris-157,right_iris-158,right_iris-159,right_iris-160,right_iris-161,right_iris-246
25.317977802344327,30.01666203960727,25.079872407968907,20.09975124224178,13.152946437965904,2.8284271247461903,7.0,16.1245154965971,22.20360331117452,22.360679774997894,16.278820596099706,7.0,3.1622776601683795,13.152946437965904,20.09975124224178,25.019992006393608
