right_iris-133,right_iris-33,right_iris-7,right_iris-163,right_iris-144,right_iris-145,right_iris-153,right_iris-154,right_iris-155,right_iris-173,right_iris-157,right_iris-158,right_iris-159,right_iris-160,right_iris-161,right_iris-246
37.94733192202055,37.013511046643494,32.7566787083184,28.231188426986208,22.67156809750927,17.26267650163207,18.867962264113206,26.92582403567252,34.539832078341085,31.575306807693888,22.360679774997894,13.601470508735444,13.41640786499874,22.360679774997894,29.42787793912432,34.058772731852805
