right_iris-133,right_iris-33,right_iris-7,right_iris-163,right_iris-144,right_iris-145,right_iris-153,right_iris-154,right_iris-155,right_iris-173,right_iris-157,right_iris-158,right_iris-159,right_iris-160,right_iris-161,right_iris-246
28.284271247461906,30.01666203960727,25.317977802344327,21.840329667841555,16.1245154965971,9.848857801796104,10.63014581273465,18.027756377319943,24.515301344262525,24.020824298928627,16.278820596099706,7.0710678118654755,7.810249675906654,16.278820596099706,23.08679276123039,27.0
