right_iris-133,right_iris-33,right_iris-7,right_iris-163,right_iris-144,right_iris-145,right_iris-153,right_iris-154,right_iris-155,right_iris-173,right_iris-157,right_iris-158,right_iris-159,right_iris-160,right_iris-161,right_iris-246
22.561028345356956,19.1049731745428,15.524174696260024,13.41640786499874,9.899494936611664,8.06225774829855,10.63014581273465,16.15549442140351,20.615528128088304,20.09975124224178,14.142135623730953,8.06225774829855,5.0990195135927845,9.848857801796104,14.0356688476182,17.029386365926403
