right_iris-133,right_iris-33,right_iris-7,right_iris-163,right_iris-144,right_iris-145,right_iris-153,right_iris-154,right_iris-155,right_iris-173,right_iris-157,right_iris-158,right_iris-159,right_iris-160,right_iris-161,right_iris-246
23.021728866442675,20.223748416156685,16.76305461424021,13.41640786499874,9.219544457292889,6.082762530298219,10.295630140987,16.278820596099706,21.095023109728988,20.0,15.132745950421556,7.615773105863909,3.1622776601683795,9.055385138137416,14.0356688476182,17.11724276862369
