right_iris-133,right_iris-33,right_iris-7,right_iris-163,right_iris-144,right_iris-145,right_iris-153,right_iris-154,right_iris-155,right_iris-173,right_iris-157,right_iris-158,right_iris-159,right_iris-160,right_iris-161,right_iris-246
28.284271247461906,21.213203435596427,17.72004514666935,14.7648230602334,10.63014581273465,8.246211251235321,13.601470508735444,19.924858845171276,25.495097567963924,25.019992006393608,18.110770276274835,9.848857801796104,4.0,9.486832980505138,15.0,18.027756377319943
