right_iris-133,right_iris-33,right_iris-7,right_iris-163,right_iris-144,right_iris-145,right_iris-153,right_iris-154,right_iris-155,right_iris-173,right_iris-157,right_iris-158,right_iris-159,right_iris-160,right_iris-161,right_iris-246
22.20360331117452,21.095023109728988,17.46424919657298,14.866068747318506,10.0,6.082762530298219,9.219544457292889,14.560219778561036,19.235384061671343,19.0,13.341664064126334,7.810249675906654,6.708203932499369,11.704699910719626,16.0312195418814,19.0
