right_iris-133,right_iris-33,right_iris-7,right_iris-163,right_iris-144,right_iris-145,right_iris-153,right_iris-154,right_iris-155,right_iris-173,right_iris-157,right_iris-158,right_iris-159,right_iris-160,right_iris-161,right_iris-246
26.30589287593181,31.25699921617557,26.68332812825267,23.08679276123039,17.0,9.848857801796104,10.0,17.46424919657298,23.769728648009423,23.021728866442675,17.11724276862369,8.602325267042627,7.211102550927978,15.524174696260024,23.021728866442675,27.073972741361768
