right_iris-133,right_iris-33,right_iris-7,right_iris-163,right_iris-144,right_iris-145,right_iris-153,right_iris-154,right_iris-155,right_iris-173,right_iris-157,right_iris-158,right_iris-159,right_iris-160,right_iris-161,right_iris-246
34.52535300326414,27.018512172212592,23.345235059857504,19.313207915827967,14.142135623730953,12.041594578792296,16.278820596099706,24.35159132377184,30.80584360149873,30.066592756745816,21.37755832643195,12.041594578792296,9.219544457292889,14.7648230602334,20.396078054371134,24.08318915758459
