right_iris-133,right_iris-33,right_iris-7,right_iris-163,right_iris-144,right_iris-145,right_iris-153,right_iris-154,right_iris-155,right_iris-173,right_iris-157,right_iris-158,right_iris-159,right_iris-160,right_iris-161,right_iris-246
27.16615541441225,26.30589287593181,21.840329667841555,18.384776310850235,12.206555615733702,7.0,10.816653826391969,19.4164878389476,24.186773244895647,23.0,16.76305461424021,8.602325267042627,7.810249675906654,15.297058540778355,20.0,24.08318915758459
