right_iris-133,right_iris-33,right_iris-7,right_iris-163,right_iris-144,right_iris-145,right_iris-153,right_iris-154,right_iris-155,right_iris-173,right_iris-157,right_iris-158,right_iris-159,right_iris-160,right_iris-161,right_iris-246
23.021728866442675,20.09975124224178,18.24828759089466,14.317821063276352,9.848857801796104,4.123105625617661,7.615773105863909,15.033296378372908,20.024984394500787,21.095023109728988,15.297058540778355,7.280109889280518,1.4142135623730951,9.055385138137416,14.0,18.027756377319943
