right_iris-133,right_iris-33,right_iris-7,right_iris-163,right_iris-144,right_iris-145,right_iris-153,right_iris-154,right_iris-155,right_iris-173,right_iris-157,right_iris-158,right_iris-159,right_iris-160,right_iris-161,right_iris-246
30.066592756745816,28.16025568065745,23.021728866442675,18.0,11.180339887498947,4.0,10.770329614269007,20.223748416156685,26.076809620810597,27.0,20.024984394500787,10.04987562112089,2.0,11.180339887498947,18.24828759089466,23.194827009486403
