right_iris-133,right_iris-33,right_iris-7,right_iris-163,right_iris-144,right_iris-145,right_iris-153,right_iris-154,right_iris-155,right_iris-173,right_iris-157,right_iris-158,right_iris-159,right_iris-160,right_iris-161,right_iris-246
22.561028345356956,25.079872407968907,21.02379604162864,17.0,11.04536101718726,4.242640687119285,7.211102550927978,14.560219778561036,19.6468827043885,20.223748416156685,14.0356688476182,6.082762530298219,2.8284271247461903,11.180339887498947,18.110770276274835,22.09072203437452
