right_iris-133,right_iris-33,right_iris-7,right_iris-163,right_iris-144,right_iris-145,right_iris-153,right_iris-154,right_iris-155,right_iris-173,right_iris-157,right_iris-158,right_iris-159,right_iris-160,right_iris-161,right_iris-246
28.442925306655784,24.08318915758459,21.587033144922906,18.027756377319943,13.601470508735444,9.219544457292889,12.041594578792296,19.313207915827967,24.73863375370596,24.08318915758459,17.11724276862369,8.06225774829855,5.385164807134504,12.649110640673518,18.110770276274835,22.0
