right_iris-133,right_iris-33,right_iris-7,right_iris-163,right_iris-144,right_iris-145,right_iris-153,right_iris-154,right_iris-155,right_iris-173,right_iris-157,right_iris-158,right_iris-159,right_iris-160,right_iris-161,right_iris-246
31.016124838541646,23.769728648009423,21.02379604162864,17.804493814764857,13.892443989449804,11.40175425099138,14.7648230602334,22.20360331117452,28.0,26.30589287593181,18.788294228055936,10.816653826391969,9.433981132056603,14.560219778561036,19.0,22.20360331117452
