right_iris-133,right_iris-33,right_iris-7,right_iris-163,right_iris-144,right_iris-145,right_iris-153,right_iris-154,right_iris-155,right_iris-173,right_iris-157,right_iris-158,right_iris-159,right_iris-160,right_iris-161,right_iris-246
35.35533905932738,27.018512172212592,22.80350850198276,19.235384061671343,15.0,12.36931687685298,17.204650534085253,25.96150997149434,32.55764119219941,31.016124838541646,21.37755832643195,12.041594578792296,8.54400374531753,16.15549442140351,21.213203435596427,25.019992006393608
