right_iris-133,right_iris-33,right_iris-7,right_iris-163,right_iris-144,right_iris-145,right_iris-153,right_iris-154,right_iris-155,right_iris-173,right_iris-157,right_iris-158,right_iris-159,right_iris-160,right_iris-161,right_iris-246
27.202941017470888,29.068883707497267,25.317977802344327,20.615528128088304,15.652475842498529,8.94427190999916,10.816653826391969,18.35755975068582,23.769728648009423,22.360679774997894,15.033296378372908,7.0710678118654755,7.810249675906654,16.76305461424021,22.09072203437452,26.0
