right_iris-133,right_iris-33,right_iris-7,right_iris-163,right_iris-144,right_iris-145,right_iris-153,right_iris-154,right_iris-155,right_iris-173,right_iris-157,right_iris-158,right_iris-159,right_iris-160,right_iris-161,right_iris-246
29.410882339705484,34.23448553724738,30.0,25.179356624028344,18.973665961010276,11.40175425099138,11.180339887498947,19.72308292331602,25.632011235952593,25.317977802344327,17.11724276862369,8.48528137423857,10.816653826391969,20.12461179749811,26.92582403567252,30.59411708155671
