right_iris-133,right_iris-33,right_iris-7,right_iris-163,right_iris-144,right_iris-145,right_iris-153,right_iris-154,right_iris-155,right_iris-173,right_iris-157,right_iris-158,right_iris-159,right_iris-160,right_iris-161,right_iris-246
23.194827009486403,26.30589287593181,22.360679774997894,17.72004514666935,12.083045973594572,5.830951894845301,7.810249675906654,14.560219778561036,20.396078054371134,21.02379604162864,15.033296378372908,7.615773105863909,3.605551275463989,12.16552506059644,18.0,22.09072203437452
