right_iris-133,right_iris-33,right_iris-7,right_iris-163,right_iris-144,right_iris-145,right_iris-153,right_iris-154,right_iris-155,right_iris-173,right_iris-157,right_iris-158,right_iris-159,right_iris-160,right_iris-161,right_iris-246
32.7566787083184,35.0,30.4138126514911,25.298221281347036,18.867962264113206,12.649110640673518,13.601470508735444,21.93171219946131,29.120439557122072,27.073972741361768,18.439088914585778,10.295630140987,12.041594578792296,21.18962010041709,28.284271247461906,32.0624390837628
