right_iris-133,right_iris-33,right_iris-7,right_iris-163,right_iris-144,right_iris-145,right_iris-153,right_iris-154,right_iris-155,right_iris-173,right_iris-157,right_iris-158,right_iris-159,right_iris-160,right_iris-161,right_iris-246
39.45883931389772,31.064449134018133,27.65863337187866,23.769728648009423,17.804493814764857,13.152946437965904,16.97056274847714,26.570660511172846,34.92849839314596,34.0147027033899,24.515301344262525,13.45362404707371,10.44030650891055,17.88854381999832,24.331050121192877,28.0
