right_iris-133,right_iris-33,right_iris-7,right_iris-163,right_iris-144,right_iris-145,right_iris-153,right_iris-154,right_iris-155,right_iris-173,right_iris-157,right_iris-158,right_iris-159,right_iris-160,right_iris-161,right_iris-246
22.02271554554524,17.26267650163207,13.92838827718412,11.6619037896906,8.602325267042627,6.324555320336759,10.295630140987,16.278820596099706,20.09975124224178,20.024984394500787,14.560219778561036,8.48528137423857,6.082762530298219,9.848857801796104,13.038404810405298,15.033296378372908
