right_iris-133,right_iris-33,right_iris-7,right_iris-163,right_iris-144,right_iris-145,right_iris-153,right_iris-154,right_iris-155,right_iris-173,right_iris-157,right_iris-158,right_iris-159,right_iris-160,right_iris-161,right_iris-246
38.01315561749642,27.16615541441225,24.041630560342615,21.02379604162864,16.278820596099706,11.0,15.811388300841896,25.495097567963924,33.13608305156178,33.06055050963308,25.0,14.866068747318506,10.198039027185567,15.652475842498529,21.213203435596427,25.0
