right_iris-133,right_iris-33,right_iris-7,right_iris-163,right_iris-144,right_iris-145,right_iris-153,right_iris-154,right_iris-155,right_iris-173,right_iris-157,right_iris-158,right_iris-159,right_iris-160,right_iris-161,right_iris-246
27.29468812791236,42.1070065428546,36.6742416417845,32.28002478313795,25.059928172283335,16.401219466856727,11.40175425099138,17.0,23.53720459187964,22.09072203437452,15.811388300841896,13.0,18.439088914585778,27.202941017470888,34.23448553724738,38.0
