right_iris-133,right_iris-33,right_iris-7,right_iris-163,right_iris-144,right_iris-145,right_iris-153,right_iris-154,right_iris-155,right_iris-173,right_iris-157,right_iris-158,right_iris-159,right_iris-160,right_iris-161,right_iris-246
31.78049716414141,30.14962686336267,25.70992026436488,22.84731931759173,17.804493814764857,12.36931687685298,14.422205101855956,21.470910553583888,28.16025568065745,27.073972741361768,19.4164878389476,10.63014581273465,10.295630140987,17.46424919657298,23.194827009486403,27.0
