right_iris-133,right_iris-33,right_iris-7,right_iris-163,right_iris-144,right_iris-145,right_iris-153,right_iris-154,right_iris-155,right_iris-173,right_iris-157,right_iris-158,right_iris-159,right_iris-160,right_iris-161,right_iris-246
23.021728866442675,21.0,19.1049731745428,16.278820596099706,11.704699910719626,5.0,7.211102550927978,14.142135623730953,20.024984394500787,20.024984394500787,15.132745950421556,6.708203932499369,3.605551275463989,10.198039027185567,15.132745950421556,19.026297590440446
