right_iris-133,right_iris-33,right_iris-7,right_iris-163,right_iris-144,right_iris-145,right_iris-153,right_iris-154,right_iris-155,right_iris-173,right_iris-157,right_iris-158,right_iris-159,right_iris-160,right_iris-161,right_iris-246
29.614185789921695,27.018512172212592,22.360679774997894,17.72004514666935,13.038404810405298,9.055385138137416,13.45362404707371,20.248456731316587,25.96150997149434,26.1725046566048,19.026297590440446,8.94427190999916,5.385164807134504,12.649110640673518,19.1049731745428,24.020824298928627
