right_iris-133,right_iris-33,right_iris-7,right_iris-163,right_iris-144,right_iris-145,right_iris-153,right_iris-154,right_iris-155,right_iris-173,right_iris-157,right_iris-158,right_iris-159,right_iris-160,right_iris-161,right_iris-246
34.23448553724738,24.08318915758459,19.924858845171276,16.55294535724685,12.041594578792296,10.198039027185567,15.264337522473747,23.769728648009423,30.4138126514911,30.01666203960727,22.20360331117452,12.529964086141668,6.082762530298219,10.770329614269007,17.11724276862369,21.0
