right_iris-133,right_iris-33,right_iris-7,right_iris-163,right_iris-144,right_iris-145,right_iris-153,right_iris-154,right_iris-155,right_iris-173,right_iris-157,right_iris-158,right_iris-159,right_iris-160,right_iris-161,right_iris-246
35.6931365951495,27.0,23.345235059857504,18.384776310850235,14.142135623730953,12.16552506059644,17.029386365926403,25.632011235952593,32.01562118716424,31.144823004794873,22.20360331117452,13.038404810405298,8.06225774829855,13.892443989449804,20.396078054371134,24.08318915758459
