right_iris-133,right_iris-33,right_iris-7,right_iris-163,right_iris-144,right_iris-145,right_iris-153,right_iris-154,right_iris-155,right_iris-173,right_iris-157,right_iris-158,right_iris-159,right_iris-160,right_iris-161,right_iris-246
34.132096331752024,31.144823004794873,26.68332812825267,22.47220505424423,16.64331697709324,10.198039027185567,13.45362404707371,21.840329667841555,30.4138126514911,30.0,21.587033144922906,12.041594578792296,8.54400374531753,17.08800749063506,23.08679276123039,27.018512172212592
