right_iris-133,right_iris-33,right_iris-7,right_iris-163,right_iris-144,right_iris-145,right_iris-153,right_iris-154,right_iris-155,right_iris-173,right_iris-157,right_iris-158,right_iris-159,right_iris-160,right_iris-161,right_iris-246
41.77319714841085,29.068883707497267,23.08679276123039,17.46424919657298,10.63014581273465,9.848857801796104,19.235384061671343,30.364452901377952,38.07886552931954,37.33630940518894,28.0,15.524174696260024,7.211102550927978,10.816653826391969,18.439088914585778,24.186773244895647
