right_iris-133,right_iris-33,right_iris-7,right_iris-163,right_iris-144,right_iris-145,right_iris-153,right_iris-154,right_iris-155,right_iris-173,right_iris-157,right_iris-158,right_iris-159,right_iris-160,right_iris-161,right_iris-246
30.364452901377952,23.021728866442675,20.396078054371134,17.46424919657298,13.45362404707371,11.0,15.620499351813308,21.95449840010015,27.85677655436824,26.476404589747453,19.026297590440446,11.6619037896906,9.0,12.806248474865695,17.72004514666935,21.213203435596427
