right_iris-133,right_iris-33,right_iris-7,right_iris-163,right_iris-144,right_iris-145,right_iris-153,right_iris-154,right_iris-155,right_iris-173,right_iris-157,right_iris-158,right_iris-159,right_iris-160,right_iris-161,right_iris-246
33.734255586866,26.0,22.360679774997894,18.788294228055936,14.142135623730953,12.041594578792296,15.620499351813308,24.35159132377184,31.04834939252005,29.154759474226505,21.213203435596427,11.40175425099138,8.54400374531753,15.652475842498529,20.396078054371134,24.08318915758459
