right_iris-133,right_iris-33,right_iris-7,right_iris-163,right_iris-144,right_iris-145,right_iris-153,right_iris-154,right_iris-155,right_iris-173,right_iris-157,right_iris-158,right_iris-159,right_iris-160,right_iris-161,right_iris-246
33.24154027718932,22.0,18.24828759089466,14.317821063276352,9.433981132056603,9.433981132056603,16.55294535724685,24.73863375370596,30.4138126514911,29.068883707497267,22.09072203437452,12.083045973594572,6.0,10.770329614269007,16.1245154965971,20.024984394500787
