right_iris-133,right_iris-33,right_iris-7,right_iris-163,right_iris-144,right_iris-145,right_iris-153,right_iris-154,right_iris-155,right_iris-173,right_iris-157,right_iris-158,right_iris-159,right_iris-160,right_iris-161,right_iris-246
35.90264614203248,29.017236257093817,24.186773244895647,19.924858845171276,14.212670403551895,11.04536101718726,17.029386365926403,25.632011235952593,32.28002478313795,31.25699921617557,22.09072203437452,12.206555615733702,8.246211251235321,15.652475842498529,22.561028345356956,26.1725046566048
