right_iris-133,right_iris-33,right_iris-7,right_iris-163,right_iris-144,right_iris-145,right_iris-153,right_iris-154,right_iris-155,right_iris-173,right_iris-157,right_iris-158,right_iris-159,right_iris-160,right_iris-161,right_iris-246
36.013886210738214,26.68332812825267,23.769728648009423,19.72308292331602,14.866068747318506,10.198039027185567,15.264337522473747,24.331050121192877,31.016124838541646,31.25699921617557,24.35159132377184,14.212670403551895,8.06225774829855,13.0,19.026297590440446,23.194827009486403
