right_iris-133,right_iris-33,right_iris-7,right_iris-163,right_iris-144,right_iris-145,right_iris-153,right_iris-154,right_iris-155,right_iris-173,right_iris-157,right_iris-158,right_iris-159,right_iris-160,right_iris-161,right_iris-246
34.20526275297414,34.0147027033899,29.614185789921695,25.632011235952593,20.0,14.560219778561036,15.264337522473747,23.70653918225939,30.675723300355937,28.284271247461906,19.4164878389476,10.816653826391969,12.206555615733702,21.540659228538015,27.29468812791236,31.016124838541646
