right_iris-133,right_iris-33,right_iris-7,right_iris-163,right_iris-144,right_iris-145,right_iris-153,right_iris-154,right_iris-155,right_iris-173,right_iris-157,right_iris-158,right_iris-159,right_iris-160,right_iris-161,right_iris-246
23.194827009486403,24.331050121192877,21.095023109728988,18.0,12.16552506059644,5.656854249492381,7.0710678118654755,14.560219778561036,20.396078054371134,21.02379604162864,15.132745950421556,7.211102550927978,6.324555320336759,11.6619037896906,18.027756377319943,21.587033144922906
