right_iris-133,right_iris-33,right_iris-7,right_iris-163,right_iris-144,right_iris-145,right_iris-153,right_iris-154,right_iris-155,right_iris-173,right_iris-157,right_iris-158,right_iris-159,right_iris-160,right_iris-161,right_iris-246
28.284271247461906,25.079872407968907,20.615528128088304,16.55294535724685,11.31370849898476,8.246211251235321,13.038404810405298,20.615528128088304,25.317977802344327,24.020824298928627,16.278820596099706,8.48528137423857,7.211102550927978,14.560219778561036,19.026297590440446,23.021728866442675
