right_iris-133,right_iris-33,right_iris-7,right_iris-163,right_iris-144,right_iris-145,right_iris-153,right_iris-154,right_iris-155,right_iris-173,right_iris-157,right_iris-158,right_iris-159,right_iris-160,right_iris-161,right_iris-246
10.816653826391969,46.09772228646444,39.01281840626232,33.015148038438355,25.079872407968907,15.524174696260024,9.219544457292889,6.082762530298219,8.48528137423857,8.54400374531753,3.605551275463989,7.0710678118654755,15.231546211727816,25.70992026436488,34.36568055487916,40.19950248448356
