right_iris-133,right_iris-33,right_iris-7,right_iris-163,right_iris-144,right_iris-145,right_iris-153,right_iris-154,right_iris-155,right_iris-173,right_iris-157,right_iris-158,right_iris-159,right_iris-160,right_iris-161,right_iris-246
26.68332812825267,21.02379604162864,18.24828759089466,14.866068747318506,10.816653826391969,7.0,11.40175425099138,18.384776310850235,24.041630560342615,23.345235059857504,16.0,8.54400374531753,4.123105625617661,10.770329614269007,16.1245154965971,19.0
