right_iris-133,right_iris-33,right_iris-7,right_iris-163,right_iris-144,right_iris-145,right_iris-153,right_iris-154,right_iris-155,right_iris-173,right_iris-157,right_iris-158,right_iris-159,right_iris-160,right_iris-161,right_iris-246
29.274562336608895,24.0,20.223748416156685,16.76305461424021,11.40175425099138,8.0,12.206555615733702,19.924858845171276,25.495097567963924,26.019223662515376,19.1049731745428,10.295630140987,5.0990195135927845,12.083045973594572,17.26267650163207,21.095023109728988
