right_iris-133,right_iris-33,right_iris-7,right_iris-163,right_iris-144,right_iris-145,right_iris-153,right_iris-154,right_iris-155,right_iris-173,right_iris-157,right_iris-158,right_iris-159,right_iris-160,right_iris-161,right_iris-246
22.20360331117452,22.20360331117452,19.6468827043885,17.46424919657298,12.806248474865695,9.219544457292889,10.0,14.866068747318506,19.4164878389476,19.0,13.341664064126334,6.4031242374328485,6.4031242374328485,12.36931687685298,17.0,20.024984394500787
