right_iris-133,right_iris-33,right_iris-7,right_iris-163,right_iris-144,right_iris-145,right_iris-153,right_iris-154,right_iris-155,right_iris-173,right_iris-157,right_iris-158,right_iris-159,right_iris-160,right_iris-161,right_iris-246
24.08318915758459,18.027756377319943,15.297058540778355,12.649110640673518,8.602325267042627,5.0,9.433981132056603,16.492422502470642,21.213203435596427,21.0,15.132745950421556,7.615773105863909,4.0,7.615773105863909,12.041594578792296,15.0
