right_iris-133,right_iris-33,right_iris-7,right_iris-163,right_iris-144,right_iris-145,right_iris-153,right_iris-154,right_iris-155,right_iris-173,right_iris-157,right_iris-158,right_iris-159,right_iris-160,right_iris-161,right_iris-246
32.55764119219941,24.08318915758459,20.615528128088304,16.55294535724685,12.727922061357855,10.04987562112089,15.0,22.47220505424423,28.861739379323623,28.16025568065745,20.09975124224178,11.180339887498947,6.0,11.704699910719626,17.11724276862369,21.0
