right_iris-133,right_iris-33,right_iris-7,right_iris-163,right_iris-144,right_iris-145,right_iris-153,right_iris-154,right_iris-155,right_iris-173,right_iris-157,right_iris-158,right_iris-159,right_iris-160,right_iris-161,right_iris-246
29.274562336608895,38.05259518088089,33.734255586866,29.410882339705484,23.323807579381203,15.264337522473747,13.0,18.35755975068582,25.70992026436488,25.019992006393608,16.55294535724685,11.180339887498947,15.556349186104043,24.35159132377184,31.25699921617557,35.014282800023196
