right_iris-133,right_iris-33,right_iris-7,right_iris-163,right_iris-144,right_iris-145,right_iris-153,right_iris-154,right_iris-155,right_iris-173,right_iris-157,right_iris-158,right_iris-159,right_iris-160,right_iris-161,right_iris-246
29.832867780352597,33.0,28.284271247461906,22.80350850198276,16.64331697709324,11.180339887498947,13.45362404707371,21.02379604162864,27.202941017470888,26.1725046566048,18.439088914585778,10.0,10.295630140987,17.46424919657298,24.331050121192877,29.068883707497267
