right_iris-133,right_iris-33,right_iris-7,right_iris-163,right_iris-144,right_iris-145,right_iris-153,right_iris-154,right_iris-155,right_iris-173,right_iris-157,right_iris-158,right_iris-159,right_iris-160,right_iris-161,right_iris-246
31.575306807693888,25.179356624028344,20.615528128088304,16.55294535724685,11.31370849898476,9.219544457292889,14.422205101855956,23.08679276123039,28.635642126552707,28.0713376952364,20.09975124224178,10.816653826391969,6.082762530298219,12.649110640673518,19.026297590440446,22.02271554554524
