right_iris-133,right_iris-33,right_iris-7,right_iris-163,right_iris-144,right_iris-145,right_iris-153,right_iris-154,right_iris-155,right_iris-173,right_iris-157,right_iris-158,right_iris-159,right_iris-160,right_iris-161,right_iris-246
31.25699921617557,27.073972741361768,23.769728648009423,19.697715603592208,15.620499351813308,11.04536101718726,13.45362404707371,21.18962010041709,28.442925306655784,28.0,20.615528128088304,11.31370849898476,8.54400374531753,14.317821063276352,20.223748416156685,24.0
