right_iris-133,right_iris-33,right_iris-7,right_iris-163,right_iris-144,right_iris-145,right_iris-153,right_iris-154,right_iris-155,right_iris-173,right_iris-157,right_iris-158,right_iris-159,right_iris-160,right_iris-161,right_iris-246
27.459060435491963,27.16615541441225,23.53720459187964,20.248456731316587,15.811388300841896,9.486832980505138,11.40175425099138,18.384776310850235,24.73863375370596,24.08318915758459,16.1245154965971,7.810249675906654,6.4031242374328485,14.560219778561036,21.02379604162864,24.020824298928627
