right_iris-133,right_iris-33,right_iris-7,right_iris-163,right_iris-144,right_iris-145,right_iris-153,right_iris-154,right_iris-155,right_iris-173,right_iris-157,right_iris-158,right_iris-159,right_iris-160,right_iris-161,right_iris-246
27.65863337187866,33.06055050963308,28.442925306655784,25.0,19.235384061671343,12.529964086141668,11.180339887498947,18.35755975068582,24.35159132377184,24.08318915758459,16.492422502470642,8.94427190999916,10.63014581273465,18.973665961010276,25.179356624028344,29.0
