right_iris-133,right_iris-33,right_iris-7,right_iris-163,right_iris-144,right_iris-145,right_iris-153,right_iris-154,right_iris-155,right_iris-173,right_iris-157,right_iris-158,right_iris-159,right_iris-160,right_iris-161,right_iris-246
35.014282800023196,33.24154027718932,29.410882339705484,25.495097567963924,19.849433241279208,14.142135623730953,14.866068747318506,23.08679276123039,31.25699921617557,30.14962686336267,21.93171219946131,13.41640786499874,13.892443989449804,21.18962010041709,27.073972741361768,30.01666203960727
