right_iris-133,right_iris-33,right_iris-7,right_iris-163,right_iris-144,right_iris-145,right_iris-153,right_iris-154,right_iris-155,right_iris-173,right_iris-157,right_iris-158,right_iris-159,right_iris-160,right_iris-161,right_iris-246
29.732137494637012,39.05124837953327,33.734255586866,29.732137494637012,23.021728866442675,15.652475842498529,15.231546211727816,20.808652046684813,27.31300056749533,24.515301344262525,14.560219778561036,9.055385138137416,15.620499351813308,25.298221281347036,31.25699921617557,36.013886210738214
