right_iris-133,right_iris-33,right_iris-7,right_iris-163,right_iris-144,right_iris-145,right_iris-153,right_iris-154,right_iris-155,right_iris-173,right_iris-157,right_iris-158,right_iris-159,right_iris-160,right_iris-161,right_iris-246
34.92849839314596,29.0,24.331050121192877,20.8806130178211,15.0,10.04987562112089,14.866068747318506,23.769728648009423,31.32091952673165,30.265491900843113,21.095023109728988,11.40175425099138,8.246211251235321,15.652475842498529,22.360679774997894,26.076809620810597
