right_iris-133,right_iris-33,right_iris-7,right_iris-163,right_iris-144,right_iris-145,right_iris-153,right_iris-154,right_iris-155,right_iris-173,right_iris-157,right_iris-158,right_iris-159,right_iris-160,right_iris-161,right_iris-246
29.614185789921695,27.073972741361768,22.561028345356956,18.027756377319943,13.601470508735444,10.04987562112089,13.45362404707371,20.615528128088304,26.92582403567252,26.076809620810597,19.1049731745428,9.433981132056603,5.385164807134504,12.649110640673518,19.1049731745428,23.0
