right_iris-133,right_iris-33,right_iris-7,right_iris-163,right_iris-144,right_iris-145,right_iris-153,right_iris-154,right_iris-155,right_iris-173,right_iris-157,right_iris-158,right_iris-159,right_iris-160,right_iris-161,right_iris-246
36.12478373637688,26.019223662515376,21.213203435596427,16.76305461424021,12.041594578792296,9.486832980505138,16.1245154965971,25.70992026436488,33.24154027718932,32.01562118716424,24.186773244895647,13.0,6.0,12.083045973594572,18.24828759089466,23.08679276123039
