right_iris-133,right_iris-33,right_iris-7,right_iris-163,right_iris-144,right_iris-145,right_iris-153,right_iris-154,right_iris-155,right_iris-173,right_iris-157,right_iris-158,right_iris-159,right_iris-160,right_iris-161,right_iris-246
29.154759474226505,28.0713376952364,24.331050121192877,19.6468827043885,14.317821063276352,7.615773105863909,9.899494936611664,18.68154169226941,25.317977802344327,25.019992006393608,18.110770276274835,7.615773105863909,5.0,13.152946437965904,20.024984394500787,24.020824298928627
