right_iris-133,right_iris-33,right_iris-7,right_iris-163,right_iris-144,right_iris-145,right_iris-153,right_iris-154,right_iris-155,right_iris-173,right_iris-157,right_iris-158,right_iris-159,right_iris-160,right_iris-161,right_iris-246
26.476404589747453,23.021728866442675,20.396078054371134,17.08800749063506,12.206555615733702,9.219544457292889,11.31370849898476,17.46424919657298,23.769728648009423,23.08679276123039,16.278820596099706,9.219544457292889,7.280109889280518,12.529964086141668,17.26267650163207,20.024984394500787
