right_iris-133,right_iris-33,right_iris-7,right_iris-163,right_iris-144,right_iris-145,right_iris-153,right_iris-154,right_iris-155,right_iris-173,right_iris-157,right_iris-158,right_iris-159,right_iris-160,right_iris-161,right_iris-246
39.21734310225516,31.064449134018133,26.1725046566048,21.840329667841555,16.401219466856727,12.0,18.384776310850235,28.178005607210743,35.4682957019364,33.95585369269929,24.0,12.529964086141668,8.246211251235321,17.0,23.53720459187964,28.16025568065745
