right_iris-133,right_iris-33,right_iris-7,right_iris-163,right_iris-144,right_iris-145,right_iris-153,right_iris-154,right_iris-155,right_iris-173,right_iris-157,right_iris-158,right_iris-159,right_iris-160,right_iris-161,right_iris-246
32.984845004941285,34.23448553724738,29.0,24.08318915758459,17.72004514666935,9.433981132056603,12.041594578792296,21.93171219946131,29.410882339705484,29.274562336608895,20.09975124224178,9.899494936611664,10.295630140987,20.12461179749811,26.92582403567252,30.4138126514911
