right_iris-133,right_iris-33,right_iris-7,right_iris-163,right_iris-144,right_iris-145,right_iris-153,right_iris-154,right_iris-155,right_iris-173,right_iris-157,right_iris-158,right_iris-159,right_iris-160,right_iris-161,right_iris-246
32.0624390837628,42.2965719651132,36.6742416417845,31.04834939252005,22.47220505424423,12.041594578792296,10.0,18.973665961010276,27.29468812791236,27.073972741361768,17.46424919657298,10.198039027185567,14.866068747318506,25.70992026436488,33.06055050963308,38.05259518088089
