right_iris-133,right_iris-33,right_iris-7,right_iris-163,right_iris-144,right_iris-145,right_iris-153,right_iris-154,right_iris-155,right_iris-173,right_iris-157,right_iris-158,right_iris-159,right_iris-160,right_iris-161,right_iris-246
27.018512172212592,25.079872407968907,20.223748416156685,15.524174696260024,8.94427190999916,3.605551275463989,11.180339887498947,20.0,25.019992006393608,24.08318915758459,18.24828759089466,8.06225774829855,1.0,11.04536101718726,17.11724276862369,22.09072203437452
