right_iris-133,right_iris-33,right_iris-7,right_iris-163,right_iris-144,right_iris-145,right_iris-153,right_iris-154,right_iris-155,right_iris-173,right_iris-157,right_iris-158,right_iris-159,right_iris-160,right_iris-161,right_iris-246
32.2490309931942,28.0713376952364,23.53720459187964,20.248456731316587,14.212670403551895,10.0,14.212670403551895,22.135943621178654,29.42787793912432,29.0,20.396078054371134,10.816653826391969,6.324555320336759,13.92838827718412,20.09975124224178,25.0
