right_iris-133,right_iris-33,right_iris-7,right_iris-163,right_iris-144,right_iris-145,right_iris-153,right_iris-154,right_iris-155,right_iris-173,right_iris-157,right_iris-158,right_iris-159,right_iris-160,right_iris-161,right_iris-246
35.6931365951495,25.0,21.213203435596427,17.08800749063506,12.727922061357855,10.04987562112089,16.401219466856727,25.298221281347036,32.01562118716424,31.144823004794873,23.194827009486403,13.601470508735444,9.0,13.892443989449804,18.439088914585778,22.09072203437452
