right_iris-133,right_iris-33,right_iris-7,right_iris-163,right_iris-144,right_iris-145,right_iris-153,right_iris-154,right_iris-155,right_iris-173,right_iris-157,right_iris-158,right_iris-159,right_iris-160,right_iris-161,right_iris-246
29.154759474226505,19.026297590440446,15.297058540778355,12.083045973594572,7.211102550927978,7.211102550927978,13.92838827718412,21.37755832643195,26.1725046566048,26.0,20.223748416156685,12.083045973594572,6.708203932499369,8.602325267042627,13.152946437965904,16.0312195418814
