right_iris-133,right_iris-33,right_iris-7,right_iris-163,right_iris-144,right_iris-145,right_iris-153,right_iris-154,right_iris-155,right_iris-173,right_iris-157,right_iris-158,right_iris-159,right_iris-160,right_iris-161,right_iris-246
35.4682957019364,32.01562118716424,27.29468812791236,22.47220505424423,17.029386365926403,14.0356688476182,17.804493814764857,25.553864678361276,31.78049716414141,29.832867780352597,21.02379604162864,11.40175425099138,10.44030650891055,18.35755975068582,24.73863375370596,28.284271247461906
