right_iris-133,right_iris-33,right_iris-7,right_iris-163,right_iris-144,right_iris-145,right_iris-153,right_iris-154,right_iris-155,right_iris-173,right_iris-157,right_iris-158,right_iris-159,right_iris-160,right_iris-161,right_iris-246
36.6742416417845,28.0178514522438,24.08318915758459,19.4164878389476,13.892443989449804,9.055385138137416,14.212670403551895,24.35159132377184,32.01562118716424,32.2490309931942,24.020824298928627,13.92838827718412,7.280109889280518,12.206555615733702,19.6468827043885,24.186773244895647
