right_iris-133,right_iris-33,right_iris-7,right_iris-163,right_iris-144,right_iris-145,right_iris-153,right_iris-154,right_iris-155,right_iris-173,right_iris-157,right_iris-158,right_iris-159,right_iris-160,right_iris-161,right_iris-246
26.076809620810597,21.213203435596427,18.027756377319943,15.652475842498529,11.31370849898476,8.0,11.40175425099138,17.72004514666935,23.194827009486403,23.021728866442675,16.492422502470642,8.602325267042627,5.385164807134504,10.44030650891055,16.0312195418814,19.026297590440446
