right_iris-133,right_iris-33,right_iris-7,right_iris-163,right_iris-144,right_iris-145,right_iris-153,right_iris-154,right_iris-155,right_iris-173,right_iris-157,right_iris-158,right_iris-159,right_iris-160,right_iris-161,right_iris-246
30.364452901377952,38.01315561749642,32.55764119219941,26.570660511172846,20.808652046684813,14.560219778561036,15.264337522473747,21.470910553583888,27.51363298439521,25.317977802344327,17.26267650163207,8.06225774829855,11.31370849898476,21.840329667841555,29.154759474226505,34.0147027033899
