right_iris-133,right_iris-33,right_iris-7,right_iris-163,right_iris-144,right_iris-145,right_iris-153,right_iris-154,right_iris-155,right_iris-173,right_iris-157,right_iris-158,right_iris-159,right_iris-160,right_iris-161,right_iris-246
20.024984394500787,18.439088914585778,16.492422502470642,13.601470508735444,9.848857801796104,4.47213595499958,6.708203932499369,13.038404810405298,18.0,18.110770276274835,13.341664064126334,5.830951894845301,3.605551275463989,9.219544457292889,13.0,16.1245154965971
