right_iris-133,right_iris-33,right_iris-7,right_iris-163,right_iris-144,right_iris-145,right_iris-153,right_iris-154,right_iris-155,right_iris-173,right_iris-157,right_iris-158,right_iris-159,right_iris-160,right_iris-161,right_iris-246
33.37663853655727,23.0,19.235384061671343,15.524174696260024,10.816653826391969,8.06225774829855,14.422205101855956,23.08679276123039,29.614185789921695,30.066592756745816,22.09072203437452,12.083045973594572,6.082762530298219,10.295630140987,16.278820596099706,20.024984394500787
