right_iris-133,right_iris-33,right_iris-7,right_iris-163,right_iris-144,right_iris-145,right_iris-153,right_iris-154,right_iris-155,right_iris-173,right_iris-157,right_iris-158,right_iris-159,right_iris-160,right_iris-161,right_iris-246
30.59411708155671,40.049968789001575,34.36568055487916,29.120439557122072,21.470910553583888,13.892443989449804,12.529964086141668,20.12461179749811,26.92582403567252,26.076809620810597,17.46424919657298,8.94427190999916,12.727922061357855,22.80350850198276,31.144823004794873,36.0
