right_iris-133,right_iris-33,right_iris-7,right_iris-163,right_iris-144,right_iris-145,right_iris-153,right_iris-154,right_iris-155,right_iris-173,right_iris-157,right_iris-158,right_iris-159,right_iris-160,right_iris-161,right_iris-246
32.38826948140329,26.076809620810597,21.587033144922906,17.08800749063506,11.40175425099138,8.246211251235321,13.892443989449804,22.80350850198276,29.614185789921695,29.068883707497267,21.02379604162864,11.704699910719626,5.0,11.704699910719626,18.027756377319943,23.021728866442675
