right_iris-133,right_iris-33,right_iris-7,right_iris-163,right_iris-144,right_iris-145,right_iris-153,right_iris-154,right_iris-155,right_iris-173,right_iris-157,right_iris-158,right_iris-159,right_iris-160,right_iris-161,right_iris-246
37.33630940518894,34.0147027033899,29.274562336608895,23.769728648009423,17.4928556845359,10.44030650891055,13.45362404707371,24.041630560342615,32.55764119219941,32.0,22.80350850198276,13.45362404707371,10.770329614269007,18.788294228055936,25.317977802344327,30.066592756745816
