right_iris-133,right_iris-33,right_iris-7,right_iris-163,right_iris-144,right_iris-145,right_iris-153,right_iris-154,right_iris-155,right_iris-173,right_iris-157,right_iris-158,right_iris-159,right_iris-160,right_iris-161,right_iris-246
29.614185789921695,25.179356624028344,22.135943621178654,18.35755975068582,14.866068747318506,11.0,14.142135623730953,20.615528128088304,26.92582403567252,25.079872407968907,17.11724276862369,8.602325267042627,5.656854249492381,13.341664064126334,19.0,22.09072203437452
