right_iris-133,right_iris-33,right_iris-7,right_iris-163,right_iris-144,right_iris-145,right_iris-153,right_iris-154,right_iris-155,right_iris-173,right_iris-157,right_iris-158,right_iris-159,right_iris-160,right_iris-161,right_iris-246
28.442925306655784,23.194827009486403,19.924858845171276,15.652475842498529,11.31370849898476,8.06225774829855,12.206555615733702,19.924858845171276,25.495097567963924,24.08318915758459,17.11724276862369,8.94427190999916,5.385164807134504,12.36931687685298,17.0,20.09975124224178
