right_iris-133,right_iris-33,right_iris-7,right_iris-163,right_iris-144,right_iris-145,right_iris-153,right_iris-154,right_iris-155,right_iris-173,right_iris-157,right_iris-158,right_iris-159,right_iris-160,right_iris-161,right_iris-246
25.019992006393608,20.09975124224178,16.76305461424021,13.41640786499874,9.219544457292889,7.280109889280518,12.083045973594572,18.24828759089466,23.08679276123039,22.02271554554524,16.492422502470642,9.219544457292889,6.324555320336759,11.704699910719626,16.0312195418814,18.027756377319943
