right_iris-133,right_iris-33,right_iris-7,right_iris-163,right_iris-144,right_iris-145,right_iris-153,right_iris-154,right_iris-155,right_iris-173,right_iris-157,right_iris-158,right_iris-159,right_iris-160,right_iris-161,right_iris-246
25.495097567963924,19.026297590440446,15.524174696260024,13.41640786499874,9.899494936611664,8.06225774829855,11.40175425099138,18.027756377319943,22.561028345356956,22.09072203437452,16.1245154965971,8.602325267042627,6.082762530298219,9.848857801796104,14.142135623730953,17.0
