right_iris-133,right_iris-33,right_iris-7,right_iris-163,right_iris-144,right_iris-145,right_iris-153,right_iris-154,right_iris-155,right_iris-173,right_iris-157,right_iris-158,right_iris-159,right_iris-160,right_iris-161,right_iris-246
29.42787793912432,22.360679774997894,19.924858845171276,17.0,12.727922061357855,9.0,12.806248474865695,20.248456731316587,26.68332812825267,26.076809620810597,19.1049731745428,9.848857801796104,4.123105625617661,10.44030650891055,16.0,20.09975124224178
