right_iris-133,right_iris-33,right_iris-7,right_iris-163,right_iris-144,right_iris-145,right_iris-153,right_iris-154,right_iris-155,right_iris-173,right_iris-157,right_iris-158,right_iris-159,right_iris-160,right_iris-161,right_iris-246
31.25699921617557,22.02271554554524,18.439088914585778,14.7648230602334,11.40175425099138,10.44030650891055,15.264337522473747,22.80350850198276,28.442925306655784,27.018512172212592,20.09975124224178,11.180339887498947,5.0,10.770329614269007,16.1245154965971,19.026297590440446
