right_iris-133,right_iris-33,right_iris-7,right_iris-163,right_iris-144,right_iris-145,right_iris-153,right_iris-154,right_iris-155,right_iris-173,right_iris-157,right_iris-158,right_iris-159,right_iris-160,right_iris-161,right_iris-246
33.24154027718932,20.09975124224178,17.72004514666935,13.892443989449804,10.0,8.94427190999916,16.1245154965971,23.769728648009423,30.4138126514911,30.01666203960727,23.194827009486403,14.317821063276352,7.615773105863909,9.219544457292889,14.317821063276352,18.0
