right_iris-133,right_iris-33,right_iris-7,right_iris-163,right_iris-144,right_iris-145,right_iris-153,right_iris-154,right_iris-155,right_iris-173,right_iris-157,right_iris-158,right_iris-159,right_iris-160,right_iris-161,right_iris-246
40.311288741492746,33.0,27.29468812791236,23.08679276123039,16.401219466856727,11.0,16.401219466856727,26.92582403567252,35.510561809129406,35.0,25.70992026436488,14.866068747318506,11.40175425099138,18.35755975068582,24.515301344262525,29.068883707497267
