right_iris-133,right_iris-33,right_iris-7,right_iris-163,right_iris-144,right_iris-145,right_iris-153,right_iris-154,right_iris-155,right_iris-173,right_iris-157,right_iris-158,right_iris-159,right_iris-160,right_iris-161,right_iris-246
26.476404589747453,21.02379604162864,18.110770276274835,14.560219778561036,10.816653826391969,8.0,11.31370849898476,18.384776310850235,23.769728648009423,23.194827009486403,17.11724276862369,9.433981132056603,6.082762530298219,11.6619037896906,15.524174696260024,18.24828759089466
