right_iris-133,right_iris-33,right_iris-7,right_iris-163,right_iris-144,right_iris-145,right_iris-153,right_iris-154,right_iris-155,right_iris-173,right_iris-157,right_iris-158,right_iris-159,right_iris-160,right_iris-161,right_iris-246
24.041630560342615,18.027756377319943,15.033296378372908,12.36931687685298,8.602325267042627,6.0,10.63014581273465,16.55294535724685,21.18962010041709,21.37755832643195,16.0312195418814,9.219544457292889,4.47213595499958,7.211102550927978,12.36931687685298,15.132745950421556
