right_iris-133,right_iris-33,right_iris-7,right_iris-163,right_iris-144,right_iris-145,right_iris-153,right_iris-154,right_iris-155,right_iris-173,right_iris-157,right_iris-158,right_iris-159,right_iris-160,right_iris-161,right_iris-246
37.64306044943742,32.01562118716424,27.459060435491963,22.84731931759173,16.97056274847714,14.0,19.1049731745428,27.29468812791236,34.17601498127012,32.55764119219941,23.194827009486403,14.866068747318506,12.16552506059644,18.027756377319943,23.769728648009423,28.16025568065745
