right_iris-133,right_iris-33,right_iris-7,right_iris-163,right_iris-144,right_iris-145,right_iris-153,right_iris-154,right_iris-155,right_iris-173,right_iris-157,right_iris-158,right_iris-159,right_iris-160,right_iris-161,right_iris-246
35.12833614050059,25.0,21.213203435596427,16.76305461424021,11.40175425099138,8.246211251235321,14.7648230602334,24.515301344262525,31.25699921617557,31.0,23.345235059857504,12.529964086141668,6.0,12.083045973594572,18.24828759089466,22.02271554554524
