right_iris-133,right_iris-33,right_iris-7,right_iris-163,right_iris-144,right_iris-145,right_iris-153,right_iris-154,right_iris-155,right_iris-173,right_iris-157,right_iris-158,right_iris-159,right_iris-160,right_iris-161,right_iris-246
28.0178514522438,18.027756377319943,14.866068747318506,12.806248474865695,10.770329614269007,10.770329614269007,15.264337522473747,21.587033144922906,26.1725046566048,25.079872407968907,19.924858845171276,12.806248474865695,8.06225774829855,10.0,13.341664064126334,16.0312195418814
