right_iris-133,right_iris-33,right_iris-7,right_iris-163,right_iris-144,right_iris-145,right_iris-153,right_iris-154,right_iris-155,right_iris-173,right_iris-157,right_iris-158,right_iris-159,right_iris-160,right_iris-161,right_iris-246
39.45883931389772,31.064449134018133,26.92582403567252,23.259406699226016,18.384776310850235,13.0,17.69180601295413,27.51363298439521,35.6931365951495,34.0147027033899,24.73863375370596,14.866068747318506,11.704699910719626,19.697715603592208,25.317977802344327,28.0
