right_iris-133,right_iris-33,right_iris-7,right_iris-163,right_iris-144,right_iris-145,right_iris-153,right_iris-154,right_iris-155,right_iris-173,right_iris-157,right_iris-158,right_iris-159,right_iris-160,right_iris-161,right_iris-246
34.36568055487916,24.186773244895647,19.6468827043885,15.231546211727816,9.899494936611664,8.06225774829855,15.652475842498529,24.73863375370596,30.4138126514911,30.066592756745816,23.08679276123039,12.649110640673518,5.0990195135927845,10.44030650891055,17.029386365926403,21.02379604162864
