right_iris-133,right_iris-33,right_iris-7,right_iris-163,right_iris-144,right_iris-145,right_iris-153,right_iris-154,right_iris-155,right_iris-173,right_iris-157,right_iris-158,right_iris-159,right_iris-160,right_iris-161,right_iris-246
38.63935817272331,26.076809620810597,22.80350850198276,18.788294228055936,14.212670403551895,12.16552506059644,18.439088914585778,26.92582403567252,34.20526275297414,34.132096331752024,26.076809620810597,15.231546211727816,8.54400374531753,11.40175425099138,17.46424919657298,22.02271554554524
