right_iris-133,right_iris-33,right_iris-7,right_iris-163,right_iris-144,right_iris-145,right_iris-153,right_iris-154,right_iris-155,right_iris-173,right_iris-157,right_iris-158,right_iris-159,right_iris-160,right_iris-161,right_iris-246
33.54101966249684,38.11823710509184,33.54101966249684,28.16025568065745,21.02379604162864,12.083045973594572,12.806248474865695,22.47220505424423,29.832867780352597,29.017236257093817,20.396078054371134,10.63014581273465,11.40175425099138,21.840329667841555,29.068883707497267,35.014282800023196
