right_iris-133,right_iris-33,right_iris-7,right_iris-163,right_iris-144,right_iris-145,right_iris-153,right_iris-154,right_iris-155,right_iris-173,right_iris-157,right_iris-158,right_iris-159,right_iris-160,right_iris-161,right_iris-246
22.360679774997894,23.08679276123039,20.615528128088304,18.384776310850235,15.0,10.770329614269007,10.295630140987,14.7648230602334,19.6468827043885,19.026297590440446,14.317821063276352,7.810249675906654,8.06225774829855,13.0,18.110770276274835,21.0
