right_iris-133,right_iris-33,right_iris-7,right_iris-163,right_iris-144,right_iris-145,right_iris-153,right_iris-154,right_iris-155,right_iris-173,right_iris-157,right_iris-158,right_iris-159,right_iris-160,right_iris-161,right_iris-246
29.274562336608895,23.021728866442675,19.1049731745428,15.524174696260024,10.0,8.06225774829855,13.038404810405298,20.8806130178211,26.476404589747453,26.076809620810597,19.1049731745428,9.848857801796104,5.0,10.770329614269007,16.278820596099706,20.09975124224178
