right_iris-133,right_iris-33,right_iris-7,right_iris-163,right_iris-144,right_iris-145,right_iris-153,right_iris-154,right_iris-155,right_iris-173,right_iris-157,right_iris-158,right_iris-159,right_iris-160,right_iris-161,right_iris-246
32.7566787083184,24.020824298928627,19.1049731745428,15.524174696260024,10.816653826391969,8.06225774829855,15.0,23.40939982143925,29.120439557122072,29.274562336608895,22.02271554554524,12.649110640673518,6.324555320336759,10.0,15.524174696260024,20.223748416156685
