right_iris-133,right_iris-33,right_iris-7,right_iris-163,right_iris-144,right_iris-145,right_iris-153,right_iris-154,right_iris-155,right_iris-173,right_iris-157,right_iris-158,right_iris-159,right_iris-160,right_iris-161,right_iris-246
26.019223662515376,24.331050121192877,20.615528128088304,17.08800749063506,13.038404810405298,7.280109889280518,9.219544457292889,16.492422502470642,22.20360331117452,23.021728866442675,16.492422502470642,7.810249675906654,5.385164807134504,11.40175425099138,17.0,21.095023109728988
