right_iris-133,right_iris-33,right_iris-7,right_iris-163,right_iris-144,right_iris-145,right_iris-153,right_iris-154,right_iris-155,right_iris-173,right_iris-157,right_iris-158,right_iris-159,right_iris-160,right_iris-161,right_iris-246
30.066592756745816,26.1725046566048,21.840329667841555,17.46424919657298,12.041594578792296,8.06225774829855,13.038404810405298,20.615528128088304,27.16615541441225,27.018512172212592,19.4164878389476,10.0,6.082762530298219,12.649110640673518,19.026297590440446,23.021728866442675
