right_iris-133,right_iris-33,right_iris-7,right_iris-163,right_iris-144,right_iris-145,right_iris-153,right_iris-154,right_iris-155,right_iris-173,right_iris-157,right_iris-158,right_iris-159,right_iris-160,right_iris-161,right_iris-246
31.575306807693888,40.049968789001575,35.35533905932738,29.832867780352597,22.84731931759173,12.806248474865695,11.6619037896906,20.615528128088304,27.892651361962702,27.073972741361768,18.24828759089466,7.211102550927978,10.816653826391969,23.345235059857504,31.064449134018133,36.0
