right_iris-133,right_iris-33,right_iris-7,right_iris-163,right_iris-144,right_iris-145,right_iris-153,right_iris-154,right_iris-155,right_iris-173,right_iris-157,right_iris-158,right_iris-159,right_iris-160,right_iris-161,right_iris-246
27.29468812791236,25.0,21.095023109728988,17.46424919657298,12.529964086141668,8.246211251235321,11.31370849898476,18.027756377319943,23.53720459187964,23.021728866442675,17.11724276862369,8.06225774829855,5.830951894845301,12.649110640673518,18.24828759089466,22.02271554554524
