right_iris-133,right_iris-33,right_iris-7,right_iris-163,right_iris-144,right_iris-145,right_iris-153,right_iris-154,right_iris-155,right_iris-173,right_iris-157,right_iris-158,right_iris-159,right_iris-160,right_iris-161,right_iris-246
38.3275357934736,33.015148038438355,28.442925306655784,24.35159132377184,18.601075237738275,12.16552506059644,15.556349186104043,26.248809496813376,34.52535300326414,34.0,23.53720459187964,12.806248474865695,9.848857801796104,18.384776310850235,25.317977802344327,29.017236257093817
