right_iris-133,right_iris-33,right_iris-7,right_iris-163,right_iris-144,right_iris-145,right_iris-153,right_iris-154,right_iris-155,right_iris-173,right_iris-157,right_iris-158,right_iris-159,right_iris-160,right_iris-161,right_iris-246
25.495097567963924,22.20360331117452,17.72004514666935,14.7648230602334,10.63014581273465,8.06225774829855,12.041594578792296,18.027756377319943,22.80350850198276,22.09072203437452,16.1245154965971,9.433981132056603,5.0990195135927845,9.848857801796104,15.033296378372908,19.026297590440446
