right_iris-133,right_iris-33,right_iris-7,right_iris-163,right_iris-144,right_iris-145,right_iris-153,right_iris-154,right_iris-155,right_iris-173,right_iris-157,right_iris-158,right_iris-159,right_iris-160,right_iris-161,right_iris-246
36.05551275463989,32.0624390837628,27.29468812791236,23.08679276123039,17.029386365926403,13.038404810405298,17.69180601295413,25.942243542145693,33.24154027718932,30.59411708155671,22.09072203437452,12.727922061357855,11.704699910719626,19.235384061671343,25.70992026436488,29.274562336608895
