right_iris-133,right_iris-33,right_iris-7,right_iris-163,right_iris-144,right_iris-145,right_iris-153,right_iris-154,right_iris-155,right_iris-173,right_iris-157,right_iris-158,right_iris-159,right_iris-160,right_iris-161,right_iris-246
22.02271554554524,27.073972741361768,24.186773244895647,20.396078054371134,14.560219778561036,6.4031242374328485,5.0,13.152946437965904,18.0,19.1049731745428,13.152946437965904,3.605551275463989,5.0990195135927845,14.0,20.024984394500787,24.08318915758459
