right_iris-133,right_iris-33,right_iris-7,right_iris-163,right_iris-144,right_iris-145,right_iris-153,right_iris-154,right_iris-155,right_iris-173,right_iris-157,right_iris-158,right_iris-159,right_iris-160,right_iris-161,right_iris-246
29.274562336608895,23.194827009486403,19.6468827043885,15.231546211727816,10.63014581273465,7.280109889280518,12.529964086141668,20.615528128088304,26.30589287593181,26.019223662515376,19.235384061671343,10.295630140987,5.0990195135927845,10.44030650891055,17.029386365926403,21.02379604162864
