right_iris-133,right_iris-33,right_iris-7,right_iris-163,right_iris-144,right_iris-145,right_iris-153,right_iris-154,right_iris-155,right_iris-173,right_iris-157,right_iris-158,right_iris-159,right_iris-160,right_iris-161,right_iris-246
40.024992192379,36.12478373637688,30.083217912982647,25.059928172283335,18.601075237738275,15.297058540778355,20.615528128088304,29.732137494637012,37.107950630558946,34.23448553724738,23.53720459187964,13.601470508735444,12.529964086141668,21.540659228538015,28.16025568065745,33.0
