right_iris-133,right_iris-33,right_iris-7,right_iris-163,right_iris-144,right_iris-145,right_iris-153,right_iris-154,right_iris-155,right_iris-173,right_iris-157,right_iris-158,right_iris-159,right_iris-160,right_iris-161,right_iris-246
36.68787265568828,31.144823004794873,26.076809620810597,21.840329667841555,16.401219466856727,12.041594578792296,16.97056274847714,26.40075756488817,33.83784863137726,32.38826948140329,23.08679276123039,12.806248474865695,10.44030650891055,18.35755975068582,24.041630560342615,28.442925306655784
