right_iris-133,right_iris-33,right_iris-7,right_iris-163,right_iris-144,right_iris-145,right_iris-153,right_iris-154,right_iris-155,right_iris-173,right_iris-157,right_iris-158,right_iris-159,right_iris-160,right_iris-161,right_iris-246
20.396078054371134,24.08318915758459,21.0,17.029386365926403,12.16552506059644,5.656854249492381,6.4031242374328485,13.0,17.72004514666935,18.110770276274835,12.0,4.47213595499958,5.0,11.704699910719626,17.26267650163207,21.213203435596427
