right_iris-133,right_iris-33,right_iris-7,right_iris-163,right_iris-144,right_iris-145,right_iris-153,right_iris-154,right_iris-155,right_iris-173,right_iris-157,right_iris-158,right_iris-159,right_iris-160,right_iris-161,right_iris-246
34.52535300326414,26.1725046566048,23.08679276123039,19.72308292331602,15.0,12.16552506059644,17.804493814764857,25.298221281347036,31.78049716414141,30.01666203960727,22.80350850198276,14.142135623730953,11.180339887498947,16.1245154965971,21.37755832643195,24.0
