right_iris-133,right_iris-33,right_iris-7,right_iris-163,right_iris-144,right_iris-145,right_iris-153,right_iris-154,right_iris-155,right_iris-173,right_iris-157,right_iris-158,right_iris-159,right_iris-160,right_iris-161,right_iris-246
21.095023109728988,17.26267650163207,14.866068747318506,12.529964086141668,8.48528137423857,6.082762530298219,9.433981132056603,15.524174696260024,19.235384061671343,19.0,14.317821063276352,7.810249675906654,5.385164807134504,9.486832980505138,13.038404810405298,15.033296378372908
