right_iris-133,right_iris-33,right_iris-7,right_iris-163,right_iris-144,right_iris-145,right_iris-153,right_iris-154,right_iris-155,right_iris-173,right_iris-157,right_iris-158,right_iris-159,right_iris-160,right_iris-161,right_iris-246
31.144823004794873,26.1725046566048,21.0,16.0312195418814,9.486832980505138,5.0990195135927845,12.083045973594572,21.37755832643195,28.284271247461906,28.0178514522438,21.02379604162864,10.44030650891055,4.123105625617661,10.770329614269007,17.46424919657298,22.20360331117452
