right_iris-133,right_iris-33,right_iris-7,right_iris-163,right_iris-144,right_iris-145,right_iris-153,right_iris-154,right_iris-155,right_iris-173,right_iris-157,right_iris-158,right_iris-159,right_iris-160,right_iris-161,right_iris-246
13.41640786499874,15.811388300841896,15.652475842498529,15.264337522473747,13.45362404707371,10.770329614269007,9.486832980505138,11.31370849898476,13.038404810405298,10.770329614269007,6.324555320336759,1.4142135623730951,6.082762530298219,11.180339887498947,14.317821063276352,15.524174696260024
