right_iris-133,right_iris-33,right_iris-7,right_iris-163,right_iris-144,right_iris-145,right_iris-153,right_iris-154,right_iris-155,right_iris-173,right_iris-157,right_iris-158,right_iris-159,right_iris-160,right_iris-161,right_iris-246
26.1725046566048,25.495097567963924,21.840329667841555,18.384776310850235,13.601470508735444,7.0710678118654755,9.433981132056603,17.029386365926403,23.021728866442675,23.345235059857504,16.492422502470642,7.280109889280518,3.1622776601683795,12.041594578792296,18.24828759089466,22.360679774997894
