right_iris-133,right_iris-33,right_iris-7,right_iris-163,right_iris-144,right_iris-145,right_iris-153,right_iris-154,right_iris-155,right_iris-173,right_iris-157,right_iris-158,right_iris-159,right_iris-160,right_iris-161,right_iris-246
28.442925306655784,28.0178514522438,23.08679276123039,18.439088914585778,12.529964086141668,8.06225774829855,12.041594578792296,19.924858845171276,25.495097567963924,25.079872407968907,18.027756377319943,7.615773105863909,4.242640687119285,13.341664064126334,20.09975124224178,24.08318915758459
