right_iris-133,right_iris-33,right_iris-7,right_iris-163,right_iris-144,right_iris-145,right_iris-153,right_iris-154,right_iris-155,right_iris-173,right_iris-157,right_iris-158,right_iris-159,right_iris-160,right_iris-161,right_iris-246
45.27692569068709,32.2490309931942,27.202941017470888,21.470910553583888,15.620499351813308,12.649110640673518,20.591260281974,32.984845004941285,41.43669871020132,40.01249804748511,29.42787793912432,16.1245154965971,8.0,15.231546211727816,23.08679276123039,28.0178514522438
