right_iris-133,right_iris-33,right_iris-7,right_iris-163,right_iris-144,right_iris-145,right_iris-153,right_iris-154,right_iris-155,right_iris-173,right_iris-157,right_iris-158,right_iris-159,right_iris-160,right_iris-161,right_iris-246
21.02379604162864,19.1049731745428,17.26267650163207,13.341664064126334,9.848857801796104,4.123105625617661,6.708203932499369,14.142135623730953,19.026297590440446,19.0,14.0356688476182,7.0710678118654755,1.0,8.06225774829855,13.0,16.0312195418814
