right_iris-133,right_iris-33,right_iris-7,right_iris-163,right_iris-144,right_iris-145,right_iris-153,right_iris-154,right_iris-155,right_iris-173,right_iris-157,right_iris-158,right_iris-159,right_iris-160,right_iris-161,right_iris-246
32.57299494980466,32.2490309931942,28.0,23.194827009486403,17.08800749063506,10.295630140987,13.038404810405298,21.470910553583888,27.85677655436824,27.459060435491963,20.024984394500787,10.63014581273465,9.848857801796104,18.35755975068582,25.0,29.614185789921695
