right_iris-133,right_iris-33,right_iris-7,right_iris-163,right_iris-144,right_iris-145,right_iris-153,right_iris-154,right_iris-155,right_iris-173,right_iris-157,right_iris-158,right_iris-159,right_iris-160,right_iris-161,right_iris-246
30.066592756745816,24.08318915758459,20.615528128088304,17.08800749063506,12.206555615733702,8.0,12.206555615733702,20.615528128088304,26.30589287593181,26.0,19.1049731745428,9.848857801796104,4.123105625617661,11.180339887498947,17.029386365926403,21.02379604162864
