right_iris-133,right_iris-33,right_iris-7,right_iris-163,right_iris-144,right_iris-145,right_iris-153,right_iris-154,right_iris-155,right_iris-173,right_iris-157,right_iris-158,right_iris-159,right_iris-160,right_iris-161,right_iris-246
36.05551275463989,34.0147027033899,28.284271247461906,22.561028345356956,15.652475842498529,8.06225774829855,13.892443989449804,24.515301344262525,32.14031735997639,31.016124838541646,23.53720459187964,12.206555615733702,7.615773105863909,16.76305461424021,25.079872407968907,30.0
