right_iris-133,right_iris-33,right_iris-7,right_iris-163,right_iris-144,right_iris-145,right_iris-153,right_iris-154,right_iris-155,right_iris-173,right_iris-157,right_iris-158,right_iris-159,right_iris-160,right_iris-161,right_iris-246
22.20360331117452,18.0,15.132745950421556,12.649110640673518,8.602325267042627,6.082762530298219,10.0,15.811388300841896,20.396078054371134,20.024984394500787,15.132745950421556,8.06225774829855,5.0,8.602325267042627,12.36931687685298,15.132745950421556
