right_iris-133,right_iris-33,right_iris-7,right_iris-163,right_iris-144,right_iris-145,right_iris-153,right_iris-154,right_iris-155,right_iris-173,right_iris-157,right_iris-158,right_iris-159,right_iris-160,right_iris-161,right_iris-246
31.400636936215164,24.0,20.024984394500787,15.297058540778355,9.848857801796104,6.082762530298219,13.41640786499874,21.840329667841555,28.635642126552707,28.16025568065745,21.0,11.40175425099138,4.123105625617661,9.848857801796104,16.278820596099706,20.024984394500787
