right_iris-133,right_iris-33,right_iris-7,right_iris-163,right_iris-144,right_iris-145,right_iris-153,right_iris-154,right_iris-155,right_iris-173,right_iris-157,right_iris-158,right_iris-159,right_iris-160,right_iris-161,right_iris-246
36.05551275463989,27.29468812791236,24.041630560342615,20.615528128088304,15.620499351813308,10.04987562112089,14.212670403551895,23.769728648009423,31.25699921617557,32.01562118716424,23.345235059857504,12.529964086141668,6.082762530298219,12.649110640673518,20.024984394500787,24.020824298928627
