right_iris-133,right_iris-33,right_iris-7,right_iris-163,right_iris-144,right_iris-145,right_iris-153,right_iris-154,right_iris-155,right_iris-173,right_iris-157,right_iris-158,right_iris-159,right_iris-160,right_iris-161,right_iris-246
39.81205847478876,35.014282800023196,29.832867780352597,24.596747752497688,19.1049731745428,15.033296378372908,19.849433241279208,28.792360097775937,36.138621999185304,34.132096331752024,23.53720459187964,13.45362404707371,12.529964086141668,21.02379604162864,27.459060435491963,32.01562118716424
