right_iris-133,right_iris-33,right_iris-7,right_iris-163,right_iris-144,right_iris-145,right_iris-153,right_iris-154,right_iris-155,right_iris-173,right_iris-157,right_iris-158,right_iris-159,right_iris-160,right_iris-161,right_iris-246
28.635642126552707,29.068883707497267,25.179356624028344,20.615528128088304,14.317821063276352,7.615773105863909,10.63014581273465,19.313207915827967,25.96150997149434,24.186773244895647,17.029386365926403,7.211102550927978,6.4031242374328485,15.297058540778355,22.02271554554524,26.0
