right_iris-133,right_iris-33,right_iris-7,right_iris-163,right_iris-144,right_iris-145,right_iris-153,right_iris-154,right_iris-155,right_iris-173,right_iris-157,right_iris-158,right_iris-159,right_iris-160,right_iris-161,right_iris-246
26.1725046566048,20.09975124224178,16.0,11.04536101718726,5.0990195135927845,4.47213595499958,12.36931687685298,19.235384061671343,24.186773244895647,24.08318915758459,18.027756377319943,10.0,2.23606797749979,6.082762530298219,13.152946437965904,17.11724276862369
