right_iris-133,right_iris-33,right_iris-7,right_iris-163,right_iris-144,right_iris-145,right_iris-153,right_iris-154,right_iris-155,right_iris-173,right_iris-157,right_iris-158,right_iris-159,right_iris-160,right_iris-161,right_iris-246
25.495097567963924,30.01666203960727,26.30589287593181,21.587033144922906,16.55294535724685,9.433981132056603,9.433981132056603,15.652475842498529,21.840329667841555,22.09072203437452,15.524174696260024,8.06225774829855,10.0,17.08800749063506,23.194827009486403,27.018512172212592
