right_iris-133,right_iris-33,right_iris-7,right_iris-163,right_iris-144,right_iris-145,right_iris-153,right_iris-154,right_iris-155,right_iris-173,right_iris-157,right_iris-158,right_iris-159,right_iris-160,right_iris-161,right_iris-246
25.96150997149434,20.0,16.278820596099706,12.649110640673518,9.219544457292889,7.0710678118654755,11.40175425099138,18.384776310850235,23.08679276123039,23.345235059857504,17.029386365926403,9.848857801796104,6.082762530298219,9.433981132056603,13.341664064126334,17.029386365926403
