right_iris-133,right_iris-33,right_iris-7,right_iris-163,right_iris-144,right_iris-145,right_iris-153,right_iris-154,right_iris-155,right_iris-173,right_iris-157,right_iris-158,right_iris-159,right_iris-160,right_iris-161,right_iris-246
25.019992006393608,19.235384061671343,16.76305461424021,13.0,9.219544457292889,5.0990195135927845,10.770329614269007,17.26267650163207,23.08679276123039,22.02271554554524,16.278820596099706,8.54400374531753,3.0,8.06225774829855,14.0356688476182,17.11724276862369
