right_iris-133,right_iris-33,right_iris-7,right_iris-163,right_iris-144,right_iris-145,right_iris-153,right_iris-154,right_iris-155,right_iris-173,right_iris-157,right_iris-158,right_iris-159,right_iris-160,right_iris-161,right_iris-246
25.179356624028344,28.284271247461906,24.515301344262525,19.924858845171276,14.7648230602334,8.94427190999916,9.219544457292889,16.15549442140351,21.587033144922906,22.0,15.297058540778355,7.810249675906654,7.211102550927978,14.560219778561036,20.024984394500787,25.019992006393608
