right_iris-133,right_iris-33,right_iris-7,right_iris-163,right_iris-144,right_iris-145,right_iris-153,right_iris-154,right_iris-155,right_iris-173,right_iris-157,right_iris-158,right_iris-159,right_iris-160,right_iris-161,right_iris-246
21.37755832643195,26.30589287593181,23.08679276123039,19.0,14.0356688476182,5.830951894845301,5.0,12.649110640673518,17.46424919657298,18.027756377319943,13.152946437965904,7.0710678118654755,6.708203932499369,13.892443989449804,18.973665961010276,22.561028345356956
