right_iris-133,right_iris-33,right_iris-7,right_iris-163,right_iris-144,right_iris-145,right_iris-153,right_iris-154,right_iris-155,right_iris-173,right_iris-157,right_iris-158,right_iris-159,right_iris-160,right_iris-161,right_iris-246
31.78049716414141,34.23448553724738,29.832867780352597,25.632011235952593,20.0,13.92838827718412,13.892443989449804,21.470910553583888,27.51363298439521,27.073972741361768,18.68154169226941,11.6619037896906,13.038404810405298,20.248456731316587,26.1725046566048,31.0
