right_iris-133,right_iris-33,right_iris-7,right_iris-163,right_iris-144,right_iris-145,right_iris-153,right_iris-154,right_iris-155,right_iris-173,right_iris-157,right_iris-158,right_iris-159,right_iris-160,right_iris-161,right_iris-246
25.70992026436488,25.079872407968907,21.587033144922906,18.027756377319943,13.601470508735444,8.246211251235321,10.63014581273465,17.46424919657298,22.80350850198276,22.20360331117452,15.033296378372908,7.211102550927978,5.830951894845301,13.341664064126334,19.026297590440446,22.02271554554524
