right_iris-133,right_iris-33,right_iris-7,right_iris-163,right_iris-144,right_iris-145,right_iris-153,right_iris-154,right_iris-155,right_iris-173,right_iris-157,right_iris-158,right_iris-159,right_iris-160,right_iris-161,right_iris-246
30.14962686336267,27.16615541441225,23.0,18.027756377319943,11.40175425099138,5.0990195135927845,11.180339887498947,20.615528128088304,26.30589287593181,27.018512172212592,19.026297590440446,9.486832980505138,4.123105625617661,11.704699910719626,18.439088914585778,23.194827009486403
