right_iris-133,right_iris-33,right_iris-7,right_iris-163,right_iris-144,right_iris-145,right_iris-153,right_iris-154,right_iris-155,right_iris-173,right_iris-157,right_iris-158,right_iris-159,right_iris-160,right_iris-161,right_iris-246
30.14962686336267,25.495097567963924,22.135943621178654,18.788294228055936,14.212670403551895,9.055385138137416,12.806248474865695,19.6468827043885,26.30589287593181,26.0,18.110770276274835,8.54400374531753,3.605551275463989,12.041594578792296,18.027756377319943,22.20360331117452
