right_iris-133,right_iris-33,right_iris-7,right_iris-163,right_iris-144,right_iris-145,right_iris-153,right_iris-154,right_iris-155,right_iris-173,right_iris-157,right_iris-158,right_iris-159,right_iris-160,right_iris-161,right_iris-246
38.63935817272331,34.132096331752024,28.861739379323623,23.769728648009423,17.204650534085253,11.0,16.401219466856727,27.51363298439521,34.92849839314596,34.058772731852805,24.331050121192877,12.806248474865695,9.848857801796104,18.027756377319943,26.076809620810597,30.01666203960727
