right_iris-133,right_iris-33,right_iris-7,right_iris-163,right_iris-144,right_iris-145,right_iris-153,right_iris-154,right_iris-155,right_iris-173,right_iris-157,right_iris-158,right_iris-159,right_iris-160,right_iris-161,right_iris-246
26.476404589747453,25.019992006393608,22.360679774997894,18.973665961010276,14.422205101855956,9.219544457292889,11.40175425099138,17.46424919657298,22.80350850198276,22.09072203437452,15.297058540778355,7.810249675906654,8.06225774829855,14.866068747318506,19.235384061671343,23.021728866442675
