right_iris-133,right_iris-33,right_iris-7,right_iris-163,right_iris-144,right_iris-145,right_iris-153,right_iris-154,right_iris-155,right_iris-173,right_iris-157,right_iris-158,right_iris-159,right_iris-160,right_iris-161,right_iris-246
19.4164878389476,17.0,15.132745950421556,12.649110640673518,10.0,6.082762530298219,8.48528137423857,13.92838827718412,17.72004514666935,17.11724276862369,12.36931687685298,7.810249675906654,7.280109889280518,10.816653826391969,14.560219778561036,16.1245154965971
