right_iris-133,right_iris-33,right_iris-7,right_iris-163,right_iris-144,right_iris-145,right_iris-153,right_iris-154,right_iris-155,right_iris-173,right_iris-157,right_iris-158,right_iris-159,right_iris-160,right_iris-161,right_iris-246
40.01249804748511,26.076809620810597,21.587033144922906,16.55294535724685,11.40175425099138,10.295630140987,18.788294228055936,28.284271247461906,36.05551275463989,36.05551275463989,27.459060435491963,16.15549442140351,6.708203932499369,9.848857801796104,17.11724276862369,22.0
