right_iris-133,right_iris-33,right_iris-7,right_iris-163,right_iris-144,right_iris-145,right_iris-153,right_iris-154,right_iris-155,right_iris-173,right_iris-157,right_iris-158,right_iris-159,right_iris-160,right_iris-161,right_iris-246
34.713109915419565,36.345563690772494,30.01666203960727,25.019992006393608,16.492422502470642,8.06225774829855,12.041594578792296,22.135943621178654,29.832867780352597,30.14962686336267,21.02379604162864,8.94427190999916,6.4031242374328485,17.08800749063506,25.70992026436488,31.400636936215164
