right_iris-133,right_iris-33,right_iris-7,right_iris-163,right_iris-144,right_iris-145,right_iris-153,right_iris-154,right_iris-155,right_iris-173,right_iris-157,right_iris-158,right_iris-159,right_iris-160,right_iris-161,right_iris-246
28.16025568065745,34.058772731852805,30.265491900843113,25.70992026436488,18.384776310850235,9.219544457292889,8.48528137423857,17.72004514666935,24.331050121192877,24.0,17.46424919657298,8.602325267042627,10.63014581273465,20.615528128088304,27.073972741361768,31.0
