right_iris-133,right_iris-33,right_iris-7,right_iris-163,right_iris-144,right_iris-145,right_iris-153,right_iris-154,right_iris-155,right_iris-173,right_iris-157,right_iris-158,right_iris-159,right_iris-160,right_iris-161,right_iris-246
32.2490309931942,33.13608305156178,28.861739379323623,24.698178070456937,19.209372712298546,12.36931687685298,13.45362404707371,21.18962010041709,28.442925306655784,27.018512172212592,18.973665961010276,9.848857801796104,12.727922061357855,20.8806130178211,27.073972741361768,30.01666203960727
