right_iris-133,right_iris-33,right_iris-7,right_iris-163,right_iris-144,right_iris-145,right_iris-153,right_iris-154,right_iris-155,right_iris-173,right_iris-157,right_iris-158,right_iris-159,right_iris-160,right_iris-161,right_iris-246
35.510561809129406,34.0147027033899,29.42787793912432,24.698178070456937,19.209372712298546,14.142135623730953,16.278820596099706,24.698178070456937,31.78049716414141,30.066592756745816,20.396078054371134,9.219544457292889,9.899494936611664,19.924858845171276,27.29468812791236,31.064449134018133
