right_iris-133,right_iris-33,right_iris-7,right_iris-163,right_iris-144,right_iris-145,right_iris-153,right_iris-154,right_iris-155,right_iris-173,right_iris-157,right_iris-158,right_iris-159,right_iris-160,right_iris-161,right_iris-246
34.713109915419565,30.066592756745816,25.70992026436488,21.540659228538015,15.620499351813308,12.0,16.278820596099706,24.698178070456937,31.04834939252005,30.14962686336267,21.213203435596427,10.0,8.06225774829855,16.76305461424021,23.08679276123039,27.0
