right_iris-133,right_iris-33,right_iris-7,right_iris-163,right_iris-144,right_iris-145,right_iris-153,right_iris-154,right_iris-155,right_iris-173,right_iris-157,right_iris-158,right_iris-159,right_iris-160,right_iris-161,right_iris-246
27.65863337187866,26.076809620810597,22.561028345356956,19.313207915827967,14.422205101855956,10.44030650891055,11.40175425099138,18.788294228055936,24.041630560342615,24.08318915758459,17.11724276862369,9.219544457292889,6.708203932499369,13.92838827718412,19.1049731745428,23.0
