right_iris-133,right_iris-33,right_iris-7,right_iris-163,right_iris-144,right_iris-145,right_iris-153,right_iris-154,right_iris-155,right_iris-173,right_iris-157,right_iris-158,right_iris-159,right_iris-160,right_iris-161,right_iris-246
34.36568055487916,20.615528128088304,18.384776310850235,15.264337522473747,10.0,8.06225774829855,15.297058540778355,24.020824298928627,31.25699921617557,30.80584360149873,23.40939982143925,13.038404810405298,5.0990195135927845,11.180339887498947,16.0312195418814,19.235384061671343
