right_iris-133,right_iris-33,right_iris-7,right_iris-163,right_iris-144,right_iris-145,right_iris-153,right_iris-154,right_iris-155,right_iris-173,right_iris-157,right_iris-158,right_iris-159,right_iris-160,right_iris-161,right_iris-246
29.068883707497267,22.20360331117452,18.68154169226941,15.231546211727816,10.63014581273465,7.0710678118654755,12.529964086141668,20.396078054371134,26.1725046566048,25.019992006393608,18.24828759089466,8.94427190999916,4.123105625617661,11.180339887498947,17.0,20.09975124224178
