right_iris-133,right_iris-33,right_iris-7,right_iris-163,right_iris-144,right_iris-145,right_iris-153,right_iris-154,right_iris-155,right_iris-173,right_iris-157,right_iris-158,right_iris-159,right_iris-160,right_iris-161,right_iris-246
25.019992006393608,18.68154169226941,16.15549442140351,12.529964086141668,8.48528137423857,5.385164807134504,9.848857801796104,17.029386365926403,22.0,22.20360331117452,16.492422502470642,8.94427190999916,3.0,8.06225774829855,13.038404810405298,16.278820596099706
