right_iris-133,right_iris-33,right_iris-7,right_iris-163,right_iris-144,right_iris-145,right_iris-153,right_iris-154,right_iris-155,right_iris-173,right_iris-157,right_iris-158,right_iris-159,right_iris-160,right_iris-161,right_iris-246
33.95585369269929,32.0624390837628,27.073972741361768,22.360679774997894,16.55294535724685,9.486832980505138,12.727922061357855,22.84731931759173,30.364452901377952,29.274562336608895,20.09975124224178,10.0,8.94427190999916,17.88854381999832,24.73863375370596,29.274562336608895
