right_iris-133,right_iris-33,right_iris-7,right_iris-163,right_iris-144,right_iris-145,right_iris-153,right_iris-154,right_iris-155,right_iris-173,right_iris-157,right_iris-158,right_iris-159,right_iris-160,right_iris-161,right_iris-246
34.058772731852805,28.16025568065745,24.73863375370596,20.248456731316587,13.601470508735444,8.0,13.038404810405298,22.561028345356956,30.265491900843113,30.01666203960727,22.360679774997894,11.6619037896906,7.0710678118654755,13.92838827718412,20.024984394500787,25.019992006393608
