right_iris-133,right_iris-33,right_iris-7,right_iris-163,right_iris-144,right_iris-145,right_iris-153,right_iris-154,right_iris-155,right_iris-173,right_iris-157,right_iris-158,right_iris-159,right_iris-160,right_iris-161,right_iris-246
29.274562336608895,24.0,20.223748416156685,16.76305461424021,12.206555615733702,9.055385138137416,12.041594578792296,19.924858845171276,25.495097567963924,26.019223662515376,18.24828759089466,9.433981132056603,6.324555320336759,11.704699910719626,18.24828759089466,21.02379604162864
