right_iris-133,right_iris-33,right_iris-7,right_iris-163,right_iris-144,right_iris-145,right_iris-153,right_iris-154,right_iris-155,right_iris-173,right_iris-157,right_iris-158,right_iris-159,right_iris-160,right_iris-161,right_iris-246
35.510561809129406,23.08679276123039,19.026297590440446,14.560219778561036,10.0,8.54400374531753,16.1245154965971,25.0,31.78049716414141,31.144823004794873,24.020824298928627,14.560219778561036,6.708203932499369,9.219544457292889,15.524174696260024,19.235384061671343
