right_iris-133,right_iris-33,right_iris-7,right_iris-163,right_iris-144,right_iris-145,right_iris-153,right_iris-154,right_iris-155,right_iris-173,right_iris-157,right_iris-158,right_iris-159,right_iris-160,right_iris-161,right_iris-246
27.29468812791236,22.0,18.24828759089466,15.524174696260024,10.816653826391969,7.0,11.40175425099138,18.68154169226941,24.331050121192877,24.020824298928627,17.11724276862369,8.94427190999916,5.0990195135927845,11.704699910719626,16.1245154965971,19.026297590440446
