right_iris-133,right_iris-33,right_iris-7,right_iris-163,right_iris-144,right_iris-145,right_iris-153,right_iris-154,right_iris-155,right_iris-173,right_iris-157,right_iris-158,right_iris-159,right_iris-160,right_iris-161,right_iris-246
34.23448553724738,21.095023109728988,16.0312195418814,12.36931687685298,7.0710678118654755,7.810249675906654,15.231546211727816,24.515301344262525,30.4138126514911,31.016124838541646,24.08318915758459,14.560219778561036,7.0710678118654755,7.0710678118654755,12.649110640673518,17.26267650163207
