right_iris-133,right_iris-33,right_iris-7,right_iris-163,right_iris-144,right_iris-145,right_iris-153,right_iris-154,right_iris-155,right_iris-173,right_iris-157,right_iris-158,right_iris-159,right_iris-160,right_iris-161,right_iris-246
34.20526275297414,33.24154027718932,28.0,23.08679276123039,17.08800749063506,9.848857801796104,12.806248474865695,23.259406699226016,30.675723300355937,30.4138126514911,21.0,10.295630140987,8.06225774829855,17.46424919657298,24.73863375370596,29.42787793912432
