right_iris-133,right_iris-33,right_iris-7,right_iris-163,right_iris-144,right_iris-145,right_iris-153,right_iris-154,right_iris-155,right_iris-173,right_iris-157,right_iris-158,right_iris-159,right_iris-160,right_iris-161,right_iris-246
27.018512172212592,21.37755832643195,18.384776310850235,15.264337522473747,11.40175425099138,8.246211251235321,11.6619037896906,19.4164878389476,24.08318915758459,24.08318915758459,17.46424919657298,9.219544457292889,5.385164807134504,10.44030650891055,16.0,19.1049731745428
