right_iris-133,right_iris-33,right_iris-7,right_iris-163,right_iris-144,right_iris-145,right_iris-153,right_iris-154,right_iris-155,right_iris-173,right_iris-157,right_iris-158,right_iris-159,right_iris-160,right_iris-161,right_iris-246
24.020824298928627,23.345235059857504,20.248456731316587,18.35755975068582,14.142135623730953,10.198039027185567,10.63014581273465,15.811388300841896,21.213203435596427,21.02379604162864,15.524174696260024,7.0710678118654755,5.830951894845301,12.36931687685298,17.0,20.09975124224178
