right_iris-133,right_iris-33,right_iris-7,right_iris-163,right_iris-144,right_iris-145,right_iris-153,right_iris-154,right_iris-155,right_iris-173,right_iris-157,right_iris-158,right_iris-159,right_iris-160,right_iris-161,right_iris-246
41.10960958218893,29.017236257093817,24.331050121192877,20.248456731316587,15.556349186104043,14.0356688476182,19.79898987322333,30.4138126514911,37.69615364994153,35.90264614203248,26.019223662515376,13.92838827718412,7.0,14.7648230602334,21.587033144922906,25.179356624028344
