right_iris-133,right_iris-33,right_iris-7,right_iris-163,right_iris-144,right_iris-145,right_iris-153,right_iris-154,right_iris-155,right_iris-173,right_iris-157,right_iris-158,right_iris-159,right_iris-160,right_iris-161,right_iris-246
28.284271247461906,25.179356624028344,21.840329667841555,17.46424919657298,12.806248474865695,8.0,11.40175425099138,19.924858845171276,25.495097567963924,24.08318915758459,17.11724276862369,8.06225774829855,5.0,12.16552506059644,19.0,22.09072203437452
