right_iris-133,right_iris-33,right_iris-7,right_iris-163,right_iris-144,right_iris-145,right_iris-153,right_iris-154,right_iris-155,right_iris-173,right_iris-157,right_iris-158,right_iris-159,right_iris-160,right_iris-161,right_iris-246
33.734255586866,28.0713376952364,24.73863375370596,21.93171219946131,16.97056274847714,13.038404810405298,15.620499351813308,22.84731931759173,30.083217912982647,28.16025568065745,20.223748416156685,10.0,8.06225774829855,16.76305461424021,22.09072203437452,26.0
