right_iris-133,right_iris-33,right_iris-7,right_iris-163,right_iris-144,right_iris-145,right_iris-153,right_iris-154,right_iris-155,right_iris-173,right_iris-157,right_iris-158,right_iris-159,right_iris-160,right_iris-161,right_iris-246
21.213203435596427,18.027756377319943,14.317821063276352,11.40175425099138,7.211102550927978,4.123105625617661,8.94427190999916,14.317821063276352,19.235384061671343,19.026297590440446,13.038404810405298,6.324555320336759,3.0,7.280109889280518,12.041594578792296,15.0
