right_iris-133,right_iris-33,right_iris-7,right_iris-163,right_iris-144,right_iris-145,right_iris-153,right_iris-154,right_iris-155,right_iris-173,right_iris-157,right_iris-158,right_iris-159,right_iris-160,right_iris-161,right_iris-246
31.25699921617557,22.02271554554524,18.439088914585778,15.231546211727816,11.31370849898476,9.219544457292889,14.422205101855956,21.840329667841555,27.459060435491963,27.018512172212592,20.223748416156685,11.180339887498947,6.0,10.295630140987,16.278820596099706,19.026297590440446
