right_iris-133,right_iris-33,right_iris-7,right_iris-163,right_iris-144,right_iris-145,right_iris-153,right_iris-154,right_iris-155,right_iris-173,right_iris-157,right_iris-158,right_iris-159,right_iris-160,right_iris-161,right_iris-246
28.442925306655784,28.0713376952364,24.515301344262525,21.18962010041709,15.811388300841896,10.44030650891055,11.40175425099138,18.384776310850235,24.73863375370596,25.019992006393608,17.11724276862369,7.810249675906654,6.4031242374328485,14.317821063276352,21.02379604162864,25.019992006393608
