right_iris-133,right_iris-33,right_iris-7,right_iris-163,right_iris-144,right_iris-145,right_iris-153,right_iris-154,right_iris-155,right_iris-173,right_iris-157,right_iris-158,right_iris-159,right_iris-160,right_iris-161,right_iris-246
26.476404589747453,28.0178514522438,24.331050121192877,20.615528128088304,15.652475842498529,8.94427190999916,10.0,16.55294535724685,22.80350850198276,23.08679276123039,15.297058540778355,7.810249675906654,8.06225774829855,15.811388300841896,21.213203435596427,25.019992006393608
