right_iris-133,right_iris-33,right_iris-7,right_iris-163,right_iris-144,right_iris-145,right_iris-153,right_iris-154,right_iris-155,right_iris-173,right_iris-157,right_iris-158,right_iris-159,right_iris-160,right_iris-161,right_iris-246
33.24154027718932,32.0624390837628,28.0713376952364,23.53720459187964,17.88854381999832,11.180339887498947,13.038404810405298,21.470910553583888,28.792360097775937,28.442925306655784,20.09975124224178,10.63014581273465,9.848857801796104,18.788294228055936,24.73863375370596,28.284271247461906
