right_iris-133,right_iris-33,right_iris-7,right_iris-163,right_iris-144,right_iris-145,right_iris-153,right_iris-154,right_iris-155,right_iris-173,right_iris-157,right_iris-158,right_iris-159,right_iris-160,right_iris-161,right_iris-246
43.41658669218482,29.068883707497267,23.769728648009423,18.384776310850235,12.041594578792296,11.180339887498947,20.12461179749811,31.04834939252005,38.63935817272331,38.05259518088089,29.274562336608895,17.88854381999832,9.219544457292889,13.038404810405298,20.223748416156685,25.0
