right_iris-133,right_iris-33,right_iris-7,right_iris-163,right_iris-144,right_iris-145,right_iris-153,right_iris-154,right_iris-155,right_iris-173,right_iris-157,right_iris-158,right_iris-159,right_iris-160,right_iris-161,right_iris-246
33.54101966249684,29.154759474226505,25.70992026436488,21.93171219946131,16.278820596099706,11.04536101718726,14.866068747318506,23.40939982143925,29.832867780352597,29.068883707497267,20.223748416156685,9.219544457292889,7.211102550927978,16.492422502470642,23.021728866442675,26.019223662515376
