right_iris-133,right_iris-33,right_iris-7,right_iris-163,right_iris-144,right_iris-145,right_iris-153,right_iris-154,right_iris-155,right_iris-173,right_iris-157,right_iris-158,right_iris-159,right_iris-160,right_iris-161,right_iris-246
27.459060435491963,28.0178514522438,24.08318915758459,20.223748416156685,13.92838827718412,7.211102550927978,9.899494936611664,17.08800749063506,23.769728648009423,24.186773244895647,17.029386365926403,8.06225774829855,5.830951894845301,13.601470508735444,20.223748416156685,24.08318915758459
