right_iris-133,right_iris-33,right_iris-7,right_iris-163,right_iris-144,right_iris-145,right_iris-153,right_iris-154,right_iris-155,right_iris-173,right_iris-157,right_iris-158,right_iris-159,right_iris-160,right_iris-161,right_iris-246
22.360679774997894,20.0,17.11724276862369,14.317821063276352,9.848857801796104,4.123105625617661,8.602325267042627,14.560219778561036,19.4164878389476,19.1049731745428,14.0,6.324555320336759,3.1622776601683795,8.54400374531753,14.142135623730953,17.029386365926403
