right_iris-133,right_iris-33,right_iris-7,right_iris-163,right_iris-144,right_iris-145,right_iris-153,right_iris-154,right_iris-155,right_iris-173,right_iris-157,right_iris-158,right_iris-159,right_iris-160,right_iris-161,right_iris-246
28.0178514522438,21.587033144922906,17.08800749063506,13.892443989449804,9.433981132056603,8.06225774829855,13.0,20.09975124224178,25.019992006393608,25.079872407968907,18.439088914585778,9.848857801796104,4.123105625617661,8.246211251235321,14.0356688476182,18.24828759089466
