right_iris-133,right_iris-33,right_iris-7,right_iris-163,right_iris-144,right_iris-145,right_iris-153,right_iris-154,right_iris-155,right_iris-173,right_iris-157,right_iris-158,right_iris-159,right_iris-160,right_iris-161,right_iris-246
29.614185789921695,29.0,24.331050121192877,19.924858845171276,14.422205101855956,9.219544457292889,12.727922061357855,20.615528128088304,25.96150997149434,26.1725046566048,18.027756377319943,8.94427190999916,5.830951894845301,13.601470508735444,21.095023109728988,25.019992006393608
