right_iris-133,right_iris-33,right_iris-7,right_iris-163,right_iris-144,right_iris-145,right_iris-153,right_iris-154,right_iris-155,right_iris-173,right_iris-157,right_iris-158,right_iris-159,right_iris-160,right_iris-161,right_iris-246
36.12478373637688,32.0624390837628,27.65863337187866,22.84731931759173,17.69180601295413,12.041594578792296,15.620499351813308,25.0,32.38826948140329,31.064449134018133,22.47220505424423,13.892443989449804,14.317821063276352,21.02379604162864,26.476404589747453,29.017236257093817
