right_iris-133,right_iris-33,right_iris-7,right_iris-163,right_iris-144,right_iris-145,right_iris-153,right_iris-154,right_iris-155,right_iris-173,right_iris-157,right_iris-158,right_iris-159,right_iris-160,right_iris-161,right_iris-246
28.16025568065745,44.04543109109048,38.47076812334269,33.24154027718932,25.495097567963924,15.620499351813308,10.770329614269007,17.08800749063506,25.317977802344327,23.021728866442675,15.264337522473747,10.198039027185567,18.35755975068582,29.614185789921695,37.05401462729781,41.0
