right_iris-133,right_iris-33,right_iris-7,right_iris-163,right_iris-144,right_iris-145,right_iris-153,right_iris-154,right_iris-155,right_iris-173,right_iris-157,right_iris-158,right_iris-159,right_iris-160,right_iris-161,right_iris-246
33.13608305156178,24.020824298928627,20.396078054371134,17.08800749063506,12.041594578792296,9.055385138137416,14.422205101855956,22.80350850198276,29.42787793912432,29.0,21.587033144922906,12.206555615733702,8.06225774829855,12.529964086141668,18.24828759089466,21.02379604162864
