right_iris-133,right_iris-33,right_iris-7,right_iris-163,right_iris-144,right_iris-145,right_iris-153,right_iris-154,right_iris-155,right_iris-173,right_iris-157,right_iris-158,right_iris-159,right_iris-160,right_iris-161,right_iris-246
36.40054944640259,31.144823004794873,27.018512172212592,22.360679774997894,15.652475842498529,10.198039027185567,14.866068747318506,24.596747752497688,32.57299494980466,32.55764119219941,24.020824298928627,12.36931687685298,5.0,13.41640786499874,21.587033144922906,26.30589287593181
