right_iris-133,right_iris-33,right_iris-7,right_iris-163,right_iris-144,right_iris-145,right_iris-153,right_iris-154,right_iris-155,right_iris-173,right_iris-157,right_iris-158,right_iris-159,right_iris-160,right_iris-161,right_iris-246
32.2490309931942,24.020824298928627,20.396078054371134,16.15549442140351,11.31370849898476,9.486832980505138,14.7648230602334,23.53720459187964,29.42787793912432,29.017236257093817,21.095023109728988,10.770329614269007,5.0,10.770329614269007,17.11724276862369,21.02379604162864
