right_iris-133,right_iris-33,right_iris-7,right_iris-163,right_iris-144,right_iris-145,right_iris-153,right_iris-154,right_iris-155,right_iris-173,right_iris-157,right_iris-158,right_iris-159,right_iris-160,right_iris-161,right_iris-246
31.400636936215164,25.079872407968907,20.8806130178211,17.88854381999832,13.45362404707371,10.198039027185567,15.0,22.135943621178654,28.635642126552707,28.0178514522438,20.09975124224178,10.295630140987,5.0990195135927845,12.649110640673518,18.027756377319943,22.02271554554524
