right_iris-133,right_iris-33,right_iris-7,right_iris-163,right_iris-144,right_iris-145,right_iris-153,right_iris-154,right_iris-155,right_iris-173,right_iris-157,right_iris-158,right_iris-159,right_iris-160,right_iris-161,right_iris-246
28.284271247461906,21.213203435596427,18.027756377319943,15.264337522473747,12.206555615733702,10.198039027185567,14.212670403551895,21.18962010041709,25.70992026436488,25.019992006393608,18.24828759089466,10.816653826391969,6.0,9.848857801796104,15.033296378372908,18.027756377319943
