right_iris-133,right_iris-33,right_iris-7,right_iris-163,right_iris-144,right_iris-145,right_iris-153,right_iris-154,right_iris-155,right_iris-173,right_iris-157,right_iris-158,right_iris-159,right_iris-160,right_iris-161,right_iris-246
32.14031735997639,30.14962686336267,26.476404589747453,22.80350850198276,17.0,8.54400374531753,11.31370849898476,20.8806130178211,28.442925306655784,28.0,20.396078054371134,10.0,8.06225774829855,15.811388300841896,23.08679276123039,27.018512172212592
