right_iris-133,right_iris-33,right_iris-7,right_iris-163,right_iris-144,right_iris-145,right_iris-153,right_iris-154,right_iris-155,right_iris-173,right_iris-157,right_iris-158,right_iris-159,right_iris-160,right_iris-161,right_iris-246
32.2490309931942,26.1725046566048,22.0,17.11724276862369,10.770329614269007,6.0,13.038404810405298,21.840329667841555,28.442925306655784,29.068883707497267,21.02379604162864,10.44030650891055,5.0,11.180339887498947,17.46424919657298,22.360679774997894
