right_iris-133,right_iris-33,right_iris-7,right_iris-163,right_iris-144,right_iris-145,right_iris-153,right_iris-154,right_iris-155,right_iris-173,right_iris-157,right_iris-158,right_iris-159,right_iris-160,right_iris-161,right_iris-246
22.02271554554524,23.53720459187964,19.924858845171276,15.231546211727816,10.0,6.0,9.433981132056603,15.297058540778355,19.1049731745428,19.1049731745428,13.601470508735444,7.0710678118654755,5.830951894845301,11.40175425099138,17.0,20.223748416156685
