right_iris-133,right_iris-33,right_iris-7,right_iris-163,right_iris-144,right_iris-145,right_iris-153,right_iris-154,right_iris-155,right_iris-173,right_iris-157,right_iris-158,right_iris-159,right_iris-160,right_iris-161,right_iris-246
22.561028345356956,24.186773244895647,21.0,17.11724276862369,12.649110640673518,7.211102550927978,8.602325267042627,14.317821063276352,19.924858845171276,20.09975124224178,14.142135623730953,7.810249675906654,7.280109889280518,13.038404810405298,17.72004514666935,20.396078054371134
