right_iris-133,right_iris-33,right_iris-7,right_iris-163,right_iris-144,right_iris-145,right_iris-153,right_iris-154,right_iris-155,right_iris-173,right_iris-157,right_iris-158,right_iris-159,right_iris-160,right_iris-161,right_iris-246
35.22782990761707,29.154759474226505,25.0,20.591260281974,15.620499351813308,12.16552506059644,17.204650534085253,25.0,31.400636936215164,30.0,21.840329667841555,12.041594578792296,10.770329614269007,16.55294535724685,22.20360331117452,26.0
