right_iris-133,right_iris-33,right_iris-7,right_iris-163,right_iris-144,right_iris-145,right_iris-153,right_iris-154,right_iris-155,right_iris-173,right_iris-157,right_iris-158,right_iris-159,right_iris-160,right_iris-161,right_iris-246
43.28972164382672,35.22782990761707,30.083217912982647,24.166091947189145,17.69180601295413,13.038404810405298,18.601075237738275,30.083217912982647,38.63935817272331,37.013511046643494,26.30589287593181,13.601470508735444,8.54400374531753,17.72004514666935,26.076809620810597,31.016124838541646
