right_iris-133,right_iris-33,right_iris-7,right_iris-163,right_iris-144,right_iris-145,right_iris-153,right_iris-154,right_iris-155,right_iris-173,right_iris-157,right_iris-158,right_iris-159,right_iris-160,right_iris-161,right_iris-246
39.6232255123179,35.12833614050059,29.120439557122072,24.186773244895647,18.601075237738275,15.297058540778355,20.0,29.410882339705484,36.87817782917155,34.058772731852805,23.769728648009423,12.806248474865695,11.6619037896906,20.248456731316587,27.16615541441225,32.0
