right_iris-133,right_iris-33,right_iris-7,right_iris-163,right_iris-144,right_iris-145,right_iris-153,right_iris-154,right_iris-155,right_iris-173,right_iris-157,right_iris-158,right_iris-159,right_iris-160,right_iris-161,right_iris-246
34.058772731852805,26.076809620810597,21.587033144922906,18.027756377319943,12.041594578792296,9.055385138137416,14.422205101855956,23.53720459187964,30.265491900843113,30.0,22.360679774997894,12.529964086141668,6.082762530298219,10.770329614269007,18.110770276274835,22.0
