right_iris-133,right_iris-33,right_iris-7,right_iris-163,right_iris-144,right_iris-145,right_iris-153,right_iris-154,right_iris-155,right_iris-173,right_iris-157,right_iris-158,right_iris-159,right_iris-160,right_iris-161,right_iris-246
28.0,25.0,20.09975124224178,15.297058540778355,8.94427190999916,4.47213595499958,11.40175425099138,20.024984394500787,25.019992006393608,25.019992006393608,19.1049731745428,9.219544457292889,1.0,10.04987562112089,17.0,21.0
