right_iris-133,right_iris-33,right_iris-7,right_iris-163,right_iris-144,right_iris-145,right_iris-153,right_iris-154,right_iris-155,right_iris-173,right_iris-157,right_iris-158,right_iris-159,right_iris-160,right_iris-161,right_iris-246
30.066592756745816,21.587033144922906,17.46424919657298,13.038404810405298,8.602325267042627,7.810249675906654,14.560219778561036,21.095023109728988,27.0,26.30589287593181,19.924858845171276,12.206555615733702,6.324555320336759,8.06225774829855,14.0,17.11724276862369
