right_iris-133,right_iris-33,right_iris-7,right_iris-163,right_iris-144,right_iris-145,right_iris-153,right_iris-154,right_iris-155,right_iris-173,right_iris-157,right_iris-158,right_iris-159,right_iris-160,right_iris-161,right_iris-246
29.017236257093817,25.70992026436488,21.840329667841555,17.08800749063506,10.295630140987,4.123105625617661,10.44030650891055,19.026297590440446,26.0,25.179356624028344,18.439088914585778,9.433981132056603,4.123105625617661,11.04536101718726,18.110770276274835,22.360679774997894
