right_iris-133,right_iris-33,right_iris-7,right_iris-163,right_iris-144,right_iris-145,right_iris-153,right_iris-154,right_iris-155,right_iris-173,right_iris-157,right_iris-158,right_iris-159,right_iris-160,right_iris-161,right_iris-246
27.018512172212592,22.80350850198276,19.697715603592208,16.64331697709324,12.041594578792296,9.219544457292889,13.038404810405298,19.4164878389476,24.08318915758459,23.08679276123039,16.76305461424021,8.48528137423857,5.830951894845301,12.16552506059644,17.029386365926403,20.396078054371134
