right_iris-133,right_iris-33,right_iris-7,right_iris-163,right_iris-144,right_iris-145,right_iris-153,right_iris-154,right_iris-155,right_iris-173,right_iris-157,right_iris-158,right_iris-159,right_iris-160,right_iris-161,right_iris-246
22.360679774997894,19.026297590440446,16.492422502470642,13.41640786499874,9.899494936611664,7.0710678118654755,10.63014581273465,15.811388300841896,20.615528128088304,20.09975124224178,14.142135623730953,7.211102550927978,5.385164807134504,10.770329614269007,14.142135623730953,17.0
