right_iris-133,right_iris-33,right_iris-7,right_iris-163,right_iris-144,right_iris-145,right_iris-153,right_iris-154,right_iris-155,right_iris-173,right_iris-157,right_iris-158,right_iris-159,right_iris-160,right_iris-161,right_iris-246
27.16615541441225,21.213203435596427,17.72004514666935,15.652475842498529,11.31370849898476,8.06225774829855,12.206555615733702,19.6468827043885,24.331050121192877,24.0,17.46424919657298,9.219544457292889,6.324555320336759,11.704699910719626,16.0312195418814,19.026297590440446
