right_iris-133,right_iris-33,right_iris-7,right_iris-163,right_iris-144,right_iris-145,right_iris-153,right_iris-154,right_iris-155,right_iris-173,right_iris-157,right_iris-158,right_iris-159,right_iris-160,right_iris-161,right_iris-246
32.0,23.08679276123039,20.09975124224178,15.524174696260024,10.0,7.615773105863909,14.866068747318506,24.08318915758459,29.017236257093817,28.0713376952364,21.587033144922906,11.180339887498947,5.0990195135927845,12.649110640673518,18.24828759089466,21.095023109728988
