right_iris-133,right_iris-33,right_iris-7,right_iris-163,right_iris-144,right_iris-145,right_iris-153,right_iris-154,right_iris-155,right_iris-173,right_iris-157,right_iris-158,right_iris-159,right_iris-160,right_iris-161,right_iris-246
26.30589287593181,21.02379604162864,17.029386365926403,13.341664064126334,9.433981132056603,6.082762530298219,11.6619037896906,18.68154169226941,24.331050121192877,23.08679276123039,17.029386365926403,8.54400374531753,4.123105625617661,9.848857801796104,15.297058540778355,18.110770276274835
