right_iris-133,right_iris-33,right_iris-7,right_iris-163,right_iris-144,right_iris-145,right_iris-153,right_iris-154,right_iris-155,right_iris-173,right_iris-157,right_iris-158,right_iris-159,right_iris-160,right_iris-161,right_iris-246
33.13608305156178,27.16615541441225,22.80350850198276,19.313207915827967,14.212670403551895,10.0,14.212670403551895,22.80350850198276,29.274562336608895,29.0,21.587033144922906,12.041594578792296,8.246211251235321,13.92838827718412,20.09975124224178,24.020824298928627
