right_iris-133,right_iris-33,right_iris-7,right_iris-163,right_iris-144,right_iris-145,right_iris-153,right_iris-154,right_iris-155,right_iris-173,right_iris-157,right_iris-158,right_iris-159,right_iris-160,right_iris-161,right_iris-246
32.2490309931942,26.1725046566048,21.840329667841555,18.788294228055936,14.142135623730953,10.04987562112089,15.0,22.80350850198276,29.42787793912432,28.0178514522438,20.396078054371134,10.0,6.708203932499369,13.601470508735444,20.024984394500787,23.021728866442675
