right_iris-133,right_iris-33,right_iris-7,right_iris-163,right_iris-144,right_iris-145,right_iris-153,right_iris-154,right_iris-155,right_iris-173,right_iris-157,right_iris-158,right_iris-159,right_iris-160,right_iris-161,right_iris-246
21.095023109728988,18.24828759089466,15.811388300841896,13.41640786499874,9.899494936611664,8.0,9.899494936611664,14.866068747318506,18.24828759089466,18.0,13.341664064126334,6.4031242374328485,4.47213595499958,9.486832980505138,14.0,16.0312195418814
