right_iris-133,right_iris-33,right_iris-7,right_iris-163,right_iris-144,right_iris-145,right_iris-153,right_iris-154,right_iris-155,right_iris-173,right_iris-157,right_iris-158,right_iris-159,right_iris-160,right_iris-161,right_iris-246
24.186773244895647,29.068883707497267,24.331050121192877,20.615528128088304,14.7648230602334,7.615773105863909,8.48528137423857,15.811388300841896,21.37755832643195,21.0,14.560219778561036,7.211102550927978,8.48528137423857,16.492422502470642,22.02271554554524,26.019223662515376
