right_iris-133,right_iris-33,right_iris-7,right_iris-163,right_iris-144,right_iris-145,right_iris-153,right_iris-154,right_iris-155,right_iris-173,right_iris-157,right_iris-158,right_iris-159,right_iris-160,right_iris-161,right_iris-246
33.54101966249684,23.021728866442675,18.110770276274835,14.560219778561036,9.219544457292889,8.54400374531753,15.264337522473747,24.041630560342615,29.832867780352597,30.14962686336267,23.0,12.36931687685298,5.0,8.06225774829855,14.317821063276352,19.1049731745428
