right_iris-133,right_iris-33,right_iris-7,right_iris-163,right_iris-144,right_iris-145,right_iris-153,right_iris-154,right_iris-155,right_iris-173,right_iris-157,right_iris-158,right_iris-159,right_iris-160,right_iris-161,right_iris-246
31.0,22.360679774997894,18.027756377319943,15.264337522473747,10.0,8.94427190999916,15.231546211727816,22.20360331117452,28.0713376952364,27.073972741361768,19.6468827043885,10.816653826391969,5.385164807134504,11.40175425099138,17.0,20.09975124224178
