right_iris-133,right_iris-33,right_iris-7,right_iris-163,right_iris-144,right_iris-145,right_iris-153,right_iris-154,right_iris-155,right_iris-173,right_iris-157,right_iris-158,right_iris-159,right_iris-160,right_iris-161,right_iris-246
30.4138126514911,27.018512172212592,22.360679774997894,18.027756377319943,12.806248474865695,9.0,12.806248474865695,21.840329667841555,27.459060435491963,27.073972741361768,19.1049731745428,8.94427190999916,5.0,13.341664064126334,20.024984394500787,24.0
