right_iris-133,right_iris-33,right_iris-7,right_iris-163,right_iris-144,right_iris-145,right_iris-153,right_iris-154,right_iris-155,right_iris-173,right_iris-157,right_iris-158,right_iris-159,right_iris-160,right_iris-161,right_iris-246
21.840329667841555,17.11724276862369,14.0356688476182,11.180339887498947,8.06225774829855,6.0,9.899494936611664,15.652475842498529,19.313207915827967,19.4164878389476,14.0,7.615773105863909,4.0,8.06225774829855,12.649110640673518,15.297058540778355
