right_iris-133,right_iris-33,right_iris-7,right_iris-163,right_iris-144,right_iris-145,right_iris-153,right_iris-154,right_iris-155,right_iris-173,right_iris-157,right_iris-158,right_iris-159,right_iris-160,right_iris-161,right_iris-246
31.144823004794873,20.223748416156685,17.08800749063506,14.422205101855956,10.295630140987,10.770329614269007,15.264337522473747,22.80350850198276,28.442925306655784,28.0,21.37755832643195,13.038404810405298,8.06225774829855,10.0,14.142135623730953,18.0
