right_iris-133,right_iris-33,right_iris-7,right_iris-163,right_iris-144,right_iris-145,right_iris-153,right_iris-154,right_iris-155,right_iris-173,right_iris-157,right_iris-158,right_iris-159,right_iris-160,right_iris-161,right_iris-246
37.656340767525464,29.017236257093817,24.515301344262525,20.248456731316587,14.212670403551895,10.04987562112089,16.401219466856727,26.248809496813376,33.95585369269929,33.13608305156178,23.194827009486403,12.206555615733702,8.246211251235321,15.231546211727816,22.20360331117452,26.019223662515376
