right_iris-133,right_iris-33,right_iris-7,right_iris-163,right_iris-144,right_iris-145,right_iris-153,right_iris-154,right_iris-155,right_iris-173,right_iris-157,right_iris-158,right_iris-159,right_iris-160,right_iris-161,right_iris-246
32.0,22.20360331117452,17.46424919657298,13.0,7.0710678118654755,7.0710678118654755,14.560219778561036,23.08679276123039,29.017236257093817,29.068883707497267,22.20360331117452,12.649110640673518,5.656854249492381,6.324555320336759,13.0,18.110770276274835
