right_iris-133,right_iris-33,right_iris-7,right_iris-163,right_iris-144,right_iris-145,right_iris-153,right_iris-154,right_iris-155,right_iris-173,right_iris-157,right_iris-158,right_iris-159,right_iris-160,right_iris-161,right_iris-246
30.4138126514911,25.079872407968907,20.615528128088304,16.15549442140351,12.041594578792296,8.06225774829855,13.601470508735444,21.840329667841555,27.459060435491963,27.073972741361768,19.1049731745428,10.295630140987,5.0990195135927845,12.649110640673518,18.027756377319943,22.02271554554524
