right_iris-133,right_iris-33,right_iris-7,right_iris-163,right_iris-144,right_iris-145,right_iris-153,right_iris-154,right_iris-155,right_iris-173,right_iris-157,right_iris-158,right_iris-159,right_iris-160,right_iris-161,right_iris-246
30.80584360149873,27.018512172212592,23.194827009486403,19.924858845171276,15.264337522473747,10.44030650891055,13.601470508735444,21.02379604162864,27.202941017470888,27.16615541441225,19.1049731745428,10.816653826391969,7.280109889280518,14.7648230602334,20.615528128088304,24.186773244895647
