right_iris-133,right_iris-33,right_iris-7,right_iris-163,right_iris-144,right_iris-145,right_iris-153,right_iris-154,right_iris-155,right_iris-173,right_iris-157,right_iris-158,right_iris-159,right_iris-160,right_iris-161,right_iris-246
32.7566787083184,29.0,24.186773244895647,19.6468827043885,14.422205101855956,9.055385138137416,13.45362404707371,22.47220505424423,29.120439557122072,29.154759474226505,21.095023109728988,10.816653826391969,8.06225774829855,14.317821063276352,20.396078054371134,25.079872407968907
