right_iris-133,right_iris-33,right_iris-7,right_iris-163,right_iris-144,right_iris-145,right_iris-153,right_iris-154,right_iris-155,right_iris-173,right_iris-157,right_iris-158,right_iris-159,right_iris-160,right_iris-161,right_iris-246
27.65863337187866,26.019223662515376,22.360679774997894,18.973665961010276,14.422205101855956,9.219544457292889,12.041594578792296,18.384776310850235,24.041630560342615,24.08318915758459,16.1245154965971,7.810249675906654,6.708203932499369,13.601470508735444,19.1049731745428,23.0
