right_iris-133,right_iris-33,right_iris-7,right_iris-163,right_iris-144,right_iris-145,right_iris-153,right_iris-154,right_iris-155,right_iris-173,right_iris-157,right_iris-158,right_iris-159,right_iris-160,right_iris-161,right_iris-246
31.32091952673165,37.013511046643494,32.55764119219941,27.51363298439521,21.633307652783937,14.866068747318506,14.7648230602334,21.95449840010015,27.85677655436824,26.30589287593181,16.492422502470642,9.486832980505138,14.142135623730953,23.08679276123039,29.274562336608895,33.015148038438355
