right_iris-133,right_iris-33,right_iris-7,right_iris-163,right_iris-144,right_iris-145,right_iris-153,right_iris-154,right_iris-155,right_iris-173,right_iris-157,right_iris-158,right_iris-159,right_iris-160,right_iris-161,right_iris-246
38.897300677553446,33.015148038438355,27.16615541441225,22.80350850198276,16.401219466856727,12.041594578792296,16.97056274847714,27.730849247724095,36.05551275463989,33.734255586866,24.0,11.180339887498947,7.615773105863909,17.08800749063506,24.331050121192877,29.154759474226505
