right_iris-133,right_iris-33,right_iris-7,right_iris-163,right_iris-144,right_iris-145,right_iris-153,right_iris-154,right_iris-155,right_iris-173,right_iris-157,right_iris-158,right_iris-159,right_iris-160,right_iris-161,right_iris-246
29.832867780352597,35.35533905932738,31.04834939252005,26.92582403567252,20.808652046684813,14.317821063276352,13.41640786499874,19.72308292331602,26.570660511172846,25.079872407968907,17.72004514666935,9.848857801796104,12.806248474865695,21.18962010041709,27.073972741361768,31.064449134018133
