right_iris-133,right_iris-33,right_iris-7,right_iris-163,right_iris-144,right_iris-145,right_iris-153,right_iris-154,right_iris-155,right_iris-173,right_iris-157,right_iris-158,right_iris-159,right_iris-160,right_iris-161,right_iris-246
33.37663853655727,20.024984394500787,15.524174696260024,12.083045973594572,8.06225774829855,8.602325267042627,16.55294535724685,24.73863375370596,30.59411708155671,30.066592756745816,23.08679276123039,13.92838827718412,6.708203932499369,8.602325267042627,13.152946437965904,17.0
