right_iris-133,right_iris-33,right_iris-7,right_iris-163,right_iris-144,right_iris-145,right_iris-153,right_iris-154,right_iris-155,right_iris-173,right_iris-157,right_iris-158,right_iris-159,right_iris-160,right_iris-161,right_iris-246
27.65863337187866,26.019223662515376,22.09072203437452,17.46424919657298,13.038404810405298,9.055385138137416,12.041594578792296,19.313207915827967,25.0,24.186773244895647,18.027756377319943,8.94427190999916,5.385164807134504,13.0,18.439088914585778,22.09072203437452
