right_iris-133,right_iris-33,right_iris-7,right_iris-163,right_iris-144,right_iris-145,right_iris-153,right_iris-154,right_iris-155,right_iris-173,right_iris-157,right_iris-158,right_iris-159,right_iris-160,right_iris-161,right_iris-246
28.284271247461906,20.09975124224178,16.76305461424021,14.422205101855956,11.40175425099138,10.198039027185567,14.212670403551895,19.924858845171276,25.495097567963924,25.019992006393608,18.439088914585778,11.40175425099138,7.0,10.295630140987,14.142135623730953,18.0
