right_iris-133,right_iris-33,right_iris-7,right_iris-163,right_iris-144,right_iris-145,right_iris-153,right_iris-154,right_iris-155,right_iris-173,right_iris-157,right_iris-158,right_iris-159,right_iris-160,right_iris-161,right_iris-246
26.0,23.345235059857504,21.18962010041709,17.88854381999832,14.142135623730953,10.04987562112089,11.31370849898476,17.72004514666935,23.08679276123039,23.194827009486403,17.08800749063506,10.63014581273465,7.615773105863909,13.0,18.027756377319943,21.02379604162864
