right_iris-133,right_iris-33,right_iris-7,right_iris-163,right_iris-144,right_iris-145,right_iris-153,right_iris-154,right_iris-155,right_iris-173,right_iris-157,right_iris-158,right_iris-159,right_iris-160,right_iris-161,right_iris-246
25.019992006393608,22.360679774997894,18.973665961010276,17.0,13.45362404707371,10.04987562112089,11.31370849898476,16.76305461424021,22.20360331117452,22.09072203437452,15.811388300841896,8.48528137423857,6.324555320336759,11.704699910719626,16.0312195418814,19.026297590440446
