right_iris-133,right_iris-33,right_iris-7,right_iris-163,right_iris-144,right_iris-145,right_iris-153,right_iris-154,right_iris-155,right_iris-173,right_iris-157,right_iris-158,right_iris-159,right_iris-160,right_iris-161,right_iris-246
34.52535300326414,25.079872407968907,21.37755832643195,17.08800749063506,12.041594578792296,9.055385138137416,15.0,24.35159132377184,30.80584360149873,30.14962686336267,22.09072203437452,13.0,5.0990195135927845,10.770329614269007,17.11724276862369,22.0
