right_iris-133,right_iris-33,right_iris-7,right_iris-163,right_iris-144,right_iris-145,right_iris-153,right_iris-154,right_iris-155,right_iris-173,right_iris-157,right_iris-158,right_iris-159,right_iris-160,right_iris-161,right_iris-246
29.274562336608895,18.110770276274835,15.231546211727816,12.806248474865695,10.770329614269007,11.180339887498947,15.811388300841896,21.840329667841555,27.459060435491963,26.019223662515376,20.396078054371134,13.038404810405298,8.246211251235321,9.219544457292889,13.341664064126334,16.0
