right_iris-133,right_iris-33,right_iris-7,right_iris-163,right_iris-144,right_iris-145,right_iris-153,right_iris-154,right_iris-155,right_iris-173,right_iris-157,right_iris-158,right_iris-159,right_iris-160,right_iris-161,right_iris-246
41.19465984809196,27.073972741361768,22.561028345356956,17.46424919657298,12.041594578792296,11.180339887498947,19.235384061671343,29.614185789921695,37.33630940518894,37.013511046643494,28.16025568065745,15.811388300841896,6.708203932499369,11.180339887498947,18.24828759089466,23.021728866442675
