right_iris-133,right_iris-33,right_iris-7,right_iris-163,right_iris-144,right_iris-145,right_iris-153,right_iris-154,right_iris-155,right_iris-173,right_iris-157,right_iris-158,right_iris-159,right_iris-160,right_iris-161,right_iris-246
23.021728866442675,18.439088914585778,15.811388300841896,12.083045973594572,7.810249675906654,5.385164807134504,9.848857801796104,16.278820596099706,20.09975124224178,20.024984394500787,14.317821063276352,7.211102550927978,4.47213595499958,9.219544457292889,14.0356688476182,16.278820596099706
