right_iris-133,right_iris-33,right_iris-7,right_iris-163,right_iris-144,right_iris-145,right_iris-153,right_iris-154,right_iris-155,right_iris-173,right_iris-157,right_iris-158,right_iris-159,right_iris-160,right_iris-161,right_iris-246
31.575306807693888,28.0713376952364,24.515301344262525,21.18962010041709,16.401219466856727,11.40175425099138,13.45362404707371,21.540659228538015,27.892651361962702,28.0713376952364,20.396078054371134,10.63014581273465,8.94427190999916,16.15549442140351,21.213203435596427,25.0
