right_iris-133,right_iris-33,right_iris-7,right_iris-163,right_iris-144,right_iris-145,right_iris-153,right_iris-154,right_iris-155,right_iris-173,right_iris-157,right_iris-158,right_iris-159,right_iris-160,right_iris-161,right_iris-246
26.1725046566048,23.194827009486403,19.6468827043885,16.15549442140351,12.041594578792296,8.0,11.40175425099138,18.68154169226941,23.345235059857504,23.0,16.492422502470642,9.219544457292889,6.708203932499369,12.36931687685298,17.029386365926403,20.024984394500787
