right_iris-133,right_iris-33,right_iris-7,right_iris-163,right_iris-144,right_iris-145,right_iris-153,right_iris-154,right_iris-155,right_iris-173,right_iris-157,right_iris-158,right_iris-159,right_iris-160,right_iris-161,right_iris-246
33.37663853655727,24.186773244895647,20.248456731316587,16.64331697709324,11.6619037896906,10.770329614269007,16.1245154965971,24.73863375370596,30.4138126514911,29.017236257093817,22.360679774997894,13.038404810405298,7.0,12.083045973594572,17.11724276862369,21.02379604162864
