right_iris-133,right_iris-33,right_iris-7,right_iris-163,right_iris-144,right_iris-145,right_iris-153,right_iris-154,right_iris-155,right_iris-173,right_iris-157,right_iris-158,right_iris-159,right_iris-160,right_iris-161,right_iris-246
27.018512172212592,23.769728648009423,20.615528128088304,16.1245154965971,11.31370849898476,8.06225774829855,11.6619037896906,18.439088914585778,24.186773244895647,24.020824298928627,17.26267650163207,8.602325267042627,4.47213595499958,11.04536101718726,17.11724276862369,20.396078054371134
