right_iris-133,right_iris-33,right_iris-7,right_iris-163,right_iris-144,right_iris-145,right_iris-153,right_iris-154,right_iris-155,right_iris-173,right_iris-157,right_iris-158,right_iris-159,right_iris-160,right_iris-161,right_iris-246
26.076809620810597,19.235384061671343,15.811388300841896,13.038404810405298,9.433981132056603,8.54400374531753,12.529964086141668,19.4164878389476,24.08318915758459,23.021728866442675,16.492422502470642,9.219544457292889,6.082762530298219,10.44030650891055,14.0356688476182,17.029386365926403
