right_iris-133,right_iris-33,right_iris-7,right_iris-163,right_iris-144,right_iris-145,right_iris-153,right_iris-154,right_iris-155,right_iris-173,right_iris-157,right_iris-158,right_iris-159,right_iris-160,right_iris-161,right_iris-246
19.0,18.110770276274835,15.132745950421556,11.180339887498947,6.324555320336759,2.23606797749979,8.246211251235321,14.0356688476182,17.029386365926403,18.0,13.0,7.0,1.4142135623730951,6.082762530298219,11.04536101718726,15.033296378372908
