right_iris-133,right_iris-33,right_iris-7,right_iris-163,right_iris-144,right_iris-145,right_iris-153,right_iris-154,right_iris-155,right_iris-173,right_iris-157,right_iris-158,right_iris-159,right_iris-160,right_iris-161,right_iris-246
33.24154027718932,26.248809496813376,20.615528128088304,16.1245154965971,9.899494936611664,6.4031242374328485,14.142135623730953,23.0,29.068883707497267,29.42787793912432,22.80350850198276,12.083045973594572,4.123105625617661,9.055385138137416,16.278820596099706,21.587033144922906
