right_iris-133,right_iris-33,right_iris-7,right_iris-163,right_iris-144,right_iris-145,right_iris-153,right_iris-154,right_iris-155,right_iris-173,right_iris-157,right_iris-158,right_iris-159,right_iris-160,right_iris-161,right_iris-246
36.345563690772494,27.073972741361768,22.20360331117452,18.384776310850235,14.212670403551895,12.36931687685298,17.204650534085253,27.202941017470888,33.54101966249684,32.01562118716424,23.345235059857504,12.806248474865695,9.486832980505138,15.652475842498529,21.587033144922906,24.186773244895647
