right_iris-133,right_iris-33,right_iris-7,right_iris-163,right_iris-144,right_iris-145,right_iris-153,right_iris-154,right_iris-155,right_iris-173,right_iris-157,right_iris-158,right_iris-159,right_iris-160,right_iris-161,right_iris-246
25.0,25.70992026436488,22.135943621178654,18.384776310850235,13.601470508735444,7.280109889280518,9.219544457292889,15.297058540778355,21.095023109728988,21.213203435596427,15.231546211727816,8.06225774829855,8.06225774829855,13.601470508735444,19.0,22.20360331117452
