right_iris-133,right_iris-33,right_iris-7,right_iris-163,right_iris-144,right_iris-145,right_iris-153,right_iris-154,right_iris-155,right_iris-173,right_iris-157,right_iris-158,right_iris-159,right_iris-160,right_iris-161,right_iris-246
22.02271554554524,26.68332812825267,24.698178070456937,21.470910553583888,17.69180601295413,12.649110640673518,11.180339887498947,14.317821063276352,19.235384061671343,19.1049731745428,13.41640786499874,8.246211251235321,9.899494936611664,16.492422502470642,21.0,24.186773244895647
