right_iris-133,right_iris-33,right_iris-7,right_iris-163,right_iris-144,right_iris-145,right_iris-153,right_iris-154,right_iris-155,right_iris-173,right_iris-157,right_iris-158,right_iris-159,right_iris-160,right_iris-161,right_iris-246
27.459060435491963,21.095023109728988,17.72004514666935,13.41640786499874,10.0,8.54400374531753,13.601470508735444,20.248456731316587,25.70992026436488,25.079872407968907,18.027756377319943,10.770329614269007,5.0990195135927845,8.94427190999916,14.0356688476182,18.0
