right_iris-133,right_iris-33,right_iris-7,right_iris-163,right_iris-144,right_iris-145,right_iris-153,right_iris-154,right_iris-155,right_iris-173,right_iris-157,right_iris-158,right_iris-159,right_iris-160,right_iris-161,right_iris-246
37.36308338453881,33.06055050963308,28.0713376952364,22.561028345356956,14.7648230602334,9.055385138137416,14.866068747318506,25.079872407968907,32.89376840679705,32.55764119219941,23.08679276123039,13.038404810405298,10.198039027185567,17.4928556845359,24.73863375370596,29.274562336608895
