right_iris-133,right_iris-33,right_iris-7,right_iris-163,right_iris-144,right_iris-145,right_iris-153,right_iris-154,right_iris-155,right_iris-173,right_iris-157,right_iris-158,right_iris-159,right_iris-160,right_iris-161,right_iris-246
31.32091952673165,40.19950248448356,35.0,30.066592756745816,23.53720459187964,12.806248474865695,10.44030650891055,19.235384061671343,27.51363298439521,26.476404589747453,18.027756377319943,7.211102550927978,12.806248474865695,24.35159132377184,31.575306807693888,36.345563690772494
