right_iris-133,right_iris-33,right_iris-7,right_iris-163,right_iris-144,right_iris-145,right_iris-153,right_iris-154,right_iris-155,right_iris-173,right_iris-157,right_iris-158,right_iris-159,right_iris-160,right_iris-161,right_iris-246
29.274562336608895,26.076809620810597,21.587033144922906,17.46424919657298,12.727922061357855,9.055385138137416,13.038404810405298,21.587033144922906,26.30589287593181,25.019992006393608,17.46424919657298,8.48528137423857,7.810249675906654,15.524174696260024,21.02379604162864,24.0
