right_iris-133,right_iris-33,right_iris-7,right_iris-163,right_iris-144,right_iris-145,right_iris-153,right_iris-154,right_iris-155,right_iris-173,right_iris-157,right_iris-158,right_iris-159,right_iris-160,right_iris-161,right_iris-246
30.01666203960727,23.194827009486403,18.68154169226941,14.317821063276352,9.219544457292889,8.06225774829855,13.92838827718412,21.213203435596427,27.018512172212592,27.16615541441225,20.396078054371134,11.180339887498947,5.0990195135927845,8.54400374531753,15.033296378372908,19.026297590440446
