right_iris-133,right_iris-33,right_iris-7,right_iris-163,right_iris-144,right_iris-145,right_iris-153,right_iris-154,right_iris-155,right_iris-173,right_iris-157,right_iris-158,right_iris-159,right_iris-160,right_iris-161,right_iris-246
32.28002478313795,35.510561809129406,31.064449134018133,27.018512172212592,20.396078054371134,11.31370849898476,11.180339887498947,19.72308292331602,27.85677655436824,27.459060435491963,19.026297590440446,9.219544457292889,10.816653826391969,21.02379604162864,28.16025568065745,32.7566787083184
