right_iris-133,right_iris-33,right_iris-7,right_iris-163,right_iris-144,right_iris-145,right_iris-153,right_iris-154,right_iris-155,right_iris-173,right_iris-157,right_iris-158,right_iris-159,right_iris-160,right_iris-161,right_iris-246
31.064449134018133,18.027756377319943,14.317821063276352,10.295630140987,6.708203932499369,8.48528137423857,15.811388300841896,23.194827009486403,28.16025568065745,28.0,21.213203435596427,13.0,6.4031242374328485,6.4031242374328485,11.180339887498947,15.0
