right_iris-133,right_iris-33,right_iris-7,right_iris-163,right_iris-144,right_iris-145,right_iris-153,right_iris-154,right_iris-155,right_iris-173,right_iris-157,right_iris-158,right_iris-159,right_iris-160,right_iris-161,right_iris-246
34.785054261852174,34.058772731852805,29.068883707497267,24.515301344262525,17.88854381999832,11.704699910719626,14.212670403551895,23.70653918225939,31.016124838541646,29.614185789921695,20.024984394500787,9.899494936611664,10.295630140987,19.697715603592208,26.476404589747453,31.144823004794873
