right_iris-133,right_iris-33,right_iris-7,right_iris-163,right_iris-144,right_iris-145,right_iris-153,right_iris-154,right_iris-155,right_iris-173,right_iris-157,right_iris-158,right_iris-159,right_iris-160,right_iris-161,right_iris-246
28.16025568065745,25.179356624028344,20.615528128088304,16.76305461424021,10.816653826391969,7.0,11.6619037896906,19.6468827043885,25.317977802344327,24.020824298928627,17.26267650163207,8.06225774829855,5.385164807134504,12.36931687685298,18.0,22.02271554554524
