right_iris-133,right_iris-33,right_iris-7,right_iris-163,right_iris-144,right_iris-145,right_iris-153,right_iris-154,right_iris-155,right_iris-173,right_iris-157,right_iris-158,right_iris-159,right_iris-160,right_iris-161,right_iris-246
38.27531841800928,32.2490309931942,27.018512172212592,21.37755832643195,15.264337522473747,12.041594578792296,17.69180601295413,27.29468812791236,34.539832078341085,33.95585369269929,24.0,12.529964086141668,8.246211251235321,17.4928556845359,24.041630560342615,28.635642126552707
