right_iris-133,right_iris-33,right_iris-7,right_iris-163,right_iris-144,right_iris-145,right_iris-153,right_iris-154,right_iris-155,right_iris-173,right_iris-157,right_iris-158,right_iris-159,right_iris-160,right_iris-161,right_iris-246
28.16025568065745,26.019223662515376,22.360679774997894,19.313207915827967,15.0,10.198039027185567,12.806248474865695,19.235384061671343,25.632011235952593,23.345235059857504,16.1245154965971,8.48528137423857,7.211102550927978,14.866068747318506,20.09975124224178,23.0
