right_iris-133,right_iris-33,right_iris-7,right_iris-163,right_iris-144,right_iris-145,right_iris-153,right_iris-154,right_iris-155,right_iris-173,right_iris-157,right_iris-158,right_iris-159,right_iris-160,right_iris-161,right_iris-246
33.24154027718932,26.076809620810597,21.095023109728988,17.72004514666935,12.806248474865695,10.0,15.556349186104043,23.259406699226016,29.732137494637012,29.614185789921695,22.02271554554524,11.40175425099138,6.082762530298219,11.6619037896906,18.68154169226941,22.360679774997894
