right_iris-133,right_iris-33,right_iris-7,right_iris-163,right_iris-144,right_iris-145,right_iris-153,right_iris-154,right_iris-155,right_iris-173,right_iris-157,right_iris-158,right_iris-159,right_iris-160,right_iris-161,right_iris-246
33.13608305156178,25.079872407968907,20.615528128088304,16.15549442140351,10.63014581273465,8.54400374531753,14.7648230602334,23.53720459187964,29.274562336608895,29.0,22.360679774997894,13.41640786499874,7.0710678118654755,11.180339887498947,17.11724276862369,22.0
