right_iris-133,right_iris-33,right_iris-7,right_iris-163,right_iris-144,right_iris-145,right_iris-153,right_iris-154,right_iris-155,right_iris-173,right_iris-157,right_iris-158,right_iris-159,right_iris-160,right_iris-161,right_iris-246
34.058772731852805,37.12142238654117,31.575306807693888,25.96150997149434,19.235384061671343,10.770329614269007,12.041594578792296,21.840329667841555,30.265491900843113,29.068883707497267,20.248456731316587,11.180339887498947,12.806248474865695,21.840329667841555,29.154759474226505,33.0
