right_iris-133,right_iris-33,right_iris-7,right_iris-163,right_iris-144,right_iris-145,right_iris-153,right_iris-154,right_iris-155,right_iris-173,right_iris-157,right_iris-158,right_iris-159,right_iris-160,right_iris-161,right_iris-246
36.87817782917155,36.05551275463989,30.4138126514911,25.0,17.4928556845359,11.180339887498947,14.866068747318506,25.632011235952593,33.24154027718932,32.14031735997639,23.194827009486403,12.041594578792296,10.770329614269007,19.697715603592208,27.29468812791236,32.01562118716424
