right_iris-133,right_iris-33,right_iris-7,right_iris-163,right_iris-144,right_iris-145,right_iris-153,right_iris-154,right_iris-155,right_iris-173,right_iris-157,right_iris-158,right_iris-159,right_iris-160,right_iris-161,right_iris-246
24.35159132377184,22.20360331117452,19.0,16.1245154965971,11.180339887498947,7.280109889280518,10.63014581273465,17.0,22.47220505424423,21.587033144922906,15.033296378372908,6.324555320336759,5.385164807134504,12.083045973594572,16.492422502470642,20.396078054371134
