right_iris-133,right_iris-33,right_iris-7,right_iris-163,right_iris-144,right_iris-145,right_iris-153,right_iris-154,right_iris-155,right_iris-173,right_iris-157,right_iris-158,right_iris-159,right_iris-160,right_iris-161,right_iris-246
31.575306807693888,24.331050121192877,20.248456731316587,17.0,12.041594578792296,10.198039027185567,15.0,22.135943621178654,27.892651361962702,27.073972741361768,20.09975124224178,10.295630140987,6.082762530298219,11.40175425099138,18.0,21.095023109728988
