right_iris-133,right_iris-33,right_iris-7,right_iris-163,right_iris-144,right_iris-145,right_iris-153,right_iris-154,right_iris-155,right_iris-173,right_iris-157,right_iris-158,right_iris-159,right_iris-160,right_iris-161,right_iris-246
34.058772731852805,26.30589287593181,21.840329667841555,18.384776310850235,12.806248474865695,7.0710678118654755,13.0,23.08679276123039,30.0,30.265491900843113,23.08679276123039,12.806248474865695,8.06225774829855,13.0,19.026297590440446,23.021728866442675
