right_iris-133,right_iris-33,right_iris-7,right_iris-163,right_iris-144,right_iris-145,right_iris-153,right_iris-154,right_iris-155,right_iris-173,right_iris-157,right_iris-158,right_iris-159,right_iris-160,right_iris-161,right_iris-246
29.068883707497267,17.11724276862369,14.866068747318506,12.206555615733702,8.94427190999916,9.848857801796104,14.7648230602334,21.587033144922906,27.29468812791236,26.019223662515376,20.615528128088304,13.601470508735444,8.246211251235321,9.219544457292889,12.36931687685298,15.033296378372908
