right_iris-133,right_iris-33,right_iris-7,right_iris-163,right_iris-144,right_iris-145,right_iris-153,right_iris-154,right_iris-155,right_iris-173,right_iris-157,right_iris-158,right_iris-159,right_iris-160,right_iris-161,right_iris-246
33.13608305156178,24.020824298928627,20.396078054371134,16.55294535724685,12.041594578792296,10.44030650891055,15.811388300841896,23.769728648009423,30.265491900843113,29.0,21.587033144922906,12.041594578792296,9.219544457292889,13.892443989449804,18.439088914585778,22.20360331117452
