right_iris-133,right_iris-33,right_iris-7,right_iris-163,right_iris-144,right_iris-145,right_iris-153,right_iris-154,right_iris-155,right_iris-173,right_iris-157,right_iris-158,right_iris-159,right_iris-160,right_iris-161,right_iris-246
32.55764119219941,27.29468812791236,23.08679276123039,19.235384061671343,14.142135623730953,11.0,14.866068747318506,23.40939982143925,29.832867780352597,28.0713376952364,20.396078054371134,11.31370849898476,8.54400374531753,15.231546211727816,20.09975124224178,24.020824298928627
