right_iris-133,right_iris-33,right_iris-7,right_iris-163,right_iris-144,right_iris-145,right_iris-153,right_iris-154,right_iris-155,right_iris-173,right_iris-157,right_iris-158,right_iris-159,right_iris-160,right_iris-161,right_iris-246
27.073972741361768,21.213203435596427,17.72004514666935,14.317821063276352,10.63014581273465,8.06225774829855,12.206555615733702,18.68154169226941,24.331050121192877,24.0,17.26267650163207,9.433981132056603,5.0990195135927845,9.486832980505138,15.0,18.027756377319943
