right_iris-133,right_iris-33,right_iris-7,right_iris-163,right_iris-144,right_iris-145,right_iris-153,right_iris-154,right_iris-155,right_iris-173,right_iris-157,right_iris-158,right_iris-159,right_iris-160,right_iris-161,right_iris-246
32.55764119219941,23.0,19.4164878389476,16.15549442140351,11.31370849898476,9.219544457292889,15.0,23.08679276123039,28.861739379323623,28.16025568065745,21.02379604162864,11.704699910719626,5.0990195135927845,11.180339887498947,16.278820596099706,20.024984394500787
