right_iris-133,right_iris-33,right_iris-7,right_iris-163,right_iris-144,right_iris-145,right_iris-153,right_iris-154,right_iris-155,right_iris-173,right_iris-157,right_iris-158,right_iris-159,right_iris-160,right_iris-161,right_iris-246
35.4400902933387,32.14031735997639,27.073972741361768,22.561028345356956,16.64331697709324,12.36931687685298,15.620499351813308,24.596747752497688,31.953090617340916,30.4138126514911,22.360679774997894,14.142135623730953,12.16552506059644,18.601075237738275,24.35159132377184,28.442925306655784
