right_iris-133,right_iris-33,right_iris-7,right_iris-163,right_iris-144,right_iris-145,right_iris-153,right_iris-154,right_iris-155,right_iris-173,right_iris-157,right_iris-158,right_iris-159,right_iris-160,right_iris-161,right_iris-246
30.4138126514911,39.11521443121589,34.058772731852805,28.635642126552707,21.93171219946131,13.038404810405298,12.529964086141668,19.697715603592208,26.92582403567252,26.0,18.384776310850235,11.40175425099138,15.620499351813308,25.079872407968907,31.78049716414141,35.35533905932738
