right_iris-133,right_iris-33,right_iris-7,right_iris-163,right_iris-144,right_iris-145,right_iris-153,right_iris-154,right_iris-155,right_iris-173,right_iris-157,right_iris-158,right_iris-159,right_iris-160,right_iris-161,right_iris-246
29.274562336608895,23.345235059857504,19.924858845171276,16.55294535724685,11.31370849898476,8.06225774829855,13.038404810405298,20.8806130178211,26.476404589747453,25.019992006393608,18.24828759089466,8.602325267042627,5.830951894845301,12.36931687685298,18.027756377319943,21.095023109728988
