right_iris-133,right_iris-33,right_iris-7,right_iris-163,right_iris-144,right_iris-145,right_iris-153,right_iris-154,right_iris-155,right_iris-173,right_iris-157,right_iris-158,right_iris-159,right_iris-160,right_iris-161,right_iris-246
29.154759474226505,17.26267650163207,14.317821063276352,12.727922061357855,10.44030650891055,11.6619037896906,16.1245154965971,22.561028345356956,26.30589287593181,26.0,19.6468827043885,12.806248474865695,8.06225774829855,9.219544457292889,12.16552506059644,15.0
