right_iris-133,right_iris-33,right_iris-7,right_iris-163,right_iris-144,right_iris-145,right_iris-153,right_iris-154,right_iris-155,right_iris-173,right_iris-157,right_iris-158,right_iris-159,right_iris-160,right_iris-161,right_iris-246
36.22154055254967,30.265491900843113,25.96150997149434,21.93171219946131,15.620499351813308,11.0,15.0,24.041630560342615,32.38826948140329,32.0,23.345235059857504,12.206555615733702,7.280109889280518,14.866068747318506,22.09072203437452,26.019223662515376
