right_iris-133,right_iris-33,right_iris-7,right_iris-163,right_iris-144,right_iris-145,right_iris-153,right_iris-154,right_iris-155,right_iris-173,right_iris-157,right_iris-158,right_iris-159,right_iris-160,right_iris-161,right_iris-246
24.041630560342615,22.09072203437452,19.0,15.132745950421556,10.770329614269007,7.280109889280518,10.0,17.0,21.540659228538015,21.587033144922906,15.033296378372908,7.280109889280518,4.123105625617661,11.180339887498947,16.492422502470642,19.235384061671343
