right_iris-133,right_iris-33,right_iris-7,right_iris-163,right_iris-144,right_iris-145,right_iris-153,right_iris-154,right_iris-155,right_iris-173,right_iris-157,right_iris-158,right_iris-159,right_iris-160,right_iris-161,right_iris-246
35.510561809129406,21.02379604162864,17.11724276862369,12.649110640673518,8.48528137423857,8.94427190999916,17.0,25.0,31.575306807693888,32.14031735997639,24.020824298928627,14.317821063276352,6.4031242374328485,7.211102550927978,13.341664064126334,18.110770276274835
