right_iris-133,right_iris-33,right_iris-7,right_iris-163,right_iris-144,right_iris-145,right_iris-153,right_iris-154,right_iris-155,right_iris-173,right_iris-157,right_iris-158,right_iris-159,right_iris-160,right_iris-161,right_iris-246
37.656340767525464,33.24154027718932,28.861739379323623,23.40939982143925,16.401219466856727,11.04536101718726,15.620499351813308,26.570660511172846,33.95585369269929,33.13608305156178,23.194827009486403,12.206555615733702,8.54400374531753,17.08800749063506,25.079872407968907,29.017236257093817
