right_iris-133,right_iris-33,right_iris-7,right_iris-163,right_iris-144,right_iris-145,right_iris-153,right_iris-154,right_iris-155,right_iris-173,right_iris-157,right_iris-158,right_iris-159,right_iris-160,right_iris-161,right_iris-246
24.186773244895647,34.23448553724738,30.01666203960727,25.019992006393608,18.24828759089466,8.602325267042627,6.708203932499369,14.560219778561036,20.223748416156685,21.0,15.033296378372908,4.47213595499958,6.708203932499369,18.439088914585778,25.317977802344327,30.265491900843113
