right_iris-133,right_iris-33,right_iris-7,right_iris-163,right_iris-144,right_iris-145,right_iris-153,right_iris-154,right_iris-155,right_iris-173,right_iris-157,right_iris-158,right_iris-159,right_iris-160,right_iris-161,right_iris-246
36.6742416417845,30.0,26.476404589747453,21.540659228538015,17.029386365926403,13.038404810405298,16.97056274847714,26.0,33.24154027718932,31.144823004794873,22.360679774997894,12.727922061357855,10.770329614269007,17.88854381999832,23.53720459187964,27.073972741361768
