right_iris-133,right_iris-33,right_iris-7,right_iris-163,right_iris-144,right_iris-145,right_iris-153,right_iris-154,right_iris-155,right_iris-173,right_iris-157,right_iris-158,right_iris-159,right_iris-160,right_iris-161,right_iris-246
23.021728866442675,24.020824298928627,21.095023109728988,17.26267650163207,12.36931687685298,5.656854249492381,6.4031242374328485,14.317821063276352,19.1049731745428,20.0,14.142135623730953,5.830951894845301,4.242640687119285,12.36931687685298,18.110770276274835,21.0
