right_iris-133,right_iris-33,right_iris-7,right_iris-163,right_iris-144,right_iris-145,right_iris-153,right_iris-154,right_iris-155,right_iris-173,right_iris-157,right_iris-158,right_iris-159,right_iris-160,right_iris-161,right_iris-246
20.396078054371134,20.09975124224178,16.492422502470642,13.92838827718412,10.0,7.0710678118654755,8.48528137423857,13.92838827718412,18.68154169226941,18.110770276274835,12.16552506059644,7.0710678118654755,5.830951894845301,10.770329614269007,15.033296378372908,18.0
