right_iris-133,right_iris-33,right_iris-7,right_iris-163,right_iris-144,right_iris-145,right_iris-153,right_iris-154,right_iris-155,right_iris-173,right_iris-157,right_iris-158,right_iris-159,right_iris-160,right_iris-161,right_iris-246
25.70992026436488,32.2490309931942,28.635642126552707,25.0,18.788294228055936,11.40175425099138,8.94427190999916,15.652475842498529,23.08679276123039,22.09072203437452,14.142135623730953,5.830951894845301,10.0,19.4164878389476,26.0,29.068883707497267
