right_iris-133,right_iris-33,right_iris-7,right_iris-163,right_iris-144,right_iris-145,right_iris-153,right_iris-154,right_iris-155,right_iris-173,right_iris-157,right_iris-158,right_iris-159,right_iris-160,right_iris-161,right_iris-246
35.510561809129406,25.0,20.223748416156685,15.524174696260024,9.899494936611664,8.94427190999916,17.0,25.96150997149434,32.55764119219941,32.14031735997639,24.020824298928627,13.341664064126334,4.47213595499958,9.486832980505138,16.1245154965971,21.02379604162864
