right_iris-133,right_iris-33,right_iris-7,right_iris-163,right_iris-144,right_iris-145,right_iris-153,right_iris-154,right_iris-155,right_iris-173,right_iris-157,right_iris-158,right_iris-159,right_iris-160,right_iris-161,right_iris-246
32.2490309931942,24.186773244895647,19.924858845171276,16.1245154965971,12.206555615733702,10.44030650891055,15.264337522473747,22.80350850198276,29.42787793912432,28.0178514522438,21.37755832643195,12.206555615733702,8.06225774829855,12.529964086141668,18.110770276274835,22.02271554554524
