right_iris-133,right_iris-33,right_iris-7,right_iris-163,right_iris-144,right_iris-145,right_iris-153,right_iris-154,right_iris-155,right_iris-173,right_iris-157,right_iris-158,right_iris-159,right_iris-160,right_iris-161,right_iris-246
33.734255586866,29.0,25.495097567963924,21.540659228538015,16.278820596099706,12.041594578792296,15.556349186104043,23.769728648009423,31.04834939252005,29.154759474226505,20.223748416156685,9.899494936611664,9.433981132056603,17.08800749063506,23.194827009486403,27.073972741361768
