right_iris-133,right_iris-33,right_iris-7,right_iris-163,right_iris-144,right_iris-145,right_iris-153,right_iris-154,right_iris-155,right_iris-173,right_iris-157,right_iris-158,right_iris-159,right_iris-160,right_iris-161,right_iris-246
24.331050121192877,19.0,16.278820596099706,13.92838827718412,10.63014581273465,8.0,10.63014581273465,17.08800749063506,21.587033144922906,21.02379604162864,15.297058540778355,8.602325267042627,6.082762530298219,10.295630140987,14.317821063276352,17.029386365926403
