right_iris-133,right_iris-33,right_iris-7,right_iris-163,right_iris-144,right_iris-145,right_iris-153,right_iris-154,right_iris-155,right_iris-173,right_iris-157,right_iris-158,right_iris-159,right_iris-160,right_iris-161,right_iris-246
28.16025568065745,24.186773244895647,20.615528128088304,16.76305461424021,11.6619037896906,7.0710678118654755,10.816653826391969,18.68154169226941,25.317977802344327,25.019992006393608,18.027756377319943,8.246211251235321,2.23606797749979,11.04536101718726,17.029386365926403,21.095023109728988
