right_iris-133,right_iris-33,right_iris-7,right_iris-163,right_iris-144,right_iris-145,right_iris-153,right_iris-154,right_iris-155,right_iris-173,right_iris-157,right_iris-158,right_iris-159,right_iris-160,right_iris-161,right_iris-246
33.24154027718932,25.079872407968907,21.840329667841555,18.35755975068582,15.0,12.36931687685298,15.811388300841896,23.769728648009423,30.4138126514911,28.0178514522438,20.396078054371134,10.0,7.211102550927978,15.524174696260024,20.024984394500787,23.021728866442675
