right_iris-133,right_iris-33,right_iris-7,right_iris-163,right_iris-144,right_iris-145,right_iris-153,right_iris-154,right_iris-155,right_iris-173,right_iris-157,right_iris-158,right_iris-159,right_iris-160,right_iris-161,right_iris-246
22.20360331117452,17.0,14.142135623730953,10.770329614269007,7.810249675906654,6.324555320336759,10.295630140987,15.524174696260024,20.396078054371134,20.024984394500787,14.142135623730953,8.602325267042627,6.0,8.602325267042627,12.36931687685298,15.132745950421556
