right_iris-133,right_iris-33,right_iris-7,right_iris-163,right_iris-144,right_iris-145,right_iris-153,right_iris-154,right_iris-155,right_iris-173,right_iris-157,right_iris-158,right_iris-159,right_iris-160,right_iris-161,right_iris-246
38.8329756778952,33.015148038438355,28.0713376952364,23.345235059857504,15.652475842498529,10.198039027185567,15.620499351813308,26.92582403567252,34.20526275297414,34.36568055487916,25.019992006393608,12.16552506059644,4.123105625617661,14.560219778561036,23.194827009486403,29.068883707497267
