right_iris-133,right_iris-33,right_iris-7,right_iris-163,right_iris-144,right_iris-145,right_iris-153,right_iris-154,right_iris-155,right_iris-173,right_iris-157,right_iris-158,right_iris-159,right_iris-160,right_iris-161,right_iris-246
30.80584360149873,28.0178514522438,23.194827009486403,18.439088914585778,12.083045973594572,6.0,12.206555615733702,21.18962010041709,27.892651361962702,26.30589287593181,19.0,8.54400374531753,4.47213595499958,13.341664064126334,20.09975124224178,24.0
