right_iris-133,right_iris-33,right_iris-7,right_iris-163,right_iris-144,right_iris-145,right_iris-153,right_iris-154,right_iris-155,right_iris-173,right_iris-157,right_iris-158,right_iris-159,right_iris-160,right_iris-161,right_iris-246
29.614185789921695,26.019223662515376,22.09072203437452,18.68154169226941,13.892443989449804,9.219544457292889,12.727922061357855,20.248456731316587,25.96150997149434,26.076809620810597,18.110770276274835,9.433981132056603,6.708203932499369,13.92838827718412,19.4164878389476,23.08679276123039
