right_iris-133,right_iris-33,right_iris-7,right_iris-163,right_iris-144,right_iris-145,right_iris-153,right_iris-154,right_iris-155,right_iris-173,right_iris-157,right_iris-158,right_iris-159,right_iris-160,right_iris-161,right_iris-246
29.42787793912432,24.020824298928627,20.396078054371134,16.76305461424021,12.206555615733702,9.0,12.806248474865695,21.18962010041709,26.68332812825267,26.076809620810597,19.1049731745428,8.94427190999916,5.0990195135927845,11.704699910719626,17.11724276862369,21.02379604162864
