right_iris-133,right_iris-33,right_iris-7,right_iris-163,right_iris-144,right_iris-145,right_iris-153,right_iris-154,right_iris-155,right_iris-173,right_iris-157,right_iris-158,right_iris-159,right_iris-160,right_iris-161,right_iris-246
36.12478373637688,27.29468812791236,24.35159132377184,21.470910553583888,16.97056274847714,12.041594578792296,15.620499351813308,24.041630560342615,32.38826948140329,31.016124838541646,22.80350850198276,13.45362404707371,9.486832980505138,16.15549442140351,21.095023109728988,25.019992006393608
