right_iris-133,right_iris-33,right_iris-7,right_iris-163,right_iris-144,right_iris-145,right_iris-153,right_iris-154,right_iris-155,right_iris-173,right_iris-157,right_iris-158,right_iris-159,right_iris-160,right_iris-161,right_iris-246
39.45883931389772,32.14031735997639,27.65863337187866,22.47220505424423,15.620499351813308,11.04536101718726,18.027756377319943,28.16025568065745,35.6931365951495,35.014282800023196,25.495097567963924,14.212670403551895,10.198039027185567,17.46424919657298,24.186773244895647,29.0
