right_iris-133,right_iris-33,right_iris-7,right_iris-163,right_iris-144,right_iris-145,right_iris-153,right_iris-154,right_iris-155,right_iris-173,right_iris-157,right_iris-158,right_iris-159,right_iris-160,right_iris-161,right_iris-246
34.0147027033899,39.319206502675,33.24154027718932,27.31300056749533,20.615528128088304,13.341664064126334,13.45362404707371,21.587033144922906,30.01666203960727,29.42787793912432,21.02379604162864,11.704699910719626,12.727922061357855,22.561028345356956,30.01666203960727,34.058772731852805
