right_iris-133,right_iris-33,right_iris-7,right_iris-163,right_iris-144,right_iris-145,right_iris-153,right_iris-154,right_iris-155,right_iris-173,right_iris-157,right_iris-158,right_iris-159,right_iris-160,right_iris-161,right_iris-246
30.265491900843113,28.16025568065745,24.0,19.1049731745428,13.0,7.280109889280518,11.40175425099138,19.924858845171276,26.476404589747453,27.018512172212592,19.1049731745428,8.94427190999916,5.385164807134504,13.0,20.396078054371134,24.186773244895647
