right_iris-133,right_iris-33,right_iris-7,right_iris-163,right_iris-144,right_iris-145,right_iris-153,right_iris-154,right_iris-155,right_iris-173,right_iris-157,right_iris-158,right_iris-159,right_iris-160,right_iris-161,right_iris-246
31.400636936215164,35.0,31.25699921617557,26.92582403567252,21.470910553583888,13.038404810405298,12.529964086141668,20.12461179749811,27.892651361962702,27.0,20.248456731316587,13.892443989449804,15.652475842498529,22.825424421026653,28.861739379323623,32.14031735997639
