right_iris-133,right_iris-33,right_iris-7,right_iris-163,right_iris-144,right_iris-145,right_iris-153,right_iris-154,right_iris-155,right_iris-173,right_iris-157,right_iris-158,right_iris-159,right_iris-160,right_iris-161,right_iris-246
22.02271554554524,22.0,19.026297590440446,16.1245154965971,10.198039027185567,2.8284271247461903,6.324555320336759,14.142135623730953,19.026297590440446,19.0,14.0,6.0,1.4142135623730951,9.055385138137416,15.0,19.0
