right_iris-133,right_iris-33,right_iris-7,right_iris-163,right_iris-144,right_iris-145,right_iris-153,right_iris-154,right_iris-155,right_iris-173,right_iris-157,right_iris-158,right_iris-159,right_iris-160,right_iris-161,right_iris-246
24.73863375370596,25.079872407968907,22.0,19.1049731745428,13.601470508735444,7.211102550927978,9.219544457292889,16.15549442140351,21.840329667841555,22.20360331117452,15.033296378372908,6.708203932499369,6.4031242374328485,13.92838827718412,19.4164878389476,22.20360331117452
