right_iris-133,right_iris-33,right_iris-7,right_iris-163,right_iris-144,right_iris-145,right_iris-153,right_iris-154,right_iris-155,right_iris-173,right_iris-157,right_iris-158,right_iris-159,right_iris-160,right_iris-161,right_iris-246
30.265491900843113,28.0178514522438,24.331050121192877,19.924858845171276,13.892443989449804,8.06225774829855,11.40175425099138,19.924858845171276,26.476404589747453,26.019223662515376,19.235384061671343,10.0,8.06225774829855,15.811388300841896,21.213203435596427,25.0
