right_iris-133,right_iris-33,right_iris-7,right_iris-163,right_iris-144,right_iris-145,right_iris-153,right_iris-154,right_iris-155,right_iris-173,right_iris-157,right_iris-158,right_iris-159,right_iris-160,right_iris-161,right_iris-246
29.42787793912432,24.08318915758459,21.18962010041709,19.72308292331602,15.620499351813308,12.0,14.866068747318506,20.615528128088304,26.68332812825267,26.019223662515376,19.6468827043885,13.45362404707371,11.180339887498947,15.0,19.6468827043885,22.02271554554524
