right_iris-133,right_iris-33,right_iris-7,right_iris-163,right_iris-144,right_iris-145,right_iris-153,right_iris-154,right_iris-155,right_iris-173,right_iris-157,right_iris-158,right_iris-159,right_iris-160,right_iris-161,right_iris-246
28.442925306655784,25.0,21.213203435596427,17.72004514666935,13.892443989449804,9.219544457292889,12.041594578792296,19.313207915827967,25.70992026436488,25.079872407968907,18.110770276274835,8.602325267042627,6.324555320336759,13.0,19.235384061671343,22.09072203437452
