right_iris-133,right_iris-33,right_iris-7,right_iris-163,right_iris-144,right_iris-145,right_iris-153,right_iris-154,right_iris-155,right_iris-173,right_iris-157,right_iris-158,right_iris-159,right_iris-160,right_iris-161,right_iris-246
29.42787793912432,25.079872407968907,21.587033144922906,17.46424919657298,12.806248474865695,9.0,13.601470508735444,20.8806130178211,26.68332812825267,26.076809620810597,18.24828759089466,9.219544457292889,6.708203932499369,14.560219778561036,20.09975124224178,23.0
