right_iris-133,right_iris-33,right_iris-7,right_iris-163,right_iris-144,right_iris-145,right_iris-153,right_iris-154,right_iris-155,right_iris-173,right_iris-157,right_iris-158,right_iris-159,right_iris-160,right_iris-161,right_iris-246
27.29468812791236,26.076809620810597,22.360679774997894,18.027756377319943,13.038404810405298,8.06225774829855,11.40175425099138,18.68154169226941,24.515301344262525,23.0,16.492422502470642,8.48528137423857,8.06225774829855,13.92838827718412,19.1049731745428,23.0
