right_iris-133,right_iris-33,right_iris-7,right_iris-163,right_iris-144,right_iris-145,right_iris-153,right_iris-154,right_iris-155,right_iris-173,right_iris-157,right_iris-158,right_iris-159,right_iris-160,right_iris-161,right_iris-246
27.018512172212592,18.439088914585778,16.15549442140351,12.529964086141668,9.219544457292889,6.708203932499369,12.083045973594572,19.235384061671343,24.08318915758459,24.020824298928627,17.46424919657298,9.433981132056603,4.0,8.246211251235321,13.0,16.1245154965971
