right_iris-133,right_iris-33,right_iris-7,right_iris-163,right_iris-144,right_iris-145,right_iris-153,right_iris-154,right_iris-155,right_iris-173,right_iris-157,right_iris-158,right_iris-159,right_iris-160,right_iris-161,right_iris-246
36.22154055254967,24.020824298928627,20.396078054371134,15.652475842498529,11.40175425099138,11.180339887498947,17.88854381999832,26.68332812825267,33.37663853655727,32.01562118716424,23.345235059857504,12.529964086141668,7.0710678118654755,13.41640786499874,18.439088914585778,22.09072203437452
