right_iris-133,right_iris-33,right_iris-7,right_iris-163,right_iris-144,right_iris-145,right_iris-153,right_iris-154,right_iris-155,right_iris-173,right_iris-157,right_iris-158,right_iris-159,right_iris-160,right_iris-161,right_iris-246
26.92582403567252,43.04648650006177,37.656340767525464,32.57299494980466,25.059928172283335,15.811388300841896,12.649110640673518,17.4928556845359,24.35159132377184,22.09072203437452,13.92838827718412,9.055385138137416,16.401219466856727,26.92582403567252,34.132096331752024,39.01281840626232
