right_iris-133,right_iris-33,right_iris-7,right_iris-163,right_iris-144,right_iris-145,right_iris-153,right_iris-154,right_iris-155,right_iris-173,right_iris-157,right_iris-158,right_iris-159,right_iris-160,right_iris-161,right_iris-246
34.52535300326414,32.14031735997639,28.16025568065745,24.596747752497688,19.1049731745428,14.0356688476182,16.278820596099706,24.698178070456937,30.80584360149873,29.017236257093817,19.924858845171276,11.6619037896906,12.206555615733702,20.248456731316587,26.1725046566048,29.0
