right_iris-133,right_iris-33,right_iris-7,right_iris-163,right_iris-144,right_iris-145,right_iris-153,right_iris-154,right_iris-155,right_iris-173,right_iris-157,right_iris-158,right_iris-159,right_iris-160,right_iris-161,right_iris-246
32.14031735997639,25.019992006393608,20.396078054371134,17.08800749063506,12.041594578792296,8.246211251235321,13.892443989449804,22.561028345356956,29.274562336608895,29.017236257093817,21.213203435596427,10.770329614269007,5.0990195135927845,11.40175425099138,18.110770276274835,22.0
