right_iris-133,right_iris-33,right_iris-7,right_iris-163,right_iris-144,right_iris-145,right_iris-153,right_iris-154,right_iris-155,right_iris-173,right_iris-157,right_iris-158,right_iris-159,right_iris-160,right_iris-161,right_iris-246
23.345235059857504,23.194827009486403,20.615528128088304,17.46424919657298,13.601470508735444,9.486832980505138,10.0,15.652475842498529,20.615528128088304,20.024984394500787,14.142135623730953,6.4031242374328485,6.4031242374328485,12.36931687685298,18.027756377319943,21.02379604162864
