right_iris-133,right_iris-33,right_iris-7,right_iris-163,right_iris-144,right_iris-145,right_iris-153,right_iris-154,right_iris-155,right_iris-173,right_iris-157,right_iris-158,right_iris-159,right_iris-160,right_iris-161,right_iris-246
37.107950630558946,32.0624390837628,27.018512172212592,21.213203435596427,14.317821063276352,8.06225774829855,15.0,24.698178070456937,33.24154027718932,32.38826948140329,23.021728866442675,11.40175425099138,5.0990195135927845,13.92838827718412,22.360679774997894,28.16025568065745
