right_iris-133,right_iris-33,right_iris-7,right_iris-163,right_iris-144,right_iris-145,right_iris-153,right_iris-154,right_iris-155,right_iris-173,right_iris-157,right_iris-158,right_iris-159,right_iris-160,right_iris-161,right_iris-246
28.0713376952364,24.020824298928627,20.396078054371134,16.76305461424021,12.206555615733702,8.0,11.40175425099138,19.4164878389476,25.179356624028344,25.0,18.24828759089466,8.06225774829855,4.47213595499958,12.36931687685298,18.027756377319943,21.0
