right_iris-133,right_iris-33,right_iris-7,right_iris-163,right_iris-144,right_iris-145,right_iris-153,right_iris-154,right_iris-155,right_iris-173,right_iris-157,right_iris-158,right_iris-159,right_iris-160,right_iris-161,right_iris-246
33.24154027718932,32.01562118716424,28.16025568065745,23.769728648009423,17.0,10.770329614269007,13.601470508735444,22.360679774997894,29.732137494637012,28.442925306655784,19.1049731745428,9.899494936611664,10.295630140987,18.788294228055936,24.515301344262525,29.154759474226505
