right_iris-133,right_iris-33,right_iris-7,right_iris-163,right_iris-144,right_iris-145,right_iris-153,right_iris-154,right_iris-155,right_iris-173,right_iris-157,right_iris-158,right_iris-159,right_iris-160,right_iris-161,right_iris-246
35.510561809129406,22.02271554554524,17.11724276862369,13.601470508735444,8.48528137423857,8.94427190999916,16.1245154965971,25.0,31.78049716414141,31.144823004794873,24.020824298928627,14.560219778561036,6.4031242374328485,7.810249675906654,14.560219778561036,18.110770276274835
