right_iris-133,right_iris-33,right_iris-7,right_iris-163,right_iris-144,right_iris-145,right_iris-153,right_iris-154,right_iris-155,right_iris-173,right_iris-157,right_iris-158,right_iris-159,right_iris-160,right_iris-161,right_iris-246
32.2490309931942,22.20360331117452,19.924858845171276,17.0,12.727922061357855,10.04987562112089,14.212670403551895,22.135943621178654,28.635642126552707,28.0,20.396078054371134,12.206555615733702,7.0710678118654755,12.083045973594572,17.029386365926403,20.024984394500787
