right_iris-133,right_iris-33,right_iris-7,right_iris-163,right_iris-144,right_iris-145,right_iris-153,right_iris-154,right_iris-155,right_iris-173,right_iris-157,right_iris-158,right_iris-159,right_iris-160,right_iris-161,right_iris-246
32.2490309931942,28.16025568065745,23.769728648009423,19.697715603592208,14.212670403551895,10.0,14.212670403551895,22.135943621178654,28.442925306655784,28.0178514522438,20.223748416156685,10.816653826391969,6.324555320336759,13.601470508735444,20.024984394500787,24.020824298928627
