right_iris-133,right_iris-33,right_iris-7,right_iris-163,right_iris-144,right_iris-145,right_iris-153,right_iris-154,right_iris-155,right_iris-173,right_iris-157,right_iris-158,right_iris-159,right_iris-160,right_iris-161,right_iris-246
31.064449134018133,25.079872407968907,22.135943621178654,19.235384061671343,14.866068747318506,11.04536101718726,14.212670403551895,20.8806130178211,27.29468812791236,27.073972741361768,19.313207915827967,12.206555615733702,10.770329614269007,16.1245154965971,20.396078054371134,23.0
