right_iris-133,right_iris-33,right_iris-7,right_iris-163,right_iris-144,right_iris-145,right_iris-153,right_iris-154,right_iris-155,right_iris-173,right_iris-157,right_iris-158,right_iris-159,right_iris-160,right_iris-161,right_iris-246
28.284271247461906,28.0713376952364,24.020824298928627,19.4164878389476,14.317821063276352,8.246211251235321,11.31370849898476,19.924858845171276,25.495097567963924,25.019992006393608,17.11724276862369,7.810249675906654,6.4031242374328485,14.866068747318506,21.37755832643195,25.179356624028344
