right_iris-133,right_iris-33,right_iris-7,right_iris-163,right_iris-144,right_iris-145,right_iris-153,right_iris-154,right_iris-155,right_iris-173,right_iris-157,right_iris-158,right_iris-159,right_iris-160,right_iris-161,right_iris-246
37.107950630558946,32.14031735997639,28.16025568065745,24.186773244895647,18.439088914585778,15.033296378372908,19.79898987322333,27.31300056749533,34.48187929913333,32.2490309931942,22.20360331117452,12.727922061357855,11.180339887498947,19.313207915827967,25.179356624028344,29.0
