right_iris-133,right_iris-33,right_iris-7,right_iris-163,right_iris-144,right_iris-145,right_iris-153,right_iris-154,right_iris-155,right_iris-173,right_iris-157,right_iris-158,right_iris-159,right_iris-160,right_iris-161,right_iris-246
24.186773244895647,14.0356688476182,10.44030650891055,8.06225774829855,5.385164807134504,7.0710678118654755,13.0,18.439088914585778,22.20360331117452,22.02271554554524,17.11724276862369,10.770329614269007,6.4031242374328485,5.0,8.246211251235321,11.04536101718726
