right_iris-133,right_iris-33,right_iris-7,right_iris-163,right_iris-144,right_iris-145,right_iris-153,right_iris-154,right_iris-155,right_iris-173,right_iris-157,right_iris-158,right_iris-159,right_iris-160,right_iris-161,right_iris-246
23.08679276123039,28.16025568065745,24.73863375370596,22.47220505424423,18.027756377319943,12.529964086141668,9.848857801796104,14.317821063276352,19.4164878389476,20.024984394500787,13.92838827718412,7.615773105863909,9.899494936611664,17.46424919657298,22.02271554554524,25.019992006393608
