right_iris-133,right_iris-33,right_iris-7,right_iris-163,right_iris-144,right_iris-145,right_iris-153,right_iris-154,right_iris-155,right_iris-173,right_iris-157,right_iris-158,right_iris-159,right_iris-160,right_iris-161,right_iris-246
30.265491900843113,23.08679276123039,19.6468827043885,16.15549442140351,12.041594578792296,9.055385138137416,13.601470508735444,20.8806130178211,27.65863337187866,27.018512172212592,20.09975124224178,11.180339887498947,6.0,10.770329614269007,16.1245154965971,20.0
