right_iris-133,right_iris-33,right_iris-7,right_iris-163,right_iris-144,right_iris-145,right_iris-153,right_iris-154,right_iris-155,right_iris-173,right_iris-157,right_iris-158,right_iris-159,right_iris-160,right_iris-161,right_iris-246
30.083217912982647,29.274562336608895,25.96150997149434,23.259406699226016,18.439088914585778,13.341664064126334,14.422205101855956,20.591260281974,26.570660511172846,25.179356624028344,17.46424919657298,10.0,10.816653826391969,18.384776310850235,23.08679276123039,27.018512172212592
