right_iris-133,right_iris-33,right_iris-7,right_iris-163,right_iris-144,right_iris-145,right_iris-153,right_iris-154,right_iris-155,right_iris-173,right_iris-157,right_iris-158,right_iris-159,right_iris-160,right_iris-161,right_iris-246
35.12833614050059,26.1725046566048,22.135943621178654,17.88854381999832,13.45362404707371,10.198039027185567,15.811388300841896,24.73863375370596,31.400636936215164,32.0,23.53720459187964,14.422205101855956,9.055385138137416,13.038404810405298,18.24828759089466,23.0
