right_iris-133,right_iris-33,right_iris-7,right_iris-163,right_iris-144,right_iris-145,right_iris-153,right_iris-154,right_iris-155,right_iris-173,right_iris-157,right_iris-158,right_iris-159,right_iris-160,right_iris-161,right_iris-246
25.019992006393608,27.459060435491963,24.35159132377184,21.470910553583888,17.029386365926403,11.704699910719626,10.816653826391969,16.15549442140351,21.213203435596427,22.09072203437452,15.231546211727816,8.06225774829855,9.219544457292889,15.524174696260024,21.0,24.186773244895647
