right_iris-133,right_iris-33,right_iris-7,right_iris-163,right_iris-144,right_iris-145,right_iris-153,right_iris-154,right_iris-155,right_iris-173,right_iris-157,right_iris-158,right_iris-159,right_iris-160,right_iris-161,right_iris-246
30.80584360149873,25.179356624028344,21.840329667841555,18.384776310850235,14.212670403551895,10.04987562112089,13.45362404707371,21.02379604162864,27.202941017470888,26.30589287593181,19.026297590440446,9.433981132056603,6.324555320336759,12.649110640673518,18.027756377319943,22.02271554554524
