right_iris-133,right_iris-33,right_iris-7,right_iris-163,right_iris-144,right_iris-145,right_iris-153,right_iris-154,right_iris-155,right_iris-173,right_iris-157,right_iris-158,right_iris-159,right_iris-160,right_iris-161,right_iris-246
24.08318915758459,21.213203435596427,18.973665961010276,16.55294535724685,12.727922061357855,9.055385138137416,9.899494936611664,16.76305461424021,21.213203435596427,21.02379604162864,15.524174696260024,8.48528137423857,7.615773105863909,12.083045973594572,16.1245154965971,19.0
