right_iris-133,right_iris-33,right_iris-7,right_iris-163,right_iris-144,right_iris-145,right_iris-153,right_iris-154,right_iris-155,right_iris-173,right_iris-157,right_iris-158,right_iris-159,right_iris-160,right_iris-161,right_iris-246
33.37663853655727,25.019992006393608,21.587033144922906,18.35755975068582,13.601470508735444,12.36931687685298,17.804493814764857,25.298221281347036,30.59411708155671,29.017236257093817,20.396078054371134,11.40175425099138,7.615773105863909,14.866068747318506,20.223748416156685,23.021728866442675
