right_iris-133,right_iris-33,right_iris-7,right_iris-163,right_iris-144,right_iris-145,right_iris-153,right_iris-154,right_iris-155,right_iris-173,right_iris-157,right_iris-158,right_iris-159,right_iris-160,right_iris-161,right_iris-246
33.95585369269929,30.01666203960727,26.476404589747453,22.47220505424423,16.401219466856727,12.16552506059644,15.620499351813308,23.259406699226016,30.364452901377952,29.154759474226505,21.213203435596427,12.041594578792296,9.486832980505138,16.55294535724685,23.345235059857504,27.018512172212592
