right_iris-133,right_iris-33,right_iris-7,right_iris-163,right_iris-144,right_iris-145,right_iris-153,right_iris-154,right_iris-155,right_iris-173,right_iris-157,right_iris-158,right_iris-159,right_iris-160,right_iris-161,right_iris-246
30.01666203960727,25.179356624028344,21.840329667841555,17.46424919657298,12.806248474865695,9.0,12.206555615733702,20.396078054371134,26.076809620810597,26.076809620810597,19.4164878389476,10.295630140987,4.123105625617661,11.180339887498947,18.0,22.09072203437452
