right_iris-133,right_iris-33,right_iris-7,right_iris-163,right_iris-144,right_iris-145,right_iris-153,right_iris-154,right_iris-155,right_iris-173,right_iris-157,right_iris-158,right_iris-159,right_iris-160,right_iris-161,right_iris-246
26.1725046566048,25.079872407968907,22.360679774997894,18.68154169226941,13.892443989449804,7.615773105863909,9.219544457292889,16.76305461424021,22.360679774997894,23.0,16.492422502470642,8.48528137423857,6.708203932499369,13.601470508735444,19.1049731745428,22.0
