right_iris-133,right_iris-33,right_iris-7,right_iris-163,right_iris-144,right_iris-145,right_iris-153,right_iris-154,right_iris-155,right_iris-173,right_iris-157,right_iris-158,right_iris-159,right_iris-160,right_iris-161,right_iris-246
26.476404589747453,22.09072203437452,18.439088914585778,15.231546211727816,12.041594578792296,9.0,11.31370849898476,18.384776310850235,23.769728648009423,23.08679276123039,16.1245154965971,9.433981132056603,5.0990195135927845,10.770329614269007,15.132745950421556,19.0
