right_iris-133,right_iris-33,right_iris-7,right_iris-163,right_iris-144,right_iris-145,right_iris-153,right_iris-154,right_iris-155,right_iris-173,right_iris-157,right_iris-158,right_iris-159,right_iris-160,right_iris-161,right_iris-246
27.65863337187866,30.01666203960727,26.30589287593181,22.80350850198276,17.4928556845359,11.180339887498947,11.180339887498947,17.88854381999832,24.041630560342615,23.08679276123039,16.492422502470642,8.602325267042627,10.0,17.08800749063506,23.194827009486403,27.018512172212592
