right_iris-133,right_iris-33,right_iris-7,right_iris-163,right_iris-144,right_iris-145,right_iris-153,right_iris-154,right_iris-155,right_iris-173,right_iris-157,right_iris-158,right_iris-159,right_iris-160,right_iris-161,right_iris-246
32.0624390837628,24.331050121192877,20.8806130178211,16.55294535724685,11.31370849898476,8.54400374531753,14.317821063276352,22.360679774997894,29.154759474226505,29.017236257093817,21.587033144922906,13.038404810405298,7.0,12.083045973594572,18.110770276274835,22.02271554554524
