right_iris-133,right_iris-33,right_iris-7,right_iris-163,right_iris-144,right_iris-145,right_iris-153,right_iris-154,right_iris-155,right_iris-173,right_iris-157,right_iris-158,right_iris-159,right_iris-160,right_iris-161,right_iris-246
32.55764119219941,24.020824298928627,19.4164878389476,15.231546211727816,10.63014581273465,9.486832980505138,15.264337522473747,23.08679276123039,29.832867780352597,29.154759474226505,22.09072203437452,13.41640786499874,7.0710678118654755,10.816653826391969,16.278820596099706,20.024984394500787
