right_iris-133,right_iris-33,right_iris-7,right_iris-163,right_iris-144,right_iris-145,right_iris-153,right_iris-154,right_iris-155,right_iris-173,right_iris-157,right_iris-158,right_iris-159,right_iris-160,right_iris-161,right_iris-246
31.064449134018133,21.37755832643195,18.788294228055936,15.620499351813308,12.529964086141668,10.770329614269007,15.652475842498529,22.20360331117452,28.0,27.459060435491963,20.615528128088304,12.806248474865695,9.219544457292889,13.0,17.029386365926403,20.09975124224178
