right_iris-133,right_iris-33,right_iris-7,right_iris-163,right_iris-144,right_iris-145,right_iris-153,right_iris-154,right_iris-155,right_iris-173,right_iris-157,right_iris-158,right_iris-159,right_iris-160,right_iris-161,right_iris-246
41.19465984809196,33.015148038438355,27.29468812791236,21.840329667841555,13.892443989449804,8.06225774829855,17.0,28.635642126552707,36.345563690772494,36.0,27.29468812791236,14.7648230602334,8.06225774829855,15.231546211727816,23.345235059857504,29.017236257093817
