right_iris-133,right_iris-33,right_iris-7,right_iris-163,right_iris-144,right_iris-145,right_iris-153,right_iris-154,right_iris-155,right_iris-173,right_iris-157,right_iris-158,right_iris-159,right_iris-160,right_iris-161,right_iris-246
21.095023109728988,18.110770276274835,15.524174696260024,13.0,9.219544457292889,7.0,10.0,14.560219778561036,19.235384061671343,19.0,13.341664064126334,7.211102550927978,5.385164807134504,9.486832980505138,14.0356688476182,16.0312195418814
