right_iris-133,right_iris-33,right_iris-7,right_iris-163,right_iris-144,right_iris-145,right_iris-153,right_iris-154,right_iris-155,right_iris-173,right_iris-157,right_iris-158,right_iris-159,right_iris-160,right_iris-161,right_iris-246
25.179356624028344,21.37755832643195,18.027756377319943,15.264337522473747,12.041594578792296,9.0,11.31370849898476,16.76305461424021,22.360679774997894,22.0,15.297058540778355,8.602325267042627,4.47213595499958,10.198039027185567,15.0,18.110770276274835
