right_iris-133,right_iris-33,right_iris-7,right_iris-163,right_iris-144,right_iris-145,right_iris-153,right_iris-154,right_iris-155,right_iris-173,right_iris-157,right_iris-158,right_iris-159,right_iris-160,right_iris-161,right_iris-246
20.8806130178211,32.14031735997639,27.29468812791236,21.37755832643195,14.866068747318506,7.810249675906654,7.211102550927978,13.892443989449804,18.384776310850235,18.24828759089466,12.041594578792296,6.4031242374328485,8.602325267042627,15.811388300841896,23.08679276123039,28.0178514522438
