right_iris-133,right_iris-33,right_iris-7,right_iris-163,right_iris-144,right_iris-145,right_iris-153,right_iris-154,right_iris-155,right_iris-173,right_iris-157,right_iris-158,right_iris-159,right_iris-160,right_iris-161,right_iris-246
31.25699921617557,31.064449134018133,27.459060435491963,22.80350850198276,16.1245154965971,9.486832980505138,12.727922061357855,21.18962010041709,27.459060435491963,27.018512172212592,19.4164878389476,9.219544457292889,8.602325267042627,16.76305461424021,23.08679276123039,28.0
