right_iris-133,right_iris-33,right_iris-7,right_iris-163,right_iris-144,right_iris-145,right_iris-153,right_iris-154,right_iris-155,right_iris-173,right_iris-157,right_iris-158,right_iris-159,right_iris-160,right_iris-161,right_iris-246
27.16615541441225,26.019223662515376,22.09072203437452,18.439088914585778,13.892443989449804,8.246211251235321,9.899494936611664,17.72004514666935,24.331050121192877,24.0,17.26267650163207,7.810249675906654,7.211102550927978,13.92838827718412,19.235384061671343,23.08679276123039
