right_iris-133,right_iris-33,right_iris-7,right_iris-163,right_iris-144,right_iris-145,right_iris-153,right_iris-154,right_iris-155,right_iris-173,right_iris-157,right_iris-158,right_iris-159,right_iris-160,right_iris-161,right_iris-246
26.476404589747453,23.08679276123039,19.6468827043885,15.231546211727816,10.63014581273465,8.06225774829855,12.041594578792296,18.027756377319943,23.769728648009423,23.08679276123039,16.1245154965971,9.433981132056603,6.082762530298219,11.704699910719626,17.11724276862369,20.0
