right_iris-133,right_iris-33,right_iris-7,right_iris-163,right_iris-144,right_iris-145,right_iris-153,right_iris-154,right_iris-155,right_iris-173,right_iris-157,right_iris-158,right_iris-159,right_iris-160,right_iris-161,right_iris-246
25.019992006393608,24.73863375370596,21.93171219946131,20.248456731316587,16.278820596099706,11.180339887498947,11.40175425099138,17.08800749063506,22.20360331117452,21.095023109728988,14.866068747318506,7.810249675906654,7.810249675906654,14.142135623730953,19.026297590440446,22.360679774997894
