right_iris-133,right_iris-33,right_iris-7,right_iris-163,right_iris-144,right_iris-145,right_iris-153,right_iris-154,right_iris-155,right_iris-173,right_iris-157,right_iris-158,right_iris-159,right_iris-160,right_iris-161,right_iris-246
21.840329667841555,17.029386365926403,14.0356688476182,11.40175425099138,8.602325267042627,7.0,9.899494936611664,15.231546211727816,18.973665961010276,19.235384061671343,14.0356688476182,8.06225774829855,6.0,8.602325267042627,12.649110640673518,15.297058540778355
