right_iris-133,right_iris-33,right_iris-7,right_iris-163,right_iris-144,right_iris-145,right_iris-153,right_iris-154,right_iris-155,right_iris-173,right_iris-157,right_iris-158,right_iris-159,right_iris-160,right_iris-161,right_iris-246
32.14031735997639,26.1725046566048,21.0,16.0312195418814,9.848857801796104,5.0990195135927845,13.0,22.360679774997894,28.284271247461906,29.017236257093817,21.02379604162864,11.180339887498947,3.1622776601683795,9.486832980505138,17.26267650163207,22.20360331117452
