right_iris-133,right_iris-33,right_iris-7,right_iris-163,right_iris-144,right_iris-145,right_iris-153,right_iris-154,right_iris-155,right_iris-173,right_iris-157,right_iris-158,right_iris-159,right_iris-160,right_iris-161,right_iris-246
43.41658669218482,36.12478373637688,29.017236257093817,22.360679774997894,13.038404810405298,8.94427190999916,19.697715603592208,31.575306807693888,40.44749683231337,39.05124837953327,29.068883707497267,15.231546211727816,7.0710678118654755,17.46424919657298,26.476404589747453,31.25699921617557
