right_iris-133,right_iris-33,right_iris-7,right_iris-163,right_iris-144,right_iris-145,right_iris-153,right_iris-154,right_iris-155,right_iris-173,right_iris-157,right_iris-158,right_iris-159,right_iris-160,right_iris-161,right_iris-246
35.05709628591621,25.96150997149434,23.259406699226016,19.4164878389476,15.0,11.180339887498947,14.7648230602334,24.186773244895647,31.0,31.400636936215164,23.40939982143925,14.142135623730953,9.219544457292889,13.92838827718412,20.0,23.194827009486403
