right_iris-133,right_iris-33,right_iris-7,right_iris-163,right_iris-144,right_iris-145,right_iris-153,right_iris-154,right_iris-155,right_iris-173,right_iris-157,right_iris-158,right_iris-159,right_iris-160,right_iris-161,right_iris-246
33.24154027718932,23.194827009486403,18.68154169226941,14.7648230602334,10.0,8.94427190999916,15.652475842498529,23.53720459187964,30.265491900843113,30.01666203960727,22.20360331117452,13.41640786499874,6.324555320336759,10.295630140987,16.1245154965971,19.026297590440446
