right_iris-133,right_iris-33,right_iris-7,right_iris-163,right_iris-144,right_iris-145,right_iris-153,right_iris-154,right_iris-155,right_iris-173,right_iris-157,right_iris-158,right_iris-159,right_iris-160,right_iris-161,right_iris-246
38.3275357934736,35.05709628591621,30.066592756745816,24.331050121192877,17.46424919657298,10.44030650891055,14.866068747318506,25.079872407968907,33.52610922848042,33.37663853655727,24.020824298928627,12.083045973594572,7.280109889280518,16.55294535724685,25.495097567963924,30.265491900843113
