right_iris-133,right_iris-33,right_iris-7,right_iris-163,right_iris-144,right_iris-145,right_iris-153,right_iris-154,right_iris-155,right_iris-173,right_iris-157,right_iris-158,right_iris-159,right_iris-160,right_iris-161,right_iris-246
29.068883707497267,24.041630560342615,19.313207915827967,14.7648230602334,9.219544457292889,5.385164807134504,12.36931687685298,20.024984394500787,26.019223662515376,26.1725046566048,18.439088914585778,9.848857801796104,3.0,9.0,15.297058540778355,19.6468827043885
