right_iris-133,right_iris-33,right_iris-7,right_iris-163,right_iris-144,right_iris-145,right_iris-153,right_iris-154,right_iris-155,right_iris-173,right_iris-157,right_iris-158,right_iris-159,right_iris-160,right_iris-161,right_iris-246
31.400636936215164,32.01562118716424,26.30589287593181,21.840329667841555,14.7648230602334,8.246211251235321,12.206555615733702,20.8806130178211,27.65863337187866,27.073972741361768,19.1049731745428,9.433981132056603,7.211102550927978,16.76305461424021,24.08318915758459,28.0
