right_iris-133,right_iris-33,right_iris-7,right_iris-163,right_iris-144,right_iris-145,right_iris-153,right_iris-154,right_iris-155,right_iris-173,right_iris-157,right_iris-158,right_iris-159,right_iris-160,right_iris-161,right_iris-246
29.614185789921695,24.186773244895647,20.8806130178211,17.46424919657298,12.727922061357855,9.0,13.45362404707371,21.18962010041709,26.68332812825267,26.076809620810597,19.1049731745428,8.94427190999916,4.47213595499958,12.36931687685298,18.0,22.09072203437452
