right_iris-133,right_iris-33,right_iris-7,right_iris-163,right_iris-144,right_iris-145,right_iris-153,right_iris-154,right_iris-155,right_iris-173,right_iris-157,right_iris-158,right_iris-159,right_iris-160,right_iris-161,right_iris-246
39.05124837953327,31.016124838541646,26.076809620810597,21.587033144922906,15.264337522473747,10.0,16.278820596099706,26.92582403567252,34.20526275297414,34.23448553724738,25.019992006393608,13.0,7.0,14.317821063276352,22.360679774997894,27.16615541441225
