right_iris-133,right_iris-33,right_iris-7,right_iris-163,right_iris-144,right_iris-145,right_iris-153,right_iris-154,right_iris-155,right_iris-173,right_iris-157,right_iris-158,right_iris-159,right_iris-160,right_iris-161,right_iris-246
24.08318915758459,20.223748416156685,17.72004514666935,14.7648230602334,11.31370849898476,8.0,10.63014581273465,16.76305461424021,21.213203435596427,21.0,15.297058540778355,8.06225774829855,4.123105625617661,9.486832980505138,14.0356688476182,18.027756377319943
