right_iris-133,right_iris-33,right_iris-7,right_iris-163,right_iris-144,right_iris-145,right_iris-153,right_iris-154,right_iris-155,right_iris-173,right_iris-157,right_iris-158,right_iris-159,right_iris-160,right_iris-161,right_iris-246
27.65863337187866,18.027756377319943,15.033296378372908,11.40175425099138,6.4031242374328485,6.708203932499369,12.529964086141668,19.924858845171276,24.73863375370596,24.331050121192877,18.027756377319943,10.198039027185567,4.242640687119285,6.708203932499369,12.16552506059644,15.132745950421556
