right_iris-133,right_iris-33,right_iris-7,right_iris-163,right_iris-144,right_iris-145,right_iris-153,right_iris-154,right_iris-155,right_iris-173,right_iris-157,right_iris-158,right_iris-159,right_iris-160,right_iris-161,right_iris-246
27.29468812791236,25.96150997149434,22.135943621178654,17.46424919657298,11.6619037896906,5.0,9.219544457292889,18.0,24.08318915758459,23.53720459187964,17.72004514666935,8.602325267042627,3.605551275463989,11.04536101718726,18.24828759089466,22.561028345356956
