right_iris-133,right_iris-33,right_iris-7,right_iris-163,right_iris-144,right_iris-145,right_iris-153,right_iris-154,right_iris-155,right_iris-173,right_iris-157,right_iris-158,right_iris-159,right_iris-160,right_iris-161,right_iris-246
30.80584360149873,25.079872407968907,22.20360331117452,18.973665961010276,13.601470508735444,10.04987562112089,13.45362404707371,21.02379604162864,27.202941017470888,27.16615541441225,20.09975124224178,11.6619037896906,8.0,13.038404810405298,18.68154169226941,22.20360331117452
