right_iris-133,right_iris-33,right_iris-7,right_iris-163,right_iris-144,right_iris-145,right_iris-153,right_iris-154,right_iris-155,right_iris-173,right_iris-157,right_iris-158,right_iris-159,right_iris-160,right_iris-161,right_iris-246
29.274562336608895,26.1725046566048,22.561028345356956,18.384776310850235,12.806248474865695,9.055385138137416,12.727922061357855,19.313207915827967,25.70992026436488,25.019992006393608,18.439088914585778,10.63014581273465,8.06225774829855,12.529964086141668,18.110770276274835,22.0
