right_iris-133,right_iris-33,right_iris-7,right_iris-163,right_iris-144,right_iris-145,right_iris-153,right_iris-154,right_iris-155,right_iris-173,right_iris-157,right_iris-158,right_iris-159,right_iris-160,right_iris-161,right_iris-246
30.14962686336267,26.076809620810597,21.587033144922906,17.46424919657298,12.041594578792296,9.055385138137416,13.038404810405298,20.615528128088304,27.29468812791236,26.0,18.24828759089466,9.433981132056603,5.830951894845301,13.341664064126334,19.026297590440446,23.021728866442675
