right_iris-133,right_iris-33,right_iris-7,right_iris-163,right_iris-144,right_iris-145,right_iris-153,right_iris-154,right_iris-155,right_iris-173,right_iris-157,right_iris-158,right_iris-159,right_iris-160,right_iris-161,right_iris-246
28.284271247461906,29.0,25.179356624028344,21.587033144922906,15.652475842498529,9.848857801796104,10.63014581273465,18.027756377319943,25.495097567963924,25.019992006393608,17.11724276862369,7.810249675906654,7.211102550927978,15.811388300841896,22.20360331117452,26.019223662515376
