right_iris-133,right_iris-33,right_iris-7,right_iris-163,right_iris-144,right_iris-145,right_iris-153,right_iris-154,right_iris-155,right_iris-173,right_iris-157,right_iris-158,right_iris-159,right_iris-160,right_iris-161,right_iris-246
22.02271554554524,17.0,14.142135623730953,10.44030650891055,7.211102550927978,4.47213595499958,8.94427190999916,15.297058540778355,19.1049731745428,20.0,14.317821063276352,8.06225774829855,5.0990195135927845,7.211102550927978,11.40175425099138,14.0356688476182
