right_iris-133,right_iris-33,right_iris-7,right_iris-163,right_iris-144,right_iris-145,right_iris-153,right_iris-154,right_iris-155,right_iris-173,right_iris-157,right_iris-158,right_iris-159,right_iris-160,right_iris-161,right_iris-246
34.23448553724738,24.020824298928627,19.235384061671343,14.866068747318506,9.899494936611664,7.615773105863909,15.652475842498529,24.515301344262525,31.400636936215164,30.01666203960727,23.08679276123039,12.649110640673518,5.0990195135927845,9.848857801796104,16.1245154965971,20.0
