right_iris-133,right_iris-33,right_iris-7,right_iris-163,right_iris-144,right_iris-145,right_iris-153,right_iris-154,right_iris-155,right_iris-173,right_iris-157,right_iris-158,right_iris-159,right_iris-160,right_iris-161,right_iris-246
39.84971769034255,30.01666203960727,25.317977802344327,20.248456731316587,14.866068747318506,12.16552506059644,19.1049731745428,28.635642126552707,36.05551275463989,34.713109915419565,26.0,14.317821063276352,8.0,14.7648230602334,21.37755832643195,26.076809620810597
