right_iris-133,right_iris-33,right_iris-7,right_iris-163,right_iris-144,right_iris-145,right_iris-153,right_iris-154,right_iris-155,right_iris-173,right_iris-157,right_iris-158,right_iris-159,right_iris-160,right_iris-161,right_iris-246
31.400636936215164,28.0713376952364,24.020824298928627,19.235384061671343,14.317821063276352,8.246211251235321,12.041594578792296,20.8806130178211,27.65863337187866,27.073972741361768,20.024984394500787,8.54400374531753,4.47213595499958,13.601470508735444,20.223748416156685,24.08318915758459
