right_iris-133,right_iris-33,right_iris-7,right_iris-163,right_iris-144,right_iris-145,right_iris-153,right_iris-154,right_iris-155,right_iris-173,right_iris-157,right_iris-158,right_iris-159,right_iris-160,right_iris-161,right_iris-246
38.2099463490856,32.01562118716424,26.1725046566048,21.587033144922906,14.7648230602334,8.0,15.264337522473747,25.70992026436488,34.36568055487916,34.0147027033899,25.179356624028344,13.0,6.082762530298219,14.866068747318506,22.20360331117452,28.0178514522438
