right_iris-133,right_iris-33,right_iris-7,right_iris-163,right_iris-144,right_iris-145,right_iris-153,right_iris-154,right_iris-155,right_iris-173,right_iris-157,right_iris-158,right_iris-159,right_iris-160,right_iris-161,right_iris-246
28.442925306655784,24.020824298928627,20.09975124224178,16.492422502470642,12.206555615733702,8.0,12.806248474865695,19.924858845171276,25.70992026436488,25.079872407968907,18.110770276274835,10.295630140987,6.082762530298219,11.180339887498947,17.46424919657298,21.095023109728988
