right_iris-133,right_iris-33,right_iris-7,right_iris-163,right_iris-144,right_iris-145,right_iris-153,right_iris-154,right_iris-155,right_iris-173,right_iris-157,right_iris-158,right_iris-159,right_iris-160,right_iris-161,right_iris-246
40.11234224026316,27.16615541441225,23.769728648009423,19.697715603592208,14.866068747318506,10.198039027185567,17.4928556845359,28.635642126552707,36.22154055254967,36.013886210738214,26.68332812825267,15.0,9.055385138137416,15.652475842498529,21.213203435596427,25.0
