right_iris-133,right_iris-33,right_iris-7,right_iris-163,right_iris-144,right_iris-145,right_iris-153,right_iris-154,right_iris-155,right_iris-173,right_iris-157,right_iris-158,right_iris-159,right_iris-160,right_iris-161,right_iris-246
26.68332812825267,21.0,17.26267650163207,13.92838827718412,10.0,8.06225774829855,12.806248474865695,19.313207915827967,25.0,23.194827009486403,17.029386365926403,8.94427190999916,5.0990195135927845,9.848857801796104,15.132745950421556,18.027756377319943
