right_iris-133,right_iris-33,right_iris-7,right_iris-163,right_iris-144,right_iris-145,right_iris-153,right_iris-154,right_iris-155,right_iris-173,right_iris-157,right_iris-158,right_iris-159,right_iris-160,right_iris-161,right_iris-246
26.68332812825267,26.019223662515376,21.37755832643195,18.027756377319943,12.206555615733702,9.055385138137416,12.041594578792296,18.384776310850235,23.769728648009423,23.194827009486403,17.029386365926403,8.06225774829855,5.385164807134504,12.649110640673518,18.110770276274835,22.0
