right_iris-133,right_iris-33,right_iris-7,right_iris-163,right_iris-144,right_iris-145,right_iris-153,right_iris-154,right_iris-155,right_iris-173,right_iris-157,right_iris-158,right_iris-159,right_iris-160,right_iris-161,right_iris-246
24.186773244895647,36.345563690772494,32.0624390837628,27.018512172212592,21.213203435596427,11.6619037896906,6.324555320336759,13.92838827718412,20.396078054371134,21.02379604162864,14.142135623730953,3.605551275463989,10.295630140987,20.8806130178211,27.65863337187866,32.55764119219941
