right_iris-133,right_iris-33,right_iris-7,right_iris-163,right_iris-144,right_iris-145,right_iris-153,right_iris-154,right_iris-155,right_iris-173,right_iris-157,right_iris-158,right_iris-159,right_iris-160,right_iris-161,right_iris-246
35.35533905932738,31.400636936215164,27.202941017470888,23.259406699226016,17.029386365926403,12.16552506059644,14.142135623730953,23.40939982143925,31.575306807693888,31.016124838541646,22.561028345356956,12.041594578792296,9.486832980505138,17.08800749063506,23.021728866442675,28.0713376952364
