right_iris-133,right_iris-33,right_iris-7,right_iris-163,right_iris-144,right_iris-145,right_iris-153,right_iris-154,right_iris-155,right_iris-173,right_iris-157,right_iris-158,right_iris-159,right_iris-160,right_iris-161,right_iris-246
26.476404589747453,22.20360331117452,18.68154169226941,15.652475842498529,11.31370849898476,8.06225774829855,12.806248474865695,18.973665961010276,23.769728648009423,23.08679276123039,17.11724276862369,8.94427190999916,5.0990195135927845,10.770329614269007,16.0312195418814,19.026297590440446
