right_iris-133,right_iris-33,right_iris-7,right_iris-163,right_iris-144,right_iris-145,right_iris-153,right_iris-154,right_iris-155,right_iris-173,right_iris-157,right_iris-158,right_iris-159,right_iris-160,right_iris-161,right_iris-246
24.020824298928627,19.1049731745428,15.811388300841896,13.41640786499874,10.0,8.06225774829855,10.816653826391969,16.492422502470642,21.095023109728988,21.02379604162864,16.492422502470642,9.433981132056603,5.0,8.54400374531753,13.038404810405298,16.0312195418814
