right_iris-133,right_iris-33,right_iris-7,right_iris-163,right_iris-144,right_iris-145,right_iris-153,right_iris-154,right_iris-155,right_iris-173,right_iris-157,right_iris-158,right_iris-159,right_iris-160,right_iris-161,right_iris-246
22.0,22.09072203437452,20.0,16.0312195418814,11.180339887498947,4.242640687119285,6.708203932499369,14.142135623730953,19.026297590440446,20.09975124224178,14.317821063276352,6.708203932499369,4.47213595499958,10.770329614269007,16.278820596099706,19.235384061671343
