right_iris-133,right_iris-33,right_iris-7,right_iris-163,right_iris-144,right_iris-145,right_iris-153,right_iris-154,right_iris-155,right_iris-173,right_iris-157,right_iris-158,right_iris-159,right_iris-160,right_iris-161,right_iris-246
34.23448553724738,33.13608305156178,28.635642126552707,24.35159132377184,17.4928556845359,10.44030650891055,13.45362404707371,23.08679276123039,30.4138126514911,30.0,21.587033144922906,11.31370849898476,8.94427190999916,17.72004514666935,25.079872407968907,29.017236257093817
