right_iris-133,right_iris-33,right_iris-7,right_iris-163,right_iris-144,right_iris-145,right_iris-153,right_iris-154,right_iris-155,right_iris-173,right_iris-157,right_iris-158,right_iris-159,right_iris-160,right_iris-161,right_iris-246
30.59411708155671,24.0,20.396078054371134,17.08800749063506,13.45362404707371,10.0,13.45362404707371,21.18962010041709,27.65863337187866,26.076809620810597,19.235384061671343,10.63014581273465,7.280109889280518,13.41640786499874,18.24828759089466,22.02271554554524
