right_iris-133,right_iris-33,right_iris-7,right_iris-163,right_iris-144,right_iris-145,right_iris-153,right_iris-154,right_iris-155,right_iris-173,right_iris-157,right_iris-158,right_iris-159,right_iris-160,right_iris-161,right_iris-246
26.1725046566048,20.09975124224178,17.46424919657298,13.92838827718412,9.219544457292889,7.0710678118654755,11.6619037896906,18.68154169226941,23.345235059857504,23.021728866442675,16.1245154965971,8.06225774829855,4.123105625617661,10.44030650891055,15.033296378372908,18.027756377319943
