right_iris-133,right_iris-33,right_iris-7,right_iris-163,right_iris-144,right_iris-145,right_iris-153,right_iris-154,right_iris-155,right_iris-173,right_iris-157,right_iris-158,right_iris-159,right_iris-160,right_iris-161,right_iris-246
33.24154027718932,26.1725046566048,22.80350850198276,19.697715603592208,14.866068747318506,10.0,14.212670403551895,23.08679276123039,29.42787793912432,29.017236257093817,20.396078054371134,10.816653826391969,6.082762530298219,12.649110640673518,19.026297590440446,23.021728866442675
