right_iris-133,right_iris-33,right_iris-7,right_iris-163,right_iris-144,right_iris-145,right_iris-153,right_iris-154,right_iris-155,right_iris-173,right_iris-157,right_iris-158,right_iris-159,right_iris-160,right_iris-161,right_iris-246
24.0,27.459060435491963,24.35159132377184,22.360679774997894,17.804493814764857,11.704699910719626,10.295630140987,14.866068747318506,21.213203435596427,21.213203435596427,15.231546211727816,7.615773105863909,9.219544457292889,16.278820596099706,22.0,25.179356624028344
