right_iris-133,right_iris-33,right_iris-7,right_iris-163,right_iris-144,right_iris-145,right_iris-153,right_iris-154,right_iris-155,right_iris-173,right_iris-157,right_iris-158,right_iris-159,right_iris-160,right_iris-161,right_iris-246
39.92492955535426,30.0,25.495097567963924,21.540659228538015,16.278820596099706,14.0356688476182,19.849433241279208,29.154759474226505,36.24913792078372,34.48187929913333,24.08318915758459,13.0,7.0710678118654755,14.7648230602334,22.360679774997894,26.076809620810597
