right_iris-133,right_iris-33,right_iris-7,right_iris-163,right_iris-144,right_iris-145,right_iris-153,right_iris-154,right_iris-155,right_iris-173,right_iris-157,right_iris-158,right_iris-159,right_iris-160,right_iris-161,right_iris-246
26.019223662515376,24.08318915758459,21.37755832643195,16.492422502470642,11.180339887498947,6.082762530298219,9.433981132056603,17.26267650163207,23.08679276123039,23.021728866442675,16.1245154965971,7.615773105863909,3.605551275463989,11.180339887498947,17.029386365926403,21.02379604162864
