right_iris-133,right_iris-33,right_iris-7,right_iris-163,right_iris-144,right_iris-145,right_iris-153,right_iris-154,right_iris-155,right_iris-173,right_iris-157,right_iris-158,right_iris-159,right_iris-160,right_iris-161,right_iris-246
35.510561809129406,28.16025568065745,25.0,21.470910553583888,17.69180601295413,13.038404810405298,17.029386365926403,26.248809496813376,32.7566787083184,31.064449134018133,22.360679774997894,12.041594578792296,9.433981132056603,18.027756377319943,23.08679276123039,26.019223662515376
