right_iris-133,right_iris-33,right_iris-7,right_iris-163,right_iris-144,right_iris-145,right_iris-153,right_iris-154,right_iris-155,right_iris-173,right_iris-157,right_iris-158,right_iris-159,right_iris-160,right_iris-161,right_iris-246
34.132096331752024,25.079872407968907,20.615528128088304,17.46424919657298,12.727922061357855,9.219544457292889,15.264337522473747,23.769728648009423,30.265491900843113,30.0,22.360679774997894,13.038404810405298,8.0,11.6619037896906,18.24828759089466,22.02271554554524
