right_iris-133,right_iris-33,right_iris-7,right_iris-163,right_iris-144,right_iris-145,right_iris-153,right_iris-154,right_iris-155,right_iris-173,right_iris-157,right_iris-158,right_iris-159,right_iris-160,right_iris-161,right_iris-246
27.16615541441225,29.017236257093817,25.317977802344327,20.615528128088304,15.652475842498529,8.94427190999916,9.219544457292889,16.76305461424021,23.345235059857504,23.0,16.278820596099706,7.810249675906654,7.810249675906654,15.524174696260024,22.09072203437452,26.0
