right_iris-133,right_iris-33,right_iris-7,right_iris-163,right_iris-144,right_iris-145,right_iris-153,right_iris-154,right_iris-155,right_iris-173,right_iris-157,right_iris-158,right_iris-159,right_iris-160,right_iris-161,right_iris-246
35.05709628591621,30.14962686336267,26.68332812825267,22.47220505424423,16.401219466856727,10.198039027185567,14.212670403551895,23.769728648009423,31.25699921617557,31.016124838541646,22.561028345356956,11.40175425099138,7.615773105863909,15.811388300841896,22.09072203437452,27.0
