right_iris-133,right_iris-33,right_iris-7,right_iris-163,right_iris-144,right_iris-145,right_iris-153,right_iris-154,right_iris-155,right_iris-173,right_iris-157,right_iris-158,right_iris-159,right_iris-160,right_iris-161,right_iris-246
37.656340767525464,33.015148038438355,27.29468812791236,22.47220505424423,17.029386365926403,12.0,17.029386365926403,27.202941017470888,34.713109915419565,33.13608305156178,22.09072203437452,10.0,7.810249675906654,18.68154169226941,25.317977802344327,30.066592756745816
