right_iris-133,right_iris-33,right_iris-7,right_iris-163,right_iris-144,right_iris-145,right_iris-153,right_iris-154,right_iris-155,right_iris-173,right_iris-157,right_iris-158,right_iris-159,right_iris-160,right_iris-161,right_iris-246
35.05709628591621,30.01666203960727,25.179356624028344,20.396078054371134,12.649110640673518,4.0,12.16552506059644,24.0,31.064449134018133,31.25699921617557,23.345235059857504,10.44030650891055,2.8284271247461903,13.038404810405298,21.0,26.019223662515376
