right_iris-133,right_iris-33,right_iris-7,right_iris-163,right_iris-144,right_iris-145,right_iris-153,right_iris-154,right_iris-155,right_iris-173,right_iris-157,right_iris-158,right_iris-159,right_iris-160,right_iris-161,right_iris-246
35.35533905932738,32.2490309931942,28.861739379323623,24.698178070456937,18.601075237738275,12.36931687685298,14.866068747318506,23.40939982143925,31.78049716414141,31.0,21.587033144922906,12.041594578792296,11.180339887498947,19.313207915827967,25.179356624028344,29.0
