right_iris-133,right_iris-33,right_iris-7,right_iris-163,right_iris-144,right_iris-145,right_iris-153,right_iris-154,right_iris-155,right_iris-173,right_iris-157,right_iris-158,right_iris-159,right_iris-160,right_iris-161,right_iris-246
28.635642126552707,37.05401462729781,32.38826948140329,26.92582403567252,21.02379604162864,12.206555615733702,11.180339887498947,18.788294228055936,25.0,25.079872407968907,16.278820596099706,7.615773105863909,11.40175425099138,21.587033144922906,28.0713376952364,33.0
