right_iris-133,right_iris-33,right_iris-7,right_iris-163,right_iris-144,right_iris-145,right_iris-153,right_iris-154,right_iris-155,right_iris-173,right_iris-157,right_iris-158,right_iris-159,right_iris-160,right_iris-161,right_iris-246
27.459060435491963,31.016124838541646,26.30589287593181,21.840329667841555,17.0,9.848857801796104,10.0,17.46424919657298,23.769728648009423,23.08679276123039,16.1245154965971,7.0710678118654755,7.810249675906654,16.492422502470642,23.08679276123039,27.0
