right_iris-133,right_iris-33,right_iris-7,right_iris-163,right_iris-144,right_iris-145,right_iris-153,right_iris-154,right_iris-155,right_iris-173,right_iris-157,right_iris-158,right_iris-159,right_iris-160,right_iris-161,right_iris-246
26.019223662515376,25.317977802344327,21.587033144922906,16.76305461424021,11.180339887498947,5.0990195135927845,8.94427190999916,17.26267650163207,23.08679276123039,23.021728866442675,16.492422502470642,7.810249675906654,5.385164807134504,11.40175425099138,18.0,22.09072203437452
