right_iris-133,right_iris-33,right_iris-7,right_iris-163,right_iris-144,right_iris-145,right_iris-153,right_iris-154,right_iris-155,right_iris-173,right_iris-157,right_iris-158,right_iris-159,right_iris-160,right_iris-161,right_iris-246
31.575306807693888,26.076809620810597,22.561028345356956,18.027756377319943,12.806248474865695,8.0,13.601470508735444,21.18962010041709,27.65863337187866,28.16025568065745,20.024984394500787,9.848857801796104,5.0990195135927845,12.36931687685298,19.026297590440446,23.021728866442675
