right_iris-133,right_iris-33,right_iris-7,right_iris-163,right_iris-144,right_iris-145,right_iris-153,right_iris-154,right_iris-155,right_iris-173,right_iris-157,right_iris-158,right_iris-159,right_iris-160,right_iris-161,right_iris-246
21.540659228538015,17.26267650163207,14.0,11.04536101718726,6.708203932499369,5.0990195135927845,9.219544457292889,14.7648230602334,19.697715603592208,18.68154169226941,14.0356688476182,8.246211251235321,4.47213595499958,7.810249675906654,11.704699910719626,14.317821063276352
