right_iris-133,right_iris-33,right_iris-7,right_iris-163,right_iris-144,right_iris-145,right_iris-153,right_iris-154,right_iris-155,right_iris-173,right_iris-157,right_iris-158,right_iris-159,right_iris-160,right_iris-161,right_iris-246
26.1725046566048,19.4164878389476,17.08800749063506,13.892443989449804,10.63014581273465,8.06225774829855,12.206555615733702,18.68154169226941,23.345235059857504,23.021728866442675,17.11724276862369,8.54400374531753,4.0,8.246211251235321,14.0356688476182,17.26267650163207
