right_iris-133,right_iris-33,right_iris-7,right_iris-163,right_iris-144,right_iris-145,right_iris-153,right_iris-154,right_iris-155,right_iris-173,right_iris-157,right_iris-158,right_iris-159,right_iris-160,right_iris-161,right_iris-246
25.179356624028344,24.08318915758459,20.615528128088304,16.55294535724685,12.041594578792296,8.06225774829855,11.6619037896906,18.439088914585778,23.194827009486403,21.0,14.560219778561036,7.211102550927978,8.48528137423857,14.317821063276352,19.026297590440446,22.02271554554524
