right_iris-133,right_iris-33,right_iris-7,right_iris-163,right_iris-144,right_iris-145,right_iris-153,right_iris-154,right_iris-155,right_iris-173,right_iris-157,right_iris-158,right_iris-159,right_iris-160,right_iris-161,right_iris-246
34.36568055487916,30.14962686336267,26.92582403567252,23.769728648009423,18.439088914585778,13.341664064126334,14.212670403551895,22.47220505424423,30.80584360149873,30.01666203960727,20.615528128088304,11.31370849898476,8.94427190999916,17.08800749063506,23.08679276123039,27.0
