right_iris-133,right_iris-33,right_iris-7,right_iris-163,right_iris-144,right_iris-145,right_iris-153,right_iris-154,right_iris-155,right_iris-173,right_iris-157,right_iris-158,right_iris-159,right_iris-160,right_iris-161,right_iris-246
33.37663853655727,29.274562336608895,25.96150997149434,22.84731931759173,17.804493814764857,11.180339887498947,13.45362404707371,22.47220505424423,29.832867780352597,28.0178514522438,20.615528128088304,12.041594578792296,11.180339887498947,18.384776310850235,23.08679276123039,27.018512172212592
