right_iris-133,right_iris-33,right_iris-7,right_iris-163,right_iris-144,right_iris-145,right_iris-153,right_iris-154,right_iris-155,right_iris-173,right_iris-157,right_iris-158,right_iris-159,right_iris-160,right_iris-161,right_iris-246
28.0178514522438,26.1725046566048,22.561028345356956,18.973665961010276,13.038404810405298,8.06225774829855,10.816653826391969,18.439088914585778,25.079872407968907,25.079872407968907,17.72004514666935,9.219544457292889,6.708203932499369,13.601470508735444,19.026297590440446,23.021728866442675
