right_iris-133,right_iris-33,right_iris-7,right_iris-163,right_iris-144,right_iris-145,right_iris-153,right_iris-154,right_iris-155,right_iris-173,right_iris-157,right_iris-158,right_iris-159,right_iris-160,right_iris-161,right_iris-246
26.1725046566048,25.179356624028344,21.587033144922906,19.313207915827967,15.0,10.44030650891055,11.40175425099138,17.08800749063506,22.561028345356956,23.0,16.492422502470642,9.219544457292889,7.615773105863909,13.92838827718412,19.1049731745428,22.0
