right_iris-133,right_iris-33,right_iris-7,right_iris-163,right_iris-144,right_iris-145,right_iris-153,right_iris-154,right_iris-155,right_iris-173,right_iris-157,right_iris-158,right_iris-159,right_iris-160,right_iris-161,right_iris-246
39.6232255123179,34.132096331752024,28.635642126552707,23.40939982143925,16.401219466856727,11.0,17.804493814764857,27.51363298439521,35.90264614203248,34.058772731852805,25.317977802344327,13.601470508735444,9.219544457292889,17.46424919657298,25.179356624028344,30.0
