right_iris-133,right_iris-33,right_iris-7,right_iris-163,right_iris-144,right_iris-145,right_iris-153,right_iris-154,right_iris-155,right_iris-173,right_iris-157,right_iris-158,right_iris-159,right_iris-160,right_iris-161,right_iris-246
29.017236257093817,24.331050121192877,20.8806130178211,15.652475842498529,9.899494936611664,7.615773105863909,13.0,20.223748416156685,26.019223662515376,26.1725046566048,19.6468827043885,10.816653826391969,5.0990195135927845,9.486832980505138,16.0312195418814,20.024984394500787
