right_iris-133,right_iris-33,right_iris-7,right_iris-163,right_iris-144,right_iris-145,right_iris-153,right_iris-154,right_iris-155,right_iris-173,right_iris-157,right_iris-158,right_iris-159,right_iris-160,right_iris-161,right_iris-246
37.107950630558946,32.14031735997639,28.0178514522438,23.194827009486403,16.15549442140351,9.486832980505138,14.142135623730953,24.166091947189145,32.57299494980466,32.38826948140329,24.0,12.083045973594572,8.06225774829855,15.264337522473747,22.80350850198276,28.442925306655784
