right_iris-133,right_iris-33,right_iris-7,right_iris-163,right_iris-144,right_iris-145,right_iris-153,right_iris-154,right_iris-155,right_iris-173,right_iris-157,right_iris-158,right_iris-159,right_iris-160,right_iris-161,right_iris-246
29.42787793912432,37.12142238654117,33.37663853655727,28.442925306655784,20.8806130178211,8.602325267042627,5.830951894845301,17.029386365926403,25.179356624028344,26.476404589747453,18.24828759089466,6.082762530298219,7.615773105863909,19.4164878389476,28.284271247461906,33.24154027718932
