right_iris-133,right_iris-33,right_iris-7,right_iris-163,right_iris-144,right_iris-145,right_iris-153,right_iris-154,right_iris-155,right_iris-173,right_iris-157,right_iris-158,right_iris-159,right_iris-160,right_iris-161,right_iris-246
33.24154027718932,25.179356624028344,21.0,16.278820596099706,10.295630140987,7.0710678118654755,13.892443989449804,22.80350850198276,29.42787793912432,29.017236257093817,22.09072203437452,11.704699910719626,5.0990195135927845,10.295630140987,16.492422502470642,21.213203435596427
