right_iris-133,right_iris-33,right_iris-7,right_iris-163,right_iris-144,right_iris-145,right_iris-153,right_iris-154,right_iris-155,right_iris-173,right_iris-157,right_iris-158,right_iris-159,right_iris-160,right_iris-161,right_iris-246
32.14031735997639,37.12142238654117,32.55764119219941,26.92582403567252,20.12461179749811,10.816653826391969,10.63014581273465,20.8806130178211,28.284271247461906,27.018512172212592,18.384776310850235,10.770329614269007,14.142135623730953,23.08679276123039,30.066592756745816,34.0147027033899
