right_iris-133,right_iris-33,right_iris-7,right_iris-163,right_iris-144,right_iris-145,right_iris-153,right_iris-154,right_iris-155,right_iris-173,right_iris-157,right_iris-158,right_iris-159,right_iris-160,right_iris-161,right_iris-246
35.90264614203248,25.079872407968907,21.095023109728988,17.08800749063506,12.041594578792296,10.770329614269007,17.4928556845359,26.248809496813376,32.984845004941285,31.25699921617557,22.02271554554524,11.180339887498947,7.280109889280518,14.7648230602334,20.615528128088304,23.345235059857504
