right_iris-133,right_iris-33,right_iris-7,right_iris-163,right_iris-144,right_iris-145,right_iris-153,right_iris-154,right_iris-155,right_iris-173,right_iris-157,right_iris-158,right_iris-159,right_iris-160,right_iris-161,right_iris-246
42.190046219457976,29.068883707497267,24.331050121192877,18.973665961010276,11.40175425099138,8.94427190999916,18.788294228055936,30.59411708155671,38.3275357934736,38.01315561749642,29.274562336608895,16.55294535724685,8.54400374531753,13.038404810405298,20.396078054371134,25.019992006393608
