right_iris-133,right_iris-33,right_iris-7,right_iris-163,right_iris-144,right_iris-145,right_iris-153,right_iris-154,right_iris-155,right_iris-173,right_iris-157,right_iris-158,right_iris-159,right_iris-160,right_iris-161,right_iris-246
24.020824298928627,26.68332812825267,24.35159132377184,21.470910553583888,17.029386365926403,11.704699910719626,10.816653826391969,15.231546211727816,21.213203435596427,21.095023109728988,14.866068747318506,7.211102550927978,8.48528137423857,15.297058540778355,21.02379604162864,24.186773244895647
