right_iris-133,right_iris-33,right_iris-7,right_iris-163,right_iris-144,right_iris-145,right_iris-153,right_iris-154,right_iris-155,right_iris-173,right_iris-157,right_iris-158,right_iris-159,right_iris-160,right_iris-161,right_iris-246
29.068883707497267,22.20360331117452,17.72004514666935,13.41640786499874,8.602325267042627,7.211102550927978,13.601470508735444,21.02379604162864,26.019223662515376,26.30589287593181,20.248456731316587,12.206555615733702,7.0710678118654755,9.433981132056603,14.142135623730953,18.027756377319943
