right_iris-133,right_iris-33,right_iris-7,right_iris-163,right_iris-144,right_iris-145,right_iris-153,right_iris-154,right_iris-155,right_iris-173,right_iris-157,right_iris-158,right_iris-159,right_iris-160,right_iris-161,right_iris-246
27.16615541441225,22.360679774997894,18.973665961010276,15.264337522473747,11.40175425099138,8.54400374531753,13.038404810405298,19.4164878389476,25.179356624028344,23.0,16.278820596099706,7.810249675906654,5.0,12.16552506059644,17.029386365926403,20.223748416156685
