right_iris-133,right_iris-33,right_iris-7,right_iris-163,right_iris-144,right_iris-145,right_iris-153,right_iris-154,right_iris-155,right_iris-173,right_iris-157,right_iris-158,right_iris-159,right_iris-160,right_iris-161,right_iris-246
26.68332812825267,22.09072203437452,19.6468827043885,16.15549442140351,12.041594578792296,9.0,12.041594578792296,18.384776310850235,23.769728648009423,23.194827009486403,17.029386365926403,8.94427190999916,5.0990195135927845,10.770329614269007,16.0312195418814,19.0
