right_iris-133,right_iris-33,right_iris-7,right_iris-163,right_iris-144,right_iris-145,right_iris-153,right_iris-154,right_iris-155,right_iris-173,right_iris-157,right_iris-158,right_iris-159,right_iris-160,right_iris-161,right_iris-246
35.73513677041127,31.04834939252005,26.1725046566048,20.024984394500787,13.92838827718412,8.06225774829855,14.866068747318506,24.596747752497688,31.953090617340916,30.80584360149873,22.02271554554524,10.770329614269007,7.0710678118654755,15.264337522473747,22.47220505424423,27.202941017470888
