right_iris-133,right_iris-33,right_iris-7,right_iris-163,right_iris-144,right_iris-145,right_iris-153,right_iris-154,right_iris-155,right_iris-173,right_iris-157,right_iris-158,right_iris-159,right_iris-160,right_iris-161,right_iris-246
26.476404589747453,28.0713376952364,25.317977802344327,20.8806130178211,15.652475842498529,10.295630140987,9.433981132056603,16.55294535724685,22.80350850198276,22.02271554554524,15.297058540778355,7.810249675906654,8.602325267042627,15.811388300841896,22.09072203437452,25.0
