right_iris-133,right_iris-33,right_iris-7,right_iris-163,right_iris-144,right_iris-145,right_iris-153,right_iris-154,right_iris-155,right_iris-173,right_iris-157,right_iris-158,right_iris-159,right_iris-160,right_iris-161,right_iris-246
30.265491900843113,26.0,21.37755832643195,17.08800749063506,12.041594578792296,8.246211251235321,13.892443989449804,21.587033144922906,27.29468812791236,26.019223662515376,18.439088914585778,9.899494936611664,8.06225774829855,14.866068747318506,20.223748416156685,23.021728866442675
