right_iris-133,right_iris-33,right_iris-7,right_iris-163,right_iris-144,right_iris-145,right_iris-153,right_iris-154,right_iris-155,right_iris-173,right_iris-157,right_iris-158,right_iris-159,right_iris-160,right_iris-161,right_iris-246
23.021728866442675,18.24828759089466,15.524174696260024,12.083045973594572,7.810249675906654,5.0990195135927845,9.486832980505138,16.0312195418814,21.0,20.09975124224178,14.560219778561036,7.211102550927978,4.123105625617661,8.246211251235321,13.0,16.1245154965971
