right_iris-133,right_iris-33,right_iris-7,right_iris-163,right_iris-144,right_iris-145,right_iris-153,right_iris-154,right_iris-155,right_iris-173,right_iris-157,right_iris-158,right_iris-159,right_iris-160,right_iris-161,right_iris-246
20.396078054371134,25.019992006393608,22.0,19.1049731745428,14.317821063276352,7.211102550927978,5.830951894845301,12.083045973594572,17.46424919657298,18.027756377319943,12.16552506059644,5.656854249492381,7.0710678118654755,13.92838827718412,19.4164878389476,23.194827009486403
