right_iris-133,right_iris-33,right_iris-7,right_iris-163,right_iris-144,right_iris-145,right_iris-153,right_iris-154,right_iris-155,right_iris-173,right_iris-157,right_iris-158,right_iris-159,right_iris-160,right_iris-161,right_iris-246
20.396078054371134,24.020824298928627,21.02379604162864,18.110770276274835,13.601470508735444,7.0710678118654755,5.830951894845301,12.083045973594572,17.72004514666935,17.11724276862369,12.16552506059644,5.656854249492381,7.211102550927978,13.0,18.24828759089466,21.095023109728988
