right_iris-133,right_iris-33,right_iris-7,right_iris-163,right_iris-144,right_iris-145,right_iris-153,right_iris-154,right_iris-155,right_iris-173,right_iris-157,right_iris-158,right_iris-159,right_iris-160,right_iris-161,right_iris-246
32.14031735997639,28.0178514522438,24.331050121192877,19.924858845171276,14.422205101855956,9.055385138137416,12.806248474865695,20.8806130178211,28.442925306655784,28.0,20.396078054371134,10.63014581273465,7.280109889280518,13.92838827718412,21.213203435596427,25.019992006393608
