right_iris-133,right_iris-33,right_iris-7,right_iris-163,right_iris-144,right_iris-145,right_iris-153,right_iris-154,right_iris-155,right_iris-173,right_iris-157,right_iris-158,right_iris-159,right_iris-160,right_iris-161,right_iris-246
21.37755832643195,25.317977802344327,22.09072203437452,18.0,13.038404810405298,5.830951894845301,5.0,13.0,17.72004514666935,18.110770276274835,13.038404810405298,5.0,5.830951894845301,13.0,18.68154169226941,22.360679774997894
