right_iris-133,right_iris-33,right_iris-7,right_iris-163,right_iris-144,right_iris-145,right_iris-153,right_iris-154,right_iris-155,right_iris-173,right_iris-157,right_iris-158,right_iris-159,right_iris-160,right_iris-161,right_iris-246
37.656340767525464,34.36568055487916,30.083217912982647,25.495097567963924,19.849433241279208,13.038404810405298,16.97056274847714,26.92582403567252,34.20526275297414,33.13608305156178,23.194827009486403,11.40175425099138,9.433981132056603,18.68154169226941,26.019223662515376,31.064449134018133
