right_iris-133,right_iris-33,right_iris-7,right_iris-163,right_iris-144,right_iris-145,right_iris-153,right_iris-154,right_iris-155,right_iris-173,right_iris-157,right_iris-158,right_iris-159,right_iris-160,right_iris-161,right_iris-246
33.95585369269929,35.05709628591621,30.59411708155671,25.632011235952593,20.0,13.601470508735444,15.0,23.259406699226016,30.364452901377952,28.16025568065745,18.439088914585778,9.433981132056603,12.041594578792296,21.18962010041709,28.16025568065745,32.0
