right_iris-133,right_iris-33,right_iris-7,right_iris-163,right_iris-144,right_iris-145,right_iris-153,right_iris-154,right_iris-155,right_iris-173,right_iris-157,right_iris-158,right_iris-159,right_iris-160,right_iris-161,right_iris-246
27.202941017470888,21.095023109728988,17.11724276862369,14.560219778561036,10.63014581273465,8.06225774829855,12.041594578792296,19.697715603592208,25.298221281347036,24.331050121192877,17.029386365926403,10.816653826391969,8.0,11.40175425099138,15.811388300841896,18.24828759089466
