right_iris-133,right_iris-33,right_iris-7,right_iris-163,right_iris-144,right_iris-145,right_iris-153,right_iris-154,right_iris-155,right_iris-173,right_iris-157,right_iris-158,right_iris-159,right_iris-160,right_iris-161,right_iris-246
27.892651361962702,35.22782990761707,32.01562118716424,28.0713376952364,22.561028345356956,12.806248474865695,9.219544457292889,16.64331697709324,23.40939982143925,24.186773244895647,16.492422502470642,9.848857801796104,14.212670403551895,23.259406699226016,29.120439557122072,32.55764119219941
