right_iris-133,right_iris-33,right_iris-7,right_iris-163,right_iris-144,right_iris-145,right_iris-153,right_iris-154,right_iris-155,right_iris-173,right_iris-157,right_iris-158,right_iris-159,right_iris-160,right_iris-161,right_iris-246
25.317977802344327,22.20360331117452,18.68154169226941,15.652475842498529,11.40175425099138,9.055385138137416,12.206555615733702,18.68154169226941,23.53720459187964,22.02271554554524,15.297058540778355,7.0710678118654755,6.4031242374328485,12.36931687685298,17.0,20.024984394500787
