right_iris-133,right_iris-33,right_iris-7,right_iris-163,right_iris-144,right_iris-145,right_iris-153,right_iris-154,right_iris-155,right_iris-173,right_iris-157,right_iris-158,right_iris-159,right_iris-160,right_iris-161,right_iris-246
35.35533905932738,29.017236257093817,24.73863375370596,21.02379604162864,16.278820596099706,13.038404810405298,17.029386365926403,26.248809496813376,32.55764119219941,31.064449134018133,21.37755832643195,10.63014581273465,8.94427190999916,17.08800749063506,23.194827009486403,26.019223662515376
