right_iris-133,right_iris-33,right_iris-7,right_iris-163,right_iris-144,right_iris-145,right_iris-153,right_iris-154,right_iris-155,right_iris-173,right_iris-157,right_iris-158,right_iris-159,right_iris-160,right_iris-161,right_iris-246
29.614185789921695,26.1725046566048,21.587033144922906,17.46424919657298,12.806248474865695,9.0,12.806248474865695,21.18962010041709,26.68332812825267,26.076809620810597,18.24828759089466,10.63014581273465,7.280109889280518,13.92838827718412,19.1049731745428,23.021728866442675
