right_iris-133,right_iris-33,right_iris-7,right_iris-163,right_iris-144,right_iris-145,right_iris-153,right_iris-154,right_iris-155,right_iris-173,right_iris-157,right_iris-158,right_iris-159,right_iris-160,right_iris-161,right_iris-246
31.25699921617557,22.09072203437452,17.72004514666935,14.7648230602334,10.816653826391969,9.486832980505138,15.264337522473747,22.80350850198276,28.442925306655784,28.0178514522438,20.223748416156685,11.180339887498947,6.082762530298219,9.848857801796104,16.1245154965971,19.026297590440446
