right_iris-133,right_iris-33,right_iris-7,right_iris-163,right_iris-144,right_iris-145,right_iris-153,right_iris-154,right_iris-155,right_iris-173,right_iris-157,right_iris-158,right_iris-159,right_iris-160,right_iris-161,right_iris-246
36.6742416417845,29.017236257093817,24.73863375370596,21.470910553583888,17.029386365926403,14.142135623730953,18.439088914585778,26.570660511172846,33.95585369269929,32.14031735997639,22.20360331117452,12.041594578792296,9.433981132056603,18.027756377319943,23.194827009486403,27.018512172212592
