right_iris-133,right_iris-33,right_iris-7,right_iris-163,right_iris-144,right_iris-145,right_iris-153,right_iris-154,right_iris-155,right_iris-173,right_iris-157,right_iris-158,right_iris-159,right_iris-160,right_iris-161,right_iris-246
26.68332812825267,28.0178514522438,23.08679276123039,18.439088914585778,13.41640786499874,8.246211251235321,11.31370849898476,18.384776310850235,24.041630560342615,23.194827009486403,16.0312195418814,6.708203932499369,5.0,13.601470508735444,20.09975124224178,24.020824298928627
