right_iris-133,right_iris-33,right_iris-7,right_iris-163,right_iris-144,right_iris-145,right_iris-153,right_iris-154,right_iris-155,right_iris-173,right_iris-157,right_iris-158,right_iris-159,right_iris-160,right_iris-161,right_iris-246
38.3275357934736,34.058772731852805,29.614185789921695,25.298221281347036,19.4164878389476,12.36931687685298,14.866068747318506,24.35159132377184,33.734255586866,33.0,23.769728648009423,13.45362404707371,12.083045973594572,19.697715603592208,26.30589287593181,31.016124838541646
