right_iris-133,right_iris-33,right_iris-7,right_iris-163,right_iris-144,right_iris-145,right_iris-153,right_iris-154,right_iris-155,right_iris-173,right_iris-157,right_iris-158,right_iris-159,right_iris-160,right_iris-161,right_iris-246
33.06055050963308,23.345235059857504,18.973665961010276,14.7648230602334,10.0,8.94427190999916,15.231546211727816,24.331050121192877,30.14962686336267,29.017236257093817,22.360679774997894,12.529964086141668,6.082762530298219,9.848857801796104,16.0312195418814,20.09975124224178
