right_iris-133,right_iris-33,right_iris-7,right_iris-163,right_iris-144,right_iris-145,right_iris-153,right_iris-154,right_iris-155,right_iris-173,right_iris-157,right_iris-158,right_iris-159,right_iris-160,right_iris-161,right_iris-246
25.495097567963924,22.20360331117452,19.6468827043885,16.55294535724685,12.041594578792296,9.055385138137416,11.31370849898476,17.46424919657298,22.80350850198276,22.09072203437452,15.132745950421556,7.211102550927978,5.385164807134504,11.40175425099138,17.0,20.024984394500787
