right_iris-133,right_iris-33,right_iris-7,right_iris-163,right_iris-144,right_iris-145,right_iris-153,right_iris-154,right_iris-155,right_iris-173,right_iris-157,right_iris-158,right_iris-159,right_iris-160,right_iris-161,right_iris-246
35.35533905932738,30.01666203960727,25.179356624028344,19.924858845171276,14.212670403551895,10.04987562112089,16.401219466856727,25.0,31.575306807693888,30.066592756745816,22.360679774997894,11.40175425099138,8.54400374531753,16.15549442140351,23.345235059857504,27.073972741361768
