right_iris-133,right_iris-33,right_iris-7,right_iris-163,right_iris-144,right_iris-145,right_iris-153,right_iris-154,right_iris-155,right_iris-173,right_iris-157,right_iris-158,right_iris-159,right_iris-160,right_iris-161,right_iris-246
25.317977802344327,19.026297590440446,16.1245154965971,12.36931687685298,8.602325267042627,6.082762530298219,11.6619037896906,18.68154169226941,23.345235059857504,23.021728866442675,16.1245154965971,8.94427190999916,5.0,9.848857801796104,14.317821063276352,17.11724276862369
