right_iris-133,right_iris-33,right_iris-7,right_iris-163,right_iris-144,right_iris-145,right_iris-153,right_iris-154,right_iris-155,right_iris-173,right_iris-157,right_iris-158,right_iris-159,right_iris-160,right_iris-161,right_iris-246
32.55764119219941,30.066592756745816,25.495097567963924,21.540659228538015,16.401219466856727,11.180339887498947,13.45362404707371,21.540659228538015,28.861739379323623,28.0713376952364,20.396078054371134,11.31370849898476,8.94427190999916,16.15549442140351,22.20360331117452,26.0
