right_iris-133,right_iris-33,right_iris-7,right_iris-163,right_iris-144,right_iris-145,right_iris-153,right_iris-154,right_iris-155,right_iris-173,right_iris-157,right_iris-158,right_iris-159,right_iris-160,right_iris-161,right_iris-246
26.1725046566048,25.0,21.18962010041709,16.55294535724685,10.816653826391969,5.0990195135927845,10.44030650891055,18.027756377319943,23.021728866442675,23.345235059857504,16.76305461424021,8.602325267042627,4.123105625617661,10.04987562112089,17.11724276862369,21.587033144922906
