right_iris-133,right_iris-33,right_iris-7,right_iris-163,right_iris-144,right_iris-145,right_iris-153,right_iris-154,right_iris-155,right_iris-173,right_iris-157,right_iris-158,right_iris-159,right_iris-160,right_iris-161,right_iris-246
38.3275357934736,30.066592756745816,25.495097567963924,21.18962010041709,15.620499351813308,11.0,16.401219466856727,26.248809496813376,33.54101966249684,34.0147027033899,25.179356624028344,13.41640786499874,7.0,13.92838827718412,21.213203435596427,26.019223662515376
