right_iris-133,right_iris-33,right_iris-7,right_iris-163,right_iris-144,right_iris-145,right_iris-153,right_iris-154,right_iris-155,right_iris-173,right_iris-157,right_iris-158,right_iris-159,right_iris-160,right_iris-161,right_iris-246
29.614185789921695,22.360679774997894,19.313207915827967,15.811388300841896,12.206555615733702,11.180339887498947,14.212670403551895,21.18962010041709,26.68332812825267,26.076809620810597,19.1049731745428,10.816653826391969,6.082762530298219,10.770329614269007,16.0312195418814,19.1049731745428
