right_iris-133,right_iris-33,right_iris-7,right_iris-163,right_iris-144,right_iris-145,right_iris-153,right_iris-154,right_iris-155,right_iris-173,right_iris-157,right_iris-158,right_iris-159,right_iris-160,right_iris-161,right_iris-246
28.16025568065745,26.0,22.360679774997894,18.973665961010276,14.422205101855956,10.44030650891055,11.40175425099138,18.788294228055936,25.298221281347036,23.345235059857504,16.1245154965971,8.602325267042627,9.433981132056603,16.15549442140351,21.213203435596427,24.020824298928627
