right_iris-133,right_iris-33,right_iris-7,right_iris-163,right_iris-144,right_iris-145,right_iris-153,right_iris-154,right_iris-155,right_iris-173,right_iris-157,right_iris-158,right_iris-159,right_iris-160,right_iris-161,right_iris-246
17.029386365926403,30.80584360149873,26.570660511172846,22.84731931759173,17.4928556845359,10.0,5.385164807134504,9.219544457292889,14.0,14.317821063276352,8.602325267042627,5.385164807134504,10.770329614269007,18.027756377319943,23.194827009486403,27.459060435491963
