right_iris-133,right_iris-33,right_iris-7,right_iris-163,right_iris-144,right_iris-145,right_iris-153,right_iris-154,right_iris-155,right_iris-173,right_iris-157,right_iris-158,right_iris-159,right_iris-160,right_iris-161,right_iris-246
30.80584360149873,26.076809620810597,22.02271554554524,18.24828759089466,13.0,7.280109889280518,12.041594578792296,20.248456731316587,26.92582403567252,27.16615541441225,19.026297590440446,10.295630140987,6.082762530298219,13.41640786499874,19.4164878389476,23.194827009486403
