right_iris-133,right_iris-33,right_iris-7,right_iris-163,right_iris-144,right_iris-145,right_iris-153,right_iris-154,right_iris-155,right_iris-173,right_iris-157,right_iris-158,right_iris-159,right_iris-160,right_iris-161,right_iris-246
30.14962686336267,33.13608305156178,30.59411708155671,27.202941017470888,21.470910553583888,13.601470508735444,11.180339887498947,18.788294228055936,25.70992026436488,26.019223662515376,19.313207915827967,11.180339887498947,13.038404810405298,20.615528128088304,27.29468812791236,30.01666203960727
