right_iris-133,right_iris-33,right_iris-7,right_iris-163,right_iris-144,right_iris-145,right_iris-153,right_iris-154,right_iris-155,right_iris-173,right_iris-157,right_iris-158,right_iris-159,right_iris-160,right_iris-161,right_iris-246
33.52610922848042,25.179356624028344,21.095023109728988,17.72004514666935,12.806248474865695,11.0,15.556349186104043,23.70653918225939,29.732137494637012,29.614185789921695,22.0,12.083045973594572,8.0,13.601470508735444,18.973665961010276,22.360679774997894
