right_iris-133,right_iris-33,right_iris-7,right_iris-163,right_iris-144,right_iris-145,right_iris-153,right_iris-154,right_iris-155,right_iris-173,right_iris-157,right_iris-158,right_iris-159,right_iris-160,right_iris-161,right_iris-246
29.42787793912432,24.020824298928627,20.615528128088304,16.55294535724685,12.806248474865695,11.04536101718726,14.866068747318506,21.540659228538015,26.68332812825267,26.076809620810597,19.4164878389476,11.40175425099138,8.06225774829855,12.529964086141668,17.26267650163207,21.02379604162864
