right_iris-133,right_iris-33,right_iris-7,right_iris-163,right_iris-144,right_iris-145,right_iris-153,right_iris-154,right_iris-155,right_iris-173,right_iris-157,right_iris-158,right_iris-159,right_iris-160,right_iris-161,right_iris-246
30.80584360149873,26.0,21.37755832643195,17.46424919657298,12.041594578792296,10.44030650891055,15.811388300841896,23.08679276123039,27.892651361962702,26.1725046566048,18.24828759089466,9.899494936611664,8.94427190999916,15.231546211727816,20.223748416156685,23.021728866442675
