right_iris-133,right_iris-33,right_iris-7,right_iris-163,right_iris-144,right_iris-145,right_iris-153,right_iris-154,right_iris-155,right_iris-173,right_iris-157,right_iris-158,right_iris-159,right_iris-160,right_iris-161,right_iris-246
31.575306807693888,35.05709628591621,29.154759474226505,23.769728648009423,17.4928556845359,10.44030650891055,12.727922061357855,22.135943621178654,28.861739379323623,27.073972741361768,18.439088914585778,9.433981132056603,11.31370849898476,21.18962010041709,27.459060435491963,32.14031735997639
