right_iris-133,right_iris-33,right_iris-7,right_iris-163,right_iris-144,right_iris-145,right_iris-153,right_iris-154,right_iris-155,right_iris-173,right_iris-157,right_iris-158,right_iris-159,right_iris-160,right_iris-161,right_iris-246
30.4138126514911,29.42787793912432,25.96150997149434,21.540659228538015,15.811388300841896,10.44030650891055,12.041594578792296,19.313207915827967,26.68332812825267,26.019223662515376,18.439088914585778,9.899494936611664,8.06225774829855,14.866068747318506,21.02379604162864,26.076809620810597
