right_iris-133,right_iris-33,right_iris-7,right_iris-163,right_iris-144,right_iris-145,right_iris-153,right_iris-154,right_iris-155,right_iris-173,right_iris-157,right_iris-158,right_iris-159,right_iris-160,right_iris-161,right_iris-246
26.30589287593181,23.0,20.223748416156685,16.76305461424021,12.206555615733702,8.06225774829855,11.31370849898476,18.027756377319943,23.53720459187964,23.021728866442675,16.278820596099706,8.602325267042627,5.385164807134504,11.704699910719626,17.26267650163207,20.024984394500787
