right_iris-133,right_iris-33,right_iris-7,right_iris-163,right_iris-144,right_iris-145,right_iris-153,right_iris-154,right_iris-155,right_iris-173,right_iris-157,right_iris-158,right_iris-159,right_iris-160,right_iris-161,right_iris-246
31.25699921617557,22.02271554554524,18.439088914585778,14.317821063276352,9.899494936611664,8.54400374531753,14.7648230602334,22.80350850198276,28.442925306655784,28.0713376952364,21.095023109728988,11.180339887498947,6.0,10.770329614269007,16.1245154965971,20.0
