right_iris-133,right_iris-33,right_iris-7,right_iris-163,right_iris-144,right_iris-145,right_iris-153,right_iris-154,right_iris-155,right_iris-173,right_iris-157,right_iris-158,right_iris-159,right_iris-160,right_iris-161,right_iris-246
36.49657518178932,31.016124838541646,26.68332812825267,21.93171219946131,16.97056274847714,13.038404810405298,17.029386365926403,26.248809496813376,33.734255586866,31.064449134018133,21.37755832643195,10.63014581273465,10.0,18.973665961010276,25.179356624028344,29.017236257093817
