right_iris-133,right_iris-33,right_iris-7,right_iris-163,right_iris-144,right_iris-145,right_iris-153,right_iris-154,right_iris-155,right_iris-173,right_iris-157,right_iris-158,right_iris-159,right_iris-160,right_iris-161,right_iris-246
34.52535300326414,24.0,20.223748416156685,15.811388300841896,11.31370849898476,9.219544457292889,15.811388300841896,24.041630560342615,30.80584360149873,30.14962686336267,22.09072203437452,13.0,6.082762530298219,11.180339887498947,17.26267650163207,21.02379604162864
