right_iris-133,right_iris-33,right_iris-7,right_iris-163,right_iris-144,right_iris-145,right_iris-153,right_iris-154,right_iris-155,right_iris-173,right_iris-157,right_iris-158,right_iris-159,right_iris-160,right_iris-161,right_iris-246
33.54101966249684,27.018512172212592,22.360679774997894,18.973665961010276,13.601470508735444,9.0,15.0,23.40939982143925,30.80584360149873,30.066592756745816,21.213203435596427,12.206555615733702,8.06225774829855,14.317821063276352,20.396078054371134,24.020824298928627
