right_iris-133,right_iris-33,right_iris-7,right_iris-163,right_iris-144,right_iris-145,right_iris-153,right_iris-154,right_iris-155,right_iris-173,right_iris-157,right_iris-158,right_iris-159,right_iris-160,right_iris-161,right_iris-246
35.22782990761707,31.144823004794873,26.248809496813376,22.825424421026653,17.029386365926403,13.038404810405298,16.401219466856727,25.0,32.38826948140329,31.0,20.8806130178211,11.40175425099138,9.433981132056603,17.72004514666935,24.08318915758459,28.0178514522438
