right_iris-133,right_iris-33,right_iris-7,right_iris-163,right_iris-144,right_iris-145,right_iris-153,right_iris-154,right_iris-155,right_iris-173,right_iris-157,right_iris-158,right_iris-159,right_iris-160,right_iris-161,right_iris-246
25.495097567963924,29.068883707497267,25.079872407968907,21.37755832643195,16.55294535724685,10.295630140987,10.295630140987,15.652475842498529,21.840329667841555,22.02271554554524,14.560219778561036,8.06225774829855,10.0,17.46424919657298,22.561028345356956,26.1725046566048
