right_iris-133,right_iris-33,right_iris-7,right_iris-163,right_iris-144,right_iris-145,right_iris-153,right_iris-154,right_iris-155,right_iris-173,right_iris-157,right_iris-158,right_iris-159,right_iris-160,right_iris-161,right_iris-246
31.144823004794873,31.016124838541646,26.30589287593181,21.587033144922906,15.652475842498529,8.54400374531753,10.63014581273465,19.6468827043885,27.29468812791236,27.0,19.4164878389476,9.219544457292889,7.211102550927978,15.524174696260024,23.08679276123039,27.0
