right_iris-133,right_iris-33,right_iris-7,right_iris-163,right_iris-144,right_iris-145,right_iris-153,right_iris-154,right_iris-155,right_iris-173,right_iris-157,right_iris-158,right_iris-159,right_iris-160,right_iris-161,right_iris-246
21.213203435596427,19.026297590440446,16.278820596099706,13.601470508735444,9.433981132056603,6.082762530298219,9.219544457292889,13.601470508735444,18.439088914585778,18.027756377319943,13.341664064126334,7.0710678118654755,6.324555320336759,10.295630140987,14.317821063276352,16.0312195418814
