right_iris-133,right_iris-33,right_iris-7,right_iris-163,right_iris-144,right_iris-145,right_iris-153,right_iris-154,right_iris-155,right_iris-173,right_iris-157,right_iris-158,right_iris-159,right_iris-160,right_iris-161,right_iris-246
37.33630940518894,29.0,24.331050121192877,19.313207915827967,13.45362404707371,10.44030650891055,17.4928556845359,26.92582403567252,33.54101966249684,32.01562118716424,23.345235059857504,12.206555615733702,8.246211251235321,15.231546211727816,21.37755832643195,26.076809620810597
